tree
version=v4
num_class=1
num_tree_per_iteration=1
label_index=0
max_feature_idx=25
objective=regression
feature_names=latitude longitude year month quarter month_sin month_cos lag_1 lag_2 lag_3 lag_6 lag_12 lag_24 roll3_mean roll3_std roll6_mean roll6_std roll12_mean roll12_std mom_1 mom_3 yoy commodity_id_enc market_id_enc category_id_enc region_id_enc
feature_infos=[12.48:16.52] [-17.460000000000001:-11.949999999999999] [2002:2025] [1:12] [1:4] [-1:1] [-1:1] [100:1800] [100:1800] [100:1800] [90:1800] [90:1816.5] [90:1816.5] [107.5:1791.6666666666667] [0:433.01270189221958] [114.58333333333333:1700] [0:321.91717361250943] [122.60916666666667:1566.6666666666667] [0:480.29484907237401] [-0.79761904761904767:4.25] [-0.85119047619047616:4.0909090909090908] [-0.76190476190476186:3.8170661773139125] [0:10] [0:55] [0:1] [0:13]
tree_sizes=5256 5299 5293 5340 5326 5336 5315 5322 5347 5299 5303 5332 5270 5325 5299 5276 5294 5285 5260 5283 5290 5358 5246 5339 5336 5320 5321 5254 5340 5282 5329 5310 5346 5300 5300 5353 5291 5316 5328 5369 5334 5345 5362 5345 5348 5336 5320 5353 5310 5358 5400 5406 5404 5427 5430 5362 5368 5321 5363 5365 5419 5415 5367 5410 5376 5426 5382 5449 5408 5430 5405 5389 5407 5427 5459 5377 5335 5401 5416 5413 5375 5456 5405 5443 5442 4413 4441 4876 3816 5410 3396 4979 4292 3552 4071 2804 2829 2644 3592 2740

Tree=0
num_leaves=63
num_cat=0
split_feature=15 7 7 7 7 17 7 7 7 15 7 17 5 5 7 15 7 7 7 2 1 5 2 22 8 18 2 17 7 4 21 16 2 2 7 8 7 17 23 1 6 17 17 12 20 1 7 12 7 17 17 25 12 15 2 2 6 22 8 4 17 6
split_gain=3.6835e+08 9.92886e+07 2.37945e+07 2.37482e+07 1.43778e+07 6.60377e+06 4.5365e+06 3.72952e+06 2.88982e+06 2.73265e+06 1.77526e+06 1.76531e+06 1.6942e+06 1.21255e+06 681195 654381 509402 466508 458030 401355 350423 366026 349981 338223 336664 306401 304402 262601 244423 225580 219202 209811 208588 205038 198151 197825 190023 182514 178041 175952 172825 164078 152111 150776 150468 148760 147533 127753 127612 110910 110868 108929 105359 101432 99264.8 129276 93955.8 91085.9 89412.1 86951.6 88427.9 84846
threshold=557.41666666666686 313.16500000000002 968.50000000000011 237.75000000000003 411.00000000000006 601.66666666666686 1155.0000000000002 189.67000000000004 268.87500000000006 466.75000000000006 360.50000000000006 819.29166666666674 -0.5 -0.5 214.64500000000001 282.12500000000006 504.00000000000006 752.50000000000011 164.50000000000003 2020.5000000000002 -13.709999999999999 -0.5 2020.5000000000002 1.0000000180025095e-35 298.47000000000008 151.6182095659349 2020.5000000000002 245.60416666666671 489.00000000000006 3.5000000000000004 0.24997991107301668 143.63025473927016 2020.5000000000002 2020.5000000000002 294.12500000000006 767.50000000000011 1005.0000000000001 248.25666666666669 25.500000000000004 -16.284999999999997 -0.68301270189221952 1044.8470833333336 220.83750000000003 1158.3350000000003 -0.077337819185645237 -15.854999999999999 446.75000000000006 266.83500000000009 344.50000000000006 1044.8470833333336 233.48625000000001 2.5000000000000004 226.50000000000003 181.47916666666671 2023.5000000000002 2021.5000000000002 1.0000000180025095e-35 6.5000000000000009 394.50000000000006 2.5000000000000004 215.64250000000001 -0.24999999999999994
decision_type=2 2 2 2 2 2 2 2 2 2 2 2 2 2 2 2 2 2 2 2 2 2 2 2 2 2 2 2 2 2 2 2 2 2 2 2 2 2 2 2 2 2 2 2 2 2 2 2 2 2 2 2 2 2 2 2 2 2 2 2 2 2
left_child=1 3 5 7 10 44 13 18 26 24 19 20 39 30 32 22 28 45 -1 47 21 -7 37 36 -6 40 27 56 -11 52 41 -14 42 50 -17 51 49 -10 -27 -8 -19 -4 -9 -42 -2 -13 -26 -3 -21 -15 61 -23 -12 -20 55 -24 -5 -35 -31 -34 -61 -16
right_child=2 4 6 8 9 11 12 14 15 16 29 17 31 23 33 34 -18 25 53 48 -22 35 54 -25 46 38 -28 -29 -30 58 -32 -33 59 57 -36 -37 -38 -39 -40 -41 43 -43 -44 -45 -46 -47 -48 -49 -50 -51 -52 -53 -54 -55 -56 -57 -58 -59 -60 60 -62 -63
leaf_value=292.98136046584591 310.43387653945672 299.80065151904648 325.91359642441137 297.33481544793881 300.34431088046574 318.0984879878759 342.31561631460988 295.0893227229684 297.57346042614682 307.26028531916108 303.5730355939437 322.31662037320916 348.13519179957348 334.01933130039345 296.44084124640915 299.14716046953919 312.28007671649181 330.69691916457145 293.87568583656474 301.73035923831628 326.73502927187138 323.94880758003433 299.96796755055084 330.7433410715106 306.01358015350166 327.37075660449023 298.68596071089303 297.83887867951859 310.01202256579313 302.17611560215084 334.02342947324667 354.85635895909496 296.23572191567894 297.26724029844837 299.99425982984769 325.43963466075093 341.23216227670844 298.74571143115833 331.65709220285743 335.38233140641705 325.10793434352189 331.39711848934269 295.98694013685434 329.87667019614679 314.4833768807685 326.41512575570778 307.09937251896218 301.25414754044158 302.59567541432654 339.03181609980663 296.77700147552252 320.13061825217744 304.81980755266119 294.56355135378294 298.63908082118104 302.68286973189203 296.58159857195022 299.63300137333061 303.7383418743118 300.39648202398581 296.64999954880551 295.77878599554532
leaf_weight=1110 29 215 46 850 22 79 21 2394 395 105 226 63 51 37 890 945 231 25 1048 749 31 30 100 21 602 48 550 1795 371 163 22 26 160 268 2561 42 41 2086 74 29 127 25 592 23 141 43 668 509 992 29 803 79 699 1126 50 78 813 48 211 30 33 1077
leaf_count=1110 29 215 46 850 22 79 21 2394 395 105 226 63 51 37 890 945 231 25 1048 749 31 30 100 21 602 48 550 1795 371 163 22 26 160 268 2561 42 41 2086 74 29 127 25 592 23 141 43 668 509 992 29 803 79 699 1126 50 78 813 48 211 30 33 1077
internal_value=299.906 298.645 327.194 296.964 304.421 322.606 338.179 295.175 298.64 307.848 302.601 324.858 345.743 333.813 295.888 299.315 310.347 326.944 293.809 301.812 321.629 320.929 298.731 337.013 306.479 327.985 297.593 297.419 309.407 304.096 329.373 350.473 295.377 296.418 299.766 322.397 338.213 298.559 329.995 338.373 326.567 327.886 295.267 325.859 313.799 324.003 306.585 300.823 302.224 336.278 296.281 321.203 304.516 294.232 300.606 301.159 296.966 297.626 303.058 296.855 298.432 296.078
internal_weight=26747 25565 1182 19802 5763 834 348 9579 10223 1999 3764 664 127 221 6295 6215 707 403 3284 2465 261 230 2709 128 1292 297 4008 3458 476 1299 93 77 3209 3086 3506 151 107 2481 122 50 175 71 2986 150 170 106 1270 724 1741 66 2770 109 925 2174 228 178 1663 316 374 223 63 1967
internal_count=26747 25565 1182 19802 5763 834 348 9579 10223 1999 3764 664 127 221 6295 6215 707 403 3284 2465 261 230 2709 128 1292 297 4008 3458 476 1299 93 77 3209 3086 3506 151 107 2481 122 50 175 71 2986 150 170 106 1270 724 1741 66 2770 109 925 2174 228 178 1663 316 374 223 63 1967
is_linear=0
shrinkage=1


Tree=1
num_leaves=63
num_cat=0
split_feature=15 7 7 7 7 17 7 7 13 13 7 17 5 5 7 7 0 7 7 3 7 8 22 13 13 18 7 13 0 3 21 17 21 7 0 17 20 25 7 11 15 17 16 23 17 15 22 13 21 18 7 6 17 6 6 7 17 7 7 6 13 16
split_gain=3.32514e+08 8.96098e+07 2.14861e+07 2.14332e+07 1.29764e+07 5.9617e+06 4.09546e+06 3.40902e+06 2.56442e+06 2.55944e+06 1.60224e+06 1.59331e+06 1.52868e+06 1.09454e+06 636401 506693 437764 421046 413891 411479 394860 316457 305028 293186 289536 276955 251649 246097 222495 203575 198102 178163 172462 171424 155531 148301 142750 140740 136667 123353 113147 107234 105436 103382 103180 98045.6 94514.6 82486.2 76913.6 75660.8 75299.9 74805.9 68951.6 68912.6 67093.7 65333.6 65279.3 63766.4 63455.2 60272.8 56454 60279.6
threshold=557.41666666666686 313.16500000000002 968.50000000000011 238.16500000000005 411.00000000000006 601.66666666666686 1155.0000000000002 189.67000000000004 499.50000000000006 270.87500000000006 360.50000000000006 819.29166666666674 -0.5 -0.5 216.83500000000001 294.12500000000006 15.190000000000001 752.50000000000011 162.25000000000003 8.5000000000000018 258.16500000000002 298.47000000000008 1.0000000180025095e-35 775.83333333333337 327.72166666666675 125.13203482415412 504.00000000000006 458.83333333333337 13.690000000000001 9.5000000000000018 0.24997991107301668 209.35708333333335 0.046002752893444361 1005.0000000000001 14.965000000000002 1044.8470833333336 -0.063757590246234716 2.5000000000000004 577.00000000000011 806.50000000000011 232.50666666666669 212.50041666666672 70.497966526332434 49.500000000000007 222.22208333333336 181.47916666666671 5.5000000000000009 391.83333333333343 -0.29977075904228218 247.30927760143524 439.00000000000006 -0.5 260.64583333333343 -0.24999999999999994 0.25000000000000017 338.50000000000006 247.57291666666671 149.29000000000005 394.50000000000006 -0.5 725.66666666666686 81.649658092772555
decision_type=2 2 2 2 2 2 2 2 2 2 2 2 2 2 2 2 2 2 2 2 2 2 2 2 2 2 2 2 2 2 2 2 2 2 2 2 2 2 2 2 2 2 2 2 2 2 2 2 2 2 2 2 2 2 2 2 2 2 2 2 2 2
left_child=1 3 5 7 10 38 13 18 21 20 24 19 32 30 31 56 49 34 57 23 40 -6 33 60 -3 28 46 50 -19 58 35 51 -8 -15 36 -4 -13 -21 -2 -27 54 -22 -28 -41 53 -20 -10 -31 -39 -14 -23 -9 -17 -16 -5 -26 -11 -1 -12 -47 61 -7
right_child=2 4 6 9 8 11 12 14 26 15 29 17 16 22 44 52 -18 25 45 37 41 27 -24 -25 55 39 42 -29 -30 47 -32 -33 -34 -35 -36 -37 -38 48 -40 43 -42 -43 -44 -45 -46 59 -48 -49 -50 -51 -52 -53 -54 -55 -56 -57 -58 -59 -60 -61 -62 -63
leaf_value=-7.119644014812974 10.810303798104574 1.1180351097099568 24.712445511890337 -2.5659814236284322 0.41890304449996257 17.666292654330302 33.624764731495652 -4.1984884681245402 7.3829217027523315 -2.3002118807124776 3.8421894624816377 22.60896691082019 41.768655750068888 34.561090678851293 -3.1879128051006735 -1.0149553111732252 53.16874584312059 28.110083840838257 -5.7427287098454389 21.266932101429944 -3.4563052701875687 5.735518042576647 29.305188885006295 26.099438187368492 1.6662122935080206 31.409280699597559 11.871050784020511 7.8681947091835074 23.273599803184666 2.2986068982804979 32.421684106334844 -3.8334153387551888 40.4205483676133 39.267287992676977 18.897818600753851 29.925244043357818 27.727418308348451 14.462331095968537 14.079356215213407 26.69280050418708 -2.2133874327490153 -1.3726564444333784 7.9912113725842531 30.911769828968996 -3.0109445719662697 -4.3968842233400407 9.7655572254237981 3.7897144834223235 18.116189750484605 47.509662129455833 6.5641734762430577 -4.8223448887041851 0.051925617781626035 -3.9335786893807967 -3.569265471656681 2.4233038404921734 -0.92834447775031192 -6.303394584323339 4.7032129351842844 -5.2748909030738798 22.653089284780833 21.091140357225004
leaf_weight=394 46 932 46 458 22 24 29 813 50 90 346 63 24 66 553 160 30 38 1101 29 64 568 21 40 380 28 218 256 86 199 22 1382 21 41 22 25 21 24 124 123 2255 1722 20 22 1683 257 314 175 53 23 551 1208 2801 717 264 1153 2348 654 579 878 41 50
leaf_count=394 46 932 46 458 22 24 29 813 50 90 346 63 24 66 553 160 30 38 1101 29 64 568 21 40 380 28 218 256 86 199 22 1382 21 41 22 25 21 24 124 123 2255 1722 20 22 1683 257 314 175 53 23 551 1208 2801 717 264 1153 2348 654 579 878 41 50
internal_value=0.00294382 -1.19584 25.9288 -2.7928 4.29137 21.5693 36.3674 -4.48171 7.54697 -1.19061 2.56222 23.7092 43.5551 32.219 -3.80573 -0.445286 48.0478 25.6905 -5.78988 20.6414 -2.03543 6.37047 35.2594 22.3086 1.81322 26.6796 10.2756 6.46565 24.7772 3.98326 28.001 -4.27194 36.5541 36.3994 22.8966 26.5875 23.9201 18.1846 13.2017 28.028 -2.38808 -1.44751 11.5485 27.3538 -3.26834 -5.40479 9.4404 2.99716 16.9976 44.6731 6.14411 -4.5716 -0.00575479 -3.60917 -2.93328 2.23576 -0.979082 -6.61092 4.3816 -5.07649 20.9685 20.0058
internal_weight=26747 25565 1182 19802 5763 834 348 9640 1999 10162 3764 664 127 221 6356 5399 77 403 3284 261 4763 1397 128 155 2465 297 602 1375 124 1299 93 3403 50 107 106 71 84 106 170 173 2977 1786 238 145 2953 2236 364 374 77 47 1119 2021 2961 1270 722 1533 2438 1048 925 1135 115 74
internal_count=26747 25565 1182 19802 5763 834 348 9640 1999 10162 3764 664 127 221 6356 5399 77 403 3284 261 4763 1397 128 155 2465 297 602 1375 124 1299 93 3403 50 107 106 71 84 106 170 173 2977 1786 238 145 2953 2236 364 374 77 47 1119 2021 2961 1270 722 1533 2438 1048 925 1135 115 74
is_linear=0
shrinkage=0.05


Tree=2
num_leaves=63
num_cat=0
split_feature=17 7 7 7 7 7 7 7 13 7 5 7 22 5 13 13 17 0 7 7 3 8 22 13 13 0 17 0 21 12 1 3 0 3 17 17 12 12 13 0 15 3 17 15 12 7 7 12 7 19 21 16 14 5 7 7 7 3 7 13 3 13
split_gain=3.00182e+08 8.40873e+07 1.97476e+07 1.67301e+07 1.24438e+07 3.69906e+06 3.4084e+06 3.03732e+06 2.85912e+06 2.46706e+06 1.38009e+06 1.35299e+06 1.03626e+06 987615 622885 557633 505841 394962 378470 366632 325307 285734 274938 239893 224878 210676 208822 206629 179033 175290 164040 163298 160751 149947 142241 134040 121568 113643 111088 110335 105004 103833 103712 99882.7 98902.4 96763.3 93369.3 92364.7 90012.3 89595.9 86731 84783.6 81838.3 79685.6 75506.1 73363.9 69357.5 67956.7 67866.9 66277.8 65473.2 64990.3
threshold=556.87500000000011 317.25000000000006 237.75000000000003 968.50000000000011 411.00000000000006 1155.0000000000002 739.00000000000011 189.67000000000004 499.50000000000006 268.87500000000006 -0.5 363.50000000000006 4.5000000000000009 -0.5 285.13833333333338 213.38833333333335 894.10416666666674 15.190000000000001 169.08500000000001 504.00000000000006 8.5000000000000018 298.47000000000008 1.0000000180025095e-35 332.02500000000003 458.83333333333337 13.280000000000003 258.0866666666667 14.255000000000001 0.24997991107301668 590.83500000000015 -16.284999999999997 9.5000000000000018 14.145000000000001 10.500000000000002 723.95833333333337 1044.8470833333336 322.55000000000007 285.35500000000008 201.57166666666669 13.810000000000002 242.68750000000003 8.5000000000000018 255.3404166666667 224.97916666666671 226.50000000000003 813.25000000000011 295.28000000000003 256.46000000000009 224.50000000000003 -0.047609523809523872 0.3333266666666666 51.639777949432379 28.867513459481597 -0.5 202.25000000000003 149.29000000000005 283.54000000000002 2.5000000000000004 439.00000000000006 391.83333333333343 8.5000000000000018 1200.1666666666667
decision_type=2 2 2 2 2 2 2 2 2 2 2 2 2 2 2 2 2 2 2 2 2 2 2 2 2 2 2 2 2 2 2 2 2 2 2 2 2 2 2 2 2 2 2 2 2 2 2 2 2 2 2 2 2 2 2 2 2 2 2 2 2 2
left_child=1 2 7 6 11 13 12 18 21 26 30 23 34 28 40 41 20 61 38 51 29 -6 32 -3 47 -18 43 -27 35 -8 -7 44 -15 -22 49 -5 -21 -25 55 -36 -11 54 48 60 -13 -29 -16 -23 -17 -2 -38 -10 -47 -41 -9 -1 -42 -31 -49 -33 -4 -12
right_child=3 4 9 5 8 10 16 15 19 14 17 31 -14 22 46 42 25 -19 -20 36 33 24 -24 37 -26 27 -28 45 -30 57 -32 59 -34 -35 39 -37 50 -39 -40 53 56 -43 -44 -45 -46 52 -48 58 -50 -51 -52 -53 -54 -55 -56 -57 -58 -59 -60 -61 -62 -63
leaf_value=-6.7827303202715932 19.691687328784496 1.1678292088955966 -2.5291271380174472 23.479503547188518 0.39805266212554002 38.483388978497111 26.815180588674664 -4.1364207273866667 9.2135025682510197 -2.2159751883869663 39.230079931762084 3.2782664993047606 13.00411872506514 32.522591732373137 -0.55097698590725497 -3.618702288778421 28.96506042480469 50.51913884058348 -5.0402671420393759 8.5611011839298552 17.438967029441372 4.8215314148343609 27.846874450394324 1.6633081909569172 7.4876056368703336 21.27618909299914 -1.5522355523996338 24.000805858985157 30.807935012195983 21.150416898033477 31.895438502990096 2.2289444794331659 36.950336843207026 21.966179963220302 22.516442757921148 28.434941398954962 11.397114106181759 2.5539064512698721 -3.332059930056928 16.950672631393385 -1.1007576673914661 -4.5749797258319251 -2.2912459280040838 -2.2074056311187475 4.5082801543177302 30.359427244271803 0.086746130045602998 5.6330021943931214 -3.0360171469342254 15.514860712231883 14.768538406855379 6.7041839106918291 26.049307297450031 20.071431453298661 -3.5326867249228551 -5.9625937009872327 -0.49357206648875318 24.065445272308725 6.4977074506986527 3.612265481789998 -3.835610476273251 44.679507840427533
leaf_weight=392 23 922 236 46 22 21 42 1476 329 179 20 219 96 58 728 1057 50 30 1896 37 38 189 21 602 255 33 1251 50 22 48 29 174 49 43 39 25 247 888 35 33 2117 841 313 2358 662 20 2711 490 1800 39 22 39 59 91 808 961 605 57 440 174 163 27
leaf_count=392 23 922 236 46 22 21 42 1476 329 179 20 219 96 58 728 1057 50 30 1896 37 38 189 21 602 255 33 1251 50 22 48 29 174 49 43 39 25 247 888 35 33 2117 841 313 2358 662 20 2711 490 1800 39 22 39 59 91 808 961 605 57 440 174 163 27
internal_value=0.0029447 -1.09876 -2.63171 25.4701 4.25001 34.5548 21.3118 -4.26767 7.34534 -1.1173 41.3859 2.49008 17.3815 30.6124 -0.503455 -3.62447 24.1744 45.6547 -5.50043 10.0201 22.4971 6.05331 33.5004 1.80194 6.14383 25.967 -2.08828 25.0243 26.6057 23.932 34.7338 3.84035 34.5829 19.8665 19.2425 25.262 11.3043 2.19422 -6.12861 20.0489 -1.04304 -4.09861 -3.15696 -2.33144 4.20293 25.9658 -0.0482638 5.83696 -3.25171 17.0936 11.6782 8.94948 27.1775 19.2553 -3.92301 -6.2007 -0.965828 22.7543 6.04277 2.92146 -3.06369 42.4489
internal_weight=26747 25638 19927 1109 5711 348 761 9579 2070 10348 127 3641 321 221 6340 6295 440 77 3284 674 228 1396 128 2412 1374 212 4008 162 93 147 50 1229 107 81 225 71 306 1490 1388 163 2901 3125 3170 2757 881 129 3439 1119 2857 62 269 368 79 124 2284 1353 2722 105 930 348 399 47
internal_count=26747 25638 19927 1109 5711 348 761 9579 2070 10348 127 3641 321 221 6340 6295 440 77 3284 674 228 1396 128 2412 1374 212 4008 162 93 147 50 1229 107 81 225 71 306 1490 1388 163 2901 3125 3170 2757 881 129 3439 1119 2857 62 269 368 79 124 2284 1353 2722 105 930 348 399 47
is_linear=0
shrinkage=0.05


Tree=3
num_leaves=63
num_cat=0
split_feature=15 7 7 7 7 17 7 7 13 13 7 17 5 3 7 7 2 0 6 7 3 2 0 12 13 7 17 13 17 7 2 3 21 2 11 21 2 2 2 3 6 2 25 7 1 12 15 17 9 7 17 22 2 16 3 7 3 17 9 14 17 17
split_gain=2.71038e+08 7.30165e+07 1.75081e+07 1.72837e+07 1.07297e+07 4.84359e+06 3.34102e+06 2.78579e+06 2.08345e+06 2.05826e+06 1.35197e+06 1.32674e+06 1.24593e+06 901103 507909 467318 382598 356356 355178 354491 346445 317657 303577 250032 246061 235182 231824 227540 209420 202047 184798 182704 179172 168540 212670 160380 137569 132133 265415 270402 145300 126810 125793 117893 116785 114266 113167 106168 101300 98597.4 93017.7 92306.4 89198.2 89112.4 88237.7 87042.5 86708.9 85784.5 82628.7 95573.3 82275.9 81655.8
threshold=557.41666666666686 312.75000000000006 968.50000000000011 238.16500000000005 411.00000000000006 601.66666666666686 1155.0000000000002 197.65500000000003 499.50000000000006 269.49833333333339 355.50000000000006 819.29166666666674 -0.5 7.5000000000000009 169.08500000000001 287.75000000000006 2020.5000000000002 15.190000000000001 -0.68301270189221952 216.83500000000001 8.5000000000000018 2020.5000000000002 13.280000000000003 977.50000000000011 775.83333333333337 1005.0000000000001 243.40958333333336 458.83333333333337 1044.8470833333336 504.00000000000006 2020.5000000000002 9.5000000000000018 0.24997991107301668 2021.5000000000002 323.16500000000002 0.046002752893444361 2020.5000000000002 2023.5000000000002 2021.5000000000002 9.5000000000000018 1.0000000180025095e-35 2019.5000000000002 2.5000000000000004 577.00000000000011 -12.889999999999999 266.83500000000009 1004.8333333333334 990.95833333333337 243.80000000000004 325.50000000000006 233.48625000000001 8.5000000000000018 2017.5000000000002 70.497966526332434 9.5000000000000018 258.16500000000002 9.5000000000000018 248.25666666666669 688.50000000000011 57.735026918962596 192.87458333333333 210.8366666666667
decision_type=2 2 2 2 2 2 2 2 2 2 2 2 2 2 2 2 2 2 2 2 2 2 2 2 2 2 2 2 2 2 2 2 2 2 2 2 2 2 2 2 2 2 2 2 2 2 2 2 2 2 2 2 2 2 2 2 2 2 2 2 2 2
left_child=1 3 5 7 10 43 13 14 27 16 21 20 35 25 48 -11 26 -14 -13 36 24 45 44 46 58 -4 56 33 32 -10 50 52 -15 34 -6 -8 61 38 39 -18 -40 57 -22 -2 -20 -3 -24 -25 -1 -23 -21 -32 -12 -31 -35 -28 -5 -17 59 -7 -16 -9
right_child=2 4 6 9 8 11 12 19 29 15 31 18 17 28 60 41 37 -19 22 30 42 49 23 47 -26 -27 55 -29 -30 53 51 -33 -34 54 -36 -37 -38 -39 40 -41 -42 -43 -44 -45 -46 -47 -48 -49 -50 -51 -52 -53 -54 -55 -56 -57 -58 -59 -60 -61 -62 -63
leaf_value=-5.8910729556978438 9.7141678766676769 -0.25441318566982568 30.547608819327582 -2.2886911678627846 1.45067332329558 15.607618830931509 30.224178364022904 -4.0880327651235611 8.5206446153126851 -0.97842660969602491 2.3566950387535144 26.537289698623898 40.335390069074691 22.437108308975013 -4.8735925941401312 -2.1641747738973871 -1.705225426219618 48.001575213967769 27.905324247884607 -3.2748618856353673 19.254569231275838 1.3980606206842114 19.959974342966643 22.868042787562459 23.602992990546099 35.893545112712687 -2.0123227583470515 7.0996273353666783 28.992673353542415 10.706161274794098 -2.1408061179328373 2.6364554819633526 28.081257160401449 5.9496083580698338 5.717324786813009 36.68138485587604 -2.5161807584852927 -1.8809323541227227 4.0454041514330044 1.7577753185432223 -0.30876536093819951 0.34946708203225973 15.234863888830839 12.746526639140683 23.290736478654523 1.1189692237578901 23.037924618943041 27.413892664844635 -3.1519011981127267 2.2087503237649333 -2.6298927332559412 0.29408277234389829 4.0663319273467486 7.1425513566429935 4.9194196239279329 -1.3626615337562384 -3.075653238816503 -0.24738025903250299 20.634888673689211 19.59122483125779 -4.3037211733230878 -3.4965949438704991
leaf_weight=1353 46 217 70 1201 57 33 29 1456 364 2508 84 70 47 51 1561 60 226 30 33 1849 29 548 145 54 40 37 1202 256 40 218 252 390 23 727 60 21 211 157 50 75 31 1159 77 124 34 501 45 22 35 1194 806 46 889 20 297 905 496 2033 47 35 1085 986
leaf_count=1353 46 217 70 1201 57 33 29 1456 364 2508 84 70 47 51 1561 60 226 30 33 1849 29 548 145 54 40 37 1202 256 40 218 252 390 23 727 60 21 211 157 50 75 31 1159 77 124 34 501 45 22 35 1194 806 46 889 20 297 905 496 2033 47 35 1085 986
internal_value=0.00294209 -1.07936 23.4098 -2.53043 3.84131 19.4745 32.8326 -4.04492 6.80964 -1.08532 2.28906 21.4034 39.3246 29.0858 -5.04697 -0.465607 -1.90719 43.3807 23.2111 -3.32377 18.6043 1.58905 22.5041 21.7145 20.1332 32.428 -2.08384 5.74919 25.9231 9.26915 -2.94661 3.55224 24.227 5.4456 3.64176 33.0041 -3.74345 -0.660295 -0.158245 -0.842038 2.38061 -0.0700927 16.3518 11.9322 25.6019 0.703909 20.7007 24.2183 -5.82224 1.95382 -3.07917 -1.76496 3.919 10.4098 5.65133 -1.73336 -2.51888 -0.302432 18.9068 17.6838 -4.64009 -3.84938
internal_weight=26747 25565 1182 19743 5822 834 348 9640 1999 10103 3823 664 127 221 4034 5760 4343 77 403 5606 261 2460 333 266 155 107 3804 1397 114 602 2953 1363 74 1141 117 50 2653 539 382 301 81 3252 106 170 67 718 190 76 1388 1742 2655 298 973 238 1024 2107 1697 2093 115 68 2646 2442
internal_count=26747 25565 1182 19743 5822 834 348 9640 1999 10103 3823 664 127 221 4034 5760 4343 77 403 5606 261 2460 333 266 155 107 3804 1397 114 602 2953 1363 74 1141 117 50 2653 539 382 301 81 3252 106 170 67 718 190 76 1388 1742 2655 298 973 238 1024 2107 1697 2093 115 68 2646 2442
is_linear=0
shrinkage=0.05


Tree=4
num_leaves=63
num_cat=0
split_feature=15 7 7 7 7 17 7 7 7 13 7 17 5 3 13 7 2 7 0 3 7 2 8 18 0 13 2 7 17 17 7 13 18 2 23 1 17 0 22 20 3 17 2 25 19 25 17 2 2 2 5 2 2 6 22 21 17 10 25 3 17 18
split_gain=2.44666e+08 6.58988e+07 1.58073e+07 1.56037e+07 9.68406e+06 4.37278e+06 3.01702e+06 2.35451e+06 2.08034e+06 1.88045e+06 1.22257e+06 1.19734e+06 1.12419e+06 813128 486579 408516 346166 329002 321979 312829 304054 272742 244794 238611 379645 222117 219789 212500 203484 189009 182399 179914 176435 169576 156021 152314 147288 140308 125921 122055 117167 116260 114111 113673 112449 109894 109562 97196.7 136616 86317.5 84232.1 140660 221466 83425.4 81701.2 80122.4 79423 78204.3 88444.8 77768.1 83043.1 77215.3
threshold=557.41666666666686 312.75000000000006 968.50000000000011 234.66000000000003 411.00000000000006 601.66666666666686 1155.0000000000002 188.39500000000004 266.83500000000009 499.50000000000006 367.50000000000006 819.29166666666674 -0.5 7.5000000000000009 289.04166666666669 214.64500000000001 2021.5000000000002 752.50000000000011 15.190000000000001 8.5000000000000018 162.25000000000003 2020.5000000000002 298.47000000000008 151.6182095659349 13.690000000000001 775.83333333333337 2020.5000000000002 1005.0000000000001 246.29833333333337 1044.8470833333336 504.00000000000006 458.83333333333337 151.6182095659349 2020.5000000000002 25.500000000000004 -16.284999999999997 239.58083333333337 14.965000000000002 4.5000000000000009 -0.063757590246234716 9.5000000000000018 220.83750000000003 2020.5000000000002 2.5000000000000004 -0.030296969696969652 5.5000000000000009 300.02000000000004 2023.5000000000002 2021.5000000000002 2011.5000000000002 -0.24999999999999994 2022.5000000000002 2021.5000000000002 1.0000000180025095e-35 5.5000000000000009 -0.12477436823104691 192.87458333333333 854.00000000000011 5.5000000000000009 6.5000000000000009 215.64250000000001 247.30927760143524
decision_type=2 2 2 2 2 2 2 2 2 2 2 2 2 2 2 2 2 2 2 2 2 2 2 2 2 2 2 2 2 2 2 2 2 2 2 2 2 2 2 2 2 2 2 2 2 2 2 2 2 2 2 2 2 2 2 2 2 2 2 2 2 2
left_child=1 3 5 7 10 44 13 20 21 22 16 19 35 27 26 33 46 37 61 25 -1 28 -6 24 45 57 36 -4 53 32 54 49 -15 41 -25 -8 -10 39 -18 -13 -12 -9 -17 -21 -2 -19 -3 48 -28 -24 51 52 -23 -5 -11 -40 -22 58 -7 -35 -61 -14
right_child=2 4 6 8 9 11 12 15 14 30 40 17 18 29 -16 42 38 23 -20 43 56 50 31 34 -26 -27 47 -29 -30 -31 -32 -33 -34 59 -36 -37 -38 -39 55 -41 -42 -43 -44 -45 -46 -47 -48 -49 -50 -51 -52 -53 -54 -55 -56 -57 -58 -59 -60 60 -62 -63
leaf_value=-5.6782478917408241 7.835370252256709 -0.1403493594713526 29.022407264002045 -2.1361003132005352 0.22798775634075186 20.637392086019297 34.926578698904024 -3.9438399746512247 -2.2295695470937549 6.1871741159709392 3.8234582737149703 19.350917561042895 35.614063766289547 21.25270108784715 -0.045263502476846705 -2.9742442040706054 1.4345462824785098 23.273565038418141 45.609469249636632 18.295149194252041 -4.8449899430184074 -0.16953156179730836 2.5160577940346935 22.282746687153523 20.077360355745753 22.425786166298124 -0.15504408432979119 34.103704784629805 -1.7104683879216791 27.546654877698337 9.8897285005616737 6.744784606038384 26.82650117420015 -2.9450244717118448 26.21587653320972 28.666992342185321 -0.96141729336048343 15.833809706744024 1.5407104914035556 24.038971829527362 2.7167643891559079 -3.1609298098752601 -1.9077383490840578 14.474108728391499 11.824076045015211 28.447841374791082 1.1210849040663191 -0.8916833499127681 2.3192005886503284 5.3410518745084197 -1.4395606773720677 -2.2482836472239476 5.082672408700506 -2.8059205700651448 8.3963978086979818 2.5845164331166082 -4.1933761361731037 15.528756902635713 17.172598179130798 1.0328429092204452 -2.5967081895407595 40.982890683128723
leaf_weight=1048 21 221 70 956 22 39 21 2426 251 50 848 63 24 51 3045 2549 586 34 30 29 1516 153 28 48 121 40 137 37 1736 40 238 256 23 160 74 29 2607 22 238 21 335 593 279 77 149 20 778 122 94 1091 326 62 23 910 314 817 687 29 47 30 33 23
leaf_count=1048 21 221 70 956 22 39 21 2426 251 50 848 63 24 51 3045 2549 586 34 30 29 1516 153 28 48 121 40 137 37 1736 40 238 256 23 160 74 29 2607 22 238 21 335 593 279 77 149 20 778 122 94 1091 326 62 23 910 314 817 687 29 47 30 33 23
internal_value=0.0029125 -1.02539 22.2419 -2.40392 3.6493 18.5026 31.1953 -3.89026 -1.07457 6.46929 2.17462 20.3354 37.3645 27.6348 -0.498089 -3.30857 1.57598 22.0526 41.2174 17.6763 -4.9762 -1.94022 5.46183 22.9257 21.6837 19.1291 -0.927489 30.8097 -2.10032 24.6305 8.80591 5.54554 23.019 -3.69183 24.688 31.3606 -1.07287 19.5872 2.0227 20.5502 3.51033 -3.79017 -2.8691 15.5358 11.3363 25.2391 0.842038 0.249492 0.852338 5.2706 -0.917585 -0.202285 0.519304 -2.46289 8.09473 2.34921 -4.64199 17.9639 18.766 -2.3593 -0.869374 38.3229
internal_weight=26747 25565 1182 19743 5822 834 348 9321 10422 1999 3823 664 127 221 6256 6070 2640 403 77 261 3251 4166 1397 297 175 155 3211 107 3602 114 602 1375 74 3242 122 50 2858 106 1641 84 1183 3019 2828 106 170 54 999 353 231 1119 564 238 176 1866 364 1055 2203 115 86 223 63 47
internal_count=26747 25565 1182 19743 5822 834 348 9321 10422 1999 3823 664 127 221 6256 6070 2640 403 77 261 3251 4166 1397 297 175 155 3211 107 3602 114 602 1375 74 3242 122 50 2858 106 1641 84 1183 3019 2828 106 170 54 999 353 231 1119 564 238 176 1866 364 1055 2203 115 86 223 63 47
is_linear=0
shrinkage=0.05


Tree=5
num_leaves=63
num_cat=0
split_feature=17 7 7 13 7 7 7 7 17 13 3 7 17 6 7 7 17 16 17 5 12 13 2 13 16 2 12 19 7 8 1 12 13 12 18 3 13 13 2 2 22 21 2 3 17 7 2 17 23 8 11 2 12 12 7 10 19 2 6 13 6 12
split_gain=2.23414e+08 6.14548e+07 1.45376e+07 1.23687e+07 8.86382e+06 2.93768e+06 2.62449e+06 2.12122e+06 2.101e+06 1.98618e+06 1.3112e+06 1.11691e+06 724116 707312 499078 458980 451109 394067 376651 344653 340996 305206 297382 283069 263425 247708 213710 208118 207450 195417 183767 177679 175757 169582 164761 164533 157488 137636 128471 128223 110469 106461 155752 241970 100852 100580 99587.9 108080 98459.1 115023 97117.2 95299.8 94857.9 94457.2 93908.1 93811.4 89024.3 88080.1 87173.6 83191.4 81937.6 81553.6
threshold=556.87500000000011 315.50000000000006 234.66000000000003 984.41666666666686 413.50000000000006 739.00000000000011 1358.5000000000002 187.64000000000001 467.04166666666669 266.72166666666675 8.5000000000000018 358.16500000000002 601.66666666666686 -0.68301270189221952 1031.5000000000002 287.75000000000006 894.10416666666674 86.312676863706471 210.17000000000002 -0.93301270189221919 315.50000000000006 173.41666666666671 2020.5000000000002 1093.8333333333335 127.79702038617442 2021.5000000000002 492.50000000000006 -0.047609523809523872 552.50000000000011 298.47000000000008 -16.429999999999996 237.75000000000003 897.16666666666674 841.00000000000011 125.13203482415412 9.5000000000000018 875.33333333333337 446.16666666666669 2019.5000000000002 2020.5000000000002 4.5000000000000009 -0.12477436823104691 2021.5000000000002 9.5000000000000018 1044.8470833333336 153.06000000000003 2020.5000000000002 237.25708333333338 30.500000000000004 677.50000000000011 784.35500000000013 2021.5000000000002 283.54000000000002 226.50000000000003 205.14000000000001 250.50000000000003 -0.067164680337175861 2023.5000000000002 -0.5 252.69500000000002 1.0000000180025095e-35 287.75000000000006
decision_type=2 2 2 2 2 2 2 2 2 2 2 2 2 2 2 2 2 2 2 2 2 2 2 2 2 2 2 2 2 2 2 2 2 2 2 2 2 2 2 2 2 2 2 2 2 2 2 2 2 2 2 2 2 2 2 2 2 2 2 2 2 2
left_child=1 2 7 5 11 12 10 21 29 22 14 25 -2 32 44 -11 19 26 39 -15 60 45 31 -19 50 52 -12 -21 -22 -6 -8 58 -7 34 -18 53 -29 51 55 54 -27 -24 43 -43 -5 -1 47 -20 49 -14 -16 -31 -3 -13 -9 -17 -50 -44 -4 -33 -10 -48
right_child=3 4 9 6 8 13 30 18 20 15 17 35 48 16 24 38 33 23 46 27 28 -23 41 -25 -26 40 -28 36 -30 37 -32 59 -34 -35 -36 -37 -38 -39 -40 -41 -42 42 57 -45 -46 -47 61 -49 56 -51 -52 -53 -54 -55 -56 -57 -58 -59 -60 -61 -62 -63
leaf_value=-5.6955771129425763 11.064974669468258 0.24608336330489694 -1.8263180827703609 25.734778250340739 0.24552577502691922 23.851508821842355 44.892062245818963 -3.8947096044935408 6.9772770403734405 -0.89061173511259784 16.892263636422985 2.7722299817079108 13.969855843266044 12.62184659258812 35.571684211996654 -1.2066207599029637 18.187422655388676 22.855968078388059 -3.0728453645614979 15.890853499337991 8.5389799221041294 -4.2321981821384362 -1.8150400780654707 29.739390110912911 38.644628748400464 1.3074982404112061 23.778668870343271 19.453433302520832 10.906192076357618 2.7424168891152423 37.727495460948731 -1.8818367917480328 29.274980302290484 24.143188373549581 22.478003096772468 2.4381298021219564 24.101467287688827 5.837283960796281 0.38568908884228076 -2.0137147227446621 2.2179048584930903 -1.6160687213874834 2.2749888899878723 1.9376522198691344 30.431551472402557 -4.8961166597521375 -1.6521734307442353 -2.3790518050462679 19.851471757503212 16.991288313195209 30.5620081272255 4.9475050415255248 1.2916957773150997 3.915692870779246 -3.2831146767796633 -0.13930671770137668 16.08941069817611 -0.73137469935615307 -2.5004679719640892 -1.198481161532349 3.7406378022191271 -3.4138673626993845
leaf_weight=642 89 382 741 32 20 66 23 1611 44 2752 20 240 62 22 20 231 41 27 2141 37 461 1580 161 42 26 513 31 122 118 53 26 1041 23 71 62 404 24 546 1236 125 954 236 75 60 28 1045 303 764 37 76 44 726 502 746 1038 1887 35 36 1368 780 36 84
leaf_count=642 89 382 741 32 20 66 23 1611 44 2752 20 240 62 22 20 231 41 27 2141 37 461 1580 161 42 26 513 31 122 118 53 26 1041 23 71 62 404 24 546 1236 125 954 236 75 60 28 1045 303 764 37 76 44 726 502 746 1038 1887 35 36 1368 780 36 84
internal_value=-0.0137523 -0.95312 -2.26607 22.1987 3.6032 18.7526 30.4758 -3.70523 6.28651 -0.999388 28.5195 2.16566 14.8703 21.2293 31.6631 -0.412054 20.2706 24.567 -3.15193 18.6476 8.59975 -4.73244 -1.79666 27.0829 34.0889 1.50125 21.1166 19.3647 9.02323 5.15255 41.1751 -1.95122 25.2844 22.171 20.7894 3.28924 20.2335 5.22659 -0.0193749 -3.5813 1.89966 -0.727081 -0.296357 -0.895292 27.9737 -5.20068 -2.79001 -2.89047 16.477 15.645 32.1807 4.79786 0.839943 3.63768 -3.65519 -0.255767 18.0476 1.30013 -2.2637 -1.58922 5.52734 -2.03535
internal_weight=26768 25682 19937 1086 5745 767 319 9333 2004 10604 270 3741 299 468 150 6106 379 120 6066 205 659 3267 4498 69 90 2351 51 183 579 1345 49 3930 89 174 103 1390 146 1325 3354 2774 1467 568 407 296 60 1687 3292 2905 210 138 64 779 884 986 2649 2118 72 111 2109 1821 80 387
internal_count=26768 25682 19937 1086 5745 767 319 9333 2004 10604 270 3741 299 468 150 6106 379 120 6066 205 659 3267 4498 69 90 2351 51 183 579 1345 49 3930 89 174 103 1390 146 1325 3354 2774 1467 568 407 296 60 1687 3292 2905 210 138 64 779 884 986 2649 2118 72 111 2109 1821 80 387
is_linear=0
shrinkage=0.05


Tree=6
num_leaves=63
num_cat=0
split_feature=15 13 13 13 13 13 13 13 13 15 4 6 13 18 17 17 19 13 2 13 13 19 5 12 19 19 16 12 12 2 20 20 5 12 8 1 8 21 16 19 23 6 19 13 16 13 10 18 6 12 8 20 17 2 17 14 2 2 2 19 2 2
split_gain=2.02008e+08 5.43564e+07 1.42973e+07 1.08511e+07 7.09326e+06 2.27019e+06 2.2575e+06 1.83148e+06 1.79591e+06 1.69026e+06 967951 799192 702548 511355 482001 475261 464168 427213 344066 332860 306688 297244 276574 272732 269588 260527 228749 222293 204632 192477 181990 178475 178213 177171 170085 175255 149189 149180 147360 145452 143763 138499 128641 154928 127629 121695 117556 115545 114345 106601 103052 105267 86223.6 83471.7 82633.2 80974.5 80512 80347.4 108943 84243.5 77131.5 75781.1
threshold=586.08333333333337 324.94500000000011 241.58333333333334 984.41666666666686 424.83333333333343 725.66666666666686 196.70833333333334 277.84666666666675 1269.3333333333337 487.58333333333343 3.5000000000000004 -0.68301270189221952 350.16666666666669 151.6182095659349 894.10416666666674 601.66666666666686 -0.023063475567036636 173.41666666666671 2018.5000000000002 259.91666666666669 218.81833333333336 -0.032251820939208746 -0.93301270189221919 335.50000000000006 -0.047609523809523872 0.095683229813664519 98.710430035304867 252.75000000000003 841.00000000000011 2020.5000000000002 -0.066658333333333361 0.10348397229956453 -0.5 698.00000000000011 803.00000000000011 -16.194999999999997 1005.0000000000001 -0.090796160361377762 127.79702038617442 -0.041217807637360486 14.500000000000002 -0.24999999999999994 -0.073024790440520723 458.83333333333337 127.79702038617442 524.33333333333337 1136.5000000000002 116.66099553250947 -0.5 228.54000000000005 376.00000000000006 0.23459164292497628 933.25000000000011 2020.5000000000002 237.25708333333338 43.301270189222052 2010.5000000000002 2021.5000000000002 2022.5000000000002 0.10027932960893861 2020.5000000000002 2020.5000000000002
decision_type=2 2 2 2 2 2 2 2 2 2 2 2 2 2 2 2 2 2 2 2 2 2 2 2 2 2 2 2 2 2 2 2 2 2 2 2 2 2 2 2 2 2 2 2 2 2 2 2 2 2 2 2 2 2 2 2 2 2 2 2 2 2
left_child=1 2 6 5 12 15 17 19 10 42 13 34 39 32 22 -2 -10 56 49 29 41 -14 -13 -11 47 -20 33 -23 30 -4 46 -18 -5 -12 -7 -36 -15 -28 -26 -3 -17 -8 -6 -44 -38 -25 -16 -24 -22 -9 51 -29 -30 -50 -55 -42 -1 -41 59 -59 -43 -19
right_child=3 4 7 8 9 11 20 18 16 23 26 14 21 36 28 40 31 61 25 -21 48 27 24 45 38 -27 37 50 52 -31 -32 -33 -34 -35 35 -37 44 -39 -40 57 55 60 43 -45 -46 -47 -48 -49 53 -51 -52 -53 -54 54 -56 -57 -58 58 -60 -61 -62 -63
leaf_value=-5.4020528050830166 10.615810149779968 0.46442767971226434 -1.9170318015798022 23.036871609735329 3.6287643109911687 21.303385971700479 -2.7533793282968921 -1.253553351697769 29.661512561093009 5.9503903410198689 16.485499020399551 12.346880000030399 1.8942771558576401 29.434431531551397 15.796542053983693 11.866293657158474 34.85754889492965 -3.9363025443778334 0.23714714169518439 -0.98241633295926212 -2.0119548719350866 2.4228858058660236 16.898071230748656 7.9749164016789003 18.298845772867693 2.0789887963822715 21.830164986226094 2.8693795414173824 20.251955065964736 -0.73561588385862409 21.929151300739029 42.061728006623326 28.150979309616492 23.252765689679045 28.546381659523593 22.472104392488639 30.929562876913781 28.343366953772957 22.38375897177546 1.19224688902995 13.970621443745756 -3.5495940035208449 4.858546690973335 6.2803519999921118 37.223057087159262 9.514596657405118 20.106502530505804 12.583396382532813 -2.765866468869226 -0.31114101181692644 4.2385509730279836 5.4426058479528994 24.231801600466156 -0.63925699122042923 -2.7555330966847711 16.979305029391718 -4.6676032826495168 2.5140482454186923 1.7061441042034358 5.0367754961189783 -2.239229055587431 -2.5260747593242332
leaf_weight=559 79 260 2466 30 146 41 1254 350 21 110 22 26 478 37 40 25 20 2367 2026 2759 1068 444 47 280 111 212 20 346 26 401 45 27 57 20 30 25 21 21 31 440 35 1519 756 259 23 248 31 26 1734 2101 533 45 48 97 88 90 1164 194 727 40 122 100
leaf_count=559 79 260 2466 30 146 41 1254 350 21 110 22 26 478 37 40 25 20 2367 2026 2759 1068 444 47 280 111 212 20 346 26 401 45 27 57 20 30 25 21 21 31 440 35 1519 756 259 23 248 31 26 1734 2101 533 45 48 97 88 90 1164 194 727 40 122 100
internal_value=-0.0129488 -0.901456 -2.07472 21.2209 3.60647 17.9531 -3.41469 -0.766295 28.9573 6.15889 26.9769 19.762 2.297 29.1811 18.8301 13.7834 36.217 -4.30165 -0.0365028 -1.37453 -2.7828 2.96831 17.3195 8.22676 17.9148 0.411707 22.4856 3.34343 20.7359 -1.75182 19.3606 39.0767 26.416 19.7557 23.9217 25.8312 32.1146 25.2272 19.2058 1.55079 15.4434 -3.14967 5.02193 5.22194 34.2964 8.69977 17.7041 15.3807 -2.42714 -0.445764 3.78545 3.16686 22.8628 -2.65809 -1.64689 16.1488 -4.90619 1.75235 2.00863 2.94727 -3.45232 -3.87925
internal_weight=26768 25693 20387 1075 5306 756 10072 10315 319 1799 251 527 3507 168 431 229 68 4190 4689 5626 5882 1846 241 638 215 2238 83 1368 190 2867 116 47 87 42 96 55 81 41 142 1661 150 2895 1161 1015 44 528 71 73 2987 2451 924 391 74 1919 185 125 1723 1401 961 234 1641 2467
internal_count=26768 25693 20387 1075 5306 756 10072 10315 319 1799 251 527 3507 168 431 229 68 4190 4689 5626 5882 1846 241 638 215 2238 83 1368 190 2867 116 47 87 42 96 55 81 41 142 1661 150 2895 1161 1015 44 528 71 73 2987 2451 924 391 74 1919 185 125 1723 1401 961 234 1641 2467
is_linear=0
shrinkage=0.05


Tree=7
num_leaves=63
num_cat=0
split_feature=15 7 7 7 7 7 7 17 7 7 18 7 4 0 17 9 7 13 16 6 5 23 7 2 2 7 8 2 21 1 11 8 17 1 17 2 7 19 4 17 15 2 17 17 2 15 2 21 17 2 2 23 8 5 2 19 6 2 23 25 4 2
split_gain=1.82365e+08 5.04186e+07 1.18836e+07 9.88799e+06 7.28172e+06 3.06481e+06 1.74252e+06 1.72042e+06 1.6239e+06 1.38896e+06 932675 914417 762492 638049 541430 387190 378459 365012 354536 302268 308420 286170 282874 236969 194314 193028 185082 172996 168833 168099 167982 164312 155099 154594 147446 130481 125031 124751 120611 118916 115329 121748 112444 101273 98428.5 123439 91251.3 89564.6 85137.8 84207.1 147837 83278.9 96860.8 82866.9 78322 77560.8 75625.2 71800.2 69591.7 68344.7 67892.1 65646.3
threshold=586.08333333333337 315.50000000000006 234.66000000000003 1031.5000000000002 413.50000000000006 739.00000000000011 184.50000000000003 467.04166666666669 266.83500000000009 1358.5000000000002 179.51276872934997 367.50000000000006 2.5000000000000004 13.280000000000003 601.66666666666686 803.00000000000011 215.31000000000003 289.04166666666669 67.854009952741052 -0.24999999999999994 -0.6830127018922193 40.500000000000007 504.00000000000006 2021.5000000000002 2020.5000000000002 159.50000000000003 1136.5000000000002 2020.5000000000002 0.60213903743315522 -16.429999999999996 1258.5000000000002 298.47000000000008 1044.8470833333336 -15.264999999999999 246.29833333333337 2020.5000000000002 939.00000000000011 -0.062494673234923075 3.5000000000000004 242.51041666666671 447.25000000000006 2018.5000000000002 237.25708333333338 990.95833333333337 2022.5000000000002 337.91666666666669 2020.5000000000002 0.15006361323155218 297.93041666666676 2023.5000000000002 2021.5000000000002 30.500000000000004 677.50000000000011 -0.24999999999999994 2011.5000000000002 -0.067164680337175861 1.0000000180025095e-35 2017.5000000000002 15.500000000000002 3.5000000000000004 3.5000000000000004 2022.5000000000002
decision_type=2 2 2 2 2 2 2 2 2 2 2 2 2 2 2 2 2 2 2 2 2 2 2 2 2 2 2 2 2 2 2 2 2 2 2 2 2 2 2 2 2 2 2 2 2 2 2 2 2 2 2 2 2 2 2 2 2 2 2 2 2 2
left_child=1 2 6 5 11 14 25 31 27 12 13 23 26 32 -2 43 35 24 -14 36 21 -21 37 48 39 -1 -5 34 30 -11 -20 -6 47 59 -4 42 -15 -9 54 -10 41 -33 60 -12 56 -46 -18 -7 -3 50 -26 52 58 -37 -13 -53 -25 -19 -16 -17 -8 -29
right_child=3 4 8 9 7 10 16 22 17 29 15 38 18 19 51 33 46 57 28 20 -22 -23 -24 44 49 -27 -28 61 -30 -31 -32 40 -34 -35 -36 53 -38 -39 -40 -41 -42 -43 -44 -45 45 -47 -48 -49 -50 -51 -52 55 -54 -55 -56 -57 -58 -59 -60 -61 -62 -63
leaf_value=-4.9856189946740672 10.023131416025532 -0.1957027676829432 -2.0940975241377542 29.600815754911327 0.15638098408333698 19.82178981384607 -3.2525057080387954 3.8552938571971525 -1.8721123481244726 40.73215528876235 16.318061397799209 1.2478448160083335 19.684326308637829 18.73102265473214 10.369345618283599 23.64310204251354 -2.5361537324221355 -0.31013839392224085 21.828042734856975 10.951183444134131 17.602340434582906 18.174887287447238 8.9474435100734802 3.0888901398303261 -0.1594759510687134 -4.097662952836532 35.778933517654224 -0.41637375087121903 30.165370634162567 33.978676877076602 28.040375231457997 2.1179184711960022 25.335756218570403 21.870634560435587 -1.4575816784378441 -0.50539488106613029 23.437976902750282 7.1361505287338876 2.2977563787364477 -0.802763253759053 5.4698154781821327 4.5683581886821969 -2.1904525864614768 21.416370388806101 0.65528777766583568 1.8394905592565882 -1.5463461639483 23.931205954480525 1.0086333791576783 -0.75551318116168664 2.2980833056138721 18.012762484074923 15.357234633015899 -2.6207236377081902 3.4900715635077435 14.488011369117894 1.6310330087423797 0.1798805008083636 13.974592623235081 27.428981398774717 -3.8065921048510512 -1.5254376559397433
leaf_weight=893 80 184 1902 41 20 74 2563 32 289 23 20 41 27 57 24 25 2448 1234 27 42 155 21 287 218 155 1970 23 344 25 26 23 54 26 35 1747 59 22 352 360 2589 374 897 215 25 288 935 258 20 724 129 101 37 76 216 839 34 151 1896 37 50 711 218
leaf_count=893 80 184 1902 41 20 74 2563 32 289 23 20 41 27 57 24 25 2448 1234 27 42 155 21 287 218 155 1970 23 344 25 26 23 54 26 35 1747 59 22 352 360 2589 374 897 215 25 288 935 258 20 724 129 101 37 76 216 839 34 151 1896 37 50 711 218
internal_value=-0.012173 -0.856378 -2.04649 20.1629 3.26577 17.7612 -3.34767 5.68796 -0.901255 29.7571 19.8814 1.96 27.5315 18.6365 13.5447 23.2164 -2.8931 -0.399067 24.7785 17.3753 16.39 13.3842 7.75624 1.40929 -0.769087 -4.37479 31.8735 -1.66363 26.5837 37.2253 24.7361 4.65562 21.7409 24.8438 -1.78941 -3.21744 20.0699 6.86383 3.07011 -0.910207 4.72351 4.42946 -3.30015 19.1918 1.77693 1.56071 -2.44184 20.7207 0.764583 0.285782 0.810607 14.8937 14.1288 -2.16726 3.38576 16.3477 2.49293 -0.0133112 12.5755 26.2003 -3.37295 -0.846784
internal_weight=26768 25693 19937 1075 5756 860 9333 2016 10604 215 572 3740 166 417 288 155 6470 6393 102 297 218 63 671 2500 3263 2863 64 4211 75 49 50 1345 120 110 3649 3764 79 384 1240 2878 1325 951 3489 45 1592 1223 2706 94 908 385 256 208 137 275 880 71 369 3130 61 75 3274 562
internal_count=26768 25693 19937 1075 5756 860 9333 2016 10604 215 572 3740 166 417 288 155 6470 6393 102 297 218 63 671 2500 3263 2863 64 4211 75 49 50 1345 120 110 3649 3764 79 384 1240 2878 1325 951 3489 45 1592 1223 2706 94 908 385 256 208 137 275 880 71 369 3130 61 75 3274 562
is_linear=0
shrinkage=0.05


Tree=8
num_leaves=63
num_cat=0
split_feature=17 13 13 13 13 13 13 13 13 17 3 3 13 19 13 23 22 13 13 12 17 0 12 2 19 19 2 6 6 12 0 12 13 2 22 13 23 13 19 3 13 6 12 19 6 3 17 12 22 6 2 6 13 2 13 20 2 2 22 2 6 6
split_gain=1.6442e+08 4.40755e+07 1.1679e+07 9.15772e+06 5.71479e+06 1.97192e+06 1.6702e+06 1.66723e+06 1.46625e+06 1.31902e+06 947859 668973 576545 466792 466392 434951 415026 355004 328965 325179 320619 288117 351627 283223 238347 218235 205285 208316 198020 189211 189131 185026 198808 165829 158888 156871 137076 131592 130106 121544 119337 118545 116805 109670 109669 105318 104102 101777 99575.5 90955.8 88810.2 88102 85850.4 85044.2 84061.5 78472.5 77362.4 171735 74766.8 129802 82652 73476.3
threshold=556.87500000000011 324.94500000000011 236.67666666666668 984.41666666666686 424.83333333333343 725.66666666666686 277.84666666666675 196.70833333333334 1200.1666666666667 467.04166666666669 8.5000000000000018 8.5000000000000018 378.77833333333342 -0.023063475567036636 897.16666666666674 40.500000000000007 4.5000000000000009 168.36166666666671 259.91666666666669 335.50000000000006 856.37500000000011 14.255000000000001 527.50000000000011 2018.5000000000002 0.090919008444781527 0.095683229813664519 2020.5000000000002 -0.5 -0.68301270189221952 252.75000000000003 12.870000000000003 420.50000000000006 1150.8333333333337 2020.5000000000002 8.5000000000000018 346.05500000000001 14.500000000000002 524.33333333333337 -0.05013966480446929 10.500000000000002 216.08333333333334 0.6830127018922193 590.83500000000015 -0.22120285423037714 0.25000000000000017 8.5000000000000018 1044.8470833333336 278.87500000000006 5.5000000000000009 0.6830127018922193 2021.5000000000002 0.25000000000000017 209.62500000000003 2021.5000000000002 458.83333333333337 -0.027784722222222221 2023.5000000000002 2021.5000000000002 5.5000000000000009 2021.5000000000002 -0.24999999999999994 0.6830127018922193
decision_type=2 2 2 2 2 2 2 2 2 2 2 2 2 2 2 2 2 2 2 2 2 2 2 2 2 2 2 2 2 2 2 2 2 2 2 2 2 2 2 2 2 2 2 2 2 2 2 2 2 2 2 2 2 2 2 2 2 2 2 2 2 2
left_child=1 2 7 5 12 16 18 17 10 43 21 14 24 -10 28 -15 36 -1 33 49 39 46 -23 48 35 58 27 52 -7 53 -30 -12 -33 51 55 -3 -2 -21 -16 -13 -29 -31 -22 -6 -36 -19 -5 50 -8 -11 -37 -4 -9 -14 -45 -28 57 -35 60 -60 -25 -26
right_child=3 4 6 8 9 11 23 26 13 19 31 20 29 15 38 -17 -18 45 -20 37 42 22 -24 25 61 -27 34 40 30 41 -32 32 -34 56 44 47 -38 -39 -40 -41 -42 -43 -44 54 -46 -47 -48 -49 -50 -51 -52 -53 -54 -55 -56 -57 -58 -59 59 -61 -62 -63
leaf_value=-4.5525215954051168 10.632632507378521 0.98363956536272878 -1.5105557179526805 22.256541241508774 1.2787009109254084 20.316753640353436 -1.3167555645511411 -2.7062655599123024 26.701723011647626 5.801526795032192 15.744305177661477 10.809391091173129 0.24600850865933457 28.089451868393837 18.535731354518909 37.321553855174038 9.5381467637457344 -3.3850570188355316 -0.88510834841881081 7.1262107925247484 14.090055857398958 25.888427411135854 34.267442359766036 0.54109710414647105 3.4881163592386915 1.9004076854494008 -2.7805170173048626 -3.2300658744269484 20.67970682472621 3.8749765787924746 16.397751381500651 19.62006375958396 25.688847343482781 -0.85643910887940633 -1.09478350658806 -0.57902372824957826 14.602246197285304 8.688430406326237 23.479298421974011 14.915356396175818 -2.6151560718759441 2.4974988729670038 18.164235831513391 4.3023293602139061 2.7470167587850698 -4.0781037758386844 26.590395939175338 2.2167115553576457 -0.29229508702781354 2.6968071181547684 1.5266916999867013 -2.0663144144351295 -1.9703992228630693 2.3956595308656148 5.2963864525243647 -1.3690189609298478 -1.667582788576321 2.1679427643112725 0.28067694669491289 1.9299112337547664 -0.52254762035332303 1.2550608399702019
leaf_weight=1359 28 947 1589 34 26 72 266 602 38 70 21 40 54 22 20 39 87 2082 2759 330 26 32 24 278 207 212 171 1464 33 528 159 55 20 228 44 57 126 235 65 36 1722 223 75 797 32 749 34 725 2185 36 409 1297 1168 312 294 233 140 59 1082 134 532 45
leaf_count=1359 28 947 1589 34 26 72 266 602 38 70 21 40 54 22 20 39 87 2082 2759 330 26 32 24 278 207 212 171 1464 33 528 159 55 20 228 44 57 126 235 65 36 1722 223 75 797 32 749 34 725 2185 36 409 1297 1168 312 294 233 140 59 1082 134 532 45
internal_value=-0.011451 -0.817306 -1.87293 19.0439 3.24707 16.0788 -0.741064 -3.13824 26.1661 5.54752 23.8627 17.7972 2.07409 31.2553 19.0756 34.0434 12.3223 -3.8878 -1.28845 7.30006 15.2671 26.7732 29.5342 -0.0322115 1.63569 0.374442 -2.56043 -2.65608 18.0168 3.01188 17.1441 20.0794 21.2705 -1.62431 -1.57253 1.46413 13.8879 7.77741 22.3393 12.7714 -2.89781 3.46635 17.1305 4.49417 0.524235 -3.56856 24.4594 1.84606 -0.403528 4.75068 1.26905 -1.76038 -2.22082 2.07867 4.57067 -1.96701 -0.704417 -0.234146 0.214678 0.462566 -0.157466 3.09003
internal_weight=26768 25682 20387 1086 5295 767 10761 9626 319 1788 220 526 3507 99 349 61 241 4190 6072 671 177 124 56 4689 2390 2238 5436 4956 264 1117 192 96 75 3313 480 2138 154 565 85 76 3186 751 101 1117 76 2831 68 1191 2451 106 466 2886 1770 366 1091 404 427 287 2026 1216 810 252
internal_count=26768 25682 20387 1086 5295 767 10761 9626 319 1788 220 526 3507 99 349 61 241 4190 6072 671 177 124 56 4689 2390 2238 5436 4956 264 1117 192 96 75 3313 480 2138 154 565 85 76 3186 751 101 1117 76 2831 68 1191 2451 106 466 2886 1770 366 1091 404 427 287 2026 1216 810 252
is_linear=0
shrinkage=0.05


Tree=9
num_leaves=63
num_cat=0
split_feature=15 7 7 7 7 7 7 7 15 7 7 5 18 7 17 8 0 7 15 17 16 2 14 5 19 9 6 7 25 2 8 2 1 17 25 7 22 18 17 22 2 6 7 13 2 25 6 2 6 2 7 14 6 2 21 9 2 2 18 10 6 22
split_gain=1.48653e+08 4.11591e+07 9.49958e+06 8.13963e+06 6.16236e+06 1.92475e+06 1.65611e+06 1.43653e+06 1.40745e+06 1.27197e+06 805338 709900 574314 465517 435945 343985 315452 277143 276805 259285 257475 220140 218819 214928 323369 214322 213632 210069 185152 181992 152891 143671 139808 126719 117910 106816 103323 99498.3 93795.7 91398.7 119723 90393.1 90338.1 88873.5 87880.4 76510.2 75378.8 74855.1 73037.9 74359.4 71812.6 69285.4 71083.9 69173.8 97383.7 67245.5 67228.5 109683 63891.6 62332 60572 60472.4
threshold=586.08333333333337 312.75000000000006 234.66000000000003 995.00000000000011 413.50000000000006 1358.5000000000002 739.00000000000011 187.64000000000001 476.25000000000006 268.87500000000006 358.16500000000002 -0.5 179.51276872934997 1077.5000000000002 601.66666666666686 1105.5000000000002 12.870000000000003 518.50000000000011 282.12500000000006 208.54875000000001 115.94574796102505 2020.5000000000002 80.490080293118751 -0.6830127018922193 -0.038361916771752817 803.00000000000011 -0.24999999999999994 169.08500000000001 7.5000000000000009 2021.5000000000002 298.47000000000008 2020.5000000000002 -15.264999999999999 246.29833333333337 5.5000000000000009 394.50000000000006 5.5000000000000009 91.508109412731741 248.25666666666669 5.5000000000000009 2022.5000000000002 0.25000000000000017 446.75000000000006 924.41666666666686 2010.5000000000002 5.5000000000000009 1.0000000180025095e-35 2010.5000000000002 -0.24999999999999994 2021.5000000000002 295.28000000000003 51.013985673110739 0.6830127018922193 2019.5000000000002 0.54653679653679665 233.16500000000005 2023.5000000000002 2021.5000000000002 49.534614138475426 269.50000000000006 -0.5 4.5000000000000009
decision_type=2 2 2 2 2 2 2 2 2 2 2 2 2 2 2 2 2 2 2 2 2 2 2 2 2 2 2 2 2 2 2 2 2 2 2 2 2 2 2 2 2 2 2 2 2 2 2 2 2 2 2 2 2 2 2 2 2 2 2 2 2 2
left_child=1 2 7 6 10 11 14 27 30 31 29 15 16 -13 -2 26 37 36 21 44 -17 38 -7 24 -18 -14 -5 47 -15 59 -6 33 43 60 -28 -12 -10 -8 -11 40 61 -25 -32 -27 -9 51 -46 -1 49 -21 -20 -16 -53 54 -44 -49 57 -23 -42 -3 -4 -31
right_child=3 4 9 5 8 22 12 19 17 18 35 13 25 28 45 20 23 -19 50 48 -22 56 -24 41 -26 32 34 -29 -30 39 42 -33 -34 -35 -36 -37 -38 -39 -40 -41 58 -43 53 -45 46 -47 -48 55 -50 -51 -52 52 -54 -55 -56 -57 -58 -59 -60 -61 -62 -63
leaf_value=-4.821505078464968 9.053413462787681 -0.5817122448795945 -1.5070855854028713 21.968514931484421 -0.066351351353794483 30.160096454254969 16.228104486058673 -3.5271757283355529 4.4731319995957293 -1.5942752564190541 2.1290901027712956 22.762249847629874 17.278243102470451 25.73011981936267 12.313732928595874 19.91772884031986 7.387926153045389 8.1378659222685172 -0.42839842896073022 -2.072174182319761 26.665158835548318 0.16095928541495189 37.502062922225889 17.580050116459422 15.016021330391295 21.439864618451764 13.248514514330374 -3.5160182694040465 31.216112758363149 1.6929802102410141 3.7486108647634797 -0.75782000866399035 18.79890391437181 -1.3041443065228797 18.348412870668277 3.0347101980744382 6.491883723190516 20.73886471564866 -0.75187640484443863 1.9025918169757923 0.45071458789059105 15.228256511609482 4.403381587813775 26.484297127035717 -2.5249239814143452 12.344891406431504 -3.124611145748037 -4.1413323055428464 -2.4812645877111241 0.16837514717122076 0.074800840016754341 17.514140684576148 14.080499248899759 4.7652791647665147 0.6042101020357048 -1.8676500654640087 -1.0081193800668138 2.6096074807501033 1.4774029934432187 0.78049210702012628 -2.0962737955065736 4.0822124907218953
leaf_weight=499 80 93 676 21 21 26 21 517 79 392 524 98 41 41 33 35 20 286 1000 1425 27 117 23 73 48 24 25 1841 32 67 552 579 25 1806 24 866 344 42 2106 789 378 121 52 20 1153 97 968 893 1965 38 2436 25 53 657 25 34 46 75 253 859 1238 44
leaf_count=499 80 93 676 21 21 26 21 517 79 392 524 98 41 41 33 35 20 286 1000 1425 27 117 23 73 48 24 25 1841 32 67 552 579 25 1806 24 866 344 42 2106 789 378 121 52 20 1153 97 968 893 1965 38 2436 25 53 657 25 34 46 75 253 859 1238 44
internal_value=-0.0107885 -0.772978 -1.86427 18.2043 2.89687 24.4421 15.1644 -3.02418 5.13864 -0.830393 1.72986 22.9382 17.1147 25.0879 12.2136 20.1365 16.0429 6.93264 -0.370458 -2.56885 22.8944 -0.745692 33.6758 15.2615 12.7867 20.2637 17.6645 -3.86951 28.1744 1.19032 4.16499 -1.49069 22.0101 -1.60473 15.7788 2.69349 6.11602 19.2635 -0.884131 1.52787 1.12921 16.1218 4.2341 23.7878 -2.94164 13.4242 -2.79875 -4.3256 -2.2819 -2.01397 -0.0716551 14.3553 15.2021 4.59863 3.17233 -4.05816 0.707079 1.11835 0.862543 0.647367 -1.88827 2.64293
internal_weight=26768 25693 19804 1075 5889 352 723 9333 2016 10471 3873 303 435 171 288 132 325 709 6172 6066 62 2736 49 262 68 110 70 3267 73 2483 1307 4299 69 3720 49 1390 423 63 2498 1531 742 194 1286 44 2638 208 2121 1426 3428 1463 3436 111 78 734 77 927 238 192 631 952 1914 111
internal_count=26768 25693 19804 1075 5889 352 723 9333 2016 10471 3873 303 435 171 288 132 325 709 6172 6066 62 2736 49 262 68 110 70 3267 73 2483 1307 4299 69 3720 49 1390 423 63 2498 1531 742 194 1286 44 2638 208 2121 1426 3428 1463 3436 111 78 734 77 927 238 192 631 952 1914 111
is_linear=0
shrinkage=0.05


Tree=10
num_leaves=63
num_cat=0
split_feature=17 7 7 7 7 7 7 7 7 17 0 7 3 22 18 17 0 17 2 2 10 9 7 16 2 17 2 7 16 12 3 12 17 21 2 17 7 2 3 7 15 7 2 12 1 9 10 18 14 12 12 7 0 17 6 22 2 0 2 6 1 6
split_gain=1.33827e+08 3.65036e+07 8.91962e+06 8.85323e+06 5.29651e+06 2.14761e+06 1.57639e+06 1.37313e+06 1.13458e+06 1.08465e+06 766648 723034 567549 414753 382609 348547 283944 271488 273660 213593 198325 185621 185427 168349 166315 156922 153788 145477 158740 143665 132684 123660 122671 121954 108503 146565 101659 99808.1 117525 99464.2 97712.2 92058 89576.5 86596.4 86381.6 79986.5 78752.8 77314.4 75966.5 75701.8 74318.9 73328.7 71527.8 70796.8 70554.2 66487.5 66384.4 63756.3 62861.9 61615.9 61377.6 60332.6
threshold=556.87500000000011 317.25000000000006 238.16500000000005 995.00000000000011 424.50000000000006 1190.5000000000002 739.00000000000011 184.50000000000003 277.64000000000004 467.04166666666669 16.005000000000003 360.50000000000006 8.5000000000000018 4.5000000000000009 151.6182095659349 207.07625000000004 12.835000000000003 259.02791666666673 2021.5000000000002 2023.5000000000002 1105.5000000000002 826.00000000000011 552.50000000000011 60.023605439640228 2019.5000000000002 178.51666666666668 2019.5000000000002 1005.0000000000001 81.649658092772555 350.50000000000006 9.5000000000000018 652.50000000000011 224.24291666666667 -0.2351470588235294 2021.5000000000002 336.28458333333339 483.50000000000006 2023.5000000000002 4.5000000000000009 219.58500000000001 1004.8333333333334 149.29000000000005 2010.5000000000002 903.25000000000011 -16.234999999999996 264.50000000000006 214.64500000000001 108.61230281788228 39.686269665968915 278.87500000000006 237.75000000000003 344.50000000000006 14.890000000000002 819.29166666666674 -0.5 5.5000000000000009 2020.5000000000002 14.765000000000002 2024.5000000000002 0.25000000000000017 -16.049999999999997 -0.68301270189221952
decision_type=2 2 2 2 2 2 2 2 2 2 2 2 2 2 2 2 2 2 2 2 2 2 2 2 2 2 2 2 2 2 2 2 2 2 2 2 2 2 2 2 2 2 2 2 2 2 2 2 2 2 2 2 2 2 2 2 2 2 2 2 2 2
left_child=1 2 7 6 11 12 13 25 17 34 19 24 27 33 16 42 47 18 46 20 -7 61 29 -14 49 41 32 -5 -29 59 50 -23 -10 53 35 -6 -36 38 -20 -17 -25 -1 -9 -33 -42 -27 -4 -8 52 -3 -13 -26 -18 60 -44 -34 -41 -55 -35 -11 -2 -16
right_child=3 4 8 5 9 10 14 15 26 22 -12 30 23 -15 21 39 48 -19 37 -21 -22 31 -24 40 51 45 -28 28 -30 -31 -32 43 55 58 36 -37 -38 -39 -40 56 44 -43 54 -45 -46 -47 -48 -49 -50 -51 -52 -53 -54 57 -56 -57 -58 -59 -60 -61 -62 -63
leaf_value=-4.8016278342282597 11.899974217365697 -0.3941864855121181 -2.0405998017121507 21.403208997682302 -1.0404335749095381 25.699805548252204 16.354290340336195 -3.4129434004880412 -2.7230846043511683 5.582179293377183 37.685399146780583 2.1839447132467735 13.622497615555293 8.6245666434102208 18.16027583985532 -2.4448921353778053 14.331411390535843 -0.82108533928104288 0.040120528793677099 23.444751570087906 31.398528353197094 21.860763619723667 8.4738401229331775 15.984818494962951 1.0177930794651768 -3.3897528414127489 0.31886877711507822 21.74960294007176 28.006711690834319 6.6371965870916689 1.8215969634468576 15.387762470988484 -0.98783812692017126 15.000432129768328 3.9872954204516291 3.4708985767840854 5.1651166823648893 -1.8283417246234948 4.1966118750069556 -2.0269866847610465 17.903008583342409 -3.8830556020358729 -2.3710109135567388 19.974790087181503 22.522575193462949 -0.27639734213951073 -1.4278230029485703 20.753568913386417 13.380680183332968 0.99520312389949783 3.156801194677147 1.6325927418169119 17.467593672185419 14.319556466328729 -2.9390926751415147 -0.18818713441774115 -1.1505179820598428 10.474057986131355 12.501801456191179 3.2052166047168655 8.6907733269906107 14.591672687340258
leaf_weight=351 29 218 663 82 22 35 25 600 52 69 21 268 22 101 21 1641 70 3004 33 33 36 37 110 24 888 1245 1428 22 25 425 398 23 291 53 900 98 232 20 35 2052 25 1264 876 24 23 21 2521 22 146 178 746 1071 29 29 1470 2430 242 20 60 46 35 40
leaf_count=351 29 218 663 82 22 35 25 600 52 69 21 268 22 101 21 1641 70 3004 33 33 36 37 110 24 888 1245 1428 22 25 425 398 23 291 53 900 98 232 20 35 2052 25 1264 876 24 23 21 2521 22 146 178 746 1071 29 29 1470 2430 242 20 60 46 35 40
internal_value=-0.0295349 -0.758576 -1.75187 16.9546 2.78759 23.5666 13.9401 -2.83929 -0.738652 4.93836 28.8309 1.70153 20.6042 11.3067 15.9077 -2.4555 14.8477 -1.16435 -1.47946 27.0085 28.6295 18.0304 6.59583 17.5977 1.16507 -3.75581 -0.102681 22.7796 25.1304 6.21176 2.59613 19.5945 -0.319771 12.501 4.07739 2.6436 4.22913 1.26991 2.18259 -2.14745 18.7917 -4.08298 -2.86688 17.7676 20.1589 -3.33814 -1.55548 18.4533 14.1488 0.230418 2.89992 1.35398 15.2668 11.3048 -2.72708 -0.273742 -1.93458 12.7746 13.686 4.63505 10.1613 15.848
internal_weight=27020 25908 20239 1112 5669 348 764 9762 10477 1902 125 3767 223 327 437 6881 292 6276 3272 104 71 145 650 94 2355 2881 4201 129 47 540 1412 84 2773 226 1252 120 1132 88 68 3935 72 1615 2946 47 48 1266 3184 47 245 396 1014 1959 99 113 2346 2721 2294 49 113 115 64 61
internal_count=27020 25908 20239 1112 5669 348 764 9762 10477 1902 125 3767 223 327 437 6881 292 6276 3272 104 71 145 650 94 2355 2881 4201 129 47 540 1412 84 2773 226 1252 120 1132 88 68 3935 72 1615 2946 47 48 1266 3184 47 245 396 1014 1959 99 113 2346 2721 2294 49 113 115 64 61
is_linear=0
shrinkage=0.05


Tree=11
num_leaves=63
num_cat=0
split_feature=17 7 7 15 7 7 7 7 7 17 7 7 22 18 6 7 7 2 2 21 23 4 7 2 16 7 12 4 6 12 14 20 21 16 7 2 17 7 6 4 22 2 2 2 15 2 9 17 17 4 12 2 7 11 11 22 2 20 17 12 6 6
split_gain=1.20812e+08 3.29621e+07 7.99365e+06 7.61376e+06 5.26883e+06 1.93899e+06 1.42316e+06 1.17595e+06 1.11618e+06 979005 782211 415306 374556 345697 300198 275927 252211 246592 231437 249010 219130 218744 167385 167215 151982 149979 129614 127297 121216 138394 115282 114280 109979 107817 107716 97915.4 132301 94315.4 91164.6 91156.1 261386 88306.4 87804.9 86061.4 97727.7 84821.3 78268 75873.2 69871.8 67680.8 66155.6 65865.6 65337.8 64990.2 64277 63011.8 64163.8 61128.6 59826.4 58898.9 58457.4 57045.8
threshold=556.87500000000011 306.12500000000006 995.00000000000011 230.91000000000003 424.50000000000006 1190.5000000000002 739.00000000000011 259.30500000000006 198.87500000000003 467.04166666666669 355.50000000000006 1358.5000000000002 4.5000000000000009 151.6182095659349 -0.24999999999999994 283.54000000000002 172.25000000000003 2023.5000000000002 2021.5000000000002 -0.135266106442577 40.500000000000007 2.5000000000000004 552.50000000000011 2021.5000000000002 60.023605439640228 212.75000000000003 350.50000000000006 3.5000000000000004 -0.68301270189221952 1146.5000000000002 28.867513459482257 0.073389830508474599 -0.2351470588235294 98.710430035304867 247.75000000000003 2021.5000000000002 336.28458333333339 439.00000000000006 0.25000000000000017 2.5000000000000004 1.0000000180025095e-35 2020.5000000000002 2019.5000000000002 2022.5000000000002 333.6808333333334 2021.5000000000002 1196.5000000000002 263.51416666666671 224.24291666666667 2.5000000000000004 590.83500000000015 2020.5000000000002 149.29000000000005 1036.0000000000002 204.08500000000001 4.5000000000000009 2022.5000000000002 0.039475518063451294 819.29166666666674 853.00000000000011 1.0000000180025095e-35 1.0000000180025095e-35
decision_type=2 2 2 2 2 2 2 2 2 2 2 2 2 2 2 2 2 2 2 2 2 2 2 2 2 2 2 2 2 2 2 2 2 2 2 2 2 2 2 2 2 2 2 2 2 2 2 2 2 2 2 2 2 2 2 2 2 2 2 2 2 2
left_child=1 3 6 8 10 14 12 34 16 35 23 17 32 28 33 -9 52 50 25 -20 30 -16 26 47 -23 -10 -11 45 -8 39 -15 46 49 -4 60 36 -6 -37 -27 -30 -41 -36 48 61 -45 -12 -26 -3 -17 -2 -7 -40 -1 -13 -44 -47 -57 -32 59 -51 -5 -25
right_child=2 4 5 7 9 11 13 15 18 22 27 53 -14 20 21 42 -18 -19 19 -21 -22 24 -24 43 31 38 -28 -29 29 -31 57 -33 -34 -35 41 37 -38 -39 51 40 -42 -43 54 44 -46 55 -48 -49 -50 58 -52 -53 -54 -55 -56 56 -58 -59 -60 -61 -62 -63
leaf_value=-4.418873919699867 12.406130498807215 -1.2242872297661236 20.632199368810959 -1.4164920173861937 -0.98864726545584147 24.638435342074569 17.095061623641634 -0.72609106865574846 -2.6366653968880529 4.4036798912789079 1.3759271938546891 28.776607623503573 8.1937652143125614 18.752034887253426 20.807934595236116 -2.9983866553285941 -3.0704887462062085 21.294782682014088 -3.0278033809729745 3.0797638284047011 19.596998724461439 12.94445475064791 8.0505327326941778 2.5843573374044113 21.465676457128481 -1.8715050262743007 6.3054150054831135 1.6851944503315412 14.263154711331234 16.586709758928755 15.958736864912195 14.453903377115431 13.002914829405931 24.939418508381863 -1.377206813049225 3.4267245283809111 3.2975306043809591 4.3724282575368445 -2.5437000807170098 10.07406571458171 15.098639146081624 -0.5219210920610059 2.4820073119205106 0.28334624196570801 1.3771372357929248 2.1580627567704744 17.217492759678372 0.63132010881116885 -0.23439363647364672 6.5752037838323787 28.981173052446124 -0.39264474709962571 -3.6879718960899335 33.7111730005834 0.21205831708337519 4.3359429359436037 2.9194024339327664 12.717624043229955 11.862081484972688 10.211106579329195 -1.9888688200479347 1.28400141236573
leaf_weight=417 41 58 47 754 22 21 32 3281 2090 115 106 20 101 22 55 23 2442 29 28 41 57 22 110 199 23 1858 425 412 113 38 34 20 113 27 1900 425 98 707 963 64 45 359 32 262 927 237 29 1065 2258 20 32 37 1187 23 1098 92 635 32 24 28 1098 147
leaf_count=417 41 58 47 754 22 21 32 3281 2090 115 106 20 101 22 55 23 2442 29 28 41 57 22 110 199 23 1858 425 412 113 38 34 20 113 27 1900 425 98 707 963 64 45 359 32 262 927 237 29 1065 2258 20 32 37 1187 23 1098 92 635 32 24 28 1098 147
internal_value=-0.0279604 -0.720644 16.1092 -1.70419 2.51322 22.392 13.2448 -0.807622 -2.77287 4.69153 1.51237 27.3941 10.7426 15.1143 19.5772 -0.398737 -3.39081 25.2114 -2.27447 0.600463 17.132 18.2429 6.26622 0.99911 16.7215 -2.31458 5.90132 2.43277 14.1068 13.7325 15.5149 17.856 11.8775 22.2354 -1.47319 3.87356 2.51152 4.01771 -2.07895 13.2367 12.1604 -1.24132 -0.0838464 1.33831 1.13617 2.72043 19.1342 0.535378 -0.262396 10.7416 27.3102 -2.46416 -3.87825 31.4882 0.276558 2.8681 3.09924 14.409 9.77781 8.71307 -1.75593 2.03244
internal_weight=27020 25908 1112 19866 6042 348 764 10803 9063 1902 4140 125 327 437 223 6692 4046 82 5017 69 145 149 650 2658 94 4948 540 1482 292 260 88 72 226 74 4111 1252 120 1132 2858 222 109 2259 3411 1535 1189 1070 52 1123 2281 113 53 1000 1604 43 1130 964 727 66 72 48 1852 346
internal_count=27020 25908 1112 19866 6042 348 764 10803 9063 1902 4140 125 327 437 223 6692 4046 82 5017 69 145 149 650 2658 94 4948 540 1482 292 260 88 72 226 74 4111 1252 120 1132 2858 222 109 2259 3411 1535 1189 1070 52 1123 2281 113 53 1000 1604 43 1130 964 727 66 72 48 1852 346
is_linear=0
shrinkage=0.05


Tree=12
num_leaves=63
num_cat=0
split_feature=17 7 7 7 7 7 7 13 17 17 7 0 5 22 18 5 0 7 16 7 23 21 7 5 8 7 7 10 8 5 22 22 4 7 21 25 13 6 6 7 4 18 8 18 9 4 4 9 13 10 0 17 6 9 22 11 6 7 17 13 10 23
split_gain=1.09062e+08 2.97489e+07 7.21851e+06 6.86409e+06 4.75529e+06 1.75113e+06 1.2848e+06 989710 975969 883632 706424 676518 339871 338190 312223 300392 255015 223589 216361 208135 197653 191711 187482 180351 168597 151103 149050 130601 122841 121553 167062 120080 107845 100685 99131.3 95278 87873 79090.9 76480.1 70689.3 86601.8 69121.7 68239.2 66413.8 65504.6 61053.1 60503.9 57150.8 55035.4 54176.2 53746.6 53609.3 52342.6 51262.4 50744.5 50184.3 47397.5 46054.1 45971.7 45244.2 42781.6 42778.2
threshold=556.87500000000011 306.12500000000006 995.00000000000011 228.04000000000005 424.50000000000006 1190.5000000000002 739.00000000000011 266.72166666666675 188.19750000000002 467.04166666666669 360.50000000000006 16.005000000000003 0.68301270189221941 4.5000000000000009 151.6182095659349 -0.5 12.835000000000003 288.16500000000002 58.175739462854445 212.25000000000003 40.500000000000007 0.35423660714285715 169.08500000000001 -0.6830127018922193 1077.5000000000002 552.50000000000011 325.50000000000006 214.64500000000001 826.00000000000011 -0.6830127018922193 1.0000000180025095e-35 5.5000000000000009 3.5000000000000004 253.16500000000005 -0.2351470588235294 3.5000000000000004 362.41666666666669 -0.24999999999999994 0.25000000000000017 451.00000000000006 3.5000000000000004 108.61230281788228 1005.0000000000001 7.1932642600048693 274.50000000000006 2.5000000000000004 3.5000000000000004 767.50000000000011 600.50000000000011 752.50000000000011 13.280000000000003 205.11458333333334 0.25000000000000017 854.00000000000011 4.5000000000000009 979.00000000000011 -0.5 394.50000000000006 248.25666666666669 353.50000000000006 249.50000000000003 25.500000000000004
decision_type=2 2 2 2 2 2 2 2 2 2 2 2 2 2 2 2 2 2 2 2 2 2 2 2 2 2 2 2 2 2 2 2 2 2 2 2 2 2 2 2 2 2 2 2 2 2 2 2 2 2 2 2 2 2 2 2 2 2 2 2 2 2
left_child=1 3 6 8 10 15 13 27 22 36 26 12 21 34 16 18 41 58 -4 37 23 -7 -1 -16 -20 31 -3 46 -25 30 35 52 57 -29 45 -18 -6 44 42 54 -41 -8 -17 -28 -10 -2 -5 -47 -36 -50 -42 -39 -11 -22 -38 -40 -21 -12 -9 -34 -58 -31
right_child=2 4 5 7 9 11 14 17 19 25 32 -13 -14 -15 20 38 29 -19 24 56 53 -23 -24 28 -26 -27 43 33 -30 61 -32 -33 59 -35 48 -37 39 51 55 40 50 -43 -44 -45 -46 47 -48 -49 49 -51 -52 -53 -54 -55 -56 -57 60 -59 -60 -61 -62 -63
leaf_value=-3.8563310335414762 11.787333233687129 0.53833250188050397 12.328189667287575 -1.5634975150861681 0.68019049177525936 20.675992053200904 14.842119350661319 -1.5489805491962405 -2.2915962954254416 4.8534892898517299 2.1537440248616768 34.335266344694162 30.159581420319906 7.784481940130334 10.463672358954129 20.193427752367228 11.443983349396813 -0.029040753506822187 15.61399921621765 -1.6464566117580586 16.535551175204187 25.815047183554199 -3.0471619649698796 13.876337572346102 20.702517234090823 7.6483718040528688 2.4819457384968775 -1.3312405453428002 18.301798916160131 14.276789984442772 14.459539527350692 5.8827154290272148 0.17107159199269889 -0.7933136758785172 9.9138051941496492 6.607331000625817 1.3907438472496656 -2.9743464825531087 16.953049026996009 4.9216653676931408 4.7297119794557991 18.979617965491109 24.032659760211928 1.1967491978709208 -0.21393651718373802 7.6584522826649311 -2.4692065658030424 10.574396283727632 14.601473561082361 11.9232340378608 2.6064385749391392 -2.4665074484295202 1.9893506972650483 19.975394137653787 3.5615280215407825 20.217827568166069 -2.2551917585279102 2.8641383888465377 -0.6032731651468497 1.8389696008270011 -1.6699091213703487 12.617385923006534
leaf_weight=1213 41 1164 25 595 24 49 25 135 1428 36 351 21 21 101 20 44 20 3036 40 956 23 34 1757 36 31 110 108 2876 32 86 21 475 46 1248 21 22 28 1027 27 228 45 22 22 1456 39 32 268 40 33 59 90 1064 29 34 837 34 1136 663 2655 352 433 96
leaf_count=1213 41 1164 25 595 24 49 25 135 1428 36 351 21 21 101 20 44 20 3036 40 956 23 34 1757 36 31 110 108 2876 32 86 21 475 46 1248 21 22 28 1027 27 228 45 22 22 1456 39 32 268 40 33 59 90 1064 29 34 837 34 1136 663 2655 352 433 96
internal_value=-0.0264708 -0.684608 15.3059 -1.61899 2.3876 21.2763 12.5839 -0.768565 -2.63472 4.45703 1.43677 26.0299 24.3214 10.2064 14.3602 18.6013 13.4027 -0.325981 16.4351 -2.27189 16.2777 22.8097 -3.37776 14.7418 17.8618 5.95305 0.966815 -1.28559 15.9828 12.7414 10.7948 5.60635 2.34459 -1.16848 11.2849 8.93233 3.67993 -2.51836 20.2244 3.73849 4.32606 16.8151 21.5077 1.28565 -2.23638 10.2064 -1.84502 9.29091 12.3533 12.8988 3.31721 -2.71607 3.58074 18.6189 3.49143 18.803 -1.9245 2.61847 -0.649089 1.6463 -2.09379 13.4089
internal_weight=27020 25908 1112 19866 6042 348 764 10813 9053 1902 4140 125 104 327 437 223 292 5826 96 6083 145 83 2970 88 71 650 2728 4987 68 245 63 540 1412 4124 226 42 1252 3558 127 1228 363 47 66 1564 1467 113 863 72 113 92 135 2091 65 57 865 61 2525 1014 2790 398 1569 182
internal_count=27020 25908 1112 19866 6042 348 764 10813 9053 1902 4140 125 104 327 437 223 292 5826 96 6083 145 83 2970 88 71 650 2728 4987 68 245 63 540 1412 4124 226 42 1252 3558 127 1228 363 47 66 1564 1467 113 863 72 113 92 135 2091 65 57 865 61 2525 1014 2790 398 1569 182
is_linear=0
shrinkage=0.05


Tree=13
num_leaves=63
num_cat=0
split_feature=17 13 13 13 13 13 17 13 13 15 3 22 13 19 3 20 8 13 2 12 13 18 17 23 19 2 17 3 17 12 18 2 3 15 19 18 13 18 6 17 2 2 6 3 16 2 20 2 19 13 22 2 22 12 6 2 23 16 13 2 6 22
split_gain=9.84568e+07 2.61352e+07 6.63842e+06 6.2913e+06 3.996e+06 1.19053e+06 1.09865e+06 1.01976e+06 855321 845738 606246 497137 461792 398693 303086 233533 227103 220735 197639 194715 193084 186480 343341 165205 153339 152568 158931 147816 146733 141868 139381 130187 128100 119529 117804 110269 107088 103943 103822 102275 97548 222089 149420 133652 94943.5 91302.4 90731.5 89700.9 89365.6 101374 88907.8 83893.5 104224 81585.2 79531.5 86450.6 73627.6 104454 72965.2 72646 76015.7 72519.8
threshold=556.87500000000011 315.91666666666669 236.67666666666668 984.41666666666686 408.50000000000006 1200.1666666666667 856.37500000000011 189.44500000000005 274.62500000000006 487.58333333333343 8.5000000000000018 4.5000000000000009 346.05500000000001 -0.047972602739726027 8.5000000000000018 -0.066658333333333361 1105.5000000000002 209.62500000000003 2018.5000000000002 408.16500000000002 750.33333333333337 179.51276872934997 1201.7916666666667 40.500000000000007 0.33334234234234233 2020.5000000000002 258.0866666666667 3.5000000000000004 178.51666666666668 313.87500000000006 88.234363958285357 2021.5000000000002 11.500000000000002 785.25000000000011 -0.023063475567036636 135.98687856752832 355.83333333333343 125.13203482415412 -0.24999999999999994 990.95833333333337 2023.5000000000002 2021.5000000000002 1.0000000180025095e-35 9.5000000000000018 81.649658092772555 2023.5000000000002 0.10348397229956453 2010.5000000000002 -0.034245421245421175 458.83333333333337 5.5000000000000009 2020.5000000000002 8.5000000000000018 252.75000000000003 -0.5 2021.5000000000002 40.500000000000007 70.497966526332434 1150.8333333333337 2019.5000000000002 1.0000000180025095e-35 5.5000000000000009
decision_type=2 2 2 2 2 2 2 2 2 2 2 2 2 2 2 2 2 2 2 2 2 2 2 2 2 2 2 2 2 2 2 2 2 2 2 2 2 2 2 2 2 2 2 2 2 2 2 2 2 2 2 2 2 2 2 2 2 2 2 2 2 2
left_child=1 2 7 6 12 10 11 28 25 48 16 14 59 -7 20 23 27 31 50 -12 -2 -15 -23 45 54 26 -4 -5 47 -11 -22 -9 35 -32 -14 -16 -36 -25 -19 56 41 43 -43 -27 -29 -8 -31 -1 -6 -50 -10 -40 -53 -38 55 -20 57 -17 -21 -3 -61 -56
right_child=3 4 8 5 9 13 15 17 18 29 19 -13 34 21 32 39 -18 38 24 58 30 22 -24 37 -26 40 -28 44 -30 46 33 -33 -34 -35 36 -37 53 -39 51 -41 -42 42 -44 -45 -46 -47 -48 -49 49 -51 -52 52 -54 -55 61 -57 -58 -59 -60 60 -62 -63
leaf_value=-3.9899265003849615 11.050135366158351 0.0082124992290984432 -1.4088664445242465 17.031081311721021 2.6697095368328885 19.745830489118436 8.4691458626901461 -2.4487264859618261 -1.1512185699054507 3.8911969872945251 11.231779525404292 7.3956427099678805 1.1469007354018435 23.657609973191299 9.5027963396689241 15.514610693410132 24.575476516295815 -1.5180221156909972 0.19574444814013328 15.767245941638206 11.472632081092559 24.730520181520291 34.313502616312967 11.761457050920097 3.23173676473961 -1.1551237565673935 -0.80843655529810921 18.910890034467972 -2.7745663488435368 5.7358406746156163 12.886124364402997 0.916459367693085 11.790198831049306 17.19533849563042 1.5427410301693072 5.5676226452527295 1.7183234498048183 16.336962276263378 -2.1521476929274015 17.553085118622686 -1.2519098175582815 3.2737692815893897 -0.20274476257421203 1.3039022821162467 23.437413942601758 12.279581287621106 7.8964693363695098 -3.2228139009931116 3.3875521683240764 4.5659534511112039 -0.3212121012067759 -1.6653125060131579 1.1384992366165558 2.6801000426538431 -0.48240484921527493 1.4031653893103875 16.233466332430599 12.082100119459149 19.288119077476072 1.2268479317697989 0.42944452608491768 0.24238342808346985
leaf_weight=543 109 317 2780 39 306 26 24 2698 367 99 21 101 506 26 67 48 32 1611 446 64 36 21 20 21 41 261 1827 27 1441 474 30 29 43 41 697 25 335 37 1919 46 211 74 53 70 28 53 55 1301 862 233 2666 156 42 650 599 222 57 47 23 648 555 814
leaf_count=543 109 317 2780 39 306 26 24 2698 367 99 21 101 506 26 67 48 32 1611 446 64 36 21 20 21 41 261 1827 27 1441 474 30 29 43 41 697 25 335 37 1919 46 211 74 53 70 28 53 55 1301 862 233 2666 156 42 650 599 222 57 47 23 648 555 814
internal_value=-0.0250528 -0.650374 -1.4973 14.5428 2.32734 20.3714 12.1125 -2.43598 -0.620782 4.1112 18.4499 10.5012 1.35114 25.1811 11.3925 14.2957 20.8238 -2.07094 -0.162728 15.6636 12.5606 27.2577 29.4774 12.6605 0.207396 -1.06832 -1.17078 19.5218 -3.1532 5.63618 14.0875 -2.41291 9.51556 15.3953 1.81621 8.44072 2.01748 14.7035 -1.82074 15.4036 -0.362662 0.0471868 1.82388 -0.634836 21.2537 11.1045 5.96194 -3.44891 3.42726 3.6387 -0.421681 -2.05102 -1.07026 2.35321 0.147655 0.597171 14.742 13.831 16.7192 0.681612 0.859039 -0.0648782
internal_weight=27020 25908 20171 1112 5737 327 785 9740 10431 2029 234 452 3708 93 351 333 126 6455 5155 108 216 67 41 135 2122 5276 4607 94 3285 628 107 2727 135 71 2188 92 1682 58 3728 198 669 458 127 331 55 77 529 1844 1401 1095 3033 2117 198 985 2081 668 152 95 87 1520 1203 1413
internal_count=27020 25908 20171 1112 5737 327 785 9740 10431 2029 234 452 3708 93 351 333 126 6455 5155 108 216 67 41 135 2122 5276 4607 94 3285 628 107 2727 135 71 2188 92 1682 58 3728 198 669 458 127 331 55 77 529 1844 1401 1095 3033 2117 198 985 2081 668 152 95 87 1520 1203 1413
is_linear=0
shrinkage=0.05


Tree=14
num_leaves=63
num_cat=0
split_feature=17 7 7 15 7 7 7 7 7 17 0 7 3 5 2 24 6 7 2 21 17 7 12 7 3 2 16 0 16 8 7 16 7 3 1 10 12 21 2 17 12 2 15 7 2 3 2 2 0 20 12 7 6 3 20 12 2 2 11 18 12 5
split_gain=8.88811e+07 2.42853e+07 5.92226e+06 5.63064e+06 3.88507e+06 1.43611e+06 1.04757e+06 868283 839899 720064 580964 578354 408589 300776 386939 273745 265800 215350 195890 219245 195713 193899 168630 166411 142832 132148 125303 154966 125059 110588 110259 127335 107490 103730 102326 91219.2 88188 86930.6 82796.5 109680 80395.5 78619.9 81063.9 76085.6 72974 72796.8 71542.4 70798 69725.3 69191.5 67946.6 66902.7 64540.8 64155.9 61559.5 61476.6 56855.6 56374.3 56300 55953.5 54761.4 52880.2
threshold=556.87500000000011 306.12500000000006 995.00000000000011 230.91000000000003 424.50000000000006 1190.5000000000002 739.00000000000011 255.50000000000003 198.87500000000003 456.29166666666669 16.005000000000003 355.50000000000006 8.5000000000000018 0.68301270189221941 2023.5000000000002 1.0000000180025095e-35 -0.68301270189221952 283.54000000000002 2021.5000000000002 -0.135266106442577 856.37500000000011 162.25000000000003 777.50000000000011 518.50000000000011 8.5000000000000018 2021.5000000000002 115.94574796102505 13.280000000000003 164.83609507761162 803.00000000000011 1005.0000000000001 81.649658092772555 215.31000000000003 9.5000000000000018 -16.049999999999997 1077.5000000000002 1129.0000000000002 -0.2351470588235294 2021.5000000000002 344.38500000000005 363.50000000000006 2022.5000000000002 333.6808333333334 247.75000000000003 2021.5000000000002 8.5000000000000018 2020.5000000000002 2019.5000000000002 14.555000000000001 -0.051077894176486886 278.87500000000006 489.00000000000006 0.25000000000000017 9.5000000000000018 0.025084905660377358 255.28000000000003 2024.5000000000002 2020.5000000000002 204.08500000000001 108.61230281788228 248.87500000000003 0.93301270189221952
decision_type=2 2 2 2 2 2 2 2 2 2 2 2 2 2 2 2 2 2 2 2 2 2 2 2 2 2 2 2 2 2 2 2 2 2 2 2 2 2 2 2 2 2 2 2 2 2 2 2 2 2 2 2 2 2 2 2 2 2 2 2 2 2
left_child=1 3 6 8 11 12 15 43 21 38 13 25 30 14 35 -2 29 -9 32 -20 24 -1 28 40 61 50 27 -14 49 -8 54 -32 -10 44 36 -7 -24 -17 39 -6 53 -27 -43 -5 -13 -23 -45 55 -31 -22 -3 -40 -34 -11 -4 -19 -39 -54 -49 -26 -46 -18
right_child=2 4 5 7 9 10 16 17 18 23 -12 33 26 -15 -16 37 20 47 19 -21 22 45 34 -25 59 41 -28 -29 -30 48 31 -33 52 -35 -36 -37 -38 56 51 -41 -42 42 -44 46 60 -47 -48 58 -50 -51 -52 -53 57 -55 -56 -57 -58 -59 -60 -61 -62 -63
leaf_value=-3.4937109142989016 7.0262267956983679 -0.006044246360700032 18.698431421862818 -1.511101979586762 -0.93774065486938341 20.080198262127272 13.42174552370826 -0.62946078400918848 -2.2410028762229159 4.4406240236032737 31.220009045352299 1.1028160363632369 16.021516171530568 27.427608016316924 14.887625207942285 9.1675951115754106 11.335627306195764 -0.64574003470974928 -2.708719717480534 3.0222778694581813 9.293788872670083 -2.5648206916993224 12.173515326590866 6.2829049171696569 10.385426163057559 1.8221036974333142 16.797094025856776 10.762648240009931 14.338467092839437 15.29068815403075 17.687465767838834 23.231450735145355 -1.5921067942572975 1.4151597509089675 17.008816439557275 24.450880847289696 15.889974856122107 12.408440207716659 3.2152949159725956 2.793306244519842 5.1419899240288345 0.18883653544308812 1.1849864147019262 -1.1985918356726017 1.8697305846309442 -3.1356484444395512 -0.40670951996026083 2.3206104311616254 19.754102238137921 12.393350910810222 0.78029898802566611 4.2612986402547284 -2.181051153090626 2.1929524925863668 15.657530897034228 -0.06634024791068939 10.065714712666592 -0.16323694779932335 0.19618080092782142 7.01904988079907 2.7176565369549008 14.23312452007626
leaf_weight=1073 101 479 48 1852 25 25 32 3398 2250 100 21 106 24 21 23 113 64 634 28 41 41 2223 45 259 27 346 33 37 38 21 22 25 1748 412 36 35 28 53 869 92 323 262 927 1803 263 750 339 32 20 36 644 187 914 47 34 1647 60 36 1098 25 701 24
leaf_count=1073 101 479 48 1852 25 25 32 3398 2250 100 21 106 24 21 23 113 64 634 28 41 41 2223 45 259 27 346 33 37 38 21 22 25 1748 412 36 35 28 53 869 92 323 262 927 1803 263 750 339 32 20 36 644 187 914 47 34 1647 60 36 1098 25 701 24
internal_value=-0.0237159 -0.61785 13.8176 -1.46208 2.15793 19.2254 11.3521 -0.691062 -2.3811 4.02846 23.5302 1.2985 16.803 21.9489 20.5313 9.20532 12.956 -0.347738 -1.94876 0.696029 12.3936 -2.91713 13.3211 5.26277 10.9013 0.857165 14.2551 12.8546 11.952 15.7392 18.647 20.6796 -1.98566 2.08993 14.7531 22.6663 13.6189 10.1756 3.26096 1.99591 4.69939 1.15871 0.96552 -1.27634 2.34959 -2.70893 -1.07329 -0.0670781 17.5109 10.7572 0.44492 3.40092 -1.77264 3.72399 17.4582 -0.227407 11.1746 -2.10462 0.256546 8.78365 2.48655 12.1412
internal_weight=27020 25908 1112 19866 6042 348 764 10803 9063 1902 125 4140 223 104 83 327 437 6809 5017 69 364 4046 224 729 140 2658 94 61 115 73 129 47 4948 1482 109 60 73 226 1173 117 470 1535 1189 3994 1070 2973 2142 3411 41 77 1123 1056 2698 147 82 2281 113 950 1130 52 964 88
internal_count=27020 25908 1112 19866 6042 348 764 10803 9063 1902 125 4140 223 104 83 327 437 6809 5017 69 364 4046 224 729 140 2658 94 61 115 73 129 47 4948 1482 109 60 73 226 1173 117 470 1535 1189 3994 1070 2973 2142 3411 41 77 1123 1056 2698 147 82 2281 113 950 1130 52 964 88
is_linear=0
shrinkage=0.05


Tree=15
num_leaves=63
num_cat=0
split_feature=13 7 13 7 7 7 7 7 7 13 5 5 7 5 6 7 11 18 2 15 8 1 18 17 8 20 7 2 2 25 1 1 7 9 17 23 11 17 2 6 21 2 6 18 8 7 11 6 19 7 2 6 2 2 23 5 2 10 13 18 21 2
split_gain=8.2036e+07 2.09691e+07 5.71632e+06 5.11734e+06 3.11799e+06 1.43435e+06 1.38326e+06 942508 542090 538456 524267 485327 428753 256022 249283 248344 234884 206512 188499 162721 161955 161704 161310 149367 147573 130791 127145 120087 228598 116360 116008 99434.5 96552.1 94853.9 93996.7 93331.8 93025.9 83199.5 81687.3 76331.1 73273.3 72649.9 70866.7 69351.7 69012.3 68675.9 67270.1 66255.6 66163.5 65060.5 64059.4 62508.4 58695.4 144062 54616.4 50203.1 49653.8 49282.4 46620.5 48736.6 46167.9 45126.3
threshold=550.16666666666686 306.12500000000006 897.16666666666674 246.83500000000001 406.12500000000006 1105.5000000000002 652.00000000000011 184.50000000000003 483.50000000000006 270.87500000000006 -0.5 -0.5 381.12500000000006 -0.5 0.25000000000000017 215.31000000000003 806.50000000000011 151.6182095659349 2021.5000000000002 687.58333333333337 1196.5000000000002 -15.944999999999999 88.234363958285357 307.51375000000002 1358.5000000000002 0.045121628767847761 294.12500000000006 2021.5000000000002 2022.5000000000002 6.5000000000000009 -15.014999999999999 -16.119999999999997 739.00000000000011 779.00000000000011 181.62833333333336 45.500000000000007 262.75000000000006 237.25708333333338 2010.5000000000002 1.0000000180025095e-35 -0.016848018923713789 2020.5000000000002 0.25000000000000017 179.51276872934997 315.50000000000006 439.00000000000006 468.00000000000006 -0.5 -0.05013966480446929 518.50000000000011 2010.5000000000002 0.25000000000000017 2022.5000000000002 2021.5000000000002 30.500000000000004 -0.6830127018922193 2020.5000000000002 255.31000000000003 725.66666666666686 179.51276872934997 0.92502190665716699 2023.5000000000002
decision_type=2 2 2 2 2 2 2 2 2 2 2 2 2 2 2 2 2 2 2 2 2 2 2 2 2 2 2 2 2 2 2 2 2 2 2 2 2 2 2 2 2 2 2 2 2 2 2 2 2 2 2 2 2 2 2 2 2 2 2 2 2 2
left_child=1 3 6 7 12 10 19 34 44 27 17 24 18 16 21 38 -8 30 36 46 -13 -12 -15 -10 25 -7 -11 37 39 -19 31 -4 -24 -18 50 48 -3 -5 -9 -29 -20 51 -35 -22 -6 -46 -2 -40 -16 -25 55 -17 53 -43 -21 -1 57 -28 -34 -60 -14 -58
right_child=2 4 5 9 8 11 13 15 23 26 14 20 60 22 35 41 33 29 40 54 43 -23 32 49 -26 -27 56 28 -30 -31 -32 -33 58 42 -36 -37 -38 -39 47 -41 -42 52 -44 -45 45 -47 -48 -49 -50 -51 -52 -53 -54 -55 -56 -57 61 -59 59 -61 -62 -63
leaf_value=-4.4145085185869632 4.3652737546221649 -0.69664258761622666 11.068641758202912 -1.3774484072715341 0.31643226265412644 13.79691630011777 5.4551197768171171 -2.613112515084592 0.5155380464843099 -0.47072246291661862 20.33229998683743 19.86085611815621 2.258328144667606 10.159372083285934 13.553249015677014 -1.4665581802216998 8.7575622451915898 12.581331654338094 0.76688791114030419 8.1934532132923081 22.084766511402684 15.946027173787138 11.239140293639091 4.4957123786216711 21.278615667695682 18.774194756821071 -0.77623694709333513 3.5188257679314066 -0.94722841224238086 17.985502011503154 13.940790000328651 6.6795926483116332 11.163483204773817 13.66361769938397 -2.5657002004293088 11.56472085527899 0.59039357653332647 -0.8809257153069403 -1.7087046545195197 -0.003484519412614641 1.4321549757223657 -0.9945551780170141 10.176305081598782 26.064926796259847 2.656966958017839 3.4103582811674098 7.0008514841995222 -2.1989567329283921 16.889588996905768 5.5502903795656762 -2.9562646129653047 -1.9177179241397497 -1.7712392050013552 2.2597645125539922 11.249744283601482 -3.3213725519901889 0.67815601451399754 -0.01245268403959608 13.236298742222246 15.209619033725614 0.80842540007960784 -0.14996148914575855
leaf_weight=144 28 163 40 1191 24 30 26 749 21 2455 51 31 822 66 29 1994 37 23 611 35 24 41 64 523 21 27 239 51 151 20 22 20 21 33 1079 21 1009 2898 1055 22 1286 197 30 38 622 595 216 2002 41 207 1215 1252 125 41 28 403 460 1810 119 52 59 256
leaf_count=144 28 163 40 1191 24 30 26 749 21 2455 51 31 822 66 29 1994 37 23 611 35 24 41 64 523 21 27 239 51 151 20 22 20 21 33 1079 21 1009 2898 1055 22 1286 197 30 38 622 595 216 2002 41 207 1215 1252 125 41 28 403 460 1810 119 52 59 256
internal_value=0.00169605 -0.602275 12.5946 -1.38442 2.00252 16.8679 9.88154 -2.1596 3.61533 -0.55043 14.8177 20.5497 1.1891 11.6543 16.5317 -1.86286 9.72143 12.2971 0.909937 7.29167 23.0183 18.397 12.4073 4.67589 17.5808 16.1834 -0.208848 -0.963829 0.163314 15.1309 10.7943 9.61926 12.9827 10.8241 -2.934 14.6277 0.411346 -1.02558 -2.14468 2.45869 1.21794 -1.56559 12.0218 24.5623 2.9732 3.02556 6.70034 -2.02983 15.5288 4.79548 -3.15938 -1.64063 -0.894334 -0.433202 9.56756 -3.60991 0.0236739 -0.101578 13.5576 13.8449 2.16134 0.382083
internal_weight=26965 25731 1234 19789 5942 479 755 10256 1992 9533 308 171 3950 448 183 7415 126 125 3069 307 93 92 322 751 78 57 5220 4313 224 43 82 60 256 100 2841 91 1172 4089 3806 73 1897 3609 63 62 1241 1217 244 3057 70 730 1762 3246 363 238 63 547 2765 2049 192 171 881 716
internal_count=26965 25731 1234 19789 5942 479 755 10256 1992 9533 308 171 3950 448 183 7415 126 125 3069 307 93 92 322 751 78 57 5220 4313 224 43 82 60 256 100 2841 91 1172 4089 3806 73 1897 3609 63 62 1241 1217 244 3057 70 730 1762 3246 363 238 63 547 2765 2049 192 171 881 716
is_linear=0
shrinkage=0.05


Tree=16
num_leaves=63
num_cat=0
split_feature=13 7 13 7 7 7 7 17 7 3 13 21 7 23 7 6 18 0 2 0 22 1 3 2 17 2 13 2 20 1 7 20 3 11 12 8 17 0 7 22 2 2 17 3 7 6 6 8 12 18 17 12 12 6 21 2 2 2 2 22 25 1
split_gain=7.40564e+07 1.89293e+07 5.1619e+06 4.92376e+06 2.509e+06 1.29511e+06 1.24876e+06 865964 562152 503909 491609 425456 331115 315126 257292 236563 229309 378600 194057 192371 164659 166992 161972 147985 145544 236127 136716 134454 137838 124451 117095 111348 106516 106110 98805.5 90021.1 88785.2 88232.5 82651.8 81457.8 77274.1 77099.6 81881.6 75315.1 70815.8 69580.7 68995.1 68127.9 62658.2 58803 70120.6 56360.3 104730 55860.9 54414.2 53413 52675 58664.6 109975 51505 51222.4 51039.9
threshold=550.16666666666686 319.22000000000008 897.16666666666674 246.83500000000001 406.12500000000006 1105.5000000000002 652.00000000000011 201.5866666666667 283.54000000000002 8.5000000000000018 483.50000000000006 0.35423660714285715 392.50000000000006 40.500000000000007 172.25000000000003 -0.68301270189221952 179.51276872934997 13.280000000000003 2023.5000000000002 12.870000000000003 1.0000000180025095e-35 -16.049999999999997 5.5000000000000009 2021.5000000000002 259.02791666666673 2021.5000000000002 600.50000000000011 2023.5000000000002 0.020007285818368862 -16.224999999999998 216.83500000000001 0.10348397229956453 4.5000000000000009 1077.5000000000002 1129.0000000000002 298.47000000000008 300.02000000000004 13.725000000000001 439.00000000000006 4.5000000000000009 2010.5000000000002 2019.5000000000002 248.25666666666669 2.5000000000000004 518.50000000000011 -0.24999999999999994 -0.5 779.00000000000011 266.83500000000009 7.5791903965252425 306.44083333333339 954.00000000000011 492.50000000000006 -0.68301270189221952 -0.049896551724137976 2023.5000000000002 2020.5000000000002 2022.5000000000002 2021.5000000000002 5.5000000000000009 1.5000000000000002 -12.889999999999999
decision_type=2 2 2 2 2 2 2 2 2 2 2 2 2 2 2 2 2 2 2 2 2 2 2 2 2 2 2 2 2 2 2 2 2 2 2 2 2 2 2 2 2 2 2 2 2 2 2 2 2 2 2 2 2 2 2 2 2 2 2 2 2 2
left_child=1 3 6 7 12 9 26 14 24 20 35 22 23 -13 -1 47 17 -11 -17 -20 21 43 -7 36 25 -5 -2 28 -24 33 -9 -15 54 -19 60 -6 -3 -23 48 -25 -16 42 -10 -4 -34 -27 -42 -8 -37 55 -51 52 -28 -43 -12 -41 -32 58 -58 61 -21 -55
right_child=2 4 5 8 10 11 15 30 41 16 32 13 -14 31 40 18 -18 29 19 34 -22 37 27 39 -26 45 51 -29 -30 -31 56 -33 44 -35 -36 38 -38 -39 -40 49 46 53 -44 -45 -46 -47 -48 -49 -50 50 -52 -53 -54 59 -56 -57 57 -59 -60 -61 -62 -63
leaf_value=-3.0841914259179486 6.2784433348696993 -0.50243215959104803 15.39995186545632 -1.1274666546106324 -0.27349936023556809 20.899249168495079 11.679731017193836 -1.8873706247343749 -1.3024135539452031 14.858002937294522 7.7901771719524975 18.846397738319055 2.1256156797487207 22.337863576708742 -2.8105979028823613 6.8810051339113123 15.251840784807284 7.5510651151497532 14.267926677193229 11.724188341015447 11.627640453899076 16.563833192724303 14.967116279179757 0.74898319273284431 -0.56088811179812048 3.2631326230549109 6.5105925428923843 12.529613569095662 20.668199260199245 5.1208151966474631 -1.4897635199193084 28.108188535138893 3.75072491103563 12.448726993940452 12.700737785463268 1.3963049014370843 0.69849330990517389 12.790091150553273 3.3145675431254711 1.8043015170237322 -1.8463028797929923 0.85947730713227688 -0.11238863992850744 19.047673025631465 5.2011906892856992 0.19807793745454752 -2.3707196788873373 14.741625885273919 2.7497315341591886 2.4481592875552125 1.2235165830316561 6.3673798312508101 10.917836439174458 -0.35268107225988576 5.2289477445795214 4.5262701475747544 -0.86136175262987236 -1.6827480355231501 2.077806787905486 0.48116779578908214 9.7179275795924269 1.3816056873346327
leaf_weight=1497 224 195 23 2753 22 23 34 2328 154 34 24 38 784 20 596 34 36 25 38 41 21 32 27 614 3221 37 21 22 20 21 2775 21 317 21 43 103 729 36 719 51 985 319 2333 59 116 37 1740 49 514 132 1025 21 41 532 177 28 171 125 39 493 209 46
leaf_count=1497 224 195 23 2753 22 23 34 2328 154 34 24 38 784 20 596 34 36 25 38 41 21 32 27 614 3221 37 21 22 20 21 2775 21 317 21 43 103 729 36 719 51 985 319 2333 59 116 37 1740 49 514 132 1025 21 41 532 177 28 171 125 39 493 209 46
internal_value=0.00168382 -0.572162 11.9664 -1.28335 2.01384 16.0272 9.38833 -2.05163 -0.489431 14.0791 3.43461 19.5258 1.21833 22.252 -2.53976 11.0727 11.7981 10.5531 10.5164 10.8877 15.8985 16.4883 17.1632 0.961838 -0.790709 -1.05253 6.92759 15.8894 17.4319 8.34961 -1.61911 25.3547 4.58448 9.80922 10.4445 2.89748 0.445019 14.5878 2.94971 1.21993 -2.29427 -0.0194365 -0.186129 18.0446 4.14043 1.73301 -2.18124 13.503 2.52407 1.45379 1.36344 8.66977 9.43803 0.278799 5.53851 2.77362 -1.41825 -0.82557 -0.314763 0.105774 10.0515 -0.214434
internal_weight=26965 25731 1234 20181 5550 479 755 10256 9925 308 1992 171 3558 79 4818 448 137 101 365 331 171 150 92 2774 6048 2827 307 69 47 67 5438 41 634 46 293 1358 924 68 1336 1850 3321 3877 2487 82 433 74 2725 83 617 1236 1157 83 62 1390 201 79 3110 335 210 1071 250 578
internal_count=26965 25731 1234 20181 5550 479 755 10256 9925 308 1992 171 3558 79 4818 448 137 101 365 331 171 150 92 2774 6048 2827 307 69 47 67 5438 41 634 46 293 1358 924 68 1336 1850 3321 3877 2487 82 433 74 2725 83 617 1236 1157 83 62 1390 201 79 3110 335 210 1071 250 578
is_linear=0
shrinkage=0.05


Tree=17
num_leaves=63
num_cat=0
split_feature=15 7 7 13 7 7 7 7 7 7 5 15 3 3 17 22 18 0 17 22 2 13 21 23 1 17 2 23 1 14 0 5 10 13 3 14 7 17 17 17 22 2 2 21 18 14 22 22 2 2 2 17 7 2 17 21 2 18 3 2 2 1
split_gain=6.68842e+07 1.81958e+07 4.44445e+06 3.76404e+06 2.65661e+06 914971 731609 703209 600748 599625 360967 354895 325785 286064 215182 203882 171459 230817 165370 144813 141194 140952 137363 172259 136424 156064 135782 114852 114061 112391 107645 107359 106645 98755 92575.8 105152 91320.1 89331.4 87465.1 78509.5 71263 86273.3 69600.1 68208.1 64359.5 64156.1 62868.3 58729.2 58543.6 75362.4 184979 68838.5 57203.1 55154.5 54671.4 52706.4 51114.4 50750.1 50418.5 49251.6 260841 56365.8
threshold=586.08333333333337 319.22000000000008 237.75000000000003 984.41666666666686 439.00000000000006 727.50000000000011 1105.5000000000002 184.50000000000003 392.50000000000006 273.16500000000002 -0.5 499.91666666666669 7.5000000000000009 8.5000000000000018 601.66666666666686 1.0000000180025095e-35 151.6182095659349 13.690000000000001 203.69750000000002 1.0000000180025095e-35 2018.5000000000002 924.41666666666686 0.062650966183574922 18.500000000000004 -14.424999999999999 856.37500000000011 2019.5000000000002 42.500000000000007 -16.429999999999996 28.867513459480421 13.690000000000001 -0.5 1105.5000000000002 600.50000000000011 2.5000000000000004 18.876793513024225 552.50000000000011 266.98250000000007 315.14250000000004 181.62833333333336 5.5000000000000009 2018.5000000000002 2010.5000000000002 0.30791592128801443 50.522347116198958 76.787585802220107 4.5000000000000009 6.5000000000000009 2020.5000000000002 2023.5000000000002 2021.5000000000002 250.01750000000001 346.33500000000009 2010.5000000000002 436.87500000000006 -0.024851851851851899 2021.5000000000002 52.656486792953693 9.5000000000000018 2022.5000000000002 2021.5000000000002 -14.079999999999998
decision_type=2 2 2 2 2 2 2 2 2 2 2 2 2 2 2 2 2 2 2 2 2 2 2 2 2 2 2 2 2 2 2 2 2 2 2 2 2 2 2 2 2 2 2 2 2 2 2 2 2 2 2 2 2 2 2 2 2 2 2 2 2 2
left_child=1 2 7 5 8 14 12 39 26 40 28 38 34 15 44 21 17 -14 42 24 37 29 -12 -24 25 -15 43 31 -8 -7 -31 -16 -30 -33 -5 -36 -13 -11 -6 53 41 -4 -9 -3 -2 -17 54 55 51 50 -50 58 -28 -1 -10 -40 -48 59 -20 60 -22 -61
right_child=3 4 9 6 11 13 10 18 46 20 22 36 16 19 27 45 -18 -19 48 -21 57 -23 23 -25 -26 -27 52 -29 32 30 -32 33 -34 -35 35 -37 -38 -39 47 -41 -42 -43 -44 -45 -46 -47 56 -49 49 -51 -52 -53 -54 -55 -56 -57 -58 -59 -60 61 -62 -63
leaf_value=-3.2776532618878771 6.5729245741013322 0.43216509925736635 -1.335511563393815 14.221031047022619 1.487948897068579 14.725285266694568 19.151267069036308 -2.5974241949690895 1.0956422221879361 -0.84630208635462822 17.025762762277612 4.4604548239418396 14.451056671142576 3.7145207517374601 6.3295148323193455 9.4027728554136338 14.647009735400111 7.8078684296964598 -1.5641911866933538 11.368337451331262 -0.0038837868558045589 15.770105992647775 17.718143639635681 23.463268410358687 11.226418780915125 8.9715948708037025 0.7432043183964917 11.626374364895836 16.882205305066716 14.423635712145273 11.089033976073774 6.023036957650163 12.255114723296753 9.7849440221757362 15.679961015313744 20.824548423349558 6.042829625571323 -0.23595968293266836 1.1969034902472744 -2.3171125176380993 -0.71890493023920254 -0.72836918689485985 -1.9155763233922602 -1.0943752688188897 3.357001348907378 12.653709859983614 1.1660030159587624 3.7740531903870989 -1.1197040938542706 -1.9804167917591475 2.0524222317711196 -0.88680599641098468 1.2579955099575302 -2.6712278169243562 3.357118305899323 3.1046891438524535 2.420415471923719 0.9699195835761536 -2.0406469848541455 -0.49789949996605287 2.1428475384363601 1.982517539391379
leaf_weight=547 76 356 1580 30 70 44 23 459 192 767 21 461 21 24 51 69 39 36 2841 65 1513 40 20 52 26 35 853 31 29 32 123 22 25 98 25 20 115 2745 40 1079 2163 930 2053 92 20 21 88 396 277 139 55 316 1472 1215 31 400 1100 168 692 462 156 24
leaf_count=547 76 356 1580 30 70 44 23 459 192 767 21 461 21 24 51 69 39 36 2841 65 1513 40 20 52 26 35 853 31 29 32 123 22 25 98 25 20 115 2745 40 1079 2163 930 2053 92 20 21 88 396 277 139 55 316 1472 1215 31 400 1100 168 692 462 156 24
internal_value=0.00167628 -0.516246 -1.21918 11.9745 1.98744 10.05 16.3554 -1.99255 1.34303 -0.50726 18.6896 3.80653 14.0251 11.4049 7.86894 12.2351 12.0654 10.2765 -1.71758 9.57712 -0.169246 13.0064 20.8144 21.8943 8.19556 6.84311 0.915593 8.79785 16.0996 12.4433 11.7864 8.27855 14.7667 9.10089 16.514 18.0077 4.77738 -0.369277 3.18884 -2.6537 -0.929313 -1.11059 -2.04027 0.118494 5.90718 10.1746 2.18292 3.33105 -1.52991 -1.00331 -0.593726 -1.59432 1.06917 -2.85967 1.4114 2.93158 2.32761 0.133169 -1.65757 0.067893 0.196883 -0.375017
internal_weight=26965 25847 20181 1118 5666 777 341 9673 4184 10508 170 1482 171 479 298 329 96 57 6832 150 5835 239 93 72 85 59 2773 202 77 199 155 171 54 120 75 45 576 3512 906 2841 4673 2510 2512 448 96 90 1411 836 4320 471 332 3849 2325 1762 223 440 1188 2323 3533 2155 1669 486
internal_count=26965 25847 20181 1118 5666 777 341 9673 4184 10508 170 1482 171 479 298 329 96 57 6832 150 5835 239 93 72 85 59 2773 202 77 199 155 171 54 120 75 45 576 3512 906 2841 4673 2510 2512 448 96 90 1411 836 4320 471 332 3849 2325 1762 223 440 1188 2323 3533 2155 1669 486
is_linear=0
shrinkage=0.05


Tree=18
num_leaves=63
num_cat=0
split_feature=15 7 7 13 7 7 7 7 7 7 5 15 3 3 17 22 20 16 7 1 22 2 21 1 17 7 17 2 12 25 13 14 0 17 3 14 7 2 17 0 16 0 14 2 2 21 13 0 5 20 2 0 2 12 16 22 1 22 2 2 25 3
split_gain=6.0379e+07 1.64255e+07 4.52872e+06 3.39913e+06 1.93745e+06 825982 716461 660443 626074 376546 325763 303710 294224 258172 194246 183993 174552 161221 140345 133705 130643 127731 123890 123185 140875 120827 117410 249087 100046 98448.1 92246.6 87483.4 113139 87454.2 83630.1 94980.3 82439.2 72012.3 77861.1 66757.8 62816.9 61949 57990.6 56970.4 56968.6 70440.1 56656.6 71800.5 86393.9 56665.3 55591.5 54367 51452.9 68092 50836.1 49096.1 48705.9 55610.8 59326.8 54845.2 48523.4 47797.7
threshold=586.08333333333337 325.50000000000006 246.83500000000001 984.41666666666686 446.75000000000006 727.50000000000011 197.65500000000003 1105.5000000000002 283.54000000000002 392.50000000000006 -0.5 499.91666666666669 7.5000000000000009 8.5000000000000018 601.66666666666686 1.0000000180025095e-35 0.16380313632042401 54.772255750516514 172.25000000000003 -16.474999999999998 1.0000000180025095e-35 2019.5000000000002 0.062650966183574922 -14.424999999999999 856.37500000000011 255.50000000000003 222.22208333333336 2021.5000000000002 257.75000000000006 1.5000000000000002 897.16666666666674 28.867513459480421 13.690000000000001 248.25666666666669 2.5000000000000004 18.876793513024225 552.50000000000011 2021.5000000000002 349.02083333333343 14.665000000000001 18.334499353536334 14.255000000000001 76.787585802220107 2010.5000000000002 2019.5000000000002 0.24997991107301668 600.50000000000011 13.810000000000002 -0.5 -0.20572172619047616 2020.5000000000002 12.870000000000003 2020.5000000000002 237.75000000000003 115.94574796102505 4.5000000000000009 -12.889999999999999 5.5000000000000009 2021.5000000000002 2021.5000000000002 10.500000000000002 10.500000000000002
decision_type=2 2 2 2 2 2 2 2 2 2 2 2 2 2 2 2 2 2 2 2 2 2 2 2 2 2 2 2 2 2 2 2 2 2 2 2 2 2 2 2 2 2 2 2 2 2 2 2 2 2 2 2 2 2 2 2 2 2 2 2 2 2
left_child=1 2 6 5 9 14 18 12 25 44 16 37 34 15 40 19 -9 -14 -1 30 23 33 -12 24 -15 50 27 43 -11 -16 -7 41 -33 -10 -5 -36 -13 38 -6 -24 -2 -21 -17 -8 45 -3 -31 49 -49 -48 -4 -19 53 -27 -53 -39 57 -23 -59 -58 -22 -30
right_child=3 4 8 7 11 13 26 10 21 28 22 36 17 20 29 42 -18 51 -20 31 60 56 39 -25 -26 52 -28 -29 61 46 -32 32 -34 -35 35 -37 -38 55 -40 -41 -42 -43 -44 -45 -46 -47 47 48 -50 -51 -52 54 -54 -55 -56 -57 59 58 -60 -61 -62 -63
leaf_value=-2.7338012930870912 6.2697571131622283 0.98363959843663984 -1.0721218505648953 13.512341873827962 -0.7058166253616206 12.483431753728061 -2.1942620894755258 13.781012515035755 -1.2993547208704923 1.4232971999067492 16.178509243065712 4.2374803914731149 7.4044345395482001 3.5295653626879222 11.261268680397121 8.9333146381136661 19.257723876989282 14.861948341635326 -2.1318374273951006 11.819978890490175 11.772314714358238 0.0067451568892193869 19.158856948091604 10.667248500078573 8.5242931298041267 -1.0488742123314629 -1.2678673794366 2.9006006593147098 2.5146426269786581 5.8153151081125927 17.381609962788801 13.614434350055198 10.442300414009484 -0.094125648755803107 14.899086527425453 19.788501204305618 5.7409507105186854 1.7711584367574671 2.5851871189940332 22.577592036451414 3.0951561563643653 15.985566984717526 12.024022717950468 -1.6528455637267265 1.1312219506187506 -0.71053824305053215 12.07417549399001 5.4176729488966995 8.5525801569654192 8.1845183785281961 -0.42757605827780987 10.21747750162695 -0.0039934395455713933 -0.47067839105220588 13.401081112561471 3.3267393374394985 0.48714289089165086 0.34779011879918043 1.2964353444541581 2.5316306549206855 8.7188434474276146 1.6638314147190678
leaf_weight=1591 76 161 2193 30 24 21 588 56 160 411 21 461 20 24 26 69 21 20 2484 20 44 862 38 26 35 647 2732 29 833 28 21 39 118 2515 25 20 115 55 71 34 20 20 21 2832 1773 99 20 32 76 20 395 31 421 2392 25 716 86 728 213 53 21 207
leaf_count=1591 76 161 2193 30 24 21 588 56 160 411 21 461 20 24 26 69 21 20 2484 20 44 862 38 26 35 647 2732 29 833 28 21 39 118 2515 25 20 115 55 71 34 20 20 21 2832 1773 99 20 32 76 20 395 31 421 2392 25 716 86 728 213 53 21 207
internal_value=0.00166002 -0.490431 -1.10205 11.3773 2.10711 9.5485 -1.85221 15.5404 -0.380644 1.4691 17.7583 3.64841 13.3264 10.8359 7.47623 11.6245 15.2978 11.4641 -2.36692 12.3573 9.09945 0.0578137 19.7769 7.7872 6.50203 -0.715356 -1.51284 -1.70684 2.08439 8.3588 14.9681 11.7933 11.2385 -0.166262 15.6917 17.1113 4.53861 3.05585 1.75386 20.8024 5.61234 13.9376 9.66708 -1.74599 1.02987 0.338504 7.92384 8.31852 7.62964 10.1547 -0.973769 12.5212 -0.522045 -0.593808 11.6602 3.21602 0.366461 0.296889 0.562641 1.26799 10.8008 2.34548
internal_weight=26965 25847 20921 1118 4926 777 10256 341 10665 3484 170 1442 171 479 298 329 77 96 4075 239 150 4617 93 85 59 6048 6181 3449 1451 202 42 197 157 2675 75 45 576 866 95 72 96 40 90 3420 2033 260 176 148 108 40 2588 76 3460 3039 56 771 1942 1803 941 139 65 1040
internal_count=26965 25847 20921 1118 4926 777 10256 341 10665 3484 170 1442 171 479 298 329 77 96 4075 239 150 4617 93 85 59 6048 6181 3449 1451 202 42 197 157 2675 75 45 576 866 95 72 96 40 90 3420 2033 260 176 148 108 40 2588 76 3460 3039 56 771 1942 1803 941 139 65 1040
is_linear=0
shrinkage=0.05


Tree=19
num_leaves=63
num_cat=0
split_feature=15 7 13 13 7 7 7 7 7 7 6 21 15 3 23 17 7 16 16 10 2 2 23 17 5 7 13 1 5 3 14 13 17 22 7 15 17 2 6 6 2 2 2 23 23 21 5 19 16 6 22 6 17 1 14 17 3 19 2 2 6 21
split_gain=5.4509e+07 1.48292e+07 3.63462e+06 3.06921e+06 2.1632e+06 745683 596021 592105 505688 487996 302544 296796 290179 265643 261891 175412 160192 150477 145541 130112 111528 110983 97216.4 95271.5 90890.5 86401.9 80997 79532.6 75678.8 75548.7 85792.5 73588.3 73079.5 70647 67855.6 67274 67142.9 127635 79355.6 61755.1 86996.3 118022 61336.1 59599.4 68699.7 63843.5 58298.6 91606.6 56677.2 55063.5 53823.9 53131.3 52812.4 51295.2 50809.9 49858 46939.8 45571.9 45110 49927 98545.2 61195.9
threshold=586.08333333333337 319.22000000000008 236.67666666666668 984.41666666666686 439.00000000000006 727.50000000000011 1105.5000000000002 182.75000000000003 273.16500000000002 392.50000000000006 -0.68301270189221952 0.35423660714285715 487.58333333333343 7.5000000000000009 40.500000000000007 601.66666666666686 212.75000000000003 127.79702038617442 54.772255750516514 954.00000000000011 2021.5000000000002 2018.5000000000002 42.500000000000007 933.25000000000011 -0.5 504.00000000000006 600.50000000000011 -16.244999999999994 -0.6830127018922193 2.5000000000000004 18.876793513024225 355.83333333333343 300.02000000000004 4.5000000000000009 153.06000000000003 280.03500000000003 259.02791666666673 2021.5000000000002 -0.24999999999999994 -0.68301270189221952 2021.5000000000002 2022.5000000000002 2010.5000000000002 35.500000000000007 45.500000000000007 -0.18432748538011692 -0.93301270189221919 -0.062494673234923075 18.334499353536334 0.6830127018922193 4.5000000000000009 -0.5 306.44083333333339 -16.234999999999996 1.6821514002421536 297.93041666666676 3.5000000000000004 -0.29459004751187795 2021.5000000000002 2022.5000000000002 1.0000000180025095e-35 0.87760349978659846
decision_type=2 2 2 2 2 2 2 2 2 2 2 2 2 2 2 2 2 2 2 2 2 2 2 2 2 2 2 2 2 2 2 2 2 2 2 2 2 2 2 2 2 2 2 2 2 2 2 2 2 2 2 2 2 2 2 2 2 2 2 2 2 2
left_child=1 2 7 5 9 15 13 34 36 20 27 17 31 29 -13 48 42 28 -15 23 32 35 24 46 -17 56 -26 -7 -8 -5 -31 -6 -3 -22 -1 -10 37 49 -39 40 -23 -42 -9 45 -45 -21 -12 -48 -2 -4 54 -44 -35 -20 -11 -33 -14 -38 -52 60 -60 -61
right_child=3 4 8 6 12 10 11 16 21 50 19 14 25 18 -16 22 -18 -19 53 43 33 39 -24 -25 26 -27 -28 -29 -30 30 -32 55 -34 52 -36 -37 57 38 -40 -41 41 -43 51 44 -46 -47 47 -49 -50 -51 58 -53 -54 -55 -56 -57 -58 -59 59 61 -62 -63
leaf_value=-2.8482760151682207 5.9566813745887153 -0.48084202467215453 -0.91388951078689085 12.838969383366479 -0.10083058354978879 15.004856156229588 11.707522580036864 -2.1877627500002959 -0.56123408239019401 2.6769150997282534 6.2523094952848446 16.053397477017299 4.6082846923665333 7.0360546050380126 21.967447481335228 5.6722826669827366 -1.3020311110657634 18.16515173930318 10.279197910344489 7.983063906791795 0.61301037746599429 0.12542443631735065 10.543278579389934 11.830895964773818 5.433797776753007 4.8733865450027274 8.8405042187518674 11.779991069200918 15.277055593991927 14.15710008172875 18.803998744072604 0.98837053689351606 0.60885051076981311 2.2106945335193293 -2.2742885138667264 -0.12019033733705675 1.1431843143420866 3.0433831197478844 -0.35438028642364272 -0.018868875599356422 3.2805151335609928 0.61312438333483454 -1.3821075473456617 14.003036917146838 10.523416488960692 11.112425783415327 6.3306005514341344 9.3751797047872412 2.9411682854837449 -1.419034497186674 1.0126126560578113 -1.8337298609351507 1.1556480864164305 13.048712060456914 0.85452227812947257 2.9763838302936345 3.3335923004938479 -0.65034483140649335 4.6739415658125729 2.1374965181713308 1.9638900988212313 -0.053290724610273933
leaf_weight=690 76 195 1895 30 21 31 32 742 1586 49 24 38 103 20 41 51 3344 26 32 28 614 359 31 27 22 291 98 62 33 25 20 33 728 133 2057 1901 36 30 40 1766 60 134 998 28 34 45 30 170 20 755 88 1886 1103 44 174 783 251 1902 57 928 82 33
leaf_count=690 76 195 1895 30 21 31 32 742 1586 49 24 38 103 20 41 51 3344 26 32 28 614 359 31 27 22 291 98 62 33 25 20 33 728 133 2057 1901 36 30 40 1766 60 134 998 28 34 45 30 170 20 755 88 1886 1103 44 174 783 251 1902 57 928 82 33
internal_value=0.00165312 -0.465906 -1.10049 10.8102 1.79433 9.07241 14.7661 -1.79681 -0.453872 1.21283 10.2956 16.8731 3.43582 12.6629 19.1467 7.10344 -1.55174 14.8804 10.8933 9.67218 0.82759 -0.142534 7.94213 8.98679 7.46466 4.23319 8.22103 12.87 13.5405 14.9103 16.2596 2.82092 0.378601 1.05156 -2.41856 -0.320803 -0.841928 -1.00218 1.104 0.125523 0.586565 1.43938 -1.78198 10.9389 12.115 9.92475 8.63882 8.92191 5.33222 -1.05786 1.96981 -1.6775 1.26935 11.8977 1.256 2.89612 3.70569 -0.616969 2.10368 2.19086 3.0778 2.06226
internal_weight=26965 25847 20181 1118 5666 777 341 9717 10464 4184 479 170 1482 171 79 298 6970 91 96 386 2773 5806 202 251 171 645 120 93 65 75 45 837 923 1850 2747 3487 4658 2720 70 2319 553 194 3626 135 62 73 224 200 96 2650 1411 2884 1236 76 223 816 354 1938 1188 1100 139 961
internal_count=26965 25847 20181 1118 5666 777 341 9717 10464 4184 479 170 1482 171 79 298 6970 91 96 386 2773 5806 202 251 171 645 120 93 65 75 45 837 923 1850 2747 3487 4658 2720 70 2319 553 194 3626 135 62 73 224 200 96 2650 1411 2884 1236 76 223 816 354 1938 1188 1100 139 961
is_linear=0
shrinkage=0.05


Tree=20
num_leaves=63
num_cat=0
split_feature=15 7 7 7 7 7 15 3 13 7 18 7 13 22 16 23 5 7 6 7 19 3 1 22 21 7 1 21 16 7 25 19 15 6 15 6 21 3 21 3 1 22 1 15 22 14 6 21 15 3 18 3 3 13 25 21 3 10 23 3 20 10
split_gain=4.90202e+07 1.27534e+07 3.62633e+06 3.13824e+06 1.99465e+06 1.53865e+06 506440 479189 416449 404911 397604 250184 232542 218058 206410 170007 166422 189899 144941 121100 116085 97019.7 94004.4 92259.5 89110.4 87845.2 83855.2 82873 84273.5 80266.7 75985 73083.8 71703.7 71387.6 69196.1 64657.1 63681.1 58334.6 57079.1 63335.9 54884.9 52960.2 48289.7 46720.8 45848.1 45412.7 43250.4 51986.2 42310.7 42242.1 41986.5 44198.4 41437.1 39223.5 39176.3 38210.8 38126.1 37441.1 35632.7 34162.9 33793.9 33289.6
threshold=557.41666666666686 306.12500000000006 1105.5000000000002 234.66000000000003 406.12500000000006 739.00000000000011 189.95916666666668 8.5000000000000018 458.83333333333337 283.54000000000002 151.6182095659349 355.50000000000006 924.41666666666686 1.5000000000000002 143.63025473927016 35.500000000000007 -0.6830127018922193 939.00000000000011 -0.24999999999999994 253.16500000000005 -0.057047584715212644 9.5000000000000018 -14.635 6.5000000000000009 1.1010638297872344 157.75000000000003 -16.049999999999997 -0.21093977752205598 70.497966526332434 219.58500000000001 7.5000000000000009 0.50850212553138296 600.33333333333337 -0.24999999999999994 344.75000000000006 0.25000000000000017 -0.26800900900900898 2.5000000000000004 0.28540404654227253 10.500000000000002 -14.424999999999999 8.5000000000000018 -16.119999999999997 244.85416666666671 4.5000000000000009 66.143782776615026 -0.5 0.35423660714285715 230.18083333333337 8.5000000000000018 5.9234378702556425 2.5000000000000004 5.5000000000000009 395.75000000000006 10.500000000000002 -0.14987309644670047 9.5000000000000018 214.64500000000001 40.500000000000007 9.5000000000000018 -0.32974394525463568 902.50000000000011
decision_type=2 2 2 2 2 2 2 2 2 2 2 2 2 2 2 2 2 2 2 2 2 2 2 2 2 2 2 2 2 2 2 2 2 2 2 2 2 2 2 2 2 2 2 2 2 2 2 2 2 2 2 2 2 2 2 2 2 2 2 2 2 2
left_child=1 3 5 6 11 13 25 14 31 19 16 34 22 33 24 -9 20 37 48 46 -7 36 27 38 42 -1 35 28 -12 -20 -28 44 -15 -2 -3 -14 -13 54 39 -10 49 52 -4 -11 56 -19 -5 -48 -8 -22 51 -36 -25 -23 -18 -35 -6 -21 -40 -43 -45 -39
right_child=2 4 7 9 8 10 18 15 23 43 12 21 26 32 -16 -17 17 45 29 57 40 53 -24 41 -26 -27 30 -29 -30 -31 -32 -33 -34 55 50 -37 -38 61 58 -41 -42 59 -44 60 -46 -47 47 -49 -50 -51 -52 -53 -54 -55 -56 -57 -58 -59 -60 -61 -62 -63
leaf_value=-2.7179763751357124 9.7628448873228013 0.42999947447761183 17.382787957592544 -0.65344604481428581 2.0979418615863175 4.2874643190918382 -1.2773423270437982 10.182280218728495 2.7520828099599286 -1.2779033678337912 12.2606362582383 4.5360805084456262 16.300889262484731 5.3747559985599018 22.22138650532321 15.41358311770782 8.6502158310651289 12.832483159768604 -1.8579237515858811 -1.2476375404387463 9.4850514493916354 0.35391498382204589 7.7714792967722417 4.7543688338679422 20.12677549389301 -2.1011521269121656 9.8468899151979574 12.908468908231043 8.0457347578384546 -1.3796394583031555 14.100341068457693 -0.21672056307428306 2.2506798961151264 6.4814598894822231 3.8866859461926766 12.795263743305584 1.6878700921965675 9.1066698559296668 2.4867156487097719 -0.093582569404297877 10.535835124447138 3.6596244548640806 14.036187020146469 1.99458454802138 2.3562493025995432 10.46068045964936 -0.97515632687157017 -2.0323175489757239 -0.74587899227927001 6.721704558706616 0.84538384953993406 1.3758001890470481 3.832027380617661 1.4074580535659944 5.9470172768208514 8.0278793805103046 -0.51424636767741816 -0.45299850938098107 4.1889579373763901 1.9966499792686869 -0.012769007509201832 10.857327312709453
leaf_weight=760 28 1644 32 1127 30 21 2068 28 56 73 21 20 37 159 31 38 49 54 2265 155 22 215 27 202 21 2423 23 41 30 1435 22 30 21 122 22 25 908 88 56 30 24 89 22 21 1067 39 2137 123 458 43 874 86 320 150 20 64 26 3372 70 48 3319 46
leaf_count=760 28 1644 32 1127 30 21 2068 28 56 73 21 20 37 159 31 38 49 54 2265 155 22 215 27 202 21 2423 23 41 30 1435 22 30 21 122 22 25 908 88 56 30 24 89 22 21 1067 39 2137 123 458 43 874 86 320 150 20 64 26 3372 70 48 3319 46
internal_value=-0.0022109 -0.463446 9.88352 -1.0749 1.56712 8.75557 -1.73544 16.6029 2.84171 -0.473074 10.285 0.908784 11.9728 6.30028 18.699 13.2131 9.34272 9.96405 -1.4731 -0.693043 7.66321 1.4781 10.4285 3.66703 17.2153 -2.24851 13.679 11.199 9.80198 -1.67247 11.9531 2.21798 5.01176 7.38122 0.628414 14.9103 1.74974 9.09452 2.75686 1.7604 8.45397 3.95936 16.0479 -0.0274562 2.28304 11.8502 -0.906585 -1.03278 -1.18102 7.6702 0.960505 1.89045 4.1898 0.787158 7.87649 7.01762 0.886296 -0.487956 3.43502 3.07889 -8.70869e-05 9.71533
internal_weight=26877 25679 1198 19736 5943 1026 9409 172 2024 10327 632 3919 226 394 106 66 406 296 6226 6914 110 1293 119 871 75 3183 107 92 51 3700 45 1153 180 214 2626 62 928 203 212 86 89 659 54 3413 1123 93 3387 2260 2526 65 982 108 522 365 69 186 56 3527 126 137 3340 134
internal_count=26877 25679 1198 19736 5943 1026 9409 172 2024 10327 632 3919 226 394 106 66 406 296 6226 6914 110 1293 119 871 75 3183 107 92 51 3700 45 1153 180 214 2626 62 928 203 212 86 89 659 54 3413 1123 93 3387 2260 2526 65 982 108 522 365 69 186 56 3527 126 137 3340 134
is_linear=0
shrinkage=0.05


Tree=21
num_leaves=63
num_cat=0
split_feature=15 7 7 15 7 7 2 7 3 7 13 2 3 13 22 12 16 22 2 2 23 21 7 19 11 2 21 1 12 2 3 3 19 2 11 21 22 12 2 19 21 2 3 2 22 2 12 22 21 22 1 2 2 3 15 3 7 18 2 2 18 22
split_gain=4.42526e+07 1.15103e+07 3.27438e+06 2.83394e+06 1.80027e+06 1.3894e+06 478648 467341 432724 398461 375911 231790 208791 224683 196859 196478 186294 162782 155583 170434 153440 150599 141356 115800 107383 104886 101891 110511 94617.6 90980.8 82836.6 82712.2 82470.9 80198.6 79211.6 78410.2 72240.9 69479.1 67380.4 113370 63060.5 61000.5 56325.7 149082 55498 75877.9 54060.1 53165.1 51696 51134.6 58116.3 96164.4 56715.8 50887.7 50288.3 49674.8 48674.2 48290.1 47469.9 154888 45242.8 44045.7
threshold=557.41666666666686 306.12500000000006 1105.5000000000002 229.20416666666668 406.12500000000006 739.00000000000011 2022.5000000000002 269.50000000000006 8.5000000000000018 198.87500000000003 458.83333333333337 2021.5000000000002 8.5000000000000018 924.41666666666686 1.5000000000000002 590.83500000000015 164.83609507761162 1.0000000180025095e-35 2021.5000000000002 2023.5000000000002 35.500000000000007 -0.15275252525252522 355.50000000000006 -0.094097151055544156 968.50000000000011 2019.5000000000002 0.38717583807716643 -16.254999999999999 322.55000000000007 2010.5000000000002 2.5000000000000004 9.5000000000000018 -0.05013966480446929 2010.5000000000002 468.00000000000006 -0.047609523809523872 5.5000000000000009 255.28000000000003 2021.5000000000002 0.13782819296536356 0.30083740443781476 2019.5000000000002 9.5000000000000018 2020.5000000000002 5.5000000000000009 2022.5000000000002 219.58500000000001 4.5000000000000009 -0.26800900900900898 5.5000000000000009 -14.079999999999998 2021.5000000000002 2021.5000000000002 6.5000000000000009 178.18000000000004 5.5000000000000009 208.54000000000005 116.66099553250947 2022.5000000000002 2021.5000000000002 53.894081023978138 4.5000000000000009
decision_type=2 2 2 2 2 2 2 2 2 2 2 2 2 2 2 2 2 2 2 2 2 2 2 2 2 2 2 2 2 2 2 2 2 2 2 2 2 2 2 2 2 2 2 2 2 2 2 2 2 2 2 2 2 2 2 2 2 2 2 2 2 2
left_child=1 3 5 9 11 14 -7 36 16 29 38 40 13 30 -2 21 26 24 33 -20 -10 -14 44 -17 -15 37 -4 -28 -12 53 57 48 -25 -11 -16 -32 41 -9 39 -6 -3 -5 56 -44 45 46 -13 -40 -24 50 -27 -52 -51 -1 -31 -30 -35 -8 59 -43 -57 -50
right_child=2 4 8 7 10 6 12 25 20 18 28 22 15 17 34 23 -18 -19 19 -21 -22 -23 31 32 -26 49 27 -29 55 54 35 -33 -34 42 -36 -37 -38 -39 47 -41 -42 58 43 -45 -46 -47 -48 -49 61 52 51 -53 -54 -55 -56 60 -58 -59 -60 -61 -62 -63
leaf_value=-2.0693786217191907 7.0127284278411954 0.43808759586657858 14.543346262854227 -1.1267292362583099 1.883816120352849 16.059078135277399 6.9540471786986338 -0.62587410719377656 9.6749780218796371 -1.896233465845073 2.6781974331251712 0.57580968945818067 7.9929385211230457 10.713455694070271 1.7828946194245447 11.339390057615002 21.641068170555084 8.0759424755682101 3.3386890919915198 -1.8043800242578041 14.644926825095348 1.9244863462685353 4.3104048093160001 5.2761833083573109 14.047829283700693 -0.2502395222918411 20.734700467989043 15.365915612557632 4.3998789456718121 -2.152109977258311 10.819343544391087 0.86454152206310375 8.7573428515362597 -1.5113401038166627 5.1323192997919937 8.6592533919877042 -0.59908834749630302 -0.18395453291222585 0.76896089367858445 -1.8200714925854229 -0.58064660004756885 -0.6525150492287799 -1.7775152562604537 2.3818348198994257 1.0998599172302519 0.29678904061064715 2.8249720074520357 2.3158179510443238 1.1012135756552837 0.32053917474886262 -0.11263389256265431 2.6435719858604632 1.6613105060287978 -2.7871520172781481 -1.7379034951526706 3.6356417922285376 -1.0874277251300291 9.4161467966940915 -1.1361588580369637 1.9939387488864277 1.6904148123055429 1.9525389427580202
leaf_weight=443 214 1033 38 2238 78 29 50 1236 28 737 258 52 21 43 20 39 25 24 36 29 38 20 20 21 63 739 23 20 233 1319 105 328 105 1008 160 76 1931 3172 59 28 178 504 880 22 792 648 55 988 203 550 89 49 92 564 1660 347 2071 36 305 62 33 610
leaf_count=443 214 1033 38 2238 78 29 50 1236 28 737 258 52 21 43 20 39 25 24 36 29 38 20 20 21 63 739 23 20 233 1319 105 328 105 1008 160 76 1931 3172 59 28 178 504 880 22 792 648 55 988 203 550 89 49 92 564 1660 347 2071 36 305 62 33 610
internal_value=-0.00203657 -0.440268 9.39067 -1.02116 1.4888 8.31885 9.7722 -0.485399 15.7756 -1.69121 2.69969 0.863364 9.46723 10.1416 5.98568 8.16326 17.7675 11.8586 -1.38346 1.04477 12.5544 5.04472 1.1205 8.93461 12.7066 -0.18441 16.5467 18.2792 3.48382 -2.06044 9.30145 1.53752 8.18183 -1.41693 4.76139 9.91765 -0.839347 -0.307881 2.1071 0.90459 0.288308 -0.988546 -1.32815 -1.67581 0.807458 0.500615 1.73353 2.22874 1.80236 0.173884 -0.0743226 0.867188 0.512911 -2.47163 -1.92137 3.82239 -1.22625 7.99449 -0.633396 -0.362311 3.46722 1.74014
internal_weight=26877 25679 1198 19736 5943 1026 632 10967 172 8769 2024 3919 603 397 394 206 106 130 4783 65 66 41 2708 165 106 5927 81 43 871 3986 267 1161 126 4718 180 181 5040 4408 1153 106 1211 3109 3981 902 1547 755 107 1047 833 1519 877 138 642 1007 2979 613 3079 86 871 566 380 813
internal_count=26877 25679 1198 19736 5943 1026 632 10967 172 8769 2024 3919 603 397 394 206 106 130 4783 65 66 41 2708 165 106 5927 81 43 871 3986 267 1161 126 4718 180 181 5040 4408 1153 106 1211 3109 3981 902 1547 755 107 1047 833 1519 877 138 642 1007 2979 613 3079 86 871 566 380 813
is_linear=0
shrinkage=0.05


Tree=22
num_leaves=63
num_cat=0
split_feature=15 7 7 7 7 7 7 17 3 7 13 5 7 16 0 11 18 15 6 9 21 6 22 7 0 8 7 5 25 0 7 1 11 18 25 3 13 18 3 6 14 6 11 21 7 17 20 0 22 21 0 3 23 9 0 8 0 3 21 5 6 21
split_gain=3.99462e+07 1.03883e+07 2.97014e+06 2.57353e+06 1.62499e+06 839703 632118 439574 390780 336688 331698 224364 217561 171457 166163 235962 154209 128625 126175 119425 116606 102227 99030.7 94566.4 88579.7 86908.6 84405.5 78208.3 84439.3 77440.3 75667 74993 77059.2 67858 67738 64888.8 62441.8 62109 61826.5 59936.5 61143.8 55808.3 53931.8 52902.5 50918 49572.8 49394.8 120005 45722.6 49182.4 43921.3 45596.6 43716.4 43453.8 59495.3 42476.7 40968 44291.5 38906.6 44791 38599.4 45338.4
threshold=557.41666666666686 306.12500000000006 939.00000000000011 234.66000000000003 411.00000000000006 1105.5000000000002 677.50000000000011 192.87458333333333 8.5000000000000018 283.54000000000002 483.50000000000006 -0.5 381.12500000000006 143.63025473927016 15.190000000000001 1258.5000000000002 151.6182095659349 687.58333333333337 0.25000000000000017 826.00000000000011 0.13513130024504941 0.25000000000000017 1.0000000180025095e-35 253.16500000000005 13.280000000000003 902.50000000000011 150.41500000000005 -0.6830127018922193 10.500000000000002 14.555000000000001 344.50000000000006 -16.224999999999998 872.50000000000011 59.870535803137351 5.5000000000000009 4.5000000000000009 208.37500000000003 7.5791903965252425 2.5000000000000004 0.6830127018922193 28.86751345948144 -0.68301270189221952 476.50000000000006 -0.21093977752205598 451.00000000000006 224.24291666666667 -0.091081921880400971 14.145000000000001 5.5000000000000009 0.29334666666666659 13.725000000000001 7.5000000000000009 30.500000000000004 274.50000000000006 13.845000000000001 803.00000000000011 13.280000000000003 9.5000000000000018 0.022733083743720298 -0.5 -0.5 0.35423660714285715
decision_type=2 2 2 2 2 2 2 2 2 2 2 2 2 2 2 2 2 2 2 2 2 2 2 2 2 2 2 2 2 2 2 2 2 2 2 2 2 2 2 2 2 2 2 2 2 2 2 2 2 2 2 2 2 2 2 2 2 2 2 2 2 2
left_child=1 3 6 7 12 11 17 26 13 23 39 16 30 31 15 -10 24 42 19 20 41 36 46 60 -4 29 -1 -20 33 -21 -3 32 -7 -29 -35 -12 -9 38 -32 44 -41 43 -2 -8 -6 -11 -13 -48 49 -37 51 -46 -19 -38 -55 -43 -14 -58 59 -28 -5 -62
right_child=2 4 5 9 10 8 18 21 14 45 35 22 56 -15 -16 -17 -18 52 27 25 -22 -23 -24 -25 -26 -27 58 28 -30 -31 37 -33 -34 34 -36 48 53 -39 -40 40 -42 55 -44 -45 50 -47 47 -49 -50 -51 -52 -53 -54 54 -56 -57 57 -59 -60 -61 61 -63
leaf_value=-2.5612003096962237 2.3782581519289137 0.36573023936419413 9.5661884950952043 -0.57526452655033655 2.1331707592201989 18.846609927608757 8.6822558230579556 -1.3686283661333274 6.900422223345692 -1.7447596114337303 4.1830183001463164 10.228025402965773 2.2083200479977982 20.091183712091478 15.768941087865116 14.137770319210972 11.322058044840425 6.0297951938704948 5.0552854930129012 7.3526341417651153 5.0373249002512068 -1.558762220461736 8.8382766738248506 -0.44445827325062415 5.8312116904491056 13.271450862647093 -2.4962339385216978 5.9383483377585851 6.0088233933385933 11.541252776967497 3.5584467187866835 13.139931854605672 14.650301612473994 8.0609058268445235 10.671050139064738 0.66697312989723656 -0.99884639404936859 0.76773990244522272 1.2143056154015275 1.9432332706248694 0.41537444660322254 8.7772374162660363 4.9085349655850044 12.107615523532504 2.9429378526254353 0.0022740848924426549 11.432729506775006 15.191873675105974 3.3579308234704737 3.1731353252495182 2.5564439717391014 5.8849585252184093 8.4101343710474499 1.9334102851607871 -0.74205853084515894 6.3742850335321748 1.5979378496371084 0.71389811351660981 -1.7308531760376529 -1.8910695866797143 -0.87979837056512378 -1.8670321011378648
leaf_weight=581 24 1449 26 1127 793 24 27 1568 25 41 218 25 174 31 20 21 36 54 32 23 24 2358 26 3527 43 24 464 25 53 23 39 25 26 87 37 36 1863 1482 101 241 90 70 191 22 30 3372 59 36 389 43 130 24 32 30 67 27 507 197 1571 907 2137 123
leaf_count=581 24 1449 26 1127 793 24 27 1568 25 41 218 25 174 31 20 21 36 54 32 23 24 2358 26 3527 43 24 464 25 53 23 39 25 26 87 37 36 1863 1482 101 241 90 70 191 22 30 3372 59 36 389 43 130 24 32 30 67 27 507 197 1571 907 2137 123
internal_value=-0.00188802 -0.418251 8.9221 -0.970107 1.41438 12.2926 7.08112 -1.56827 14.9896 -0.425108 2.57787 10.4391 0.826839 16.8826 11.9285 10.228 8.65594 5.28572 8.21987 9.03215 8.30285 -1.30382 11.7147 -0.625691 7.25047 10.7889 -2.01004 7.38324 7.74932 9.46754 0.628362 15.5313 16.6982 8.36394 8.84775 3.46851 -1.13339 0.862942 1.86943 2.11053 1.52807 8.8358 4.62735 10.2418 2.30768 -0.0187619 12.33 12.8718 3.13484 2.03344 3.05819 4.25906 6.9243 -0.945129 0.0864935 8.11568 1.5209 1.3507 -1.90111 -2.09605 -0.814396 -0.933611
internal_weight=26877 25679 1198 19736 5943 423 775 9409 172 10327 1994 251 3949 106 66 46 105 301 474 240 170 5886 146 6914 69 70 3523 234 202 46 3071 75 50 149 124 686 3528 1622 140 1308 331 146 215 49 977 3413 120 95 468 79 184 54 86 1960 97 97 878 704 2942 1371 3387 2260
internal_count=26877 25679 1198 19736 5943 423 775 9409 172 10327 1994 251 3949 106 66 46 105 301 474 240 170 5886 146 6914 69 70 3523 234 202 46 3071 75 50 149 124 686 3528 1622 140 1308 331 146 215 49 977 3413 120 95 468 79 184 54 86 1960 97 97 878 704 2942 1371 3387 2260
is_linear=0
shrinkage=0.05


Tree=23
num_leaves=63
num_cat=0
split_feature=7 7 7 15 7 7 22 7 3 17 13 2 2 3 6 12 2 2 16 0 9 21 7 12 17 12 7 14 25 22 2 2 12 3 21 12 19 0 9 14 0 9 1 6 2 2 22 2 2 19 6 2 16 21 6 2 22 6 1 6 21 3
split_gain=3.6067e+07 9.26613e+06 2.78984e+06 2.32529e+06 1.43247e+06 758382 653006 379695 352728 344549 293624 221647 202868 198800 185178 162968 155630 228688 154742 150054 149918 128141 116282 104575 104345 104107 98290.5 85539.5 82811.7 79965.7 78480.3 75014.3 70389.2 69534.8 69309.6 68328.9 66816.9 101035 64765.2 59137.9 58343.1 58161.3 56731.7 55958.4 70766.1 186901 56246.8 55860.7 51832.5 89888.4 55788.7 58755.4 51273.1 50902.4 50368.3 49053.6 60587.1 55409.5 48853.7 47440.6 46737.4 45303.9
threshold=552.50000000000011 306.12500000000006 939.00000000000011 229.20416666666668 406.12500000000006 1105.5000000000002 1.5000000000000002 273.16500000000002 8.5000000000000018 188.19750000000002 466.83333333333343 2022.5000000000002 2021.5000000000002 7.5000000000000009 0.25000000000000017 1258.5000000000002 2021.5000000000002 2023.5000000000002 143.63025473927016 15.190000000000001 818.00000000000011 0.026310387868493382 355.50000000000006 602.08500000000015 856.37500000000011 977.50000000000011 205.14000000000001 101.03629710818437 7.5000000000000009 5.5000000000000009 2010.5000000000002 2019.5000000000002 255.28000000000003 9.5000000000000018 1.1010638297872344 439.00000000000006 -0.09707566204318506 14.555000000000001 803.00000000000011 30.413812651490975 13.895000000000001 688.50000000000011 -14.424999999999999 -0.24999999999999994 2021.5000000000002 2022.5000000000002 5.5000000000000009 2019.5000000000002 2021.5000000000002 0.13782819296536356 0.25000000000000017 2022.5000000000002 53.272560571610846 -0.028244705066227279 0.6830127018922193 2022.5000000000002 5.5000000000000009 1.0000000180025095e-35 -14.079999999999998 -0.24999999999999994 -0.26800900900900898 7.5000000000000009
decision_type=2 2 2 2 2 2 2 2 2 2 2 2 2 2 2 2 2 2 2 2 2 2 2 2 2 2 2 2 2 2 2 2 2 2 2 2 2 2 2 2 2 2 2 2 2 2 2 2 2 2 2 2 2 2 2 2 2 2 2 2 2 2
left_child=1 3 6 9 12 11 14 29 18 30 48 -4 39 42 20 21 26 -18 34 -10 27 28 55 35 38 40 -11 41 -15 47 61 32 -9 60 -7 -12 -22 -38 -16 -3 -26 -2 -13 44 -33 -46 58 -5 49 -6 51 52 -50 -52 -49 57 -57 -14 -45 -28 -24 -1
right_child=2 4 5 7 10 8 -8 31 19 16 23 13 22 15 24 -17 17 -19 -20 -21 36 -23 33 -25 25 -27 59 -29 -30 -31 -32 43 -34 -35 -36 -37 37 -39 -40 -41 -42 -43 -44 46 45 -47 -48 54 50 -51 53 -53 -54 -55 -56 56 -58 -59 -60 -61 -62 -63
leaf_value=-2.0138178810786753 6.0343168861677556 0.38535879394262418 14.412049005516019 -1.0204555444765102 1.7044828815846493 13.732025950673327 4.3897570650497064 -0.57700012160383918 9.7189233224459173 -1.5521441142288444 2.5741851824504494 11.50944255225185 1.8227697746887039 6.84416828654948 6.6256038523327483 11.719258903734611 3.4923268703358596 -1.7825303001125363 19.089854639672772 14.984416540345149 12.611662263988954 4.2121375863085087 4.0242933684913673 6.6559899257822623 8.7803269440593237 9.8550877239292269 -0.93118583350678419 4.6108730714712571 10.664481940001119 -0.51082968447491672 -1.8200557293942958 0.092861379080299788 -0.1089133448103009 0.78087518800585431 17.317754570115799 3.5250565272530028 7.1118648331983509 11.428230178151344 4.5560383025670772 -0.60110693553725136 6.0459696722768363 8.5528238712734037 8.5615553023049191 -0.5862694260554081 3.3258784543962387 0.26179603408308538 0.41886821873783575 -0.31969648579182314 2.2376238800338095 -1.597925185981272 -0.047906657234015548 2.2161982834380747 5.6036311305376643 1.7933256335867576 -1.1688554116769514 0.2544052537846227 0.96974841360760655 0.56612528774535853 0.64481189233604852 -1.330025955564337 1.5806568917220127 -2.7984821852893074
leaf_weight=361 29 1034 25 2266 86 54 228 1149 46 2761 357 89 193 40 102 23 41 41 31 20 24 29 20 21 28 41 1438 20 23 2514 2196 326 2668 329 21 406 27 29 62 178 71 136 22 474 73 156 363 641 21 27 41 573 25 443 240 648 545 161 97 1552 813 379
leaf_count=361 29 1034 25 2266 86 54 228 1149 46 2761 357 89 193 40 102 23 41 41 31 20 24 29 20 21 28 41 1438 20 23 2514 2196 326 2668 329 21 406 27 29 62 178 71 136 22 474 73 156 363 641 21 27 41 573 25 443 240 648 545 161 97 1552 813 379
internal_value=-0.00173238 -0.40115 8.39749 -0.921606 1.33363 11.68 6.65406 -0.436299 14.2432 -1.52855 2.42253 9.91861 0.778161 9.41537 7.56044 7.94182 -1.30614 0.855879 16.0416 11.3349 8.53103 6.98571 1.01872 3.17717 6.71182 7.72055 -1.33698 7.73812 8.25366 -0.721122 -1.97034 -0.132411 -0.24983 1.39671 14.7578 3.08056 10.3526 9.3636 5.84649 0.24044 6.82745 8.11413 10.9335 0.168583 0.566169 1.2396 -0.0676994 -0.889093 1.93577 0.914653 2.04028 2.355 4.07527 1.63737 -0.551134 0.734719 0.581255 1.25158 -0.377051 -1.13825 1.63981 -2.41602
internal_weight=26877 25657 1220 19736 5921 423 797 10967 172 8769 2000 251 3921 226 569 115 5833 82 106 66 265 92 2709 784 304 140 5751 185 63 5661 2936 5306 3817 1162 75 763 80 56 164 1212 99 165 111 1489 555 229 934 3147 1216 113 1103 619 46 484 881 1547 1193 354 571 2990 833 740
internal_count=26877 25657 1220 19736 5921 423 797 10967 172 8769 2000 251 3921 226 569 115 5833 82 106 66 265 92 2709 784 304 140 5751 185 63 5661 2936 5306 3817 1162 75 763 80 56 164 1212 99 165 111 1489 555 229 934 3147 1216 113 1103 619 46 484 881 1547 1193 354 571 2990 833 740
is_linear=0
shrinkage=0.05


Tree=24
num_leaves=63
num_cat=0
split_feature=13 13 13 13 13 22 13 13 6 2 2 13 17 20 17 5 21 25 11 17 5 16 12 22 5 22 20 20 3 2 22 21 3 12 6 2 22 17 0 6 2 2 12 6 21 22 19 11 23 9 11 12 17 19 6 2 5 21 16 6 17 22
split_gain=3.25058e+07 8.1411e+06 2.56027e+06 1.89851e+06 1.54489e+06 671358 490067 325644 304143 296287 288118 273661 270461 235510 217738 195770 183413 170164 166434 154523 146524 133078 133022 106357 104623 135866 101019 94748.9 92053.2 85258.3 83093.2 135010 82834.6 80156 77539.5 225762 77287.5 93099.6 73277.3 72473.6 144931 191859 86391.1 70921.5 70570.8 69164 68961.8 68486.6 68346 107875 65869.4 61528.3 62251.5 59503.6 58486.9 58462.8 65085.4 56438.8 53813.5 52925.5 59296.3 54899.4
threshold=550.16666666666686 297.95833333333343 984.41666666666686 399.83333333333343 218.81833333333336 1.5000000000000002 1200.1666666666667 483.50000000000006 -0.24999999999999994 2022.5000000000002 2021.5000000000002 252.69500000000002 1118.916666666667 0.14309523809523808 180.56958333333338 -0.24999999999999994 -0.028244705066227279 11.500000000000002 1258.5000000000002 856.37500000000011 -0.6830127018922193 73.739406018763376 977.50000000000011 4.5000000000000009 -0.24999999999999994 1.0000000180025095e-35 0.17098086124401915 -0.12579394792486784 9.5000000000000018 2020.5000000000002 1.0000000180025095e-35 -0.047609523809523872 4.5000000000000009 285.35500000000008 -0.24999999999999994 2021.5000000000002 8.5000000000000018 237.92375000000001 13.895000000000001 1.0000000180025095e-35 2021.5000000000002 2022.5000000000002 237.75000000000003 0.25000000000000017 -0.23051619433198375 5.5000000000000009 0.044915019299255794 784.35500000000013 22.500000000000004 1072.5000000000002 468.00000000000006 255.28000000000003 326.34375000000006 -0.019992649889748301 0.25000000000000017 2010.5000000000002 -0.5 -0.062494673234923075 1.0000000180025095e-35 0.6830127018922193 444.54166666666669 5.5000000000000009
decision_type=2 2 2 2 2 2 2 2 2 2 2 2 2 2 2 2 2 2 2 2 2 2 2 2 2 2 2 2 2 2 2 2 2 2 2 2 2 2 2 2 2 2 2 2 2 2 2 2 2 2 2 2 2 2 2 2 2 2 2 2 2 2
left_child=1 4 5 10 14 8 9 33 17 -4 51 29 20 15 55 18 45 30 -8 24 21 -11 38 -18 25 -10 -25 -14 -28 43 31 -2 -9 -5 35 -16 58 54 -21 40 -13 -42 -41 -6 -40 -12 50 -33 -22 -50 -7 -3 -53 -34 -38 56 -1 -29 -31 60 -35 -61
right_child=2 3 6 7 11 46 13 32 19 12 16 39 27 -15 34 -17 23 -19 -20 22 48 -23 -24 26 -26 -27 28 57 -30 36 -32 47 53 59 -36 -37 37 -39 44 42 41 -43 -44 -45 -46 -47 -48 -49 49 -51 -52 52 -54 -55 -56 -57 -58 -59 -60 61 -62 -63
leaf_value=-3.0518322860395006 10.464929831640662 -0.35272130589833167 14.803555346575109 1.2600801918420057 -0.76177234432860519 1.7336434068787139 7.3207293245182221 3.9117897389851048 3.0488929103099172 3.2044449996122553 -0.064589691225042697 -0.27236421219293677 9.7344233587152118 18.277384535799321 -1.1934780679814361 15.621077818091226 0.57643717828520613 12.655035430256582 13.762532092801372 8.2918326076810569 10.945525508611452 8.5440187185137102 9.3565987642316539 1.1638327890896116 6.5195486215255105 7.3256380468277031 3.0590128290580787 11.344809524398045 0.84618397970965575 1.2721195543832753 6.0292168497655938 8.8692509950307024 1.3973114098471919 1.9985062407623393 -1.5446134108381642 4.1301185868865815 1.0064269945793545 -1.2160525256189807 4.6112163859104225 -0.97400448603536105 2.8249199841339165 -0.16265599058271818 -0.35386774358391426 -1.1595924792637937 7.4217165327420194 0.89851663348501032 6.8825899490247968 5.2622771428519952 10.302345401320714 5.2820658052738629 4.2412476674729218 0.12176458732217586 0.93589414953401495 2.963765963072726 4.4714069115607096 -1.8073393408041458 -1.9656577556861947 14.98994560972484 -0.66271602529980089 0.15939282284883927 3.0202533467270269 1.7867248921986247
leaf_weight=228 68 598 32 517 2697 31 21 211 60 23 617 2400 32 29 2215 36 628 28 20 49 41 24 74 982 174 27 148 22 69 39 31 27 73 655 2682 20 29 26 51 775 91 131 2040 1918 41 267 21 27 24 20 176 1997 266 366 21 1620 352 26 445 64 182 273
leaf_count=228 68 598 32 517 2697 31 21 211 60 23 617 2400 32 29 2215 36 628 28 20 49 41 24 74 982 174 27 148 22 69 39 31 27 73 655 2682 20 29 26 51 775 91 131 2040 1918 41 267 21 27 24 20 176 1997 266 366 21 1620 352 26 445 64 182 273
internal_value=-0.0015972 -0.383219 7.9213 0.950316 -0.978419 6.48827 11.5419 2.14513 7.29985 10.2987 0.448302 -0.596178 9.61206 14.3912 -1.54835 12.9056 0.817647 9.04893 10.489 6.63299 8.20795 5.94349 7.62963 1.10371 5.80937 4.3831 1.3798 11.9156 2.35613 -0.856434 8.38112 8.97327 3.0964 1.77931 -1.3633 -1.14565 -0.273755 1.20755 6.71726 -0.348451 -0.15929 1.06268 -0.524628 -0.92713 5.87047 0.226366 4.14745 7.07892 9.45155 8.03767 3.86676 0.0983031 0.217499 2.70367 2.46784 -1.96187 -2.3931 13.3464 -0.506569 2.00783 2.22102 1.47783
internal_weight=26877 25642 1235 7913 17729 885 350 2341 657 244 5572 10612 212 106 7117 77 2711 181 41 476 132 47 215 1827 261 87 1199 80 217 5175 153 122 650 1691 4917 2235 560 76 141 5437 2622 222 2815 4615 92 884 228 54 85 44 207 2861 2263 439 50 2200 580 48 484 1174 837 337
internal_count=26877 25642 1235 7913 17729 885 350 2341 657 244 5572 10612 212 106 7117 77 2711 181 41 476 132 47 215 1827 261 87 1199 80 217 5175 153 122 650 1691 4917 2235 560 76 141 5437 2622 222 2815 4615 92 884 228 54 85 44 207 2861 2263 439 50 2200 580 48 484 1174 837 337
is_linear=0
shrinkage=0.05


Tree=25
num_leaves=63
num_cat=0
split_feature=15 7 15 7 7 7 7 7 7 20 5 8 18 7 17 11 21 2 21 12 0 19 20 5 24 17 2 2 6 12 21 2 19 12 2 12 5 0 6 0 6 4 14 7 14 20 12 5 2 14 0 6 18 5 8 18 12 21 6 17 15 12
split_gain=2.96219e+07 8.11932e+06 2.25574e+06 1.66111e+06 1.03601e+06 483383 398215 392563 306425 227835 220005 219264 212130 168742 161787 134305 181670 128683 174999 116608 116111 118866 94005.7 83434.1 87749.6 83353.3 96125.3 72089.2 69505.8 69379.5 68081.3 66714.5 66507.9 63441 62372.5 61022 59938.5 59804.7 59560.8 58708.9 57521.9 57299.2 75709.6 56491 55939.2 53482.4 52920.1 51903 49719.1 58431.8 49243 46800.6 50037.6 46624.6 46522.4 46066.6 45776.2 44813.4 44061.1 56193.8 54773.5 43060.5
threshold=586.08333333333337 325.50000000000006 232.50666666666669 995.00000000000011 446.75000000000006 739.00000000000011 1358.5000000000002 275.50000000000006 196.77500000000001 0.14309523809523808 -0.5 1196.5000000000002 179.51276872934997 394.50000000000006 456.29166666666669 1258.5000000000002 0.60213903743315522 2021.5000000000002 -0.16666025641025636 590.83500000000015 13.280000000000003 -0.06915937374548374 0.029138106796116506 -0.24999999999999994 1.0000000180025095e-35 258.0866666666667 2020.5000000000002 2010.5000000000002 0.25000000000000017 868.50000000000011 -0.14285269012071364 2010.5000000000002 -0.1428620407603505 256.46000000000009 2019.5000000000002 187.64000000000001 -0.24999999999999994 14.255000000000001 0.25000000000000017 14.255000000000001 -1.0000000180025095e-35 1.5000000000000002 101.03629710818437 552.50000000000011 153.66267867101888 -1.0000000180025095e-35 705.00000000000011 -0.5 2019.5000000000002 28.867513459482257 14.255000000000001 -0.5 67.023598439753826 -0.24999999999999994 283.54000000000002 96.196275430508621 238.16500000000005 -0.11110555555555555 0.6830127018922193 316.67000000000007 391.72916666666674 439.00000000000006
decision_type=2 2 2 2 2 2 2 2 2 2 2 2 2 2 2 2 2 2 2 2 2 2 2 2 2 2 2 2 2 2 2 2 2 2 2 2 2 2 2 2 2 2 2 2 2 2 2 2 2 2 2 2 2 2 2 2 2 2 2 2 2 2
left_child=1 2 8 5 13 23 10 25 27 -8 15 41 20 35 -6 16 19 31 -19 -5 29 30 46 44 -25 26 40 53 -23 -7 -22 47 -26 -15 56 -3 57 -30 -33 -40 -4 42 -12 61 55 -34 -14 -10 49 -37 -29 -36 -53 -1 -50 -2 -9 -28 59 -35 -60 -16
right_child=3 4 7 6 14 12 9 34 17 -11 11 -13 22 33 43 -17 -18 18 -20 -21 21 28 -24 24 32 -27 36 50 37 -31 -32 38 45 58 51 48 -38 -39 39 -41 -42 -43 -44 -45 -46 -47 -48 -49 54 -51 -52 52 -54 -55 -56 -57 -58 -59 60 -61 -62 -63
leaf_value=-2.4550699794007089 4.0931061598712093 -0.79366320800067536 -0.58162640780086761 3.9101766614456461 2.0655619326295964 7.7413557955896781 11.068064636020297 -0.55326211863349295 -2.0552991581122839 18.134630341195532 10.480393758783816 14.785188115060812 12.24377180189307 0.91607194095849975 2.3613219588087779 11.24168146704085 11.960639897626429 -2.0955605705950489 2.5811094608235048 7.9588253501602999 5.879338326408166 8.0709464948861562 7.9159362886010145 3.9069600279317207 8.5929670305709553 -0.38191536146512073 -1.386265119865759 -1.7102835281292248 4.4651546358013432 11.023564483824954 2.1238811061156921 -0.92360019112337788 5.0736485573645638 4.0576417676971905 0.59235075819216398 0.60938405488904013 -0.55716151658914848 7.0128462789432859 -1.6572477221701059 -1.0511119144797119 -1.0192656274828271 11.286205195857896 6.6038500818447092 4.0979815453122841 6.0014069790662079 7.4725851740305718 9.0819108642483144 -1.2327563968625306 2.5756738495643794 -1.0364503785341235 -1.2719647090524351 0.016665124796323458 1.5820834855799848 -1.7641691640879225 0.83072769960691417 1.4566724851786852 -0.028463426616119676 1.1498144415278959 -0.15611451768465981 1.7727338679553606 1.4890490225270199 3.2383733913389605
leaf_weight=426 50 64 1370 27 715 51 21 502 319 27 38 37 36 422 220 37 20 32 53 54 31 102 45 51 27 3347 20 1947 34 25 20 2790 79 28 649 185 169 77 684 963 1663 82 20 124 24 34 24 483 39 76 958 1321 53 577 1709 25 2410 131 64 676 241 393
leaf_count=426 50 64 1370 27 715 51 21 502 319 27 38 37 36 422 220 37 20 32 53 54 31 102 45 51 27 3347 20 1947 34 25 20 2790 79 28 649 185 169 77 684 963 1663 82 20 124 24 34 24 483 39 76 958 1321 53 577 1709 25 2410 131 64 676 241 393
internal_value=0.00181829 -0.340197 -0.772276 8.04472 1.47903 6.67622 10.813 -0.309199 -1.35588 15.0725 10.1594 11.3336 7.71228 1.01362 2.60202 8.64612 7.68504 -1.10903 0.820028 6.61582 7.10038 6.59808 9.68499 5.08427 5.69686 -0.558453 -0.734656 -1.69212 7.11875 8.83416 4.41375 -1.14035 6.34561 1.43124 0.0292045 0.725269 0.0895056 6.23724 -1.06443 -1.30293 -0.821612 10.4115 9.15741 3.1221 3.89779 5.80147 10.9963 -1.56015 0.773697 0.129905 -1.56579 0.242464 0.0771632 -2.05783 0.869808 3.21747 -0.118951 0.813182 1.64659 1.86418 1.14388 2.92405
internal_weight=26921 25823 20867 1098 4956 735 363 11635 9232 48 315 177 445 3504 1452 138 101 5324 85 81 340 264 105 290 191 6700 3353 3908 213 76 51 5239 140 1431 4935 2073 320 111 4437 1647 3033 140 58 737 99 113 60 802 2009 261 2905 2023 1374 1003 1748 75 2912 151 1009 704 305 613
internal_count=26921 25823 20867 1098 4956 735 363 11635 9232 48 315 177 445 3504 1452 138 101 5324 85 81 340 264 105 290 191 6700 3353 3908 213 76 51 5239 140 1431 4935 2073 320 111 4437 1647 3033 140 58 737 99 113 60 802 2009 261 2905 2023 1374 1003 1748 75 2912 151 1009 704 305 613
is_linear=0
shrinkage=0.05


Tree=26
num_leaves=63
num_cat=0
split_feature=17 7 7 7 7 8 3 16 2 7 7 17 17 2 16 14 0 25 3 3 20 2 3 22 25 18 2 7 2 2 3 3 2 7 23 3 2 17 22 10 7 22 21 7 14 17 7 3 5 20 2 21 18 2 3 18 3 10 0 13 22 13
split_gain=2.67476e+07 6.555e+06 2.34387e+06 1.70268e+06 943035 920190 409414 469447 336727 266389 259788 254919 231459 149630 141020 125295 127735 115777 143666 105594 101858 101294 95855.5 147131 95138.5 93658.5 81432.5 80933.9 75673.5 74603.1 72191.6 71883.4 74511.4 62490.8 72849.1 59995.1 57772.2 53772.2 59366 53296.3 52187.8 51981.1 50971.4 50805.3 50444.9 50007 48343.8 47885.5 47862.3 44753 43533.3 42403 40946.4 39791.2 38687.8 38441.4 59322.4 38238.2 37711.8 35087 32713.6 32378.3
threshold=522.95833333333337 306.12500000000006 739.00000000000011 228.04000000000005 394.50000000000006 1105.5000000000002 9.5000000000000018 143.63025473927016 2022.5000000000002 477.50000000000006 182.75000000000003 262.50583333333338 990.95833333333337 2021.5000000000002 67.854009952741052 28.867513459481021 14.255000000000001 7.5000000000000009 8.5000000000000018 10.500000000000002 -0.13332666666666668 2023.5000000000002 8.5000000000000018 1.0000000180025095e-35 4.5000000000000009 108.61230281788228 2023.5000000000002 280.50000000000006 2010.5000000000002 2019.5000000000002 3.5000000000000004 9.5000000000000018 2011.5000000000002 794.00000000000011 43.500000000000007 2.5000000000000004 2020.5000000000002 444.54166666666669 4.5000000000000009 210.31000000000003 145.50000000000003 8.5000000000000018 -0.028244705066227279 552.50000000000011 28.867513459482257 265.34000000000003 344.50000000000006 2.5000000000000004 -0.5 -0.0249951249512495 2016.5000000000002 0.26317119141566409 96.196275430508621 2012.5000000000002 8.5000000000000018 7.5791903965252425 2.5000000000000004 420.50000000000006 14.255000000000001 400.08333333333343 8.5000000000000018 282.72166666666675
decision_type=2 2 2 2 2 2 2 2 2 2 2 2 2 2 2 2 2 2 2 2 2 2 2 2 2 2 2 2 2 2 2 2 2 2 2 2 2 2 2 2 2 2 2 2 2 2 2 2 2 2 2 2 2 2 2 2 2 2 2 2 2 2
left_child=1 3 14 10 29 8 7 15 -4 31 40 13 22 39 52 -7 -17 18 20 -8 -14 30 33 24 -24 43 -19 -13 48 44 -15 32 47 35 -35 -10 45 38 -34 54 -1 49 -33 -11 -3 58 61 -6 -12 -38 53 -32 -2 -41 -5 56 -48 -39 -30 -44 -52 -31
right_child=2 4 5 11 9 6 19 -9 12 25 28 27 17 21 -16 16 -18 26 -20 -21 -22 -23 23 -25 -26 -27 -28 -29 36 46 51 42 37 34 -36 -37 41 57 -40 50 -42 -43 59 -45 -46 -47 55 -49 -50 -51 60 -53 -54 -55 -56 -57 -58 -59 -60 -61 -62 -63
leaf_value=-2.2532384281566102 3.808286463606676 0.2648953407780365 12.68113812438671 -0.74860828618445296 1.641737158169885 14.291563813074337 5.4747232789676907 18.214483937677347 4.4806291821589728 2.6344562090078623 -1.9804571990845958 -0.33947258303121591 5.720849908762311 0.049219753266487212 5.4426316268842836 13.00117216153382 8.0445621753368197 12.466415886333508 4.7190238223915477 9.9859296693035766 9.9328086685581862 -1.1186873791533283 2.6823616560358201 7.6039545800828723 5.956858759645046 0.082263184292924729 9.1777354120229742 0.022798003550655917 -1.2916212206932478 2.0380020987946557 3.6256331162773545 -0.071122758343534653 0.73601473912945448 7.3063281091225392 9.7335624499728723 7.5750638590423485 -1.2842781481252032 4.611418630116022 1.7775325221209439 -0.4286550175481148 -1.6164271131125749 0.6238113282513823 0.61467472523509259 4.1635711721889983 -0.8653630587174892 0.30243359441897 3.6690666100413534 -1.2699678502124776 -1.2595146848466012 -0.22912410855115439 -0.51781745694273718 1.0928327146931327 1.5150483341578624 -0.91743088590914967 -1.4318442892171666 0.75746453461268459 1.0118878623345837 2.298680269364906 -1.0013447819539372 1.5457247648079049 0.12007574510695007 0.34765842858301516
leaf_weight=373 303 442 33 451 24 26 21 37 32 604 359 3039 20 43 170 22 34 27 30 36 56 46 41 65 49 34 73 3129 1843 29 43 90 158 133 42 32 201 20 1031 591 2377 82 153 60 127 63 29 34 645 201 1321 27 21 1412 384 1430 76 172 2858 300 237 1080
leaf_count=373 303 442 33 451 24 26 21 37 32 604 359 3039 20 43 170 22 34 27 30 36 56 46 41 65 49 34 73 3129 1843 29 43 90 158 133 42 32 201 20 1031 591 2377 82 153 60 127 63 29 34 645 201 1321 27 21 1412 384 1430 76 172 2858 300 237 1080
internal_value=0.00176971 -0.353682 6.98972 -0.790845 1.10957 8.64694 11.8481 13.5216 7.75515 1.80211 -1.29785 -0.365202 7.48215 -0.648887 4.27456 11.3845 10.0116 8.84529 7.67457 8.33649 8.83344 0.857545 6.76736 5.78823 4.46983 2.6422 10.0773 -0.155696 -1.11967 0.531879 1.66235 1.50614 1.69116 7.39966 7.89412 6.03733 -1.04354 1.76489 1.63921 -0.703393 -1.70288 -0.522888 1.0156 2.77324 0.0125067 -1.09642 0.643643 -0.0642864 -1.51748 -0.756902 -0.619052 2.65172 3.66018 -0.773245 -1.06295 0.825376 1.74862 2.54189 -1.11517 1.23148 -0.420778 0.392045
internal_weight=26921 25618 1303 19725 5893 809 176 119 633 2680 9002 10723 600 4555 494 82 56 206 106 57 76 159 394 155 90 698 100 6168 6252 3213 113 1982 1439 239 175 64 5248 1381 1189 4396 2750 484 543 664 569 4764 2644 58 1004 402 3561 70 324 2003 835 1535 105 192 4701 453 1558 1109
internal_count=26921 25618 1303 19725 5893 809 176 119 633 2680 9002 10723 600 4555 494 82 56 206 106 57 76 159 394 155 90 698 100 6168 6252 3213 113 1982 1439 239 175 64 5248 1381 1189 4396 2750 484 543 664 569 4764 2644 58 1004 402 3561 70 324 2003 835 1535 105 192 4701 453 1558 1109
is_linear=0
shrinkage=0.05


Tree=27
num_leaves=63
num_cat=0
split_feature=15 7 15 7 7 7 7 7 7 20 5 8 18 7 7 11 21 12 0 21 20 6 5 11 0 22 10 18 12 7 12 7 1 3 12 6 3 10 12 20 21 14 0 3 12 0 18 3 18 12 16 6 12 6 10 15 9 3 0 15 13 11
split_gain=2.4163e+07 6.61382e+06 1.8432e+06 1.35242e+06 844249 389078 331374 317935 252879 201762 186637 182921 175813 135651 119473 113185 153311 103853 99839.8 93795.2 83055.4 79168.5 73865.2 75214.9 85003.8 71006.5 65501.9 64372 63644.9 62881.4 55552.3 54781.2 53595.5 63303.5 53166.4 52994.1 50729.1 50564.8 50110.3 48540.7 54717 47832.1 46191.5 43591.3 43352.7 41646.1 41337 41252 40664.8 39577.6 38197.5 38401.9 67066.5 37360.2 64493.5 47534.1 36723.3 36172.3 35809.6 35081.8 33732.2 45401.6
threshold=586.08333333333337 325.50000000000006 232.50666666666669 995.00000000000011 446.75000000000006 739.00000000000011 1358.5000000000002 275.50000000000006 198.87500000000003 0.14309523809523808 -0.5 1196.5000000000002 179.51276872934997 394.50000000000006 489.00000000000006 1258.5000000000002 0.60213903743315522 590.83500000000015 13.280000000000003 0.12910819425589018 0.029138106796116506 0.25000000000000017 -0.24999999999999994 755.00000000000011 14.765000000000002 5.5000000000000009 872.50000000000011 108.61230281788228 726.00000000000011 149.29000000000005 199.72000000000003 552.50000000000011 -16.429999999999996 3.5000000000000004 256.46000000000009 1.0000000180025095e-35 9.5000000000000018 927.50000000000011 777.50000000000011 -0.079985845718329771 -0.059962546816479438 153.66267867101888 14.255000000000001 9.5000000000000018 827.50000000000011 14.255000000000001 96.196275430508621 8.5000000000000018 44.300754107358948 239.64500000000001 86.312676863706471 -0.5 255.28000000000003 0.6830127018922193 298.16500000000002 391.72916666666674 767.50000000000011 3.5000000000000004 13.280000000000003 1004.8333333333334 600.50000000000011 655.00000000000011
decision_type=2 2 2 2 2 2 2 2 2 2 2 2 2 2 2 2 2 2 2 2 2 2 2 2 2 2 2 2 2 2 2 2 2 2 2 2 2 2 2 2 2 2 2 2 2 2 2 2 2 2 2 2 2 2 2 2 2 2 2 2 2 2
left_child=1 2 8 5 13 22 10 25 29 -8 15 32 18 30 -6 16 17 -5 28 21 39 56 41 60 26 35 -25 31 -7 -1 -3 57 -12 38 48 -4 -10 -30 -34 40 -14 46 -23 -32 -22 -38 -2 -31 49 -15 51 -9 -53 54 -36 -55 -20 -16 -19 -35 -24 -62
right_child=3 4 7 6 14 12 9 50 36 -11 11 -13 20 34 27 -17 -18 58 19 -21 44 42 23 24 -26 -27 -28 -29 37 47 43 -33 33 59 53 -37 45 -39 -40 -41 -42 -43 -44 -45 -46 -47 -48 -49 -50 -51 -52 52 -54 55 -56 -57 -58 -59 -60 -61 61 -63
leaf_value=-2.1170155197832967 3.6874074516182178 -0.53774196478177094 -0.44614351696222426 3.3597140512783152 1.8058510433371113 6.2720888339099119 9.8869110111941652 0.2177940539360621 -0.9125234438614922 16.527450988037558 11.511017292212708 13.400652184190776 10.800509036239699 -1.0597165167688611 3.2906920837530951 10.156130066007938 10.819235522711454 8.7576273887944982 8.9291768170713972 3.6232919414838158 5.6624686283894272 3.7167535137884395 3.588125398696461 9.8533291375459129 4.2920528333135115 -0.34538096655052025 6.1017434801374169 0.52602485392323906 7.4076827135131253 -1.3596210094238876 0.85364497105040271 3.7407641112893311 9.4278707193497997 8.7801591166743531 4.080316605867055 -0.85298768849761597 -1.6497761510540299 10.907297081555122 6.0848837355277716 12.057634235970415 7.0043759622384059 5.4315794165203677 6.0124501813432403 0.323025504183719 8.8509814286113375 -1.0417328853429566 1.1913203773270564 -1.7509475817666784 1.0837279893908558 0.97036252129750233 2.2012128299000251 -0.39857055563525257 0.078883211312002932 -0.18767610391755932 1.5904832060078966 1.3448575662211826 6.7486962405369013 2.4312007543767482 6.067252490973547 11.213861223815721 6.997935371485231 3.7130611313462825
leaf_weight=403 50 93 1448 27 598 32 21 1605 4065 27 26 37 20 50 161 37 20 22 29 38 25 29 66 20 32 3461 30 32 21 2689 1452 134 20 35 27 1791 471 23 28 20 20 24 99 528 20 703 25 901 326 46 20 1103 2207 64 677 241 69 527 32 31 22 21
leaf_count=403 50 93 1448 27 598 32 21 1605 4065 27 26 37 20 50 161 37 20 22 29 38 25 29 66 20 32 3461 30 32 21 2689 1452 134 20 35 27 1791 471 23 28 20 20 24 99 528 20 703 25 901 326 46 20 1103 2207 64 677 241 69 527 32 31 22 21
internal_value=0.00171772 -0.30718 -0.697148 7.26582 1.33474 6.031 9.7637 -0.278552 -1.22469 13.6489 9.16751 10.2487 6.96054 0.914606 2.34849 7.77429 6.8925 5.91074 6.40354 5.93803 8.75632 6.32543 4.60271 5.17891 6.32764 -0.502866 7.61915 2.7282 8.01057 -1.52446 0.656072 2.81385 9.40669 8.91705 1.28905 -0.671128 -0.996194 9.25772 7.4946 9.98746 8.92477 3.48691 5.49568 0.712172 7.09618 -1.2858 2.85814 -1.45788 0.81745 -0.0869208 0.0259915 0.0170945 -0.0802257 1.48619 1.68655 1.0233 7.40244 2.63279 7.17759 9.93857 4.30967 5.40615
internal_weight=26921 25823 20867 1098 4956 735 363 11635 9232 48 315 177 445 3504 1452 138 101 81 340 264 105 226 290 191 82 6700 50 854 76 3993 2073 822 140 114 1431 3239 5239 44 48 60 40 99 128 1980 45 1174 75 3590 422 96 4935 4915 3310 1009 704 305 98 688 54 66 109 43
internal_count=26921 25823 20867 1098 4956 735 363 11635 9232 48 315 177 445 3504 1452 138 101 81 340 264 105 226 290 191 82 6700 50 854 76 3993 2073 822 140 114 1431 3239 5239 44 48 60 40 99 128 1980 45 1174 75 3590 422 96 4935 4915 3310 1009 704 305 98 688 54 66 109 43
is_linear=0
shrinkage=0.05


Tree=28
num_leaves=63
num_cat=0
split_feature=17 7 7 7 7 8 3 16 2 17 7 17 17 2 16 14 0 25 3 3 16 3 22 1 12 22 19 2 22 3 7 2 12 2 5 2 17 12 3 13 12 0 3 16 12 22 19 22 2 16 21 23 14 3 21 7 14 16 2 17 22 7
split_gain=2.18122e+07 5.35287e+06 1.90536e+06 1.39655e+06 762156 757661 351852 410026 296051 221179 215729 207746 189662 135803 115549 111918 114755 100026 124781 93152.8 86268.9 80968.1 130361 123403 83947.7 74582.3 72815.5 70127.5 67508 67117.8 66397.5 65952.9 65501.5 62644.4 60848.9 53064.4 59057.8 55572.8 81158.6 65830.7 52782.7 51333 50964.5 63132 49770 48844.2 48548.1 47740.7 46597.4 46135.7 45970.5 73607.4 53860 44716.6 41135.7 40706.6 39104.3 37955.5 37109.3 36439.9 53697.9 36375.9
threshold=522.95833333333337 306.12500000000006 739.00000000000011 228.04000000000005 394.50000000000006 1105.5000000000002 9.5000000000000018 143.63025473927016 2022.5000000000002 192.87458333333333 477.50000000000006 262.50583333333338 990.95833333333337 2020.5000000000002 67.854009952741052 28.867513459481021 14.255000000000001 7.5000000000000009 8.5000000000000018 10.500000000000002 115.94574796102505 8.5000000000000018 1.0000000180025095e-35 -14.424999999999999 476.50000000000006 8.5000000000000018 0.090919008444781527 2023.5000000000002 4.5000000000000009 9.5000000000000018 294.12500000000006 2019.5000000000002 256.46000000000009 2010.5000000000002 -0.6830127018922193 2020.5000000000002 266.15625000000006 262.64000000000004 6.5000000000000009 208.37500000000003 187.64000000000001 15.065000000000001 10.500000000000002 20.412414523192187 451.00000000000006 4.5000000000000009 0.33334234234234233 5.5000000000000009 2021.5000000000002 30.618621784789564 -0.135266106442577 30.500000000000004 66.143782776615026 9.5000000000000018 0.3333266666666666 552.50000000000011 38.682468035705178 1.0000000180025095e-35 2016.5000000000002 723.95833333333337 6.5000000000000009 178.87500000000003
decision_type=2 2 2 2 2 2 2 2 2 2 2 2 2 2 2 2 2 2 2 2 2 2 2 2 2 2 2 2 2 2 2 2 2 2 2 2 2 2 2 2 2 2 2 2 2 2 2 2 2 2 2 2 2 2 2 2 2 2 2 2 2 2
left_child=1 3 14 9 31 8 7 15 -4 33 32 13 21 29 59 -7 -17 18 20 -8 -14 24 23 -23 -10 57 -26 -19 -12 45 -13 47 49 34 -1 36 53 38 -37 -40 -33 54 -34 -44 -16 -5 -42 -3 -30 -6 51 -46 -52 -11 -31 -50 -49 -15 -47 60 -2 -35
right_child=2 4 5 11 10 6 19 -9 12 35 28 30 17 25 44 16 -18 27 -20 -21 -22 22 -24 -25 26 -27 -28 -29 48 41 -32 40 42 61 -36 37 -38 -39 39 -41 46 -43 43 -45 50 58 -48 56 55 -51 52 -53 -54 -55 -56 -57 -58 -59 -60 -61 -62 -63
leaf_value=-2.5067973815983415 1.3450736142921977 -1.4627498479505343 11.614794048874039 -0.85451799148551444 0.27232584616027083 13.009115881207345 4.7727094632189422 16.646187052765303 8.881941119969051 -0.96825585532751191 0.27199579724974909 -0.2774573500657283 9.2618572829914694 1.7138190310101036 3.3881403551774598 11.801191455961892 7.1107407757963248 11.334224933011946 4.1352693953783408 9.0047880082909746 5.7233675432374902 2.7347626472804136 6.903239943391533 6.7792232034831033 5.6765323470191529 2.2683548228584067 7.830781668067627 8.2858631147079365 0.534068121369352 -1.0457049094879804 0.055667394924639936 -0.50402212487103593 1.6748951127684379 -1.5395656525555959 -1.5820278660903873 -0.70726503435225307 0.2844605722925358 -1.5583640500374949 3.4012992447586421 0.33267361732467965 0.60960637850813626 -0.45908430190554905 1.6222763912451095 0.083297335299438877 3.419187972110671 -0.57520074876187055 2.566877030360736 0.3094853881720816 2.4553384129970079 1.2382573350986339 4.9463430860149327 6.3187344145600806 8.6702091406826955 -1.3432079654774227 -1.9780248484854761 3.8277912190670578 -0.96819366307231025 -0.10297003189565884 -0.13270488548499601 5.2788579914904297 3.4079916233403349 -1.1699804907051037
leaf_weight=252 36 51 33 908 195 26 21 37 37 3916 36 3618 48 31 41 22 34 27 30 36 28 63 65 27 147 41 55 73 29 689 2550 106 1181 1390 609 252 85 93 21 102 2506 318 144 124 48 1299 32 449 573 338 20 41 20 999 143 60 69 380 746 22 266 1283
leaf_count=252 36 51 33 908 195 26 21 37 37 3916 36 3618 48 31 41 22 34 27 30 36 28 63 65 27 147 41 55 73 29 689 2550 106 1181 1390 609 252 85 93 21 102 2506 318 144 124 48 1299 32 449 573 338 20 41 20 999 143 60 69 380 746 22 266 1283
internal_value=0.00168431 -0.319303 6.31209 -0.714351 1.00299 7.80626 10.7109 12.262 6.99707 -1.17352 1.62558 -0.328866 6.7412 -0.584961 3.86406 10.2659 8.97126 7.9751 6.88788 7.45678 7.9675 6.09419 5.19466 3.95433 6.67513 0.237536 6.26669 9.11947 2.38158 -0.675575 -0.139736 0.483642 1.35923 -1.48183 -1.85296 -0.974238 -1.0219 -0.464958 -0.193437 0.858963 0.588728 -0.999648 1.5336 0.910527 4.92139 -0.549339 0.634386 -0.00467196 2.49623 0.884995 5.40566 4.76058 6.82538 -1.04449 -1.20617 2.58602 0.139129 0.0344341 -0.413799 3.30792 3.16262 -1.36222
internal_weight=26921 25618 1303 19725 5893 809 176 119 633 9002 2680 10723 600 4555 494 82 56 206 106 57 76 394 155 90 239 452 202 100 698 4103 6168 3213 1982 3534 861 5468 5000 468 375 123 2644 1150 1449 268 170 2953 2538 569 662 533 129 89 40 4915 832 633 518 411 2045 324 302 2673
internal_count=26921 25618 1303 19725 5893 809 176 119 633 9002 2680 10723 600 4555 494 82 56 206 106 57 76 394 155 90 239 452 202 100 698 4103 6168 3213 1982 3534 861 5468 5000 468 375 123 2644 1150 1449 268 170 2953 2538 569 662 533 129 89 40 4915 832 633 518 411 2045 324 302 2673
is_linear=0
shrinkage=0.05


Tree=29
num_leaves=63
num_cat=0
split_feature=15 7 7 15 7 7 20 17 16 6 15 3 8 0 22 1 20 17 7 12 7 11 11 12 12 12 0 16 14 0 15 22 16 22 6 11 6 10 20 1 25 6 12 3 12 3 22 8 7 19 14 25 11 6 0 8 25 16 0 14 13 10
split_gain=1.97049e+07 5.39949e+06 1.51337e+06 1.10325e+06 691024 364132 320867 264881 230776 223947 201883 185720 210622 191208 129780 120389 113243 107954 107268 93702.1 87626.9 80738.2 76247.2 62442.7 52801.9 52452.9 51213.2 102756 78321.8 56985.7 51058.2 49071.2 49654.7 45781.7 49094.7 45062.3 43968.4 58235.9 47570.6 43864.2 43653.9 43332 42973.8 43491 40796.6 37451.8 52446.8 36931.7 35507 33479.3 32963.7 32744.6 33397 30644.4 54320.1 46866.6 58845.7 30552.1 29692.8 37535 28772 28720.3
threshold=586.08333333333337 325.50000000000006 247.75000000000003 1004.8333333333334 446.75000000000006 739.00000000000011 0.099777777777777757 203.69750000000002 127.79702038617442 -0.5 280.03500000000003 6.5000000000000009 1196.5000000000002 14.765000000000002 1.0000000180025095e-35 -16.284999999999997 -0.13332666666666668 456.29166666666669 381.12500000000006 777.50000000000011 170.35500000000005 1258.5000000000002 968.50000000000011 208.41500000000005 256.46000000000009 1258.5000000000002 12.870000000000003 115.94574796102505 128.7761454804635 15.610000000000001 687.58333333333337 6.5000000000000009 29.226129861250353 5.5000000000000009 0.25000000000000017 497.00000000000006 0.6830127018922193 295.28000000000003 0.073389830508474599 -14.635 5.5000000000000009 -0.68301270189221952 142.75000000000003 10.500000000000002 187.64000000000001 9.5000000000000018 4.5000000000000009 941.50000000000011 295.28000000000003 0.0080808410604675824 49.999999999999581 9.5000000000000018 337.75000000000006 0.25000000000000017 13.795000000000002 627.50000000000011 2.5000000000000004 31.999999999999918 12.835000000000003 43.301270189222052 425.08333333333343 253.16500000000005
decision_type=2 2 2 2 2 2 2 2 2 2 2 2 2 2 2 2 2 2 2 2 2 2 2 2 2 2 2 2 2 2 2 2 2 2 2 2 2 2 2 2 2 2 2 2 2 2 2 2 2 2 2 2 2 2 2 2 2 2 2 2 2 2
left_child=1 2 7 5 18 30 11 20 -8 14 23 12 16 21 15 -7 -5 45 44 -15 -1 22 -13 42 57 26 27 47 29 -28 58 32 -19 34 -9 48 37 -26 -38 40 -17 -22 -4 -44 -3 51 -47 -11 -12 -33 -34 -6 -53 -32 -55 -56 -57 -20 -2 -60 -48 -35
right_child=3 4 10 6 17 9 8 33 -10 25 35 13 -14 19 -16 39 -18 31 24 -21 41 -23 -24 -25 36 -27 28 -29 -30 -31 53 49 50 61 -36 -37 38 -39 -40 -41 -42 -43 43 -45 -46 46 60 -49 -50 -51 -52 52 -54 54 55 56 -58 -59 59 -61 -62 -63
leaf_value=-1.6454963297984837 1.961915596648776 -0.70316009961824844 -2.6577241419048923 5.6388731888199217 1.6489018177059578 11.476162137690279 9.2744051367767408 -0.75169721922904431 15.044454164029567 4.0926027039607682 -0.19775032983004601 9.5719862308739607 13.228179786658359 2.2714241422979957 4.5813060111524653 7.57796815719108 9.921596791559919 0.5452614096177647 0.19334241880525582 6.8712707880124526 -0.90466445372173787 10.523494921025542 5.9956799883174217 -0.32366841376999922 3.6952246279415499 7.9090028139699502 5.1885059295158262 9.7525791158723596 2.6615830840589316 7.698306586596245 6.0201137592115668 2.5439107297638563 3.9803606835019547 -0.67695055838166596 -1.1186416183282044 1.8151869496134272 1.1152686512973728 1.4488112149233778 -0.49669460091746648 6.1664730381735655 10.369676068681397 -1.2921281160090243 -0.54614318193910893 -1.3584965474629527 0.62023868369605473 -1.2598135045354399 -0.030915446297274871 6.8231387638954359 0.10434639531046484 3.5007458145335573 1.3198584920140952 3.2671660007221157 1.7895632013926588 6.700788274096019 5.7721806918873506 5.076735880261376 1.8832745284070751 1.0185941174506137 3.2281778468719788 5.2173336963150163 1.6688192849939281 -0.10725201640347259
leaf_weight=1459 27 60 28 26 364 29 37 2290 34 25 1368 24 32 25 24 46 40 57 185 20 992 29 42 4615 30 25 201 20 28 26 39 521 25 1055 1516 35 271 725 55 31 22 2660 1007 197 1893 21 30 26 3365 112 22 76 78 20 22 23 39 285 82 34 146 280
leaf_count=1459 27 60 28 26 364 29 37 2290 34 25 1368 24 32 25 24 46 40 57 185 20 992 29 42 4615 30 25 201 20 28 26 39 521 25 1055 1516 35 271 725 55 31 22 2660 1007 197 1893 21 30 26 3365 112 22 76 78 20 22 23 39 285 82 34 146 280
internal_value=0.00163599 -0.277314 -0.629668 6.56147 1.20624 5.56823 9.09498 -1.06294 12.0549 6.37883 -0.211202 8.20728 9.88446 7.02699 7.98604 8.62032 8.24562 2.12339 0.826135 4.32661 -1.31785 8.30018 7.30874 -0.408107 1.13658 5.68073 5.50747 6.70668 5.17105 5.47926 4.14084 2.54822 1.5391 -0.809504 -0.897885 0.0302651 1.32897 1.53856 0.843227 7.77297 8.49514 -1.18691 -0.724351 -0.679167 0.579545 1.68517 1.09737 5.49537 0.0170266 2.71374 2.74057 1.90846 2.52045 4.81178 4.35326 3.78697 3.07429 0.693882 3.46696 3.81524 1.37921 -0.557484
internal_weight=26921 25823 20867 1098 4956 789 309 10252 71 503 10615 238 98 140 152 128 66 1452 3504 45 5111 95 66 5847 1551 351 326 71 255 227 286 737 104 5141 3806 4768 1081 755 326 99 68 3652 1232 1204 1953 715 197 51 4733 633 47 518 154 143 104 84 62 470 143 116 176 1335
internal_count=26921 25823 20867 1098 4956 789 309 10252 71 503 10615 238 98 140 152 128 66 1452 3504 45 5111 95 66 5847 1551 351 326 71 255 227 286 737 104 5141 3806 4768 1081 755 326 99 68 3652 1232 1204 1953 715 197 51 4733 633 47 518 154 143 104 84 62 470 143 116 176 1335
is_linear=0
shrinkage=0.05


Tree=30
num_leaves=63
num_cat=0
split_feature=17 7 7 17 8 7 2 7 17 5 2 21 7 7 7 14 21 12 0 2 0 14 3 17 3 12 2 19 5 7 18 21 3 2 9 17 5 2 1 6 12 20 6 2 7 3 16 18 19 2 2 3 5 18 15 16 21 17 21 1 17 15
split_gain=1.80459e+07 4.04296e+06 1.90178e+06 1.13307e+06 623133 559113 326929 238324 230154 227517 207813 168230 132427 131577 115155 114757 143793 83965.8 81255 76428.2 76125.4 75219.4 72995 69560.7 68810.3 64299.1 59432.9 58390.3 141331 56332.1 54240.1 53886.9 52159.7 51340.6 65133.2 53254.6 47844.2 47344.3 47243.3 52693.3 45573.1 44240.4 42820 44236.6 41840.3 41459.1 41157.3 40785.2 37636.9 36523.5 64466.9 104964 35745.3 34666.6 34491.4 33483.4 33159.2 41165.5 32581.3 31694.2 63146.5 43387.6
threshold=508.60416666666669 306.12500000000006 794.00000000000011 222.22208333333336 1206.5000000000002 394.50000000000006 2022.5000000000002 258.16500000000002 601.66666666666686 -0.5 2021.5000000000002 0.046002752893444361 178.87500000000003 939.00000000000011 489.00000000000006 28.867513459480421 0.099832156499594885 954.00000000000011 14.255000000000001 2010.5000000000002 13.690000000000001 73.527772530747711 9.5000000000000018 1118.916666666667 8.5000000000000018 285.35500000000008 2021.5000000000002 -0.1428620407603505 -0.24999999999999994 552.50000000000011 67.023598439753826 0.92502190665716699 9.5000000000000018 2022.5000000000002 346.33500000000009 308.55916666666673 -0.6830127018922193 2023.5000000000002 -13.709999999999999 -0.24999999999999994 239.64500000000001 -0.3494186046511627 0.6830127018922193 2016.5000000000002 294.12500000000006 6.5000000000000009 20.916500663351894 7.5791903965252425 0.095683229813664519 2021.5000000000002 2022.5000000000002 8.5000000000000018 -0.24999999999999994 88.234363958285357 812.25000000000011 49.285953387326792 -0.028244705066227279 450.12500000000006 0.77778888888888897 -15.904999999999999 779.41666666666686 812.25000000000011
decision_type=2 2 2 2 2 2 2 2 2 2 2 2 2 2 2 2 2 2 2 2 2 2 2 2 2 2 2 2 2 2 2 2 2 2 2 2 2 2 2 2 2 2 2 2 2 2 2 2 2 2 2 2 2 2 2 2 2 2 2 2 2 2
left_child=1 3 8 10 6 26 18 42 30 15 12 -6 55 20 25 17 24 -8 -4 36 -11 -13 29 -15 -17 49 46 28 54 -16 -2 -24 33 35 -35 -28 -14 40 39 -21 -34 -9 43 -5 -43 -22 -3 -36 -25 -7 58 -52 -12 56 -10 -1 57 -27 -51 -29 -61 -62
right_child=2 5 4 7 11 14 9 41 27 13 52 21 19 23 22 16 -18 -19 -20 38 45 -23 31 48 -26 53 32 59 -30 -31 -32 -33 37 34 47 -37 -38 -39 -40 -41 -42 44 -44 -45 -46 -47 -48 -49 -50 50 51 -53 -54 -55 -56 -57 -58 -59 -60 60 61 -63
leaf_value=-1.4570148698119088 3.0556775831908474 0.34538274586026096 8.8554401049475455 -0.66559018689500116 8.3244758538836248 -0.19439790356810022 8.4955379710633334 1.8104549830107346 2.7342160530420614 8.3899478692082265 3.593192130994995 11.068421641001168 -1.8981334519849211 7.5736737481840368 2.2779173991410682 7.3287519219176787 1.0527888855810974 4.6866217267940717 13.228518030428772 -0.7440622547678899 6.2603391717450592 14.736330664285138 1.6060295238624971 10.969347820697914 4.4133974650596768 0.26890181065688612 2.0080552152340299 4.8306272276528706 8.4079134486232991 4.6941423131131579 0.49653686311989348 -0.69772117739896045 -0.37796342464644278 0.039731233231425744 2.2386728858749487 0.71566986020353729 -1.1488702635163859 -0.86000508638748152 -0.29178519340863834 -1.1011652384881183 0.73869183426900364 -0.25163150348053914 -0.83890801685785277 -0.33005458581843561 0.0021989320840043506 4.0962726881495577 -0.27413836394179752 0.73771406566055064 8.0698072813043549 2.4095605584277293 1.1241593732888375 -0.50870597050049526 0.76629878649779393 2.7385509838640325 5.3908426724676719 0.45817059335254484 1.4965174600300468 1.711678275658117 0.95690775988812404 2.5003731858974687 6.1143744511619644 3.0997754908319735
leaf_weight=2340 365 785 24 2051 34 75 36 29 23 38 24 33 316 100 338 27 27 25 21 1824 123 28 163 32 85 132 142 136 33 26 22 30 136 388 48 182 657 96 295 2386 278 3806 1269 1886 2831 28 407 776 20 98 370 134 21 49 27 23 1064 79 64 56 31 20
leaf_count=2340 365 785 24 2051 34 75 36 29 23 38 24 33 316 100 338 27 27 25 21 1824 123 28 163 32 85 132 142 136 33 26 22 30 136 388 48 182 657 96 295 2386 278 3806 1269 1886 2831 28 407 776 20 98 370 134 21 49 27 23 1064 79 64 56 31 20
internal_value=0.0021354 -0.29934 5.54208 -0.641417 7.43185 0.854022 6.8205 -0.332814 3.73633 6.47745 -1.10599 11.1917 -1.12545 7.26438 1.39675 5.13275 4.33307 6.94481 10.9211 -0.99045 6.37451 12.7735 2.03487 8.3659 5.12216 1.22454 0.41451 4.71563 5.8672 2.45176 2.91038 1.24773 0.57801 0.723474 0.573921 1.28255 -1.39238 0.139841 -0.903609 -0.946471 0.371853 -0.134834 -0.586308 -0.504867 -0.143361 5.86206 0.133842 0.825416 9.87187 0.85137 0.969156 0.69 2.27871 1.4333 4.17679 -1.43835 1.38293 0.809667 1.83665 4.32002 3.66707 4.94066
internal_weight=27012 25618 1394 19758 681 5860 586 11872 713 541 7886 95 7841 341 2622 200 139 61 45 5478 189 61 557 152 112 2065 3238 326 83 364 387 193 2046 1536 1212 324 973 510 4505 4210 414 6666 5206 3937 6637 151 1192 824 52 741 666 504 45 1324 50 2363 1275 211 162 243 107 51
internal_count=27012 25618 1394 19758 681 5860 586 11872 713 541 7886 95 7841 341 2622 200 139 61 45 5478 189 61 557 152 112 2065 3238 326 83 364 387 193 2046 1536 1212 324 973 510 4505 4210 414 6666 5206 3937 6637 151 1192 824 52 741 666 504 45 1324 50 2363 1275 211 162 243 107 51
is_linear=0
shrinkage=0.05


Tree=31
num_leaves=63
num_cat=0
split_feature=17 7 7 7 8 7 7 5 11 7 21 15 10 7 14 6 23 0 10 18 3 0 14 0 12 22 14 21 11 14 11 7 11 12 17 11 21 17 22 6 6 22 12 12 20 7 17 6 12 1 18 3 20 18 12 21 6 18 10 21 17 23
split_gain=1.62898e+07 3.64887e+06 1.71702e+06 1.02361e+06 562647 504628 225224 216022 211680 184336 151890 119520 110690 103940 87918.1 80573.9 75929.8 69162.4 96348.6 98874.7 65886.1 63389.3 88014.1 60292 58029.4 55031.3 70683.2 54153.1 63094.5 76075.1 53416.9 50973.2 49353.8 47997.7 47388.9 64509.4 46776.9 46577.3 55666.6 45880.2 44035.7 94508.2 54588.4 47397.7 58901.5 42383.1 36788.4 36100.4 37738.5 32611.5 31927.7 47498.7 31519.1 31299.2 30403 29922.1 37381.9 29407 28332.5 27920.3 29524.3 27562.4
threshold=508.60416666666669 306.12500000000006 794.00000000000011 224.50000000000003 1206.5000000000002 394.50000000000006 259.30500000000006 -0.5 806.50000000000011 939.00000000000011 0.046002752893444361 181.47916666666671 1155.0000000000002 489.00000000000006 69.626676802223258 -0.24999999999999994 35.500000000000007 14.255000000000001 1155.0000000000002 208.90766236808128 9.5000000000000018 13.690000000000001 56.602583892218433 15.440000000000001 285.35500000000008 1.0000000180025095e-35 28.867513459482257 0.3333266666666666 1136.5000000000002 43.301270189222052 253.16500000000005 598.00000000000011 1036.0000000000002 227.55000000000004 287.00708333333336 224.50000000000003 0.1363648760555978 601.66666666666686 6.5000000000000009 -0.5 0.25000000000000017 1.0000000180025095e-35 590.83500000000015 868.50000000000011 -0.2854756995581737 344.50000000000006 223.60375000000002 0.6830127018922193 258.54000000000002 -16.474999999999998 7.5791903965252425 2.5000000000000004 -0.24999624996249956 88.234363958285357 174.69000000000003 -0.028244705066227279 0.25000000000000017 88.234363958285357 881.50000000000011 -0.14537684537684539 390.60416666666669 43.500000000000007
decision_type=2 2 2 2 2 2 2 2 2 2 2 2 2 2 2 2 2 2 2 2 2 2 2 2 2 2 2 2 2 2 2 2 2 2 2 2 2 2 2 2 2 2 2 2 2 2 2 2 2 2 2 2 2 2 2 2 2 2 2 2 2 2
left_child=1 3 8 11 7 33 39 14 37 21 -6 -1 -12 24 27 52 -16 32 19 -19 31 22 -9 40 -7 26 -23 28 29 -4 -22 -15 -11 36 47 -36 49 38 -2 -5 41 42 -10 44 -42 -35 -41 -8 -49 -3 51 -47 -13 55 -17 56 -26 -27 -39 60 -37 -30
right_child=2 5 4 6 10 13 34 9 23 17 12 15 -14 20 16 54 -18 18 -20 -21 30 25 -24 -25 53 57 -28 -29 61 -31 -32 -33 -34 45 35 59 -38 58 -40 46 43 -43 -44 -45 -46 50 -48 48 -50 -51 -52 -53 -54 -55 -56 -57 -58 -59 -60 -61 -62 -63
leaf_value=-1.379196728797317 0.88920900914147283 0.55847972845555416 5.5432224270538644 -0.36901144695625315 7.909472552772141 0.80882705454783077 -0.16318255842371129 5.5182503311195186 6.0639996656730997 6.5707578597847132 9.4089404505812766 0.28123235756769194 13.876183931911086 2.1743397565784082 2.2218117959856047 -1.3940322333700885 5.5638517760770503 8.8108448710137779 6.9093896407673796 13.038837105208907 -1.129648494288932 8.987533034139604 10.26409945891271 3.0041990128070415 1.3945100113883264 5.7001580727041059 5.6497367705658137 8.3460024420894801 7.8168888588810264 1.9115815044635562 1.4837210933344187 4.6066880461457487 9.1148516835215982 0.26736642525206977 2.6491156706187344 -0.45557302270400979 0.29148626941538214 4.1890495196412072 2.9569598072582215 -0.92025951739297729 5.7785609013759176 4.0221925150350746 9.8346046295925156 6.3962793955503798 2.3855454590542911 2.9685076827157566 -0.57074256057627271 -0.85209128317120908 -0.23350213490994715 -0.96937136532009838 0.60090631949511852 0.81307152935645211 -0.73741276017436863 2.6019023137519901 -1.0184711506217028 1.4216986185398361 0.061102187669601987 3.1644335207141592 2.5668641459578625 0.064869727469109198 1.5056317870296647 5.3962538624261791
leaf_weight=2286 36 45 53 1943 34 741 2970 20 20 63 24 79 37 341 38 705 31 36 28 24 22 20 20 30 112 20 84 20 31 20 171 23 29 1165 23 425 456 115 351 1046 22 25 20 27 31 36 2691 447 550 155 1293 88 1926 49 2303 1064 99 28 36 2344 20 21
leaf_count=2286 36 45 53 1943 34 741 2970 20 20 63 24 79 37 341 38 705 31 36 28 24 22 20 20 30 112 20 84 20 31 20 171 23 29 1165 23 425 456 115 351 1046 22 25 20 27 31 36 2691 447 550 155 1293 88 1926 49 2303 1064 99 28 36 2344 20 21
internal_value=0.0020632 -0.284369 5.26557 -0.609347 7.0612 0.811341 -0.333883 6.48028 3.54977 7.2101 10.6339 -1.07954 12.1369 1.32695 5.20881 -0.942862 3.72926 8.3639 9.38106 10.521 1.9332 6.1246 7.91098 5.06117 1.16334 5.64958 6.29969 5.90978 5.51358 4.5523 1.18537 2.32927 7.38178 0.393793 -0.139286 0.0177305 0.0118653 3.05729 2.7649 -0.566125 5.48435 6.45974 7.96925 4.68472 3.80229 0.490822 -0.668597 -0.250586 -0.510906 -0.625473 0.674502 1.44077 -0.697262 1.36166 -1.10654 1.31379 0.769232 4.23074 3.80429 -0.00406216 -0.367099 6.85165
internal_weight=27012 25618 1394 19758 681 5860 12459 586 713 372 95 7299 61 2622 214 5013 69 180 88 60 557 192 40 175 2065 152 104 145 125 73 193 364 92 3238 6779 2812 656 538 387 5680 145 65 40 80 53 2582 3737 3967 997 200 1417 124 2005 1324 3008 1275 211 48 151 2789 445 52
internal_count=27012 25618 1394 19758 681 5860 12459 586 713 372 95 7299 61 2622 214 5013 69 180 88 60 557 192 40 175 2065 152 104 145 125 73 193 364 92 3238 6779 2812 656 538 387 5680 145 65 40 80 53 2582 3737 3967 997 200 1417 124 2005 1324 3008 1275 211 48 151 2789 445 52
is_linear=0
shrinkage=0.05


Tree=32
num_leaves=63
num_cat=0
split_feature=17 7 7 7 15 0 17 17 3 7 7 13 12 18 12 16 0 16 2 23 14 1 23 1 0 6 22 5 10 12 16 6 2 6 6 12 2 2 6 17 10 12 3 1 9 16 2 12 2 3 18 22 16 13 12 3 22 6 1 7 2 2
split_gain=1.47065e+07 3.8546e+06 1.14929e+06 1.02812e+06 410856 272466 216372 200027 189964 159062 99271.1 99234.8 91174.5 98864.6 82589.7 82379.1 79213.2 100150 68361 61597 62835.9 60916.6 59364.4 63613 58852.8 57925.1 57762.2 49423.7 48949.4 48256.3 48148.3 46882.9 45715.2 46970.1 44495.1 44036.8 43919 79548.2 61680.4 60360.9 53449.6 51284.8 79078.6 41908 41669.5 41569 40262.9 61259.7 56555.4 77662 39747.1 45682 39216.6 38672.5 37347.7 35369.4 34715 34651.7 33568.4 33111.1 32619.5 114480
threshold=556.87500000000011 344.50000000000006 247.75000000000003 995.00000000000011 447.25000000000006 16.005000000000003 819.29166666666674 204.37541666666672 8.5000000000000018 283.54000000000002 394.50000000000006 1150.8333333333337 903.25000000000011 88.234363958285357 312.75000000000006 70.497966526332434 12.870000000000003 70.497966526332434 2010.5000000000002 46.500000000000007 86.602540378443891 -16.494999999999994 46.500000000000007 -12.639999999999999 14.555000000000001 -0.68301270189221952 4.5000000000000009 -0.6830127018922193 1155.0000000000002 142.75000000000003 37.638632635454094 0.25000000000000017 2019.5000000000002 -0.5 -0.24999999999999994 283.54000000000002 2021.5000000000002 2022.5000000000002 1.0000000180025095e-35 336.28458333333339 420.50000000000006 252.75000000000003 8.5000000000000018 -15.854999999999999 169.08500000000001 77.492472527022912 2020.5000000000002 266.83500000000009 2023.5000000000002 9.5000000000000018 67.023598439753826 5.5000000000000009 23.367534458446109 1093.8333333333335 652.50000000000011 9.5000000000000018 4.5000000000000009 -0.5 -16.474999999999998 518.50000000000011 2021.5000000000002 2023.5000000000002
decision_type=2 2 2 2 2 2 2 2 2 2 2 2 2 2 2 2 2 2 2 2 2 2 2 2 2 2 2 2 2 2 2 2 2 2 2 2 2 2 2 2 2 2 2 2 2 2 2 2 2 2 2 2 2 2 2 2 2 2 2 2 2 2
left_child=1 2 7 6 10 8 22 18 11 29 35 19 13 -8 55 -10 -15 -18 27 20 30 -14 23 43 31 -13 -16 58 -19 -4 -5 44 52 -34 60 -3 39 38 56 -12 -41 42 -39 45 -20 -2 47 57 49 -48 51 -35 -11 -17 -47 -6 -38 -31 -1 -28 -9 -62
right_child=3 4 9 5 14 -7 12 34 15 32 36 25 21 16 26 53 17 28 24 -21 -22 -23 -24 -25 -26 -27 59 -29 -30 46 -32 -33 33 50 -36 -37 37 41 -40 40 -42 -43 -44 -45 -46 54 48 -49 -50 -51 -52 -53 -54 -55 -56 -57 -58 -59 -60 -61 61 -63
leaf_value=-1.105319082295392 3.0849585283140422 0.24824020746660788 -2.623114952070889 5.6478810343576313 1.5395707525444513 12.627705701082625 2.7470069940128026 -0.54368875656203586 3.8978308222685865 0.002644966500093493 -1.2431029437200787 8.2623823831385916 4.8479429789418171 7.4074521627572487 -0.27887229052456947 5.43402404155899 7.4842135949298232 3.8577908285058444 -1.3283024517756776 10.148499670076134 5.0982375293871094 7.3820980636368096 6.3257982593012088 5.7108628733507203 -0.72455372262700546 11.208310983900418 2.0328197058538549 -1.2459350296320126 5.7991460900438581 -0.28837229301111295 8.5527576612740415 -1.4004381231414662 0.53805857503232912 -0.29422839387886379 -0.80924640024363781 0.75494558122278632 1.4307451073576427 0.80460083926719506 1.3437134789433358 1.8543566601171042 -0.49561940987508496 1.1322897440521247 -1.1971844882204914 2.7984850086083317 -0.80484257443306328 6.4505936932254144 0.045513237287807942 -0.17655574470977328 -0.54342728235856297 1.7218304171889269 1.1551960834424013 0.2674553696629432 -0.4575708526683423 7.6873341862228459 4.0507491728376008 0.32549658003923487 3.400645249713893 -0.64184585975446551 -2.2229770521367183 2.7422126307676198 3.628677205225868 -0.80328540977905249
leaf_weight=90 74 762 23 20 232 28 44 2064 37 2096 47 32 35 39 23 34 32 116 575 20 30 80 21 32 1169 40 510 875 46 1039 59 1106 724 715 2895 981 32 240 207 61 40 1058 62 162 1125 23 410 2129 299 83 77 733 594 48 59 81 76 2086 269 245 21 47
leaf_count=90 74 762 23 20 232 28 44 2064 37 2096 47 32 35 39 23 34 32 116 575 20 30 80 21 32 1169 40 510 875 46 1039 59 1106 724 715 2895 981 32 240 207 61 40 1058 62 162 1125 23 410 2129 299 83 77 733 594 48 59 81 76 2086 269 245 21 47
internal_value=0.00200002 -0.239636 -0.525223 5.63484 1.06312 7.88757 4.60648 -0.906598 7.46897 -0.170588 0.803307 8.40941 5.42654 4.93059 1.91216 5.87473 5.34157 4.92263 -1.12374 7.56349 7.08027 6.61576 3.73877 3.58177 -1.02275 9.91235 2.18817 -1.44893 4.41231 -0.342044 7.82548 -1.14695 0.0400982 0.206459 -0.681576 0.533455 1.06127 1.13422 1.85024 0.235427 0.924054 0.968249 0.393361 3.36577 -0.981966 3.95268 -0.333323 -0.383418 -0.000984742 0.328035 0.049003 -0.0098931 -0.0989903 6.76085 4.73097 1.22561 2.81888 -0.524338 -1.94318 2.26336 -0.508183 0.568654
internal_weight=27012 25901 21244 1111 4657 348 763 10236 320 11008 3566 201 392 277 1091 119 233 194 5209 129 109 115 371 350 3975 72 778 1234 162 6069 79 2806 4939 2249 5027 1743 1823 1675 315 148 101 1360 302 318 1700 156 6046 5254 792 493 1525 1448 2690 82 82 313 108 3125 359 755 2132 68
internal_count=27012 25901 21244 1111 4657 348 763 10236 320 11008 3566 201 392 277 1091 119 233 194 5209 129 109 115 371 350 3975 72 778 1234 162 6069 79 2806 4939 2249 5027 1743 1823 1675 315 148 101 1360 302 318 1700 156 6046 5254 792 493 1525 1448 2690 82 82 313 108 3125 359 755 2132 68
is_linear=0
shrinkage=0.05


Tree=33
num_leaves=63
num_cat=0
split_feature=17 13 13 17 13 17 8 2 2 2 4 16 2 22 19 16 22 21 16 18 0 17 16 23 21 2 15 4 2 14 2 20 11 2 2 4 4 2 0 18 16 21 9 19 11 2 2 23 2 15 0 25 25 18 4 0 21 22 16 0 8 10
split_gain=1.32808e+07 2.96395e+06 1.40047e+06 645020 560276 347880 326306 226733 199697 126614 125127 209363 123298 119875 117526 150774 111661 111289 109178 157229 107836 103111 90785.6 81685.2 81630.6 76081.6 75754.4 74901.8 73078.9 70510.3 69105.2 68295.6 64959.7 63893.9 202360 136885 63817.2 59338.6 58769.6 69223.4 57412.1 55828.9 54830.2 53639.7 53347.7 52011.5 68055.2 48799.1 45999.9 43997.3 40668.8 39222.1 38477.6 37594.1 45893.8 39701.3 35957.6 40645.7 35517.9 39112.3 34795.3 33994
threshold=508.60416666666669 299.99833333333339 897.16666666666674 222.22208333333336 399.83333333333343 723.95833333333337 1196.5000000000002 2022.5000000000002 2021.5000000000002 2021.5000000000002 3.5000000000000004 164.83609507761162 2022.5000000000002 5.5000000000000009 -0.036972649572649612 98.710430035304867 5.5000000000000009 -0.049896551724137976 77.492472527022912 77.687490045012723 14.965000000000002 177.4579166666667 37.095878018413323 40.500000000000007 0.7003401360544218 2023.5000000000002 447.25000000000006 3.5000000000000004 2021.5000000000002 19.378359923722588 2018.5000000000002 0.01791888707492351 994.50000000000011 2022.5000000000002 2021.5000000000002 2.5000000000000004 2.5000000000000004 2022.5000000000002 14.765000000000002 135.98687856752832 143.63025473927016 -0.11110555555555555 305.50000000000006 -0.0046527276971489165 827.50000000000011 2010.5000000000002 2012.5000000000002 41.500000000000007 2020.5000000000002 836.25000000000011 12.870000000000003 1.5000000000000002 4.5000000000000009 7.5791903965252425 1.5000000000000002 14.400000000000002 0.77778888888888897 5.5000000000000009 127.79702038617442 14.555000000000001 278.87500000000006 1228.5000000000002
decision_type=2 2 2 2 2 2 2 2 2 2 2 2 2 2 2 2 2 2 2 2 2 2 2 2 2 2 2 2 2 2 2 2 2 2 2 2 2 2 2 2 2 2 2 2 2 2 2 2 2 2 2 2 2 2 2 2 2 2 2 2 2 2
left_child=1 3 5 8 9 18 7 -4 21 60 11 24 42 30 15 -9 27 -12 19 -2 32 -1 29 25 61 49 50 47 -15 -7 -5 -22 44 34 -32 -36 -34 -30 41 -40 -17 -25 56 -28 -16 -23 -47 -14 -48 -24 -6 -52 -20 54 -18 -55 57 -11 59 -27 -3 -8
right_child=2 4 6 13 26 22 10 14 -10 12 17 -13 16 28 20 40 53 -19 52 -21 31 45 23 38 -26 58 43 -29 37 -31 33 -33 36 -35 35 -37 -38 -39 39 -41 -42 -43 -44 -45 -46 46 48 -49 -50 -51 51 -53 -54 55 -56 -57 -58 -59 -60 -61 -62 -63
leaf_value=-1.2880696695739129 2.6375473126817277 -1.2011887015454652 9.7660661314375634 -0.6761162207174779 1.5679999700520528 4.8960840042523497 8.5302846521253315 1.2241157100131659 1.9721836229404772 2.8277705156188109 4.569825145293926 13.938898305778958 0.012054363712644128 -0.19912193267462985 5.4584993034313731 7.3623042152222418 3.2806282643588531 9.4321157584902391 6.4149100642633661 -1.6995103313912094 10.587364992454869 -1.1733937966315013 0.30815452632322837 8.6807753408109996 10.73146615306946 5.3240526298956006 0.94524379955915261 -0.73752593577000836 2.8185471465671821 8.7831395662747891 -0.32586475179517882 6.6301947177997951 7.8910593146992447 -0.74263161727562987 0.37624984260111827 3.3810335247716887 5.2457284233786838 0.13487457327715077 2.5675847583346898 6.0095222540265301 3.8274031384498288 5.1817542841820305 0.81348114524991999 1.8601672516396146 2.1799820002503867 -0.47275869786683222 -0.95571821489365782 0.80378266040171165 -0.2697872206161066 3.4536703870590943 1.4534569886870832 0.73040365348973135 3.7467690916132748 0.27455726298299238 0.73972723797669726 0.98781712333013361 0.37877766787202533 1.2999672200783257 3.5024310749404286 3.7147287115918051 0.079172945765744185 5.7471058716706196
leaf_weight=1926 394 54 37 2904 263 26 26 31 58 91 26 25 690 5026 31 25 32 22 21 22 20 1122 20 23 29 105 220 249 36 22 1215 26 40 555 95 63 56 48 26 34 22 24 430 593 21 1221 3315 271 264 25 236 916 40 344 40 451 37 84 93 61 2769 21
leaf_count=1926 394 54 37 2904 263 26 26 31 58 91 26 25 690 5026 31 25 32 22 21 22 20 1122 20 23 29 105 220 249 36 22 1215 26 40 555 95 63 56 48 26 34 22 24 430 593 21 1221 3315 271 264 25 236 916 40 344 40 451 37 84 93 61 2769 21
internal_value=0.00192839 -0.256699 4.75449 -0.611552 0.558407 3.64521 7.0202 6.08911 -0.94862 0.28919 8.9457 9.95125 0.5327 -0.343503 5.58551 3.93674 0.345471 6.81346 2.6986 2.40782 6.24602 -0.970232 4.62813 4.38548 8.62287 3.96417 1.22802 0.0351264 -0.174666 6.69231 -0.522046 8.37005 5.58061 -0.289956 -0.106929 1.57577 6.35507 1.28706 5.57759 4.52485 5.71941 6.90894 1.13827 1.61274 4.1413 -0.866841 -0.79516 0.235386 -0.905132 2.05956 1.00688 0.878647 4.67439 0.778533 1.87207 0.679266 1.79632 2.09561 4.29415 4.7353 0.054638 7.30168
internal_weight=27012 25618 1394 17848 7770 936 458 309 7906 5542 149 101 2719 9942 272 78 2077 48 477 416 194 7848 459 411 76 304 2228 1210 5110 48 4832 46 148 1928 1373 158 96 84 107 60 47 47 642 813 52 5922 4800 961 3579 45 1415 1152 61 867 72 795 212 175 259 166 2823 47
internal_count=27012 25618 1394 17848 7770 936 458 309 7906 5542 149 101 2719 9942 272 78 2077 48 477 416 194 7848 459 411 76 304 2228 1210 5110 48 4832 46 148 1928 1373 158 96 84 107 60 47 47 642 813 52 5922 4800 961 3579 45 1415 1152 61 867 72 795 212 175 259 166 2823 47
is_linear=0
shrinkage=0.05


Tree=34
num_leaves=63
num_cat=0
split_feature=17 7 15 7 7 0 7 17 3 7 12 8 12 18 3 22 19 0 2 21 2 3 2 0 6 17 1 1 7 1 12 19 6 2 5 19 7 10 10 9 0 6 20 7 20 1 0 21 1 2 2 19 6 7 2 2 2 10 11 5 12 18
split_gain=1.19958e+07 3.14611e+06 946618 837943 338830 233246 199748 179467 162557 111689 100270 99874.8 80108.3 84695.1 78039.6 71727.5 69688.1 68100.9 63654.6 76637.3 60060.7 89545.1 140319 61090.5 57671.6 57211.6 57125.5 55414.8 54669 54172.3 76853.3 61891.5 53601.6 51900.2 48778.5 64205.8 56015.3 48441.7 96814.6 47278.6 45733.4 44743.6 42618.7 42027.4 39903.5 39194.6 52598.1 48791.3 39052.7 36241 85420.9 35272.3 35457.2 33511.1 32961.4 44417.5 32355 31860.2 31798.7 31505.8 31493.3 31403.9
threshold=556.87500000000011 344.50000000000006 245.86833333333337 995.00000000000011 477.50000000000006 16.005000000000003 204.58500000000001 819.29166666666674 8.5000000000000018 288.16500000000002 283.54000000000002 1196.5000000000002 903.25000000000011 88.234363958285357 4.5000000000000009 4.5000000000000009 -0.10690476190476188 12.870000000000003 2021.5000000000002 0.11110555555555558 2020.5000000000002 9.5000000000000018 2023.5000000000002 14.485000000000001 -0.5 177.4579166666667 -15.014999999999999 -16.494999999999994 383.16500000000002 -16.429999999999996 804.00000000000011 0.095683229813664519 0.6830127018922193 2019.5000000000002 -0.24999999999999994 -0.12876954442782126 794.00000000000011 968.50000000000011 1105.5000000000002 854.00000000000011 14.555000000000001 0.25000000000000017 0.047625850340136118 677.50000000000011 -0.3494186046511627 -16.224999999999998 13.280000000000003 0.80090090090090105 -15.754999999999997 2021.5000000000002 2024.5000000000002 -0.37459677419354831 0.6830127018922193 552.50000000000011 2019.5000000000002 2023.5000000000002 2010.5000000000002 779.00000000000011 755.00000000000011 -0.6830127018922193 169.08500000000001 88.234363958285357
decision_type=2 2 2 2 2 2 2 2 2 2 2 2 2 2 2 2 2 2 2 2 2 2 2 2 2 2 2 2 2 2 2 2 2 2 2 2 2 2 2 2 2 2 2 2 2 2 2 2 2 2 2 2 2 2 2 2 2 2 2 2 2 2
left_child=1 2 6 7 10 8 25 34 11 51 18 29 13 -9 -13 41 -10 -15 -3 -20 24 -22 23 -23 -8 56 37 -14 -12 -5 31 -31 39 -17 42 -36 48 -18 -39 -19 -16 -6 43 -2 -11 46 -21 -47 -37 -27 -51 -4 54 -35 -53 -56 59 -50 -38 -1 -26 -30
right_child=3 4 9 5 15 -7 20 12 16 44 28 14 27 17 40 33 26 32 19 45 21 22 -24 -25 60 49 -28 -29 61 30 -32 -33 -34 53 35 36 58 38 -40 -41 -42 -43 -44 -45 -46 47 -48 -49 57 50 -52 52 -54 -55 55 -57 -58 -59 -60 -61 -62 -63
leaf_value=-2.1838742879789876 2.4332053073850872 -0.33733698676634299 1.7643643570172278 9.0295262159207166 1.4593533032313342 11.50774765167372 -0.40654844597079959 2.4224550412085053 7.8847638439793162 2.2807124245819166 0.66880015617840305 11.577948777500168 4.3381163427293137 6.7381741051173876 9.5800710445076085 -0.24961616326109204 5.6304173306164991 4.2106785850643993 -0.076771454056554347 3.5086496327257808 -0.35170159112811933 1.5497088205783074 -1.7752159530196445 4.9119269936005656 -1.2620671098226395 -0.90534995388037098 6.5150847908666369 6.7521151081899582 1.1191372499947561 6.1848452499526703 4.3631576460481032 9.2782473911327195 2.8887780926665485 1.8791887647507739 6.3635516736302442 3.8725736008367848 6.4249048901842789 0.41644612030960371 5.1599149842068082 6.0775094067213047 6.3112610643560236 -1.7968498810772644 0.88081240641446046 4.7899554211860416 0.048021602059707451 0.74740107207873141 1.0090370322644597 -0.51203444771445861 2.8951744119382963 2.9280708628507397 -1.5763738204451168 -0.27887012817644957 -0.49820737240486368 2.7658365717842113 0.34216616347994144 -0.45381740235462287 -1.0954026202430893 0.6286595114428013 3.6594978340229591 -1.31949366815748 -0.70964909362843354 2.4212007427413846
leaf_weight=146 71 226 21 23 21 28 1833 44 21 20 938 23 35 39 22 26 25 96 333 22 425 38 24 21 284 3791 30 80 1309 50 35 25 44 681 22 90 23 21 22 54 23 21 29 26 4588 356 451 98 70 20 22 3249 1427 127 533 261 1324 20 20 383 2834 48
leaf_count=146 71 226 21 23 21 28 1833 44 21 20 938 23 35 39 22 26 25 96 333 22 425 38 24 21 284 3791 30 80 1309 50 35 25 44 681 22 90 23 21 22 54 23 21 29 26 4588 356 451 98 70 20 22 3249 1427 127 533 261 1324 20 20 383 2834 48
internal_value=0.00186848 -0.216365 -0.474373 5.08916 0.960587 7.12289 -0.792087 4.16076 6.73573 -0.123748 0.755263 7.60549 4.9076 4.44297 9.17724 1.84661 5.26144 4.8233 0.435225 0.573815 -0.576034 -0.0582572 1.44287 2.7528 -0.629158 -0.9995 4.69178 6.02187 0.962456 6.79556 6.32063 7.22703 4.43506 1.94813 3.37053 3.78269 3.52532 3.87892 2.84979 4.88637 7.92716 -0.16903 2.5667 3.06925 0.0577625 0.807509 1.12603 0.475477 3.13446 -0.889164 0.570341 -0.276069 -0.283936 2.01888 -0.208296 0.0804836 -1.22767 2.39282 5.15026 -1.55843 -0.760006 1.16537
internal_weight=27012 25901 21244 1111 4657 348 11145 763 320 10099 3781 201 392 277 68 876 119 233 1486 1260 5459 508 83 59 4951 5686 98 115 2295 133 110 75 194 834 371 245 223 68 43 150 45 42 126 97 4608 927 473 454 180 3833 42 5491 5470 808 4043 794 1853 90 43 529 3118 1357
internal_count=27012 25901 21244 1111 4657 348 11145 763 320 10099 3781 201 392 277 68 876 119 233 1486 1260 5459 508 83 59 4951 5686 98 115 2295 133 110 75 194 834 371 245 223 68 43 150 45 42 126 97 4608 927 473 454 180 3833 42 5491 5470 808 4043 794 1853 90 43 529 3118 1357
is_linear=0
shrinkage=0.05


Tree=35
num_leaves=63
num_cat=0
split_feature=15 7 15 17 2 7 17 17 20 2 5 23 5 25 20 0 2 9 12 20 2 2 6 9 11 18 15 25 1 1 5 3 12 2 25 2 22 2 20 6 2 18 18 3 2 1 8 25 20 1 11 2 18 12 12 19 9 6 20 3 0 6
split_gain=1.11332e+07 2.92286e+06 865609 651627 373064 371976 205732 189921 156151 126286 111301 111329 103386 96034.7 92505.1 142301 87907.4 89399.7 87559 83359.1 81366 104194 123848 105159 77683.2 69231.9 68216.9 65474.1 62333.8 61115.6 59714.7 73683.2 58193 63200.2 72485.7 56040.9 55764.7 138498 54035.1 53622.4 51760.1 49961 47245.1 44794.4 55459.4 44152.6 48490.7 42968.4 42796.7 41244.5 40591.4 39568.5 55245.9 38664.2 38097.4 37632.7 37294.9 36849.4 35637.3 33884.9 33671.4 33105.7
threshold=586.08333333333337 325.50000000000006 242.68750000000003 1118.916666666667 2022.5000000000002 426.00000000000006 856.37500000000011 198.91333333333336 0.17098086124401915 2019.5000000000002 -0.5 44.500000000000007 -0.24999999999999994 1.5000000000000002 -0.063757590246234716 13.280000000000003 2023.5000000000002 1232.5000000000002 253.54000000000005 -1.0000000180025095e-35 2023.5000000000002 2021.5000000000002 1.0000000180025095e-35 305.50000000000006 502.00000000000006 247.30927760143524 447.25000000000006 8.5000000000000018 -16.494999999999994 -14.079999999999998 -0.6830127018922193 9.5000000000000018 283.54000000000002 2019.5000000000002 12.500000000000002 2010.5000000000002 5.5000000000000009 2021.5000000000002 0.079388422035480813 -0.24999999999999994 2021.5000000000002 135.98687856752832 58.465709126949513 9.5000000000000018 2022.5000000000002 -13.709999999999999 987.00000000000011 1.5000000000000002 0.11505395683453236 -14.079999999999998 315.50000000000006 2022.5000000000002 48.514570805948757 263.04000000000002 313.87500000000006 -1.0000000180025095e-35 1072.5000000000002 -0.68301270189221952 -0.21404483090873619 8.5000000000000018 14.255000000000001 1.0000000180025095e-35
decision_type=2 2 2 2 2 2 2 2 2 2 2 2 2 2 2 2 2 2 2 2 2 2 2 2 2 2 2 2 2 2 2 2 2 2 2 2 2 2 2 2 2 2 2 2 2 2 2 2 2 2 2 2 2 2 2 2 2 2 2 2 2 2
left_child=1 2 7 4 24 32 12 39 10 18 11 19 29 -14 15 -8 17 -12 -4 -5 21 30 23 -23 -2 45 40 -18 -15 38 31 -11 33 -3 50 -9 61 60 55 -1 47 -30 59 44 -42 46 -16 -7 54 -24 -35 -45 -53 -32 -28 -6 58 -52 -17 -22 -38 -37
right_child=3 5 9 8 6 26 14 35 -10 20 16 -13 13 28 25 56 27 -19 -20 -21 42 22 49 -25 -26 -27 48 -29 41 -31 53 -33 -34 34 -36 36 37 -39 -40 -41 43 -43 -44 51 -46 -47 -48 -49 -50 -51 57 52 -54 -55 -56 -57 -58 -59 -60 -61 -62 -63
leaf_value=-0.83163122461367456 10.835124803154388 -0.54139509292606058 -0.46162280205811923 1.7494563210064467 1.4253809065618162 1.7419658054759843 6.5152365589995513 -0.96854658027134843 11.222144916870583 0.11079383385951223 7.6669698476791384 8.4424358526865628 6.4982452561922166 1.1528619609927735 5.5794385402301252 4.5678406598732195 5.313894296531454 12.236112353576356 -0.10598816265382288 6.1598476762455228 -0.2327099533778752 2.5369692546654439 -0.081630130128361691 0.60693996594095134 6.8575842037379182 8.208646045250914 1.0648004828790414 8.9064682748080433 3.5338536745711799 4.4406167834447317 -0.39727050566562072 1.4722070440311543 0.76454531256501512 0.62810446941013487 3.0267680674901309 -0.49109145388423087 -0.64654952544146793 3.5176348026362692 -0.16276951540000326 -1.1817102246982969 3.6506556930410903 5.7444360824914469 0.61610984578083872 1.1608182325944891 1.3750837360798913 6.8458816984023407 4.0784052181938568 -1.0025330901145935 2.7003283117888248 1.7035008765616508 0.91717090391467693 0.79222328221058902 -2.2452610349275202 0.16821834902704624 1.823902435593858 3.4017365928230214 1.3447524165741784 -0.18049562697349852 2.5616988872044302 -1.0074086417227683 -0.093113660372921417 -0.77565715542178404
leaf_weight=1950 21 176 2917 22 51 20 39 881 26 280 25 20 32 24 128 42 34 20 4256 21 566 148 253 135 32 21 218 21 184 27 554 154 1928 809 27 2180 455 24 27 2496 29 30 127 104 343 36 96 49 107 37 96 37 25 665 691 46 26 374 48 188 694 1926
leaf_count=1950 21 176 2917 22 51 20 39 881 26 280 25 20 32 24 128 42 34 20 4256 21 566 148 253 135 32 21 218 21 184 27 554 154 1928 809 27 2180 455 24 27 2496 29 30 127 104 343 36 96 49 107 37 96 37 25 665 691 46 26 374 48 188 694 1926
internal_value=0.00741923 -0.201588 -0.462234 4.93625 4.38045 0.880031 4.12774 -0.779133 7.60856 -0.13528 7.0256 5.36195 3.33764 3.92404 4.88971 3.90318 8.06725 9.72044 -0.250617 3.91278 0.130992 0.29196 0.872914 1.61684 8.45112 5.43228 1.50308 6.69937 3.57532 2.28717 0.0905329 0.594115 0.583451 0.347818 0.467687 -0.599361 -0.53773 -0.233654 1.81504 -1.02819 1.08335 3.84631 -0.275704 1.24867 1.55343 5.20495 4.93827 -0.205584 1.75371 0.146619 0.413428 0.565181 -0.434132 -0.0887873 1.64199 2.36521 3.02008 0.0438454 3.50198 -0.425986 -0.312314 -0.624589
internal_weight=27018 25919 20886 1099 910 5033 857 10606 189 10280 163 63 421 270 436 155 100 45 7173 43 3107 2226 573 283 53 281 1623 55 238 151 1653 434 3410 1482 1306 6160 5279 1173 124 4446 607 214 881 538 372 260 224 69 1016 290 1279 166 62 1219 909 97 116 470 90 754 1149 4106
internal_count=27018 25919 20886 1099 910 5033 857 10606 189 10280 163 63 421 270 436 155 100 45 7173 43 3107 2226 573 283 53 281 1623 55 238 151 1653 434 3410 1482 1306 6160 5279 1173 124 4446 607 214 881 538 372 260 224 69 1016 290 1279 166 62 1219 909 97 116 470 90 754 1149 4106
is_linear=0
shrinkage=0.05


Tree=36
num_leaves=63
num_cat=0
split_feature=7 7 7 17 7 2 3 2 17 12 20 2 5 22 0 3 12 13 8 25 2 2 6 17 6 5 3 2 2 11 3 22 12 2 25 20 6 6 20 12 18 1 22 5 11 1 16 20 12 11 12 19 1 17 6 3 16 18 1 11 5 22
split_gain=9.96616e+06 2.57352e+06 779912 681604 319078 245740 209770 186222 163272 153788 128996 183338 100172 152782 90635.4 154183 89382.3 82375.2 79744.7 75507.5 73457.4 171229 116741 102087 65229.4 62061.6 117047 59620.4 78584.6 56295.9 52875.2 52753.6 52509.7 57042.1 65447.4 52500.2 52105.2 51420.6 51174.5 49591.7 49039.8 48996.8 59016.4 51994.2 47632 47163.2 46900.7 56265.1 48395.7 36633.2 36553.5 35799.2 35655.5 34911.2 33259.8 32969.7 32859.7 62061.5 32399.9 31901.4 41189.9 29830.3
threshold=598.00000000000011 325.50000000000006 224.50000000000003 1044.8470833333336 426.00000000000006 2022.5000000000002 8.5000000000000018 2019.5000000000002 819.29166666666674 258.54000000000002 0.099777777777777757 2023.5000000000002 -0.24999999999999994 1.0000000180025095e-35 15.190000000000001 9.5000000000000018 590.83500000000015 179.01333333333335 1155.0000000000002 5.5000000000000009 2023.5000000000002 2021.5000000000002 -0.5 302.86416666666673 -0.68301270189221952 -0.6830127018922193 9.5000000000000018 2021.5000000000002 2015.5000000000002 257.75000000000006 9.5000000000000018 4.5000000000000009 283.54000000000002 2019.5000000000002 12.500000000000002 0.27778888888888881 -0.24999999999999994 -0.5 -0.1032264268044301 263.04000000000002 13.594645781335393 -12.889999999999999 7.5000000000000009 -0.5 323.16500000000002 -13.709999999999999 38.729833462074446 -0.066673333333333293 804.00000000000011 315.50000000000006 243.80000000000004 -0.051655719759168044 -16.244999999999994 280.00458333333341 -0.68301270189221952 2.5000000000000004 143.63025473927016 59.870535803137351 -15.944999999999999 440.50000000000006 -0.5 4.5000000000000009
decision_type=2 2 2 2 2 2 2 2 2 2 2 2 2 2 2 2 2 2 2 2 2 2 2 2 2 2 2 2 2 2 2 2 2 2 2 2 2 2 2 2 2 2 2 2 2 2 2 2 2 2 2 2 2 2 2 2 2 2 2 2 2 2
left_child=1 2 17 5 32 6 -2 9 41 37 12 -12 14 18 15 -5 27 -1 38 -18 21 25 23 -23 52 26 -9 28 44 -24 -29 -32 33 55 49 46 -19 61 -14 -27 -39 43 -43 51 -6 59 48 -48 -26 -35 -33 -7 -10 -38 -51 -3 57 -45 -53 60 -22 -4
right_child=3 4 7 10 16 8 -8 20 24 -11 11 -13 13 -15 -16 -17 19 36 -20 -21 45 22 29 -25 35 39 -28 30 -30 -31 31 50 -34 34 -36 -37 53 40 -40 -41 -42 42 -44 56 -46 -47 47 -49 -50 54 -52 58 -54 -55 -56 -57 -58 -59 -60 -61 -62 -63
leaf_value=-1.1175436964457377 9.9011087946717513 0.8822932246100168 -0.58360122588390118 8.3460735195894955 -0.49224661378204981 -0.064099357035252949 4.1071125955379983 -0.055625220568500527 7.0549086184849159 -0.10731654104603748 11.290850547721378 6.0615782919772325 5.4553603444403231 3.1008377702880248 1.9931173322427325 3.4478459424782346 5.9128989755810792 -0.5627717295111313 9.7589883184840538 1.5624910228881077 -1.0956357564648547 2.8300785664792811 1.1133658552314318 0.70138270592819785 0.9521320532889388 -0.42225663825267135 1.4431200932251191 1.6431880567682005 -2.2644020962517293 -0.10104224799444882 -0.83078604795219446 -0.34388359813998653 0.72625104532944551 0.59670312745576515 2.8759881590565195 1.5543138210242393 -0.90149627802030019 -0.2820128812373377 8.2488596293042384 0.15441612676064273 -0.71486045985040703 5.9806655593302054 2.596831242974234 2.5399077653685498 1.7797398451063327 1.3395176279573147 3.5950194111898912 5.0270412362982277 4.201461652304622 0.87136008552160293 1.3110072966772544 1.0430251985158083 4.8266547951803194 1.0101423256624782 -0.17147326038320299 -0.84916678078152796 1.6535903663186156 4.3622984732711361 3.17538182863494 0.67415380750612075 -0.26043104757105845 -0.16125919415399889
leaf_weight=2149 30 34 610 30 37 23 33 392 27 4423 33 35 36 21 22 35 20 2172 35 20 194 123 169 104 22 831 195 997 24 219 37 37 1929 809 27 21 2913 856 32 676 2781 26 26 112 61 42 126 155 24 96 336 33 59 24 374 142 36 81 39 67 617 1329
leaf_count=2149 30 34 610 30 37 23 33 392 27 4423 33 35 36 21 22 35 20 2172 35 20 194 123 169 104 22 831 195 997 24 219 37 37 1929 809 27 21 2913 856 32 676 2781 26 26 112 61 42 126 155 24 96 336 33 59 24 374 142 36 81 39 67 617 1329
internal_value=0.0070789 -0.195589 -0.439121 4.55723 0.825767 3.86883 6.87756 -0.216142 3.63399 -0.32749 6.70909 8.61224 6.09194 7.00814 4.7795 5.71799 1.41587 -0.857789 7.80094 3.74714 0.0906542 0.221748 0.955184 1.85558 4.29531 0.00630358 0.442407 1.35463 0.294002 0.428052 1.44657 0.968152 0.554297 0.330441 0.44432 3.98776 -0.748508 -0.50213 6.7802 -0.16358 -0.612998 2.86971 4.29708 2.63936 0.922271 -0.295338 4.1435 4.38645 2.65298 0.392762 1.14679 1.65301 5.53366 -0.88584 0.0416604 -0.514341 3.04762 3.30663 2.20092 -0.373692 -0.460338 -0.294152
internal_weight=27018 25866 20886 1152 4980 873 63 13628 810 9999 279 68 211 124 87 65 1569 7258 103 40 3629 2709 615 227 434 2094 587 1529 122 388 1407 410 3411 1482 1306 348 5109 5576 68 1507 3637 376 52 324 98 920 327 281 46 1279 373 95 86 2937 470 176 229 193 72 878 811 1939
internal_count=27018 25866 20886 1152 4980 873 63 13628 810 9999 279 68 211 124 87 65 1569 7258 103 40 3629 2709 615 227 434 2094 587 1529 122 388 1407 410 3411 1482 1306 348 5109 5576 68 1507 3637 376 52 324 98 920 327 281 46 1279 373 95 86 2937 470 176 229 193 72 878 811 1939
is_linear=0
shrinkage=0.05


Tree=37
num_leaves=63
num_cat=0
split_feature=17 7 13 7 13 11 17 11 19 20 5 1 3 23 2 17 2 2 19 1 3 21 20 11 0 2 23 9 1 3 17 2 16 21 14 19 16 21 7 19 7 2 19 21 2 13 1 1 3 2 18 17 3 3 9 16 20 3 0 14 1 11
split_gain=9.00712e+06 2.05616e+06 883120 501518 422205 226474 218129 182775 147071 128476 102689 100156 110995 98726.1 94832.2 91741.7 107044 170334 77127.1 81899.4 72871.9 70806.5 69053 67564.7 64338.3 60862.4 79581.5 77719.4 55425.3 53882.6 53123.2 53011.3 51867.2 51532.1 51326.6 84499.9 61008 56184.2 51283.9 48653.4 47040.3 46139.1 44865.3 43237.2 45531.3 66629.8 67186.5 42543.2 41300.2 39731.5 40211.4 37446.1 37052.2 38285.6 35322.5 33493.9 33149.5 31072.3 28965.8 28147.6 29580.5 40621.4
threshold=508.60416666666669 295.28000000000003 875.33333333333337 394.50000000000006 205.08333333333334 755.00000000000011 1118.916666666667 502.00000000000006 0.0091000828114229399 0.17098086124401915 -0.5 -15.014999999999999 8.5000000000000018 44.500000000000007 2019.5000000000002 258.0866666666667 2021.5000000000002 2023.5000000000002 -0.035221145660193735 -16.284999999999997 4.5000000000000009 -0.14285269012071364 -1.0000000180025095e-35 1077.5000000000002 13.280000000000003 2023.5000000000002 44.500000000000007 1232.5000000000002 -16.224999999999998 9.5000000000000018 436.87500000000006 2017.5000000000002 13.005968173853576 0.3333416666666667 128.7761454804635 -0.14285102032069849 127.79702038617442 -0.30768964494993151 153.06000000000003 -1.0000000180025095e-35 794.00000000000011 2010.5000000000002 0.11110555555555558 -0.016848018923713789 2021.5000000000002 304.62500000000006 -13.709999999999999 -16.349999999999998 8.5000000000000018 2022.5000000000002 38.809598852916352 894.10416666666674 10.500000000000002 4.5000000000000009 411.00000000000006 91.982719643805183 -0.031991471215351834 2.5000000000000004 15.065000000000001 8.6602540378451049 -15.264999999999999 338.50000000000006
decision_type=2 2 2 2 2 2 2 2 2 2 2 2 2 2 2 2 2 2 2 2 2 2 2 2 2 2 2 2 2 2 2 2 2 2 2 2 2 2 2 2 2 2 2 2 2 2 2 2 2 2 2 2 2 2 2 2 2 2 2 2 2 2
left_child=1 4 5 14 38 40 7 8 -4 10 13 12 18 22 33 16 41 20 -9 -20 -18 23 -8 -14 59 27 -27 -12 -23 30 31 57 -31 -3 35 -7 -36 51 -1 -13 -2 -6 56 -16 -45 46 -46 -33 -40 -34 -51 -37 53 -43 -32 -17 -39 -26 -54 -5 61 -61
right_child=2 3 6 24 15 34 9 11 -10 -11 25 39 21 -15 43 55 17 -19 19 -21 -22 28 -24 -25 29 26 -28 -29 -30 32 54 47 49 -35 36 37 -38 42 48 -41 -42 52 -44 44 45 -47 -48 -49 -50 50 -52 -53 58 -55 -56 -57 -58 -59 -60 60 -62 -63
leaf_value=-1.3035781378806632 2.1475655313177278 -0.0054257446158402613 4.8127465596131245 0.9403593109788293 -0.89329803578658096 7.2838386668494683 1.506015015187846 2.1272194973271876 10.698162317060238 10.231038912776786 6.8636971161078622 7.4924654541146714 2.0597604741613229 7.738246792940358 0.052204327448618942 -0.1836955660694263 0.46940439372558757 -1.2204123428389542 8.3046209143236354 4.6634142567795349 3.0713391263114671 2.6747794326095335 5.5194734270538763 5.7100616860663758 1.1632012428175578 8.0518380925224271 3.9692793796504788 11.15878342490884 -0.60204943790694698 1.1147010884286221 3.2151694808219307 1.416430479459152 0.63069311721298238 -0.85706132686682968 0.43184192160405727 1.1853896483831983 3.7575016711278746 3.2112668388218992 -0.74855586168252053 4.894905651408866 4.2229739888836839 -0.56896803877867563 5.7892394207362221 0.18492241998170639 1.16712734132256 0.48963025716536096 4.2330440624436338 0.70659226338420122 -1.0888675707708491 0.23619172500996399 -1.2188096926838836 3.7754957937260962 -0.86562676282984041 -0.29505436096276733 1.3962822973482876 1.7678619761272794 4.5057089818129761 -1.0048618847244579 -0.24518071427294244 3.0593932876205812 1.2994086996751415 1.5521861974853715
leaf_weight=668 477 2217 21 204 661 20 22 20 22 26 24 29 25 20 1011 4269 47 68 21 61 63 31 21 26 23 27 22 20 22 191 29 317 183 193 22 28 37 89 3503 51 29 2083 40 1070 163 1392 20 633 1197 109 84 28 823 3293 334 22 116 58 244 72 258 119
leaf_count=668 477 2217 21 204 661 20 22 20 22 26 24 29 25 20 1011 4269 47 68 21 61 63 31 21 26 23 27 22 20 22 191 29 317 183 193 22 28 37 89 3503 51 29 2083 40 1070 163 1392 20 633 1197 109 84 28 823 3293 334 22 116 58 244 72 258 119
internal_value=0.00675039 -0.206431 3.91624 0.419329 -0.52705 2.96092 5.5717 4.80009 7.84184 6.9631 6.4122 4.34017 3.75329 4.83823 0.16983 -0.357046 -0.46511 0.745651 4.92585 5.60496 1.96108 2.5996 3.47445 3.92833 0.99828 7.47205 6.23077 8.837 1.31592 0.855046 1.0222 0.838896 0.443962 -0.0736621 3.88364 4.13334 2.52034 3.92164 -0.893553 5.84476 2.26733 -0.495458 4.24886 0.330337 0.43664 0.607623 1.50436 0.943583 -0.835249 0.103022 -0.39735 2.48495 -0.454629 -0.401195 1.54245 -0.173648 3.9456 -0.388502 -0.723785 1.42822 1.6496 2.12168
internal_weight=27018 25621 1397 8680 16941 886 511 329 43 182 156 286 206 63 6066 11573 7282 178 102 82 110 104 43 51 2614 93 49 44 53 1961 1394 1031 567 2410 380 321 59 301 5368 80 506 7104 245 3656 2645 1575 183 950 4700 376 193 56 6443 5376 363 4291 205 81 1067 653 449 191
internal_count=27018 25621 1397 8680 16941 886 511 329 43 182 156 286 206 63 6066 11573 7282 178 102 82 110 104 43 51 2614 93 49 44 53 1961 1394 1031 567 2410 380 321 59 301 5368 80 506 7104 245 3656 2645 1575 183 950 4700 376 193 56 6443 5376 363 4291 205 81 1067 653 449 191
is_linear=0
shrinkage=0.05


Tree=38
num_leaves=63
num_cat=0
split_feature=17 13 17 13 13 21 23 21 6 22 19 13 17 8 11 6 17 5 20 25 13 21 6 5 11 8 21 11 20 0 21 1 22 10 19 6 20 22 21 12 1 18 19 19 17 25 18 8 11 12 18 12 0 3 18 19 23 0 3 18 1 8
split_gain=8.13773e+06 2.11771e+06 512180 487979 430185 161994 126140 122590 117215 106323 106208 102260 93904.7 87363.7 85754.6 79564.1 78047.8 72511.8 68241.6 62868.4 55663.2 53654 53493.9 52678.3 52295.2 50896.5 50786.5 49590.2 45382.9 48919.5 47662.9 41952.9 41848.2 41592.1 39079.7 37116.9 37084 38337.9 38859 36571.6 43780.2 44101 30981 30291 37823.6 29955.4 57080.4 29567.7 29293.2 28904.7 28214 26232 25765.9 25307.5 23445.5 22739.1 22144.1 20311.1 19556.3 19172.1 18674 18669.6
threshold=556.87500000000011 299.99833333333339 1044.8470833333336 408.50000000000006 209.62500000000003 1.1733333333333336 25.500000000000004 -0.093326666666666711 -0.9330127018922193 5.5000000000000009 -0.057047584715212644 348.70833333333343 856.37500000000011 941.50000000000011 1005.0000000000001 0.6830127018922193 456.29166666666669 -0.5 0.034052257266543047 1.5000000000000002 252.69500000000002 -0.39846268235137733 -0.5 -0.24999999999999994 627.50000000000011 169.08500000000001 0.26814634146341471 1155.0000000000002 -0.063757590246234716 13.280000000000003 0.19762753182160267 -15.579999999999998 4.5000000000000009 169.08500000000001 0.11510336012585111 0.25000000000000017 0.099777777777777757 6.5000000000000009 0.28572346951895239 243.80000000000004 -16.234999999999996 45.517520748436418 0.018547184955853727 0.054389890914191448 316.67000000000007 9.5000000000000018 77.687490045012723 504.00000000000006 1036.0000000000002 142.75000000000003 22.3279981104704 177.64000000000001 12.870000000000003 6.5000000000000009 64.937936527731807 0.013518992024165068 32.500000000000007 15.190000000000001 4.5000000000000009 7.5791903965252425 -13.494999999999999 518.50000000000011
decision_type=2 2 2 2 2 2 2 2 2 2 2 2 2 2 2 2 2 2 2 2 2 2 2 2 2 2 2 2 2 2 2 2 2 2 2 2 2 2 2 2 2 2 2 2 2 2 2 2 2 2 2 2 2 2 2 2 2 2 2 2 2 2
left_child=1 4 5 11 25 8 13 18 56 15 -9 22 14 -4 19 20 32 -15 23 -10 49 -13 34 -8 -14 57 -21 31 29 -26 -30 -12 53 -11 -3 -27 37 38 -18 40 -23 -42 -22 59 -45 47 -47 -34 -19 -6 -24 -35 -36 -5 -52 -38 -2 -1 -51 -41 -44 -57
right_child=2 3 6 16 9 -7 7 10 12 33 27 21 24 17 -16 -17 36 48 -20 26 42 39 50 -25 28 35 -28 -29 30 -31 -32 -33 45 51 52 -37 55 -39 -40 43 41 -43 60 44 -46 46 -48 -49 -50 58 54 -53 -54 -55 -56 61 -58 -59 -60 -61 -62 -63
leaf_value=-1.1245676786442556 4.8644641034912848 0.29752801905987702 1.6667113740645829 1.1285671628754714 -1.9606049243276911 6.805495899514046 4.4181791676655076 4.7538091837470215 4.8199354622164678 2.126242262125015 8.3836530335274997 3.1149878458004094 1.4206713524623888 3.7332837617929218 -0.20113844045828949 -0.74879656870739364 0.12009918520330219 5.4214742924743922 3.1319479119233571 2.5335921610587033 -0.25105939413186679 0.71567107380952333 0.12481264190219826 7.6191548673047755 5.040856226239625 -0.63333978420929515 4.5677165148195291 7.084156969640528 4.2143663451845432 2.5038419394155813 6.6049248477730025 11.380879699738687 0.90790978589288707 -0.6976418529905446 2.8854066636890034 -0.93197684348192844 1.6791853703960851 1.5879868310343883 2.4141059028121816 1.097396093848771 -1.4030829587069296 0.079438965324024238 0.11220424951062923 2.31704105966945 0.82762115754234555 0.97591937295226172 2.4962047124551203 -0.79975984064555261 8.0461288974295915 -0.6109313548040336 -0.29340268734824398 -0.13058552549909627 0.91059785143565275 -0.75084222270707535 0.46453045122880471 2.3732995574242799 7.0301069060368322 -0.16088206674088112 -0.35275579504232707 0.466096166182977 0.9176849137437737 4.2187875825355503
leaf_weight=1370 33 1177 20 26 31 37 22 20 40 20 27 20 20 38 23 1598 92 23 24 326 775 186 1441 33 26 2833 34 27 177 72 24 24 908 212 21 1646 61 533 23 133 66 208 393 51 259 202 89 26 22 1043 965 5314 77 57 114 38 20 57 2475 1256 88 22
leaf_count=1370 33 1177 20 26 31 37 22 20 40 20 27 20 20 38 23 1598 92 23 24 326 775 186 1441 33 26 2833 34 27 177 72 24 24 908 212 21 1646 61 533 23 133 66 208 393 51 259 202 89 26 22 1043 965 5314 77 57 114 38 20 57 2475 1256 88 22
internal_value=0.00644312 -0.173346 4.1946 0.499872 -0.476908 3.57125 6.04487 6.85688 3.41988 -0.30436 8.04305 0.270335 3.25673 4.64413 2.76673 -0.443167 1.16003 5.35865 5.37706 2.9374 -0.34151 0.543332 0.113576 6.3492 3.9054 -0.825996 2.72693 8.87922 4.07105 3.18143 4.50297 9.81372 0.924877 -0.144097 0.377476 -0.743106 1.55983 1.40934 0.580643 0.519364 0.123829 -0.278028 -0.055434 0.626437 1.07334 0.998489 1.4416 0.860287 6.71975 -0.442747 -0.0199526 -0.152353 1.33633 -0.161402 -0.213284 2.36388 5.69348 -1.08609 -0.429315 0.526623 0.259739 3.05596
internal_weight=27018 25906 1112 8051 17855 832 280 177 795 11949 98 5974 742 103 423 6403 2077 83 79 400 4805 2179 3795 55 319 5906 360 78 299 98 201 51 1308 5546 1275 4479 769 648 115 2159 460 274 1256 1699 310 1225 291 934 45 3549 2520 5526 98 83 1079 121 53 1427 3518 1389 481 60
internal_count=27018 25906 1112 8051 17855 832 280 177 795 11949 98 5974 742 103 423 6403 2077 83 79 400 4805 2179 3795 55 319 5906 360 78 299 98 201 51 1308 5546 1275 4479 769 648 115 2159 460 274 1256 1699 310 1225 291 934 45 3549 2520 5526 98 83 1079 121 53 1427 3518 1389 481 60
is_linear=0
shrinkage=0.05


Tree=39
num_leaves=63
num_cat=0
split_feature=15 2 15 15 21 21 13 11 6 2 15 1 25 10 1 6 0 2 6 5 10 10 1 0 20 18 2 18 25 10 1 19 1 2 8 6 12 18 19 2 6 25 6 18 12 0 0 5 10 0 5 21 21 14 19 2 2 11 18 2 5 0
split_gain=7.42255e+06 1.94096e+06 559237 420392 370588 159853 146961 131597 120354 119916 116280 107741 106822 105600 92075.7 90825 87859.7 85623.8 159820 84661.6 81735 80800.2 74082.8 65244.1 90616.7 64500.7 63577.8 60501.1 55456.2 55011.5 51291.5 102014 47867.5 47071.1 45609.4 41973.6 52082.6 41633.2 41474.4 39958.5 39810.6 39614.5 39026.2 45241.4 34951.9 34257.8 35607.4 33455.6 32876.6 32448.3 32278.8 31712.2 63047.5 39115 31366.2 30309.4 40236 29353.4 29095.3 28972.1 28450.2 27760.3
threshold=586.08333333333337 2021.5000000000002 242.68750000000003 1004.8333333333334 -0.016848018923713789 1.0010810810810813 446.16666666666669 497.00000000000006 -0.24999999999999994 2022.5000000000002 201.67416666666668 -13.324999999999998 8.5000000000000018 294.12500000000006 -17.154999999999998 -0.24999999999999994 14.735000000000001 2022.5000000000002 1.0000000180025095e-35 -0.24999999999999994 1487.5000000000002 349.50000000000006 -14.079999999999998 13.725000000000001 0.052718429737710577 108.61230281788228 2009.5000000000002 125.13203482415412 12.500000000000002 335.50000000000006 -14.424999999999999 -0.12472222222222222 -16.194999999999997 2023.5000000000002 953.25000000000011 0.6830127018922193 375.83500000000009 44.958429761476651 -0.071445790508842852 2010.5000000000002 -0.24999999999999994 11.500000000000002 0.6830127018922193 22.544491186034531 408.16500000000002 14.255000000000001 13.690000000000001 -0.5 308.16500000000002 12.705000000000002 0.25000000000000011 -0.074254433378567949 -0.18432748538011692 60.067978537529491 0.034491676729265904 2012.5000000000002 2016.5000000000002 193.45000000000002 72.011722732169801 2018.5000000000002 -0.5 14.890000000000002
decision_type=2 2 2 2 2 2 2 2 2 2 2 2 2 2 2 2 2 2 2 2 2 2 2 2 2 2 2 2 2 2 2 2 2 2 2 2 2 2 2 2 2 2 2 2 2 2 2 2 2 2 2 2 2 2 2 2 2 2 2 2 2 2
left_child=1 2 10 5 7 14 17 9 12 19 40 20 16 25 -2 41 -5 18 28 -3 23 47 32 49 27 42 -15 -25 48 50 33 -32 -11 38 -33 36 -9 -37 -17 60 -1 51 -4 -44 -35 46 -41 -19 -6 -10 -28 52 -16 -53 -8 -47 -57 -20 -34 -48 -12 -42
right_child=3 4 13 8 6 -7 54 35 11 22 39 -13 -14 26 15 30 -18 21 57 -21 -22 -23 -24 24 -26 -27 29 -29 -30 -31 31 34 58 44 -36 37 -38 -39 -40 45 61 -43 43 -45 -46 55 59 -49 -50 -51 -52 53 -54 -55 -56 56 -58 -59 -60 -61 -62 -63
leaf_value=-0.68044592877854448 6.5468022973616549 3.458073553724109 -0.16548099050908713 7.503195987307727 1.9088174873851629 7.344084021864659 1.2793109920677943 0.68743055681961407 3.9038331102969042 -0.10586717883622099 -1.2572897255034297 8.0995596224836302 9.0068870361123938 -0.6375563621099215 3.5336056043748116 -0.58048137872704964 3.4036535013244449 -0.68411526815975954 -1.0864721608735441 0.388259809635149 6.9942904901668372 0.72304594122234511 0.68297797899155444 0.5927393927884741 5.9341093682714936 -3.0824577785249971 0.20994411218836428 3.4898560176444335 4.0177138343167949 0.64273757511322815 7.0075831351588622 2.5462040826175993 -0.79062091172028615 0.72190192066021819 5.1704511267314031 0.9762635151084228 2.4648375215741662 -1.6929198085992045 2.4872841755549118 -0.38504480599469776 -1.0332812057456271 6.0433374347108781 -0.25956749717464872 -0.8135228548092871 2.8760817777453456 0.0092095580913981057 -1.1128350665221951 0.23740981948880857 0.93238149317846308 6.4847654141289048 -0.12797254850331027 3.8067874655255758 6.1840215238308271 1.432900906843968 2.0187785232607394 -0.59721860388320447 -0.21538002457695435 0.55617406916291268 1.0213045514507211 -0.52931777104848476 -0.60422268757042508 -0.55501974472261328
leaf_weight=2273 21 37 4245 28 316 25 874 83 20 723 266 24 41 279 68 21 25 128 29 57 29 1636 189 26 27 20 1650 59 26 481 20 80 550 20 21 43 82 22 23 759 2218 23 1050 568 347 489 481 426 119 34 1236 58 34 25 172 1468 1302 417 23 382 448 352
leaf_count=2273 21 37 4245 28 316 25 874 83 20 723 266 24 41 279 68 21 25 128 29 57 29 1636 189 26 27 20 1650 59 26 481 20 80 550 20 21 43 82 22 23 759 2218 23 1050 568 347 489 481 426 119 34 1236 58 34 25 172 1468 1302 417 23 382 448 352
internal_value=0.00614703 -0.164511 -0.400746 4.03063 0.627973 3.41266 0.888671 0.0309001 5.58086 -0.131879 -0.653573 4.93335 7.08251 -0.123796 3.28255 3.18904 5.5796 0.715562 1.12409 1.59903 4.53968 0.546322 -0.241549 4.10688 3.41254 -0.25483 0.0876323 2.60548 1.77683 0.147742 2.84143 3.74822 -0.376422 2.57361 3.09646 1.14801 1.57174 0.0715581 1.02501 -0.498291 -0.832953 4.07629 -0.245131 -0.454075 2.75893 -0.447165 -0.634939 0.0244002 1.64199 5.53794 0.0652219 3.82857 4.42232 3.09441 1.40109 -0.353692 -0.417757 0.449134 -0.717717 -0.854643 -0.847671 -0.967802
internal_weight=27018 25919 19967 1099 5952 786 4143 1809 313 1579 10438 219 94 9529 761 740 53 3097 907 94 195 2190 1485 166 112 5883 3646 85 461 3367 532 121 1296 411 101 230 165 65 44 5595 4843 208 5863 1618 367 4881 1622 554 435 54 2886 185 102 83 1046 3259 2770 446 573 863 714 2570
internal_count=27018 25919 19967 1099 5952 786 4143 1809 313 1579 10438 219 94 9529 761 740 53 3097 907 94 195 2190 1485 166 112 5883 3646 85 461 3367 532 121 1296 411 101 230 165 65 44 5595 4843 208 5863 1618 367 4881 1622 554 435 54 2886 185 102 83 1046 3259 2770 446 573 863 714 2570
is_linear=0
shrinkage=0.05


Tree=40
num_leaves=63
num_cat=0
split_feature=7 15 7 7 7 11 7 1 5 25 21 21 20 25 15 12 3 21 11 15 12 3 23 12 23 6 19 5 23 8 17 12 6 19 12 6 12 7 6 12 20 18 18 21 21 18 12 23 25 7 25 23 11 0 25 0 12 7 17 12 14 3
split_gain=6.43348e+06 1.47513e+06 816745 370900 288504 190772 160911 121520 105398 117427 98980.7 70216.8 68204.2 67494.6 65274.5 54637.7 55225.1 53854.9 64705.4 53094.6 51898.1 49973.1 47523 46724.7 46304.8 45691.9 43912.4 43702.8 60489.9 54964.1 41157.1 50674.7 51515.1 60073.5 45137.2 35240.5 34789.3 34389.5 32159.7 49029.6 33033.2 31625.5 44036 30783.9 29987.1 29709.2 29341.4 29326.1 28780.3 28234.2 27684.5 27246.6 26568.7 25982.7 25793.5 25435.1 24490.5 23279.7 22316.9 22098.6 32746.1 21951.3
threshold=518.50000000000011 282.12500000000006 939.00000000000011 381.12500000000006 224.50000000000003 755.00000000000011 1031.5000000000002 -16.429999999999996 -0.24999999999999994 5.5000000000000009 0.45477272727272738 0.12501022745868109 0.052718429737710577 7.5000000000000009 181.47916666666671 237.75000000000003 10.500000000000002 0.66667353951890052 1005.0000000000001 344.75000000000006 492.50000000000006 8.5000000000000018 41.500000000000007 163.87500000000003 17.500000000000004 -0.5 0.02459036549645122 -0.24999999999999994 47.500000000000007 779.00000000000011 1118.916666666667 977.50000000000011 -0.68301270189221952 0.074769578241391202 602.08500000000015 0.25000000000000017 1055.0000000000002 468.00000000000006 -0.5 229.58500000000001 0.12500803582908329 116.66099553250947 63.124997969044394 0.19368430590793775 -0.051974025974025999 44.958429761476651 238.16500000000005 2.5000000000000004 7.5000000000000009 145.50000000000003 4.5000000000000009 32.500000000000007 602.50000000000011 14.255000000000001 5.5000000000000009 14.255000000000001 287.75000000000006 266.83500000000009 308.55916666666673 483.66500000000002 17.559422921421262 5.5000000000000009
decision_type=2 2 2 2 2 2 2 2 2 2 2 2 2 2 2 2 2 2 2 2 2 2 2 2 2 2 2 2 2 2 2 2 2 2 2 2 2 2 2 2 2 2 2 2 2 2 2 2 2 2 2 2 2 2 2 2 2 2 2 2 2 2
left_child=1 4 5 19 14 27 13 10 9 -9 20 30 -11 21 49 45 37 18 -10 38 -8 -4 -15 -6 -23 -25 59 28 52 41 31 32 34 -34 -7 -16 -24 58 40 43 61 42 -29 -40 -39 53 -27 -47 50 -1 -33 -49 -2 -5 -44 -37 -21 -48 -17 60 -18 -3
right_child=2 3 6 15 23 11 7 8 17 12 -12 -13 -14 22 35 16 26 -19 -20 56 -22 24 36 25 -26 46 -28 29 -30 -31 -32 48 33 -35 -36 55 -38 44 39 -41 -42 -43 54 -45 -46 47 57 51 -50 -51 -52 -53 -54 -55 -56 -57 -58 -59 -60 -61 -62 -63
leaf_value=-1.3619548654240188 1.7734217007128508 -0.18336966713240746 4.2424046868374123 -1.9352551500459283 -0.91314067898638762 5.2491874676836119 8.1773053221441625 0.886283914212188 9.7302815911894154 3.5301038944047947 10.432894968689723 0.3386122536006852 7.0156365063797512 6.8093953024480758 -0.49154968916913538 1.9025550057123419 0.86306867235803875 4.7653347000765161 5.9710093572130951 0.16182491335266405 4.5716860657195912 3.5519609424143077 3.3256865913517921 -0.10184442774170598 0.5908148513609669 -0.46226477200476418 -0.52087832652829846 1.8970219455489667 -1.2469956530778894 4.3326802553231181 5.2673945471369477 4.0935536153599035 2.2654257687002861 4.3396313676358407 2.3098569228281427 -0.97529072711006559 5.837501723903082 2.879150969811318 -0.76178490835414459 0.041032273928876539 0.96196821387468878 0.70456466683723085 4.9324521156092782 0.0032913559214341535 1.2942066677303989 2.2608673558980934 -0.36838551155019994 -0.21644002388978181 2.9342016190961244 -0.8555470789392301 6.2672060649049772 0.81198017925443178 -0.15041689943911424 0.073288295614464552 2.6259541368930144 -0.61724879212829631 0.58209385395575675 -0.089376952073373914 0.86530662617828491 1.7374545276579891 -0.27856274052501129 0.26084306066727325
leaf_weight=320 173 362 64 26 284 39 20 22 21 30 24 20 27 29 2903 54 213 26 27 630 21 28 36 2957 25 2735 98 215 21 28 27 48 210 42 20 833 23 32 346 2870 139 40 20 212 442 21 1573 123 31 1983 22 135 20 42 32 1229 771 1425 1302 43 89 1199
leaf_count=320 173 362 64 26 284 39 20 22 21 30 24 20 27 29 2903 54 213 26 27 630 21 28 36 2957 25 2735 98 215 21 28 27 48 210 42 20 833 23 32 346 2870 139 40 20 212 442 21 1573 123 31 1983 22 135 20 42 32 1229 771 1425 1302 43 89 1199
internal_value=-0.00190692 -0.185747 3.25985 0.322033 -0.471777 2.4856 5.10383 6.05119 5.27427 3.99465 7.86896 3.23805 5.19063 4.0939 -0.705936 0.824577 0.913789 6.63304 7.6326 0.120359 6.34626 3.30135 5.14264 -0.282126 2.15903 -0.261493 0.412731 1.85603 1.29675 2.21279 3.37002 3.24442 2.92623 2.61273 4.25848 -0.603856 4.31317 1.03505 0.0458268 -0.0423497 0.223627 2.01808 2.21451 -0.471153 1.4018 0.240087 -0.343833 0.468503 4.22027 -0.92597 4.78474 0.321774 1.57406 -0.696325 3.52093 -0.761932 0.393136 -0.235777 0.906754 0.678019 0.52663 0.157821
internal_weight=26822 25391 1431 9149 16242 1008 423 218 153 79 65 459 57 205 7268 2620 2273 74 48 6529 41 117 88 8974 53 8690 443 549 214 335 439 412 311 252 59 4965 59 1830 5128 3428 1700 307 267 558 474 347 5733 279 101 2303 70 258 193 68 52 2062 1401 2998 1356 345 302 1561
internal_count=26822 25391 1431 9149 16242 1008 423 218 153 79 65 459 57 205 7268 2620 2273 74 48 6529 41 117 88 8974 53 8690 443 549 214 335 439 412 311 252 59 4965 59 1830 5128 3428 1700 307 267 558 474 347 5733 279 101 2303 70 258 193 68 52 2062 1401 2998 1356 345 302 1561
is_linear=0
shrinkage=0.05


Tree=41
num_leaves=63
num_cat=0
split_feature=7 13 7 15 7 7 7 16 1 10 9 7 22 25 5 25 20 12 22 25 14 12 3 1 10 25 3 3 7 25 15 12 20 12 9 3 3 14 16 3 17 19 7 17 21 16 1 17 12 15 20 19 10 8 20 5 18 12 16 23 14 21
split_gain=5.80781e+06 1.33592e+06 737531 315112 271601 167590 145327 139928 73688.9 80103.2 100754 70300.5 61658.6 60951.6 55614.3 61737.4 54496.7 50597.2 48303.6 47817.5 57229.3 105345 45097.1 46389.1 43138.4 64296.5 41191.7 69435.3 39312.3 50451.2 37133.1 33591.6 38249.2 33365.3 34297.9 32193.5 31775.9 39871.9 31383.1 82176.2 33751 29720.2 31537.7 28566 34176.6 28158.3 26656.1 26246.5 25847.4 24538.7 35376 23896 23030.9 23018.1 21605.5 21575.2 35196.4 22729.4 21509.6 21031.2 23189.3 20958.4
threshold=518.50000000000011 297.95833333333343 939.00000000000011 224.97916666666671 381.12500000000006 627.50000000000011 1031.5000000000002 54.772255750516514 -16.429999999999996 1341.5000000000002 1196.5000000000002 172.25000000000003 5.5000000000000009 7.5000000000000009 0.68301270189221941 5.5000000000000009 0.015127577066561983 602.08500000000015 4.5000000000000009 10.500000000000002 128.7761454804635 527.50000000000011 8.5000000000000018 -15.014999999999999 994.50000000000011 10.500000000000002 10.500000000000002 4.5000000000000009 902.50000000000011 8.5000000000000018 344.75000000000006 753.00000000000011 0.0046403962101636562 374.37500000000006 672.00000000000011 8.5000000000000018 9.5000000000000018 15.000000000000023 40.052049468992742 6.5000000000000009 450.12500000000006 0.13782819296536356 190.50000000000003 436.87500000000006 0.3333266666666666 77.492472527022912 -15.579999999999998 248.25666666666669 174.69000000000003 249.98416666666671 0.11110555555555558 0.21221445221445226 946.50000000000011 187.64000000000001 -0.084949413555376482 -0.5 7.5791903965252425 250.50000000000003 70.497966526332434 47.500000000000007 25.00000000000006 -0.28252403440776186
decision_type=2 2 2 2 2 2 2 2 2 2 2 2 2 2 2 2 2 2 2 2 2 2 2 2 2 2 2 2 2 2 2 2 2 2 2 2 2 2 2 2 2 2 2 2 2 2 2 2 2 2 2 2 2 2 2 2 2 2 2 2 2 2
left_child=1 3 5 11 30 59 13 -8 9 10 -9 -1 26 22 15 -10 -17 18 43 28 21 -21 52 -24 -15 -26 27 -5 29 33 47 -23 -33 -7 -35 53 38 45 40 -40 -20 42 -14 44 -6 -38 -39 -3 -37 -29 -51 -46 -4 -13 -43 57 -57 -32 -58 61 -61 -2
right_child=2 4 6 12 17 19 7 8 14 -11 -12 35 41 24 -16 16 -18 -19 36 20 -22 31 23 -25 25 -27 -28 49 -30 -31 55 32 -34 34 -36 48 37 46 39 -41 -42 54 -44 -45 51 -47 -48 -49 -50 50 -52 -53 -54 -55 -56 56 58 -59 -60 60 -62 -63
leaf_value=-0.95001944537488348 3.2285304600284217 -0.97016843451965495 5.1130364608722232 -0.53337757900891558 -1.2280096870929063 1.3725073444398113 2.6267146817357596 8.8701867782061381 3.2618899113271946 10.119826233548814 3.8838208374818919 -0.6679170475360664 1.6047503348054555 3.2872952593970548 7.6689512556767561 4.1644439141248872 7.1355046542610712 3.165539746155027 0.66738040963020628 4.9596656528036611 -0.06524934293818177 -0.068821510206466596 0.89478859786180576 3.9458103098234725 7.9772290244031314 4.4624397828908222 -0.6848208504531107 -0.24749749124177628 1.1660015731915088 5.3562014011173318 -0.56388553622118742 1.3749833948097763 3.9802288170674403 2.0828228838939049 3.5241016688006903 -1.0946233837262516 0.75875775976187199 -0.3719041336662845 0.87215697465077691 2.3912553468140252 1.2505471559585062 2.0204607168833415 -0.13811625897161861 1.1300603340280817 -0.015769231683238259 2.679898126712486 0.66637885441222056 0.092044885552767047 -0.65015561876904027 -0.045506046784277797 0.79360718972965993 1.5213384473987197 3.1767623527228341 -0.42595817725565804 0.3037945761886483 1.5693930194850716 0.3438660896748984 0.30206606319973578 1.2001884456282106 1.7583977508196487 -0.64389952059408917 1.6743402531510183
leaf_weight=1559 23 59 28 1660 51 24 31 20 34 22 21 1444 26 29 25 27 38 22 899 34 24 21 33 20 20 39 785 1309 22 29 107 43 21 49 282 420 382 150 298 127 343 20 4715 61 158 20 105 3637 1484 797 149 30 36 3083 209 71 872 259 80 20 20 396
leaf_count=1559 23 59 28 1660 51 24 31 20 34 22 21 1444 26 29 25 27 38 22 899 34 24 21 33 20 20 39 785 1309 22 29 107 43 21 49 282 420 382 150 298 127 343 20 4715 61 158 20 105 3637 1484 797 149 30 36 3083 209 71 872 259 80 20 20 396
internal_value=-0.00178672 -0.176459 3.09731 -0.416421 0.371686 2.36156 4.84958 5.7499 6.26594 7.66874 6.33198 -0.648772 -0.224431 3.88981 5.54758 5.00464 5.90974 0.782513 0.762411 2.95119 2.16174 2.6106 3.13664 2.05147 4.88642 5.66546 -0.354262 -0.287965 3.22863 3.34646 0.157898 1.66619 2.23478 3.1808 3.31145 -0.575729 0.839486 0.544827 0.955574 1.32657 0.828524 -0.101648 -0.128524 0.165243 -0.0813556 0.854992 0.0556982 0.0750614 -0.748255 -0.107288 0.0867234 0.230166 4.03062 -0.503151 0.45456 0.378294 0.496153 0.0488068 0.41595 1.65583 0.558514 1.76042
internal_weight=26822 25391 1431 17660 7731 1008 423 218 187 63 41 7990 9670 205 124 99 65 2646 2624 549 143 119 117 53 88 59 4700 3915 406 384 5085 85 64 355 331 6431 2324 657 1667 425 1242 4970 4741 300 239 402 255 3696 1904 2255 946 188 64 4527 229 1389 1023 366 952 459 40 419
internal_count=26822 25391 1431 17660 7731 1008 423 218 187 63 41 7990 9670 205 124 99 65 2646 2624 549 143 119 117 53 88 59 4700 3915 406 384 5085 85 64 355 331 6431 2324 657 1667 425 1242 4970 4741 300 239 402 255 3696 1904 2255 946 188 64 4527 229 1389 1023 366 952 459 40 419
is_linear=0
shrinkage=0.05


Tree=42
num_leaves=63
num_cat=0
split_feature=7 15 15 7 7 7 20 21 25 5 0 21 16 0 16 14 17 8 10 15 12 13 12 12 19 25 20 12 10 16 11 4 14 5 18 20 17 7 18 11 0 23 23 7 5 12 21 24 11 12 5 20 18 5 11 18 4 4 14 8 21 4
split_gain=5.2428e+06 1.20721e+06 666084 300785 237574 202880 159106 120356 111730 121476 107472 92920.9 162182 91263.4 175707 114820 56646.6 55332.1 82203.9 53529.2 47443.1 45173.4 42416.4 40383.6 40072.6 52208.5 39207.7 38478.7 42245.9 46461.5 35086.5 32692.6 39433 32349.5 51957.6 29115.7 30918.4 27513 26422.5 27290.9 25610.5 25037.5 24999.9 24759.2 23952.3 22275.7 47946.6 19693 22918.2 31746.3 18804.8 21013 18590.9 29568 19299.7 18585.6 18477.7 18348.8 17451.3 28506.4 21324.3 19890.1
threshold=518.50000000000011 282.12500000000006 1004.8333333333334 381.12500000000006 224.50000000000003 677.50000000000011 0.099777777777777757 1.0010810810810813 1.0000000180025095e-35 -0.24999999999999994 15.190000000000001 0.72021505376344097 127.79702038617442 13.725000000000001 77.492472527022912 107.57222348225515 819.29166666666674 1077.5000000000002 1258.5000000000002 181.47916666666671 237.75000000000003 344.83333333333343 602.08500000000015 163.87500000000003 -0.041670833333333317 2.5000000000000004 0.079388422035480813 360.50000000000006 602.50000000000011 67.854009952741052 994.50000000000011 3.5000000000000004 15.000000000000023 -0.5 52.656486792953693 0.15385422281322916 436.87500000000006 253.16500000000005 47.023124549780711 285.35500000000008 14.255000000000001 42.500000000000007 34.500000000000007 145.50000000000003 -0.6830127018922193 977.50000000000011 -0.047609523809523872 1.0000000180025095e-35 325.50000000000006 246.83500000000001 0.25000000000000011 0.18491706161137447 7.5791903965252425 -0.24999999999999994 483.50000000000006 58.465709126949513 3.5000000000000004 3.5000000000000004 52.041649986653404 214.64500000000001 0.3333266666666666 3.5000000000000004
decision_type=2 2 2 2 2 2 2 2 2 2 2 2 2 2 2 2 2 2 2 2 2 2 2 2 2 2 2 2 2 2 2 2 2 2 2 2 2 2 2 2 2 2 2 2 2 2 2 2 2 2 2 2 2 2 2 2 2 2 2 2 2 2
left_child=1 4 5 21 19 16 8 24 -4 13 17 12 -8 -10 -15 -16 33 18 -11 43 38 47 31 -6 25 -7 30 -26 -29 -30 -27 35 -33 34 -2 36 -22 -25 40 42 -5 -36 -40 -1 -34 46 -35 48 50 56 51 -3 53 -23 -54 -52 -50 -21 60 -60 -39 -62
right_child=2 3 6 20 23 7 11 -9 9 10 -12 -13 -14 14 15 -17 -18 -19 -20 57 22 52 -24 37 27 26 -28 28 29 -31 -32 32 44 45 41 -37 -38 58 39 -41 -42 -43 -44 -45 -46 -47 -48 -49 49 -51 55 -53 54 -55 -56 -57 -58 -59 59 -61 61 -63
leaf_value=-1.2463922726795174 1.6812393270570256 0.14594177487988963 7.7725320038212917 -1.833858885205089 -0.8409232174444633 3.4806983458457825 5.5555117831287157 6.1411108780562671 4.7824654980611951 4.6790022858390916 7.2075684642547833 4.3745987413156087 11.479923210316652 -2.343498936695839 6.0547961249280329 0.6994823802169875 3.7558364367564252 5.707541586576669 0.96460085257116068 -0.49716454624798151 0.63378551940491967 0.1604916213530978 3.0079788695633143 -0.31128373394734615 1.0211080218871793 1.0281435082826829 -0.61038680906912579 5.3097727771258469 3.6755377811519345 2.5728958048674504 3.4799367489236772 0.82311936137497455 0.73909712263023386 3.6385752669661993 0.53539564425008113 1.3965668744003716 1.1288270520094332 -0.11122234249740437 -0.27743316579296495 1.4767875194549562 0.10681572303417941 -1.5240561394894856 0.78201911840982574 -0.77218867224903398 -0.2922629309070387 0.24155109617947401 1.6922180233550859 1.2039072016104437 -0.38906605505773983 0.021949247290928939 -0.074175360771156995 1.0013401036320431 0.26753963568987371 1.7365926828638292 1.3201606122591016 0.75634973163101382 -1.2908342321488895 -0.73412809507341492 -0.83161655407176061 0.80669519029571379 -0.26249203769957818 -1.0513378288428261
leaf_weight=320 103 2314 22 28 284 42 25 29 32 37 39 22 22 20 20 20 30 34 25 3933 794 59 22 5014 22 40 20 22 170 222 23 397 82 36 49 275 524 3163 127 50 43 21 99 1983 179 21 263 36 234 565 1724 74 1273 60 45 70 75 1032 35 109 252 117
leaf_count=320 103 2314 22 28 284 42 25 29 32 37 39 22 22 20 20 20 30 34 25 3933 794 59 22 5014 22 40 20 22 170 222 23 397 82 36 49 275 524 3163 127 50 43 21 99 1983 179 21 263 36 234 565 1724 74 1273 60 45 70 75 1032 35 109 252 117
internal_value=-0.00167456 -0.167633 2.94282 0.291725 -0.426387 2.36582 4.96091 3.00149 4.36862 4.03542 4.99083 7.08883 8.34723 2.62952 1.47515 3.38569 1.64827 4.08366 3.18531 -0.638875 0.744283 0.110111 0.827414 -0.254288 2.83812 2.04547 1.31584 3.06484 3.17316 3.05191 1.92742 0.805968 0.509339 1.51927 0.967453 0.928449 0.830675 -0.235106 0.199642 0.420947 -0.659953 -0.0836613 0.186782 -0.838132 0.0319057 1.81719 1.92772 0.0402398 0.0319296 -0.200914 0.0805965 0.172492 0.357674 0.955997 0.30358 -0.041726 -0.608305 -0.546433 -0.131194 0.408159 -0.153196 -0.512844
internal_weight=26822 25391 1431 9149 16242 1113 318 590 249 227 135 69 47 92 60 40 523 96 62 7268 2620 6529 2273 8974 561 125 83 436 414 392 63 2251 658 493 173 1593 1318 8690 347 276 71 70 226 2303 261 320 299 5092 5056 874 4182 2388 1437 119 1318 1794 309 4965 3676 144 3532 369
internal_count=26822 25391 1431 9149 16242 1113 318 590 249 227 135 69 47 92 60 40 523 96 62 7268 2620 6529 2273 8974 561 125 83 436 414 392 63 2251 658 493 173 1593 1318 8690 347 276 71 70 226 2303 261 320 299 5092 5056 874 4182 2388 1437 119 1318 1794 309 4965 3676 144 3532 369
is_linear=0
shrinkage=0.05


Tree=43
num_leaves=63
num_cat=0
split_feature=7 13 7 17 7 11 11 17 20 5 22 16 0 7 6 5 10 12 12 23 12 18 19 25 5 0 12 6 10 22 8 23 5 11 8 16 15 10 25 6 19 15 10 20 18 18 18 11 10 0 5 17 10 17 25 7 18 0 16 1 5 13
split_gain=4.73268e+06 1.09072e+06 604457 258991 220469 148797 144838 140621 118002 104654 68937.8 61103.1 67563.4 58045.2 49677.1 46836.8 65795.3 42582 41731.9 41189.8 39548 40691.6 92529.4 80267.7 79232.5 37257.7 36381.8 36436.4 55181.4 37188.2 35949.8 37727.7 35387.8 54928.2 43278.2 35221.9 34282.2 34170.6 31681.1 31055 30748.1 30595.4 30000.2 29615.3 32708.5 28337.9 38239.6 26182.4 26136.9 25008 26255.3 23562.4 23392.2 22378.9 21982.9 21837.2 21410.6 21133.7 26957.9 37373.5 21761.5 32224
threshold=518.50000000000011 297.95833333333343 939.00000000000011 222.22208333333336 381.12500000000006 502.00000000000006 755.00000000000011 1118.916666666667 0.15013513513513513 -0.93301270189221919 5.5000000000000009 40.052049468992742 15.440000000000001 172.25000000000003 0.6830127018922193 0.68301270189221941 1105.5000000000002 285.35500000000008 1228.5000000000002 35.500000000000007 903.25000000000011 135.98687856752832 0.066673333333333376 2.5000000000000004 -0.6830127018922193 13.280000000000003 602.08500000000015 0.6830127018922193 394.50000000000006 5.5000000000000009 794.00000000000011 21.500000000000004 -0.24999999999999994 655.00000000000011 779.00000000000011 70.497966526332434 249.98416666666671 1155.0000000000002 12.500000000000002 -0.5 0.11112222222222225 344.75000000000006 225.35500000000005 0.11110555555555558 28.333680561514544 116.66099553250947 63.124997969044394 350.50000000000006 288.16500000000002 14.255000000000001 -0.24999999999999994 248.25666666666669 803.00000000000011 237.25708333333338 5.5000000000000009 489.00000000000006 17.943514064131733 14.485000000000001 53.272560571610846 -16.854999999999997 -0.6830127018922193 391.83333333333343
decision_type=2 2 2 2 2 2 2 2 2 2 2 2 2 2 2 2 2 2 2 2 2 2 2 2 2 2 2 2 2 2 2 2 2 2 2 2 2 2 2 2 2 2 2 2 2 2 2 2 2 2 2 2 2 2 2 2 2 2 2 2 2 2
left_child=1 3 6 13 41 -4 32 9 15 -7 14 -11 18 -1 36 16 -9 38 -13 -18 21 22 23 -8 -25 -22 27 48 47 -30 31 -27 33 -2 45 -23 -5 52 57 -15 -12 51 53 -38 -45 46 -34 -29 -19 50 56 -3 -37 -42 -48 -50 -41 60 59 -59 -6 -62
right_child=2 4 5 10 17 7 20 8 -10 11 40 12 -14 39 -16 -17 19 26 -20 -21 25 35 -24 24 -26 30 -28 28 29 -31 -32 -33 34 -35 -36 37 43 -39 -40 49 42 -43 -44 44 -46 -47 54 -49 55 -51 -52 -53 -54 -55 -56 -57 -58 58 -60 -61 61 -63
leaf_value=-0.86305183158136289 1.3425005506660455 -0.92210725471251309 7.3698554776159177 -0.37621973384169616 -0.60186540930532895 0.6002746431773881 3.7377890298671073 6.5567933538066816 8.1395186270225501 1.5929285396824997 -0.10383266923340873 3.2667546578589133 6.546859472289805 -0.3752237157993682 -0.62364441240405755 6.2765703115432601 1.7505259151388359 2.5195890010088342 5.4213923362650487 4.2202587637363447 5.4302607925017305 4.6581206456287623 4.9818233524512383 -1.7117224965776714 1.5469529644491193 3.4341585251229318 2.8582604853680773 -0.091041295793656316 -0.36632176881042922 0.9573255423259982 3.7446439958677047 0.36448717597705216 1.6198372495944753 -1.3453900794847318 3.7832880926301899 3.4278088150602404 -0.15101082566014024 3.9483341918801358 1.7276309262157317 -0.68409395180676147 2.4026919520574554 0.34348319138684663 0.18185511089691075 1.1529999793487222 -0.14164780648588277 0.48690481297393096 4.4350831150415528 -1.8683073756533586 0.80134370283710143 -0.49551486127665667 -0.58637047604029247 0.084327619032337583 1.5196867535823815 0.3538040580622141 2.3071665428137855 1.2757985180294136 -1.2307617384975809 -0.95313177109978597 1.1820547540315527 0.54444290053970112 -0.62705870339873959 0.66225032380547721
leaf_weight=1558 193 59 38 2162 96 31 32 20 29 29 4685 120 24 2290 1163 31 27 26 28 46 21 29 22 23 97 20 22 79 64 309 81 20 215 21 28 23 1312 37 43 333 30 1389 223 98 97 40 20 28 970 2253 1043 3637 54 24 32 324 389 49 125 275 68 168
leaf_count=1558 193 59 38 2162 96 31 32 20 29 29 4685 120 24 2290 1163 31 27 26 28 46 21 29 22 23 97 20 22 79 64 309 81 20 215 21 28 23 1312 37 43 333 30 1389 223 98 97 40 20 28 970 2253 1043 3637 54 24 32 324 389 49 125 275 68 168
internal_value=-0.00157199 -0.15925 2.79601 -0.376075 0.336043 4.38234 2.12994 4.08562 5.26366 3.30677 -0.204472 3.72365 4.08174 -0.589732 -0.338896 4.58502 4.01498 0.706183 3.67781 3.31051 2.78556 2.47306 1.95724 1.51645 0.921427 3.48091 0.841079 0.816265 0.443058 0.730161 3.13834 1.90418 1.58138 1.07821 1.90238 3.09886 -0.248621 2.69843 0.407834 -0.522212 -0.073564 0.143428 0.438216 -0.0655471 0.509228 1.72964 1.91555 -0.557477 0.951929 -0.605974 -0.746935 0.0682358 2.09342 1.4945 3.13263 0.920234 -0.978765 0.334951 0.558567 0.317718 0.032437 0.290625
internal_weight=26822 25391 1431 17660 7731 423 1008 385 153 232 9794 201 172 7866 4832 124 93 2646 148 73 459 317 174 152 120 142 1822 1800 480 373 121 40 549 214 335 143 3669 114 824 6308 4962 5085 277 1507 195 307 267 107 1320 4018 1765 3696 77 54 52 1294 722 781 449 324 332 236
internal_count=26822 25391 1431 17660 7731 423 1008 385 153 232 9794 201 172 7866 4832 124 93 2646 148 73 459 317 174 152 120 142 1822 1800 480 373 121 40 549 214 335 143 3669 114 824 6308 4962 5085 277 1507 195 307 267 107 1320 4018 1765 3696 77 54 52 1294 722 781 449 324 332 236
is_linear=0
shrinkage=0.05


Tree=44
num_leaves=63
num_cat=0
split_feature=7 15 15 7 7 8 20 21 1 5 23 21 16 0 16 0 8 5 22 10 17 0 23 16 12 15 12 17 7 10 12 21 22 12 12 8 11 7 21 16 19 4 16 10 1 16 25 22 16 1 0 18 12 21 11 21 7 23 5 0 1 12
split_gain=4.27231e+06 987251 549557 249811 193320 165687 131378 124255 98469.7 104236 96366.2 82081.6 143332 79484.8 156375 66504.3 58778.8 55150.9 51580.6 45022.7 44747.8 56939.4 78646.2 50428.2 53784 43857.8 42315.6 42732.2 41485.6 49580.6 39464.6 38012.9 37060.7 47857.9 34587.2 31242.2 28741.3 28203.4 28461 27987.9 27851.7 26552.9 37506.3 27629.3 25948.6 25783.4 24743.7 24118 30219 23680.7 22584.4 23601.8 21860.5 22637.3 21237.9 21189.5 20659.1 20190.2 19347.5 18748.8 18425.6 17055.1
threshold=518.50000000000011 280.03500000000003 1004.8333333333334 381.12500000000006 224.50000000000003 727.50000000000011 0.099777777777777757 1.0010810810810813 -17.154999999999998 -0.24999999999999994 45.500000000000007 0.72021505376344097 127.79702038617442 13.725000000000001 77.492472527022912 14.690000000000001 1136.5000000000002 -0.24999999999999994 6.5000000000000009 602.50000000000011 856.37500000000011 13.795000000000002 20.500000000000004 70.497966526332434 1158.3350000000003 181.47916666666671 278.87500000000006 330.22916666666669 677.50000000000011 872.50000000000011 237.75000000000003 -0.15788291748909664 4.5000000000000009 177.64000000000001 602.08500000000015 298.47000000000008 312.75000000000006 325.50000000000006 0.72021505376344097 64.931886557633803 -0.033326666666666664 3.5000000000000004 45.757694954645068 394.50000000000006 -16.224999999999998 98.710430035304867 6.5000000000000009 4.5000000000000009 21.369760566432934 -13.709999999999999 14.665000000000001 44.958429761476651 954.00000000000011 -0.014807407407407434 497.00000000000006 0.30791592128801443 145.50000000000003 29.500000000000004 -0.24999999999999994 14.170000000000002 -16.254999999999999 228.54000000000005
decision_type=2 2 2 2 2 2 2 2 2 2 2 2 2 2 2 2 2 2 2 2 2 2 2 2 2 2 2 2 2 2 2 2 2 2 2 2 2 2 2 2 2 2 2 2 2 2 2 2 2 2 2 2 2 2 2 2 2 2 2 2 2 2
left_child=1 4 5 26 25 17 8 19 -4 13 15 12 -8 -10 -15 16 -11 18 39 -7 21 45 -23 31 -25 49 36 -28 52 59 47 -22 46 55 35 -32 -3 -35 -39 -2 -16 42 -37 -43 -38 -21 -6 58 -49 56 51 -50 53 57 -29 -34 -1 -19 60 -30 -5 -46
right_child=2 3 6 30 32 7 11 -9 9 10 -12 -13 -14 14 40 -17 -18 28 -20 20 23 22 -24 24 -26 -27 27 54 29 -31 34 -33 33 37 -36 41 44 38 -40 -41 -42 43 -44 -45 61 -47 -48 48 50 -51 -52 -53 -54 -55 -56 -57 -58 -59 -60 -61 -62 -63
leaf_value=-1.1635907595043782 -1.4805315608028116 0.063093579427925539 7.1462757585275227 0.055815688948825472 -0.54371115831227124 4.7151780274893733 4.9827771802347494 6.1440632113094988 4.3457364273219836 3.4692329102765029 1.5669667259439244 3.8744470358973717 10.549442866053516 -2.3424341744451378 1.7292433945100698 6.9813271972790494 6.5774836888245494 1.7260626746518579 1.4308801138186598 2.2630116424003206 4.5111125123289666 2.828688944229846 0.38548284051769688 1.8776784044560682 4.2492256636062438 -0.4963332359249808 0.10013890666877485 0.44257647740635059 4.9993436148672394 1.3909165698615684 -1.2354797846049219 2.7824644912017624 -0.45070589718884285 -0.13637819025138692 2.7159941380379968 0.74808220684307858 0.00042940539701100166 1.7729195807988358 -0.55385053200804768 0.61031463204137504 4.3795981274315379 0.012609926357983102 1.4062948471109915 0.70469194313681738 -0.85871284021281102 4.7033470612566619 -0.23974069960814415 -0.62731014809729768 -1.2145993588575674 0.21949909522807143 1.5157187610061724 0.65275832285511515 0.095375731997015351 1.5686544196039165 1.5763859517474739 -1.2319834010466557 -0.72544264205565523 3.8805318604767054 0.26830683612857692 2.9718148968526439 -1.7893064799301985 -0.25403551339132685
leaf_weight=313 27 2559 22 22 1293 24 25 26 32 57 23 22 22 20 20 34 21 22 150 23 62 55 82 137 29 4960 2165 1003 23 31 20 67 301 5619 22 1321 480 38 20 39 20 215 259 438 209 21 1389 51 20 60 63 107 21 228 43 122 1930 22 50 24 35 264
leaf_count=313 27 2559 22 22 1293 24 25 26 32 57 23 22 22 20 20 34 21 22 150 23 62 55 82 137 29 4960 2165 1003 23 31 20 67 301 5619 22 1321 480 38 20 39 20 215 259 438 209 21 1389 51 20 60 63 107 21 228 43 122 1930 22 50 24 35 264
internal_value=-0.00147352 -0.151286 2.65656 0.25722 -0.389236 2.13246 4.48964 2.77702 3.95144 3.63878 4.52371 6.42324 7.60542 2.33668 1.25965 5.12891 4.31348 1.55449 0.91863 2.60073 2.49314 1.87212 1.36772 2.8734 2.29432 -0.580079 0.0957494 0.226935 1.92434 2.94972 0.671063 3.61618 -0.231398 -0.163284 0.746915 0.727565 -0.0241946 -0.125047 0.970927 -0.245902 3.06216 0.745204 0.856064 0.476869 -0.258568 3.43585 -0.386302 0.175106 0.452419 -0.760412 0.742445 0.357923 1.65044 1.7704 0.489337 -0.676289 -0.786636 2.80977 -0.44929 3.97262 -1.07822 -0.521354
internal_weight=26822 25391 1431 9346 16045 1113 318 526 249 227 135 69 47 92 60 112 78 587 216 500 476 181 137 295 166 7263 6723 3211 371 78 2623 129 8782 6100 2275 2253 3512 5677 58 66 40 2233 1580 653 953 44 2682 348 241 2303 190 127 293 272 1046 423 2243 44 107 47 57 473
internal_count=26822 25391 1431 9346 16045 1113 318 526 249 227 135 69 47 92 60 112 78 587 216 500 476 181 137 295 166 7263 6723 3211 371 78 2623 129 8782 6100 2275 2253 3512 5677 58 66 40 2233 1580 653 953 44 2682 348 241 2303 190 127 293 272 1046 423 2243 44 107 47 57 473
is_linear=0
shrinkage=0.05


Tree=45
num_leaves=63
num_cat=0
split_feature=17 2 7 17 7 6 25 20 17 2 4 2 2 13 4 0 18 14 2 2 0 5 14 25 8 22 22 5 22 22 0 0 6 8 22 25 0 4 25 9 0 2 17 4 5 21 19 25 0 20 9 17 25 4 11 21 18 7 0 20 2 17
split_gain=3.81823e+06 1.00226e+06 401391 304865 190172 162489 152353 113437 110598 107981 99329.3 103751 89073.8 191394 138166 81269.4 80812.3 98657.1 79317.2 76332.4 73089.4 72566.8 124608 91870.8 91533.9 68440.3 76543.4 66912.9 65721.8 61315 57376.6 77352 50245.6 50033 43982.4 43925.2 42399.8 44145.2 40652.9 40205.2 38039.8 37898.3 53928.3 37282.5 36012.9 66968.3 43904.6 39924.7 34714.7 34246.8 34090.7 47083 33890.9 42287.3 33446 32994.3 37796.5 32693.6 30433.6 33201.3 30409 29871.2
threshold=508.60416666666669 2020.5000000000002 995.00000000000011 238.76041666666671 355.50000000000006 -0.24999999999999994 8.5000000000000018 0.24963768115942034 601.66666666666686 2023.5000000000002 2.5000000000000004 2022.5000000000002 2021.5000000000002 304.62500000000006 3.5000000000000004 14.765000000000002 208.90766236808128 53.894478123752407 2010.5000000000002 2021.5000000000002 14.255000000000001 -0.24999999999999994 22.407216099581323 11.500000000000002 1155.0000000000002 5.5000000000000009 8.5000000000000018 -0.5 4.5000000000000009 8.5000000000000018 12.870000000000003 12.705000000000002 0.25000000000000017 818.00000000000011 4.5000000000000009 4.5000000000000009 13.280000000000003 3.5000000000000004 11.500000000000002 1196.5000000000002 14.805000000000001 2009.5000000000002 293.06958333333336 3.5000000000000004 -0.24999999999999994 -0.083327380952380944 -0.1428620407603505 6.5000000000000009 12.870000000000003 0.15684658104824714 932.50000000000011 819.29166666666674 11.500000000000002 3.5000000000000004 468.00000000000006 -0.016848018923713789 38.809598852916352 358.16500000000002 15.790000000000001 -0.022211111111111178 2012.5000000000002 318.70791666666673
decision_type=2 2 2 2 2 2 2 2 2 2 2 2 2 2 2 2 2 2 2 2 2 2 2 2 2 2 2 2 2 2 2 2 2 2 2 2 2 2 2 2 2 2 2 2 2 2 2 2 2 2 2 2 2 2 2 2 2 2 2 2 2 2
left_child=1 3 8 18 9 6 16 21 54 10 19 12 14 -14 -12 -8 17 -4 27 -3 32 22 -7 24 -23 35 -27 -1 52 -21 31 33 -20 -10 -5 -11 61 49 39 -24 -28 -36 57 -37 45 50 47 -46 -34 -38 51 -32 -6 -54 -2 56 -39 -43 59 -48 -22 -30
right_child=2 4 5 34 28 7 15 -9 30 25 11 -13 13 -15 -16 -17 -18 -19 20 29 60 23 38 -25 -26 26 40 -29 36 -31 44 -33 48 -35 41 43 37 55 -40 -41 -42 42 -44 -45 46 -47 58 -49 -50 -51 -52 -53 53 -55 -56 -57 -58 -59 -60 -61 -62 -63
leaf_value=-1.2139102043751275 -0.10070280827518203 -0.27080339437008738 4.5659030606976385 -0.4538062004123129 -0.175408895416027 6.0083615583532 5.6783563740625738 0.21130565335250806 1.2438353267971229 -0.67886834516735561 -0.030819361848660951 0.020941534849540259 3.2889311503655843 0.76466943383672703 1.6219431479949238 9.674897650929239 5.8595091296736665 0.099859383207926811 -0.46315142256494435 0.31384433425607333 -0.10349358731866697 4.2573569224888264 2.3180900381309044 2.1128691862778837 8.3923201332725057 2.7566096001706164 -0.096094511130354721 -0.59061302874918897 2.7221771343876817 2.137904384202824 1.5048453618199338 5.9545324302764531 -0.26512862534687381 3.9157245048171725 -0.57038599239974463 0.16017305364430734 0.69739215115066333 -0.018103550332933448 3.5983225423286407 -0.2926713811969418 2.0329361219623769 -0.13224623779265873 0.15591807832704196 -1.0208626166134889 5.5866462797915197 -0.22908037518555263 1.702980371565997 2.5534255192909407 -0.94002043813339431 1.3330790880583268 0.87431433896471433 3.5263268974135631 1.6375787771517232 -0.53666154960733004 1.5182993593894381 0.45976766678070596 -2.4405690107300386 -2.0174245140769265 4.1279367977677426 2.7313158651833938 -0.39914368726289728 1.0758689278092521
leaf_weight=678 35 834 30 871 300 22 30 29 32 589 356 453 111 232 196 23 35 21 2162 574 1236 38 31 25 21 34 162 1181 29 50 55 25 224 39 374 403 1093 68 22 28 24 5279 2160 80 21 37 163 23 1280 263 40 61 65 34 358 458 21 23 22 153 2936 538
leaf_count=678 35 834 30 871 300 22 30 29 32 589 356 453 111 232 196 23 35 21 2162 574 1236 38 31 25 21 34 162 1181 29 50 55 25 224 39 374 403 1093 68 22 28 24 5279 2160 80 21 37 163 23 1280 263 40 61 65 34 358 458 21 23 22 153 2936 538
internal_value=0.00300562 -0.138167 2.52693 -0.331523 0.372599 3.98285 5.31731 3.12201 2.04083 0.154016 0.328171 0.637539 0.949585 1.58229 0.55621 7.42775 4.00952 2.73084 -0.524355 0.0421164 -0.454701 3.57302 2.67877 4.665 5.74092 -0.224212 0.578906 -0.817993 0.684798 0.46033 2.43106 3.564 -0.617584 2.71501 -0.116761 -0.389074 0.780978 0.667828 1.76808 1.0806 0.179537 -0.0792909 -0.0546689 -0.0356041 2.24131 1.68276 2.52298 4.0106 -0.839532 0.820778 2.1361 2.57003 0.089341 0.891031 1.37411 0.288577 -0.59185 -0.140463 2.32818 2.2016 -0.31156 1.16055
internal_weight=26790 25371 1419 18404 6967 355 139 216 1064 4098 2806 1348 895 343 552 53 86 51 9697 1458 7838 187 103 84 59 1292 220 1859 2869 624 671 96 3666 71 8707 1072 2470 1903 81 59 186 7836 7462 483 575 193 382 44 1504 1356 156 116 399 99 393 547 89 5302 338 316 4172 567
internal_count=26790 25371 1419 18404 6967 355 139 216 1064 4098 2806 1348 895 343 552 53 86 51 9697 1458 7838 187 103 84 59 1292 220 1859 2869 624 671 96 3666 71 8707 1072 2470 1903 81 59 186 7836 7462 483 575 193 382 44 1504 1356 156 116 399 99 393 547 89 5302 338 316 4172 567
is_linear=0
shrinkage=0.05


Tree=46
num_leaves=63
num_cat=0
split_feature=15 2 7 17 3 7 17 2 8 16 25 3 2 14 3 25 25 2 7 3 2 0 2 22 22 23 5 0 10 22 22 6 25 23 14 14 1 25 1 8 20 3 0 2 22 22 3 17 2 3 25 23 21 1 17 1 16 0 22 14 0 2
split_gain=3.44952e+06 890208 371098 276695 173987 165698 105060 95842 92094 146216 107417 90400.2 93641.4 80631.1 85108.8 136283 134219 80396.5 139636 124702 74218 75150.7 69785.3 61210.4 69100.2 59510.7 58256.3 57647 57202.5 56804.2 55350.2 50300.5 47207.1 58987.3 62589.1 75578 40976.7 40831.1 40589.8 39713.5 62897.6 39222.9 38745 37951.9 64152.5 60523.6 53276.5 67009.2 53063.1 51685.4 39072.3 39017.7 36695.9 58148.2 36339.8 34773.9 34710.8 34345.3 33264.6 32056.1 31281.9 30775.6
threshold=511.08333333333343 2020.5000000000002 995.00000000000011 247.57291666666671 8.5000000000000018 355.50000000000006 601.66666666666686 2023.5000000000002 1005.0000000000001 127.79702038617442 8.5000000000000018 6.5000000000000009 2022.5000000000002 22.407216099581323 10.500000000000002 8.5000000000000018 4.5000000000000009 2021.5000000000002 275.50000000000006 9.5000000000000018 2010.5000000000002 14.255000000000001 2021.5000000000002 5.5000000000000009 8.5000000000000018 40.500000000000007 -0.5 14.735000000000001 968.50000000000011 4.5000000000000009 8.5000000000000018 0.25000000000000017 10.500000000000002 52.500000000000007 51.013985673110739 101.03629710818437 -15.904999999999999 4.5000000000000009 -14.424999999999999 902.50000000000011 -0.12481304347826087 8.5000000000000018 14.555000000000001 2022.5000000000002 5.5000000000000009 7.5000000000000009 7.5000000000000009 386.45833333333343 2024.5000000000002 9.5000000000000018 1.5000000000000002 34.500000000000007 -0.2351470588235294 -15.754999999999997 423.33333333333343 -13.709999999999999 127.79702038617442 14.805000000000001 5.5000000000000009 51.013985673110739 13.280000000000003 2009.5000000000002
decision_type=2 2 2 2 2 2 2 2 2 2 2 2 2 2 2 2 2 2 2 2 2 2 2 2 2 2 2 2 2 2 2 2 2 2 2 2 2 2 2 2 2 2 2 2 2 2 2 2 2 2 2 2 2 2 2 2 2 2 2 2 2 2
left_child=1 3 6 20 8 7 -2 11 42 10 27 22 17 -6 16 -16 -15 19 -19 -13 26 31 -3 37 -25 38 36 -10 -18 -7 -24 -22 33 34 -27 -36 -1 -9 39 52 -41 -39 -4 44 49 -46 48 58 -45 -31 -50 -51 -8 -54 61 -14 59 -26 -48 -34 -33 -5
right_child=2 5 4 54 13 29 25 23 9 -11 -12 12 55 14 15 -17 28 18 -20 -21 21 -23 30 24 57 32 -28 -29 -30 43 -32 60 56 -35 35 -37 -38 41 -40 40 -42 -43 -44 46 45 -47 47 -49 50 51 -52 -53 53 -55 -56 -57 -58 -59 -60 -61 -62 -63
leaf_value=-0.82698053119802106 1.2985274964845728 -0.26192125197687349 2.8629472999387993 -0.54687527180203421 5.0194381069852065 0.088210359706562852 1.3998416783615215 -0.64493069055554542 4.6858418263887103 8.1693596754174216 7.5138942899297199 -0.029278828963800546 -0.11468064666452887 -2.4769172072949992 6.0649712549262791 0.94267090095475137 4.0965877299934492 3.5880220197495962 1.0146568171734225 1.5408873464184596 -0.43179619270256375 -0.28949689614239232 0.29815484198922171 2.6191833080783971 -0.09129274622993952 2.6809619192876126 -0.55074693234982908 1.6221977272596746 0.53154259125391634 3.4314126116593338 2.031222527041407 -0.39342227226686988 2.441612343650478 1.6363695151126223 7.8413166447462537 3.5662466939853794 -1.6184879603364466 0.21524703368891324 2.9489570063058008 2.1898230920829667 -0.82573835236236148 -0.86508838105653862 5.2921138356443986 0.99914425844508414 0.019644222366084606 1.5736145376610613 -1.749003567199128 0.5449726814476773 1.6551017719116647 0.4659529295919459 -0.17095912433256208 2.6154385472763941 2.9517078559664647 0.83804752639806745 1.1311530834914425 1.4452312261247271 3.5867630738866296 1.9317110465769944 -0.12536106780096964 0.044062038676231693 -0.92297521661459381 -0.070661520154765511
leaf_weight=439 417 833 67 356 25 397 136 589 36 38 21 356 414 22 25 27 22 65 278 196 2251 5055 574 34 162 26 1229 27 23 46 50 363 38 22 22 20 261 377 95 35 34 108 22 1040 139 114 46 664 35 51 177 36 146 42 61 39 33 24 100 22 1207 7181
leaf_count=439 417 833 67 356 25 397 136 589 36 38 21 356 414 22 25 27 22 65 278 196 2251 5055 574 34 162 26 1229 27 23 46 50 363 38 22 22 20 261 377 95 35 34 108 22 1040 139 114 46 664 35 51 177 36 146 42 61 39 33 24 100 22 1207 7181
internal_value=0.00287343 -0.132503 2.38068 -0.314521 3.78445 0.349876 1.92234 0.146386 4.6992 5.59321 4.41942 0.310597 0.605684 2.44173 1.89639 3.41233 0.716443 0.902137 1.50324 0.528413 -0.477098 -0.415998 0.0375598 -0.209567 0.550067 2.30976 -0.758202 3.37758 2.27978 0.643041 0.437334 -0.58334 3.07953 3.89708 4.62493 5.81899 -1.1223 -0.365213 2.02051 1.79537 0.704777 -0.0254409 3.46874 0.733011 1.18808 0.720217 0.647767 0.331723 0.85219 2.07683 0.131128 1.35743 2.02732 2.48023 -0.0833177 0.0198947 2.28497 0.170611 -0.637801 1.56413 -0.800573 -0.0931625
internal_weight=26790 25347 1443 18403 355 6944 1088 4099 211 122 84 2805 1348 144 119 52 67 895 343 552 10805 8876 1457 1294 220 671 1929 63 45 2845 624 3821 183 90 68 42 700 1074 488 393 69 485 89 2448 386 253 2062 810 1252 133 212 87 324 188 7598 453 93 186 146 60 1570 7537
internal_count=26790 25347 1443 18403 355 6944 1088 4099 211 122 84 2805 1348 144 119 52 67 895 343 552 10805 8876 1457 1294 220 671 1929 63 45 2845 624 3821 183 90 68 42 700 1074 488 393 69 485 89 2448 386 253 2062 810 1252 133 212 87 324 188 7598 453 93 186 146 60 1570 7537
is_linear=0
shrinkage=0.05


Tree=47
num_leaves=63
num_cat=0
split_feature=17 2 7 17 7 6 25 20 1 17 2 4 2 16 1 2 13 4 2 16 0 12 2 0 22 22 23 22 22 12 8 16 0 25 21 15 12 16 23 4 21 6 15 2 18 13 1 17 25 2 1 0 4 25 4 18 4 1 7 6 21 1
split_gain=3.11481e+06 816020 326703 248952 154630 132711 128452 102601 104541 89324.2 88016.7 80890.5 84515.4 78616.1 74221.2 72566.2 162562 112550 64879.3 62898.5 92009.1 71480.5 62154.8 59341.2 55793.9 62380.9 53762 53603 49965.6 48862.8 48004.3 46965.1 44486.5 42634.5 58945 57673.7 54298.6 41548.3 46533 63136.7 44476.2 40940.2 38486.7 37367.9 69673.2 74746 42274.3 37318.6 35731.2 31963 31391.3 31009.7 30707.2 30638.8 38172 30590 30134.5 32588.7 29687.3 48724.9 34548.9 29637.7
threshold=508.60416666666669 2020.5000000000002 995.00000000000011 238.76041666666671 355.50000000000006 -0.24999999999999994 8.5000000000000018 0.24963768115942034 -13.324999999999998 601.66666666666686 2023.5000000000002 2.5000000000000004 2022.5000000000002 127.79702038617442 -16.284999999999997 2021.5000000000002 304.62500000000006 3.5000000000000004 2010.5000000000002 81.649658092772555 14.115000000000002 492.50000000000006 2021.5000000000002 14.255000000000001 5.5000000000000009 8.5000000000000018 40.500000000000007 4.5000000000000009 8.5000000000000018 266.83500000000009 1241.5000000000002 86.312676863706471 12.870000000000003 10.500000000000002 -0.096340919232485486 864.91666666666674 527.50000000000011 39.252015759603914 34.500000000000007 3.5000000000000004 0.29334666666666659 0.25000000000000017 447.25000000000006 2023.5000000000002 125.13203482415412 875.33333333333337 -14.459999999999999 334.35416666666669 4.5000000000000009 2022.5000000000002 -13.709999999999999 14.805000000000001 3.5000000000000004 11.500000000000002 3.5000000000000004 67.023598439753826 2.5000000000000004 -15.854999999999999 868.00000000000011 -0.24999999999999994 -0.2351470588235294 -16.224999999999998
decision_type=2 2 2 2 2 2 2 2 2 2 2 2 2 2 2 2 2 2 2 2 2 2 2 2 2 2 2 2 2 2 2 2 2 2 2 2 2 2 2 2 2 2 2 2 2 2 2 2 2 2 2 2 2 2 2 2 2 2 2 2 2 2
left_child=1 3 9 18 10 6 13 8 19 55 11 22 15 31 -8 17 -17 -13 56 20 -7 -21 -3 32 48 -26 43 53 -24 -5 -23 -4 -20 34 35 -28 -35 42 39 -39 -40 -34 -29 44 -11 -46 58 -31 61 -41 -14 -27 -50 -6 -55 -2 -1 -58 60 -60 -45 -12
right_child=2 4 5 29 27 7 14 -9 -10 26 24 12 50 -15 -16 16 -18 -19 23 21 -22 30 28 -25 25 51 33 37 -30 47 -32 -33 41 36 -36 -37 -38 38 40 49 -42 -43 -44 46 45 -47 -48 -49 52 -51 -52 -53 -54 54 -56 -57 57 -59 59 -61 -62 -63
leaf_value=-0.51551913900162016 1.3520442696023713 -0.24426389521061506 3.628971286887869 -0.23094359337552636 -0.17185702347846799 3.4892970701505903 8.9695210184986234 0.050241400736713737 6.6589611912396425 -0.55370319368238752 -0.25239442128126927 -0.027815298969174531 -0.10894800121316844 6.258247393341426 5.1330483103871734 3.0009832415505109 0.6746327219464332 1.4638822686400177 -0.15127992982584237 6.1882371143142194 -0.35871999961386924 2.2468972137026411 0.28324970457212312 -0.28150810197716353 2.4886081762677414 -0.086730923789066716 6.312196289745204 0.42433884885613821 1.9298641298821348 -0.027293989873137015 5.0576880426549202 0.71341499262188202 -0.47928567931969246 4.1072547123349947 1.8380225129143888 3.1991965265043323 1.4146202920979078 1.1053762177548818 0.69209285705358725 0.20669148771434084 2.0121545693328584 -0.84857402426744999 0.92827718075186449 1.4437517788839187 0.44518582450441158 4.4885624899118435 3.1131952059465067 0.60673660575471122 0.14515880114343216 -1.6701468264343733 1.3731544827561246 1.8355262904493639 -0.92668277249949416 1.5514218606661361 -0.51430474718994412 -0.56454430343878215 -0.71263932434372124 -1.3029930002151746 2.5364648389590299 -0.64343527629176067 2.5855027924352765 -0.96192189590642363
leaf_weight=833 371 834 45 4092 300 31 22 29 20 40 290 356 414 21 31 111 232 196 570 21 31 64 574 4172 34 162 27 1244 50 4370 20 20 1816 26 29 34 67 282 100 92 177 1280 545 123 25 21 85 245 403 30 39 24 80 65 34 22 665 361 21 28 145 299
leaf_count=833 371 834 45 4092 300 31 22 29 20 40 290 356 414 21 31 111 232 196 570 21 31 64 574 4172 34 162 27 1244 50 4370 20 20 1816 26 29 34 67 282 100 92 177 1280 545 123 25 21 85 245 403 30 39 24 80 65 34 22 665 361 21 28 145 299
internal_value=0.00274759 -0.124759 2.28236 -0.299228 0.336114 3.59586 4.80187 2.81789 3.24681 1.84381 0.139013 0.296247 0.575427 3.60122 6.73953 0.857065 1.42814 0.502006 -0.473483 2.8344 1.56773 3.58009 0.0381039 -0.410486 -0.202465 0.522665 2.19451 0.617632 0.415486 -0.105157 2.92141 2.73443 -0.557253 2.92616 3.7031 4.58524 2.17106 0.704492 1.0369 0.694362 1.53604 -0.631987 0.577904 1.91958 0.971885 2.29692 2.12202 0.00637661 -0.351319 -0.255775 0.0189141 0.162128 -0.0325166 0.0798684 0.842127 1.24463 -0.739054 -0.920468 1.85533 0.721668 2.06224 -0.61269
internal_weight=26790 25371 1419 18404 6967 355 139 216 187 1064 4098 2806 1348 86 53 895 343 552 9697 167 62 105 1458 7838 1292 220 671 2869 624 8707 84 65 3666 183 90 61 93 2470 681 404 277 3096 1789 488 86 46 402 4615 1072 122 453 186 483 399 99 393 1859 1026 317 49 268 589
internal_count=26790 25371 1419 18404 6967 355 139 216 187 1064 4098 2806 1348 86 53 895 343 552 9697 167 62 105 1458 7838 1292 220 671 2869 624 8707 84 65 3666 183 90 61 93 2470 681 404 277 3096 1789 488 86 46 402 4615 1072 122 453 186 483 399 99 393 1859 1026 317 49 268 589
is_linear=0
shrinkage=0.05


Tree=48
num_leaves=63
num_cat=0
split_feature=17 2 7 17 3 7 7 19 17 2 3 25 21 1 20 2 0 2 2 13 3 10 11 22 22 5 12 2 22 23 5 0 0 19 1 6 0 6 3 2 22 22 22 13 1 22 1 8 21 5 17 21 1 3 11 0 6 22 17 20 12 2
split_gain=2.8118e+06 736488 295038 225262 148454 139550 81348.5 98500.8 80654 79437.2 74477.9 74444.8 154541 64870.2 71198.9 61212.6 59333.1 53322.2 83949.9 137521 109887 53048.7 51668.3 50366.8 56314.9 49920.5 49616.3 48777.8 50221.2 48553.1 44199.9 43851.2 40442.9 103353 96391.3 60457.4 54426.3 38633.4 37621 40392.3 48054.6 38698.7 37546.3 37523.9 34152.8 34127.6 33865.9 33963.3 60080.3 33256.8 32683.3 29924.6 52800.9 29685.4 29006.6 27998.1 28493.5 27564 26895.8 30475.5 27589 26641.9
threshold=508.60416666666669 2020.5000000000002 995.00000000000011 248.25666666666669 8.5000000000000018 355.50000000000006 1312.5000000000002 0.1556998556998557 601.66666666666686 2023.5000000000002 5.5000000000000009 7.5000000000000009 0.062650966183574922 -15.014999999999999 0.0079808612440190902 2010.5000000000002 14.255000000000001 2022.5000000000002 2021.5000000000002 304.62500000000006 9.5000000000000018 954.00000000000011 1241.5000000000002 5.5000000000000009 8.5000000000000018 -0.5 239.64500000000001 2021.5000000000002 8.5000000000000018 40.500000000000007 -0.5 13.280000000000003 14.765000000000002 -0.049986071229589084 -14.079999999999998 1.0000000180025095e-35 14.965000000000002 0.25000000000000017 10.500000000000002 2022.5000000000002 5.5000000000000009 2.5000000000000004 7.5000000000000009 333.38833333333338 -15.904999999999999 4.5000000000000009 -14.424999999999999 902.50000000000011 -0.14285269012071364 -0.5 315.14250000000004 -0.2351470588235294 -15.754999999999997 5.5000000000000009 468.00000000000006 14.805000000000001 -0.5 2.5000000000000004 444.54166666666669 0.14257481648786 355.50000000000006 2009.5000000000002
decision_type=2 2 2 2 2 2 2 2 2 2 2 2 2 2 2 2 2 2 2 2 2 2 2 2 2 2 2 2 2 2 2 2 2 2 2 2 2 2 2 2 2 2 2 2 2 2 2 2 2 2 2 2 2 2 2 2 2 2 2 2 2 2
left_child=1 3 8 15 6 9 7 11 54 10 27 53 -13 14 22 25 31 18 20 -20 -12 -16 -6 50 -25 44 30 -3 -29 46 43 -17 33 -31 -35 -34 -37 -33 39 40 45 -40 -42 -7 -1 -28 47 51 -49 -19 -11 -10 -53 -4 -2 56 -26 -52 60 -60 -41 -5
right_child=2 5 4 61 13 26 -8 -9 29 23 17 12 -14 -15 21 16 -18 49 19 -21 -22 -23 -24 24 55 -27 38 28 -30 32 -32 37 35 34 -36 36 -38 -39 41 58 42 -43 -44 -45 -46 -47 -48 48 -50 -51 57 52 -54 -55 -56 -57 -58 -59 59 -61 -62 -63
leaf_value=-0.75027703360966813 -0.19079753666521818 -0.28371067303189557 4.105930661319837 -0.49936656555689185 1.4711410911256735 0.94831065923553415 6.3950607865325839 0.5003894535463248 1.2659537800504916 -0.64914783102763973 -0.0094125363032872694 3.3476070408113396 7.9952232182582952 3.8863212585449221 1.569559790583567 -0.22670071144564494 -0.26279529334306412 -0.24997597885569189 2.7058815128836726 0.64155980092356002 1.3907254749114024 -1.9090980455056945 4.4917424012056157 2.3645426610348164 0.90891269227999172 -0.492258461914856 0.94132379776833397 0.19795429471289228 1.8901971208330501 6.0076386074839592 0.52497318895394229 -0.4647087067890292 3.7828210915516651 4.8290622501082687 0.25465592669384945 0.20918640343307637 3.0917975495658618 -0.83519220637642777 -1.6786560770386978 0.67210518416267284 0.066640702981288533 0.37827845305650998 1.7013096766844367 -0.85085938684313112 -1.4693820824280284 3.0585107284008717 2.6717802069415306 1.9016064082188988 -1.070487211550589 0.56524356944742504 1.0696323419088645 2.6908448050817264 0.67714156096451639 2.17920161287498 1.3166846499999654 1.7441308296073026 -0.52540667344160541 -0.18976617006630231 0.88257153633380359 2.2775924103719176 0.043115298179905143 -0.052649751185269281
leaf_weight=442 35 699 42 350 37 36 37 20 136 465 491 41 32 40 24 943 5118 297 121 242 196 20 23 34 50 1236 29 496 48 29 251 1687 37 20 27 44 26 1208 24 1052 75 447 66 147 264 56 95 39 30 216 47 146 42 39 358 24 112 560 434 43 209 7156
leaf_count=442 35 699 42 350 37 36 37 20 136 465 491 41 32 40 24 943 5118 297 121 242 196 20 23 34 50 1236 29 496 48 29 251 1687 37 20 27 44 26 1208 24 1052 75 447 66 147 264 56 95 39 30 216 47 146 42 39 358 24 112 560 434 43 209 7156
internal_value=0.00262722 -0.118519 2.16852 -0.284268 3.41675 0.319319 4.26167 3.80458 1.75177 0.132075 0.281449 4.23306 5.39314 2.17657 1.51582 -0.429441 -0.374252 0.511157 0.715272 1.33024 0.390182 -0.0122785 2.63467 -0.192333 0.496628 -0.683926 0.586758 -0.00740771 0.347599 2.08501 0.0942026 -0.522867 2.78032 3.66357 2.20744 2.15008 1.28283 -0.619326 0.674539 0.770784 1.39961 0.273122 0.832504 -0.496572 -1.01935 2.33819 1.82374 1.61811 0.60964 0.0933079 -0.333763 1.8326 2.2416 3.18214 1.1824 0.154068 -0.0823971 -0.0920826 0.688937 1.00879 0.567871 -0.0734869
internal_weight=26790 25371 1419 18404 355 6967 211 174 1064 4098 2806 154 73 144 104 10898 8956 1563 1050 363 687 44 60 1292 220 1942 2869 1243 544 671 434 3838 183 76 47 107 70 2895 2435 1964 226 471 141 183 706 85 488 393 69 513 1072 324 188 81 393 186 162 607 1738 477 1261 7506
internal_count=26790 25371 1419 18404 355 6967 211 174 1064 4098 2806 154 73 144 104 10898 8956 1563 1050 363 687 44 60 1292 220 1942 2869 1243 544 671 434 3838 183 76 47 107 70 2895 2435 1964 226 471 141 183 706 85 488 393 69 513 1072 324 188 81 393 186 162 607 1738 477 1261 7506
is_linear=0
shrinkage=0.05


Tree=49
num_leaves=63
num_cat=0
split_feature=15 2 7 12 21 6 1 12 22 2 20 1 17 10 22 15 16 0 12 14 6 25 6 21 23 7 2 8 17 22 2 6 13 0 19 1 6 0 15 8 0 17 2 16 23 1 22 2 25 15 6 14 6 12 10 2 19 12 21 25 4 7
split_gain=2.53903e+06 654036 272936 221819 180211 110584 114429 107403 100528 90664.2 90515.2 89946.6 76928.4 66803.1 62720.1 56830.3 56008.8 80834.4 63142.3 50290.3 49421 71314.6 49092.5 46478.1 43859.3 39826.4 39680 37435.9 36968.3 36869 75948.4 44522 43756.6 36519.5 93300.6 87038.9 54574.8 49139.9 33827.3 33463.7 33458 33069.1 32510.7 42835.7 66225.4 36824.7 31548.3 37584.1 31242.3 30301.8 29172 27885.1 32330.1 26229.8 26057.8 25980.5 25583.3 25481 56302.4 30305.5 25012.3 24483.1
threshold=511.08333333333343 2021.5000000000002 995.00000000000011 217.68000000000004 -0.030296969696969652 -0.24999999999999994 -16.224999999999998 521.50000000000011 5.5000000000000009 2022.5000000000002 0.24963768115942034 -13.324999999999998 601.66666666666686 279.50000000000006 4.5000000000000009 304.19416666666672 81.649658092772555 14.115000000000002 492.50000000000006 60.067978537529491 0.25000000000000017 10.500000000000002 -0.24999999999999994 -0.1877326167282499 40.500000000000007 400.62500000000006 2009.5000000000002 188.39500000000004 358.69458333333341 5.5000000000000009 2022.5000000000002 1.0000000180025095e-35 408.50000000000006 14.765000000000002 -0.049986071229589084 -14.079999999999998 1.0000000180025095e-35 14.965000000000002 266.70166666666677 355.50000000000006 13.725000000000001 349.02083333333343 2023.5000000000002 86.312676863706471 20.500000000000004 -12.639999999999999 4.5000000000000009 2016.5000000000002 7.5000000000000009 391.72916666666674 -0.68301270189221952 2.0207259421644488 1.0000000180025095e-35 221.34000000000003 298.16500000000002 2023.5000000000002 -0.23332666666666665 602.08500000000015 -0.19215384615384609 1.5000000000000002 2.5000000000000004 300.31000000000006
decision_type=2 2 2 2 2 2 2 2 2 2 2 2 2 2 2 2 2 2 2 2 2 2 2 2 2 2 2 2 2 2 2 2 2 2 2 2 2 2 2 2 2 2 2 2 2 2 2 2 2 2 2 2 2 2 2 2 2 2 2 2 2 2
left_child=1 3 12 27 8 6 7 -4 9 22 11 16 55 39 48 51 17 -7 -18 -9 21 49 -3 -20 42 54 -15 -1 53 30 31 -17 -32 34 -26 -36 -35 -38 -10 46 -8 -31 43 -14 -45 57 -5 -48 61 -11 -29 -16 60 -28 -22 -2 -55 58 -44 -59 -53 -6
right_child=2 4 5 13 14 10 40 19 38 20 -12 -13 24 26 15 29 18 -19 23 -21 25 -23 -24 -25 33 -27 28 50 -30 41 32 -33 -34 36 35 -37 37 -39 -40 -41 -42 -43 45 44 -46 -47 47 -49 -50 -51 -52 52 -54 56 -56 -57 -58 59 -60 -61 -62 -63
leaf_value=-0.58668327613725979 0.46373624889367832 3.7145871571454956 3.5235204620896101 -0.36624187586912405 0.46457565166997883 3.1628598467713385 4.2272738248452368 5.5600680365491266 2.5984625923692888 -0.46328604302422294 -0.062556453013338162 6.1039044522527437 -0.4347615986982124 -0.5723423693428501 2.9570888284474508 3.5584181469893523 5.7111342380397128 -0.44364921766845361 0.60042548834995069 9.1311250668566384 -1.2023458365420006 0.93011497362764806 0.25558984137293117 3.3196293766166058 5.7082889569993691 -2.1491779291714739 1.5877593187674934 -0.16541164479984008 0.90475712021118937 0.22877003164735729 -0.049637512971170458 1.4658341979665681 1.0779885644725169 3.5941898622281472 4.5888103629819197 0.24197011838539942 0.19875080121719108 2.9377999166875965 0.49860633450199932 -2.0953034556531285 1.9157531046213354 0.65150952863659739 1.3916597772604948 3.3394527724518399 -0.39587279224202998 3.2534641711675683 -0.23520184210751022 0.035718422430303827 0.567063078170296 0.92813438138386484 -0.43141000994311973 0.7743471722746772 0.3579408809046738 1.2515066749519774 -0.38791509816216713 1.3547714290717359 0.040014110603543145 2.9213630284475762 3.7907863372993029 1.2761638907570223 2.3917272265514109 -0.254547187734603
leaf_weight=2924 112 21 32 1864 170 31 26 20 20 425 29 20 37 236 28 36 21 31 21 21 124 146 20 63 29 42 28 1371 136 657 140 87 223 37 20 27 44 26 423 23 40 1565 57 29 20 46 3215 2127 349 43 4156 38 63 44 472 305 3677 32 43 224 65 389
leaf_count=2924 112 21 32 1864 170 31 26 20 20 425 29 20 37 236 28 36 21 31 21 21 124 146 20 63 29 42 28 1371 136 657 140 87 223 37 20 27 44 26 423 23 40 1565 57 29 20 46 3215 2127 349 43 4156 38 63 44 472 305 3677 32 43 224 65 389
internal_value=0.00251042 -0.113634 2.04252 -0.248051 0.366273 3.2464 4.34725 5.71189 -0.0559629 -0.278677 2.53627 2.93914 1.64944 -0.103644 0.558659 0.672134 2.55667 1.36171 3.26025 7.40703 -0.35451 -0.0342623 2.03212 2.64141 1.98096 -0.662649 0.0570141 -0.441991 0.0952603 0.612863 1.00737 2.08073 0.643184 2.64181 3.48113 2.09761 2.04291 1.21892 0.593984 -0.19523 2.83145 0.526532 1.73264 0.848796 1.81703 1.92145 -0.189136 -0.127331 0.195949 -0.33526 -0.365433 1.49871 1.25105 0.06587 -0.557542 1.11563 0.0543743 1.74846 2.42609 1.48289 1.7964 -0.0357986
internal_weight=26790 25347 1443 19801 5546 355 139 73 1736 1293 216 187 1088 11350 3810 2902 167 62 105 41 1252 614 41 84 671 638 4121 8451 3885 2708 486 123 363 183 76 47 107 70 443 7229 66 2222 488 86 49 402 7206 5342 908 468 5527 194 166 3749 596 417 3721 356 100 256 103 559
internal_count=26790 25347 1443 19801 5546 355 139 73 1736 1293 216 187 1088 11350 3810 2902 167 62 105 41 1252 614 41 84 671 638 4121 8451 3885 2708 486 123 363 183 76 47 107 70 443 7229 66 2222 488 86 49 402 7206 5342 908 468 5527 194 166 3749 596 417 3721 356 100 256 103 559
is_linear=0
shrinkage=0.05


Tree=50
num_leaves=63
num_cat=0
split_feature=17 2 13 0 12 1 2 11 12 20 3 12 21 11 2 3 3 15 2 6 3 7 17 17 18 15 20 6 0 1 2 17 20 21 19 25 6 13 14 9 14 1 3 2 1 0 0 12 21 2 3 25 2 2 10 13 21 20 21 25 12 6
split_gain=2.19706e+06 448096 367932 178632 175953 123303 110150 93642.1 92060.2 90418.6 89479.3 121977 73722.3 72030.9 66932.4 131486 131405 99212.4 79003.3 107531 85629.8 59915.8 54119 53571.7 47684.5 45433.2 44339 43030.2 43729.7 40110.4 36525.7 35843 52013 34717.2 34870.3 33603.1 32318.8 29168.8 27780.7 27735.8 33330.4 26776 26403.5 26361.3 25860.9 24660.6 24491.8 23515.6 22705.3 22091.4 21899.6 19743.7 19723.3 24484.6 20360.1 19023.6 21397.9 18717.3 19522.6 18187.8 17957.4 17186.8
threshold=456.29166666666669 2020.5000000000002 600.50000000000011 16.005000000000003 217.68000000000004 -17.154999999999998 2022.5000000000002 502.00000000000006 977.50000000000011 0.40030581039755347 8.5000000000000018 590.83500000000015 -0.12477436823104691 968.50000000000011 2021.5000000000002 9.5000000000000018 10.500000000000002 276.97250000000003 2022.5000000000002 1.0000000180025095e-35 7.5000000000000009 306.12500000000006 287.00708333333336 383.34750000000003 74.68015129502129 425.04166666666669 -0.066673333333333293 -0.5 14.665000000000001 -16.224999999999998 2009.5000000000002 334.35416666666669 0.38208651633686147 -0.33601282713498615 -0.0249951249512495 11.500000000000002 -0.5 400.08333333333343 14.433756729740971 189.67000000000004 56.602583892218433 -14.079999999999998 9.5000000000000018 2024.5000000000002 -16.194999999999997 14.555000000000001 14.485000000000001 265.50000000000006 0.37525790921595609 2018.5000000000002 9.5000000000000018 6.5000000000000009 2016.5000000000002 2012.5000000000002 253.16500000000005 205.08333333333334 -0.013297168141592928 -0.16620095770334051 0.16501296091338039 5.5000000000000009 264.50000000000006 1.0000000180025095e-35
decision_type=2 2 2 2 2 2 2 2 2 2 2 2 2 2 2 2 2 2 2 2 2 2 2 2 2 2 2 2 2 2 2 2 2 2 2 2 2 2 2 2 2 2 2 2 2 2 2 2 2 2 2 2 2 2 2 2 2 2 2 2 2 2
left_child=1 4 33 5 27 26 7 -7 -5 10 13 -12 24 -8 15 47 17 46 19 21 25 29 61 38 36 43 -4 39 49 -16 -24 32 48 -2 42 -27 -3 -21 -22 -1 52 44 59 -20 -38 -36 -17 55 -32 50 -29 -19 53 -41 -54 56 -14 -33 -59 -35 -25 -6
right_child=2 12 3 8 22 6 9 -9 -10 -11 11 -13 14 -15 18 16 -18 51 20 37 23 -23 30 60 -26 35 -28 28 -30 -31 31 57 -34 34 45 -37 41 -39 -40 40 -42 -43 -44 -45 -46 -47 -48 -49 -50 -51 -52 -53 54 -55 -56 -57 -58 58 -60 -61 -62 -63
leaf_value=-0.45426761333377574 2.8643668796142303 0.25180850064412102 6.3063321574604343 7.9065862150334603 -0.11195756989992017 6.7216056081504307 1.7886267637343067 2.3540236863377255 3.2491058083323687 -1.3632840110792368 -0.30706462520340416 1.8916933944265897 1.5575075807907768 2.9580863196096381 3.2999662928053342 2.6254380551334542 -0.37589424795296128 -0.17270785761495358 0.45312943862263844 0.078375408513894837 -0.15696711317751386 1.0180564331247939 -0.50690537365016752 -0.4163736762982172 1.3100417006090153 0.78789452784259051 3.2673271741244392 -0.57875341980445583 -0.34249629269981297 1.4552361800081091 0.071202674451537815 -0.76547198426071084 -2.2002385468122019 -0.14582961227071012 1.2226722777307324 2.139162071733423 -0.16055044922349315 0.94718072838752354 -0.92056581302980856 -0.059529460492127345 1.7938169459951407 0.46175518687634415 -0.82330850603264993 -0.12915904809007661 -0.73930897289645192 0.63802151236211591 4.7272579292775729 0.073937519152244266 1.5268662084622575 -0.28750580688875965 -0.87808983855388301 1.7369228330265551 0.0041074967466629437 -0.51576422726694737 1.0697423043782932 -0.50467092031091476 -0.19789779092186699 0.56636984064517015 1.6561443099693538 1.1325516332115604 0.40993515220129401 -0.26398485953819389
leaf_weight=1166 22 315 21 20 3763 22 275 28 23 21 87 229 24 254 55 26 76 27 1350 384 306 366 252 78 56 281 29 1720 2237 64 2335 20 25 48 471 55 406 129 195 653 22 93 46 227 368 293 31 439 27 402 949 27 365 535 51 566 62 172 54 66 416 3675
leaf_count=1166 22 315 21 20 3763 22 275 28 23 21 87 229 24 254 55 26 76 27 1350 384 306 366 252 78 56 281 29 1720 2237 64 2335 20 25 48 471 55 406 129 195 653 22 93 46 227 368 293 31 439 27 402 949 27 365 535 51 566 62 172 54 66 416 3675
internal_value=-0.000290371 -0.127285 1.61354 2.2777 -0.252655 2.13688 2.00446 4.28544 5.42881 1.87227 1.95284 1.28642 0.232363 2.35061 0.315149 0.001052 1.22569 2.32166 0.417914 0.801748 0.28616 1.33546 -0.115776 -0.090041 -0.114289 0.48183 4.55385 -0.427094 -0.510678 2.30994 0.0680428 0.123089 0.0638505 0.904984 0.858022 1.00967 -0.18188 0.296999 -0.454311 -0.268176 -0.134707 -0.339465 0.18665 0.369306 -0.435789 0.998574 3.7749 -0.208942 0.0879084 -0.633169 -0.685217 0.783461 -0.161272 -0.265019 0.134988 -0.399398 0.293165 0.697618 0.827398 0.594586 0.279397 -0.187075
internal_weight=26800 24845 1955 1009 18423 966 916 50 43 866 845 316 6422 529 5184 1278 187 111 3906 998 2908 485 10323 995 1238 1913 50 8100 5308 119 2885 2633 2387 946 924 336 1182 513 501 2792 1626 867 160 1577 774 764 57 1091 2362 3071 2669 54 1604 1188 416 652 86 246 226 114 494 7438
internal_count=26800 24845 1955 1009 18423 966 916 50 43 866 845 316 6422 529 5184 1278 187 111 3906 998 2908 485 10323 995 1238 1913 50 8100 5308 119 2885 2633 2387 946 924 336 1182 513 501 2792 1626 867 160 1577 774 764 57 1091 2362 3071 2669 54 1604 1188 416 652 86 246 226 114 494 7438
is_linear=0
shrinkage=0.05


Tree=51
num_leaves=63
num_cat=0
split_feature=17 2 9 22 0 2 1 12 5 22 25 12 21 2 3 3 17 2 3 22 3 7 8 2 22 8 18 21 21 18 2 5 22 1 1 3 23 5 18 10 25 1 2 17 7 1 17 2 10 20 0 2 22 0 1 12 20 5 22 20 14 23
split_gain=1.98308e+06 404434 329690 164463 155305 84086.2 89054.5 83130.9 75791.5 115666 70884.8 79921.2 66538.7 60398.7 118705 118633 84178 71309.6 77285 84285.3 58552.3 94122.8 52761.3 47549.8 61456.6 43393.9 43042.4 39612.2 38712.3 37965.8 37612.7 37462.7 36079.3 31659.8 42612.1 31591.1 31248.4 31241.8 30678.2 64344.5 29890 35577 29356.2 28756.9 37805.8 27415.2 26635 28497.6 52192.1 28510.9 25968.5 25835.8 25660.3 24611.1 23748.2 21222.3 19709 33664.3 25116.9 36575.1 31674.6 22223.9
threshold=456.29166666666669 2020.5000000000002 688.50000000000011 5.5000000000000009 16.005000000000003 2022.5000000000002 -17.414999999999996 977.50000000000011 -0.24999999999999994 1.0000000180025095e-35 11.500000000000002 420.50000000000006 -0.12477436823104691 2021.5000000000002 9.5000000000000018 10.500000000000002 273.37166666666673 2022.5000000000002 7.5000000000000009 5.5000000000000009 3.5000000000000004 300.31000000000006 1196.5000000000002 2016.5000000000002 6.5000000000000009 417.50000000000006 74.68015129502129 -0.35001031237109531 0.24997991107301668 247.30927760143524 2010.5000000000002 -0.5 8.5000000000000018 -13.709999999999999 -16.224999999999998 4.5000000000000009 47.500000000000007 -0.93301270189221919 41.337027378892387 298.16500000000002 4.5000000000000009 -16.224999999999998 2024.5000000000002 349.02083333333343 323.16500000000002 -13.709999999999999 405.58333333333343 2012.5000000000002 360.50000000000006 0.20777684563758395 16.250000000000004 2018.5000000000002 3.5000000000000004 14.485000000000001 -16.254999999999999 265.50000000000006 0.15013513513513513 -0.24999999999999994 6.5000000000000009 -0.1070598006644518 52.041649986653404 27.500000000000004
decision_type=2 2 2 2 2 2 2 2 2 2 2 2 2 2 2 2 2 2 2 2 2 2 2 2 2 2 2 2 2 2 2 2 2 2 2 2 2 2 2 2 2 2 2 2 2 2 2 2 2 2 2 2 2 2 2 2 2 2 2 2 2 2
left_child=1 3 27 30 5 29 -7 -6 10 22 11 -8 26 14 55 16 53 20 43 45 -15 28 -10 24 46 38 40 -2 -22 -4 31 52 -21 34 -32 -35 56 -23 -25 -40 41 -3 -11 -19 -45 -20 47 48 -5 -49 51 -36 -1 -16 -12 -14 58 -58 59 -29 -61 -59
right_child=2 12 4 23 7 6 8 -9 9 42 54 -13 13 17 15 -17 -18 18 19 32 21 37 -24 25 -26 -27 -28 36 -30 -31 33 -33 -34 35 50 -37 -38 -39 39 -41 -42 -43 -44 44 -46 -47 -48 49 -50 -51 -52 -53 -54 -55 -56 -57 57 61 -60 60 -62 -63
leaf_value=-0.34907921276308274 2.7139095046591524 -0.032371880966637463 5.3969211147206044 0.23019091706650571 7.5132237178176204 4.7280371272266972 -1.0589687238505712 3.0873536767381613 2.5162875989509157 0.19893892113713252 2.048291038215317 1.2986083050385866 -0.37942197184963727 -0.28393586243390029 2.4946690901029158 -0.35712423675476956 0.86328739952915812 0.22879201399973345 -0.86098298391339623 0.4965362928196248 2.5882070030550954 1.4582763665288918 4.4518899170240562 0.063507300936971531 -0.34750895535455384 -2.236977435818952 1.2446563821000425 1.4893910299820508 0.61812701338727671 2.6201871151746063 -0.25947147565986567 -0.41854877839034477 -0.4290553844846583 -0.45462470575614988 -0.57994927957153308 0.11788138026823503 0.24717412081456236 0.54551412156188062 -0.0041626313884527855 2.5412848710251588 0.084230556780376706 -0.79983384608609898 1.7140023093540986 2.7186727013068177 0.5813863599008523 0.18542457114948049 0.93040147665913564 -0.16253786328087169 -0.68784779260132822 -1.7180185299638993 0.74969780745297454 -0.2329433594235984 -1.1461722709655435 4.6501886352949722 4.1227273733907159 0.070241485827521211 -0.085189150181991788 1.1352918625670019 1.0550715687928118 -0.69370119994489565 1.3182534553082053 2.9137939278598175
leaf_weight=135 30 300 26 1281 20 28 43 23 303 62 38 217 652 118 26 76 57 799 316 465 103 110 40 2930 2544 20 56 47 33 24 3821 904 136 371 2851 687 167 634 68 39 578 304 66 21 1093 78 73 1389 176 30 41 661 402 28 22 439 21 30 601 78 26 43
leaf_count=135 30 300 26 1281 20 28 43 23 303 62 38 217 652 118 26 76 57 799 316 465 103 110 40 2930 2544 20 56 47 33 24 3821 904 136 371 2851 687 167 634 68 39 578 304 66 21 1093 78 73 1389 176 30 41 661 402 28 22 439 21 30 601 78 26 43
internal_value=-0.000264744 -0.120917 1.53297 -0.240022 2.22733 2.08169 1.95969 5.15867 1.86111 2.26464 1.26662 0.908425 0.22076 0.299409 0.00103645 1.16463 2.20598 0.39703 0.271856 -0.0855446 0.761695 0.901927 2.74326 -0.0794863 -0.167449 0.0785696 -0.10857 0.925657 2.11102 4.07208 -0.379043 -0.615125 0.28704 -0.33869 -0.375388 -0.0828938 0.87243 0.68065 0.0938934 0.925077 -0.172786 -0.418721 0.980911 0.457747 0.621921 -0.653819 -0.0121101 -0.0360666 0.119252 -0.195546 -0.500036 -0.514649 -0.945897 3.61897 2.8146 -0.198491 0.995806 1.67863 0.910234 0.333413 -0.189881 2.18552
internal_weight=26800 24845 1955 18423 912 869 819 43 791 471 320 260 6422 5184 1278 187 111 3906 2908 995 998 880 343 8550 5493 3057 1238 1043 136 50 9873 1441 601 8432 7374 1058 1013 744 3037 107 1182 604 128 1913 1114 394 2949 2876 1457 1419 3553 3512 537 54 60 1091 846 94 752 151 104 73
internal_count=26800 24845 1955 18423 912 869 819 43 791 471 320 260 6422 5184 1278 187 111 3906 2908 995 998 880 343 8550 5493 3057 1238 1043 136 50 9873 1441 601 8432 7374 1058 1013 744 3037 107 1182 604 128 1913 1114 394 2949 2876 1457 1419 3553 3512 537 54 60 1091 846 94 752 151 104 73
is_linear=0
shrinkage=0.05


Tree=52
num_leaves=63
num_cat=0
split_feature=7 2 7 12 0 2 15 6 12 7 3 22 19 3 22 14 16 0 7 17 19 22 9 3 9 0 21 16 1 15 17 0 6 2 22 12 7 16 16 19 0 2 3 2 18 0 14 25 19 22 21 0 1 3 0 0 2 2 18 15 2 23
split_gain=1.79051e+06 488096 166871 165995 132829 99587.3 148272 103454 81700.2 61096.7 60180.3 73579.3 56734.3 60348.1 57413.7 67447.7 85174.4 84295.2 55796.2 66869 53041.9 50402.9 49425.7 42304.2 40979.4 75161.2 35761.9 35703.1 35447.2 33805 32494.1 30659.7 37311.4 29860.6 29596.4 26358.2 28433.2 55762.1 33903.4 26045.5 25539.8 25085.5 30109.3 24867 24808.3 24246.5 41118.3 36420.1 35730.6 33012.9 23560.6 22465.2 22064.2 21712.3 21350.8 21105.3 21039 21732.2 20861.8 20558.4 26737.8 20720.4
threshold=539.00000000000011 2021.5000000000002 939.00000000000011 216.83500000000001 16.005000000000003 2022.5000000000002 349.35416666666669 1.0000000180025095e-35 705.00000000000011 306.12500000000006 7.5000000000000009 5.5000000000000009 -0.11997392438070402 8.5000000000000018 1.0000000180025095e-35 56.602583892218433 40.493876570640921 15.190000000000001 902.50000000000011 779.41666666666686 -0.22120285423037714 5.5000000000000009 963.50000000000011 8.5000000000000018 1196.5000000000002 13.725000000000001 0.022733083743720298 77.492472527022912 -14.079999999999998 425.04166666666669 330.22916666666669 14.255000000000001 0.25000000000000017 2024.5000000000002 8.5000000000000018 903.25000000000011 677.50000000000011 77.492472527022912 115.94574796102505 0.2865444875813497 14.255000000000001 2015.5000000000002 5.5000000000000009 2018.5000000000002 108.61230281788228 13.725000000000001 44.293580798128708 1.5000000000000002 0.0058997563522450456 1.0000000180025095e-35 -0.19964412811387897 13.690000000000001 -16.119999999999997 10.500000000000002 14.690000000000001 15.190000000000001 2014.5000000000002 2010.5000000000002 74.68015129502129 289.12500000000006 2009.5000000000002 54.500000000000007
decision_type=2 2 2 2 2 2 2 2 2 2 2 2 2 2 2 2 2 2 2 2 2 2 2 2 2 2 2 2 2 2 2 2 2 2 2 2 2 2 2 2 2 2 2 2 2 2 2 2 2 2 2 2 2 2 2 2 2 2 2 2 2 2
left_child=1 3 18 31 12 7 23 9 10 26 29 53 -4 14 15 16 -14 -17 19 35 -21 41 -15 28 27 -26 -3 -24 58 33 40 32 51 -8 -13 36 44 -38 -39 59 -25 56 -43 -34 -2 48 49 -48 50 -47 -22 -1 -28 -12 -37 -31 57 -5 -7 -23 -61 -62
right_child=2 5 4 21 -6 6 8 -9 -10 -11 11 34 13 22 -16 17 -18 -19 -20 20 45 39 24 30 25 -27 52 -29 -30 55 -32 -33 43 -35 -36 54 37 38 -40 -41 -42 42 -44 -45 -46 46 47 -49 -50 -51 -52 -53 -54 -55 -56 -57 -58 -59 -60 60 61 -63
leaf_value=-0.077970257392824704 1.137945404747531 3.0696683582814743 4.8643506633161939 -0.66104798773364726 5.6873533451297202 -0.16173520693391732 0.51620594146783572 0.26665616985104756 3.3129030350332935 0.93534352820630251 -0.10484486819856718 0.5460658548773738 1.5993526865116918 -0.29038713688025375 0.19156500377926217 2.7487500506358145 4.8289380962260271 -0.76196240565223139 -0.8002891256583331 -0.20484020683598259 3.1599350152066599 -0.07252694217434015 1.5638318649517213 -1.3745550564485973 2.9645328091981611 -0.91791355751757253 2.3763222558407491 4.1425100308062843 1.0660545431929285 0.99726372916096051 -0.010281529875811685 -0.28986671164205829 -0.7693797393073305 -0.18279590038494284 -0.20700367630148928 -1.2471756605175432 0.041114747038793781 4.5828907697969141 1.872028499088068 -0.92206847062370678 -0.40287365759864002 -0.33276584179782437 0.0095329828264619117 -0.2679035509069877 -0.31495769246716365 3.2891287218189449 2.7716650022446618 0.97911040301145735 4.4808888233054232 1.7253119806839372 1.0649983161710688 -0.4410436104098282 0.65250756733137616 -0.84265332790220215 0.97655398036559782 0.25434278277863204 -0.67664852100623252 -0.12994112216656345 0.83966270237349772 -0.46496082270900629 0.11682168317046455 1.0955919775036849
leaf_weight=556 353 61 21 259 32 927 1041 530 24 380 222 637 29 34 21 91 70 21 28 27 28 4068 27 152 23 27 34 27 69 525 142 4492 1256 179 164 21 22 21 26 77 122 1111 1523 308 32 70 36 133 24 66 26 1824 41 181 22 117 452 751 55 198 2909 55
leaf_count=556 353 61 21 259 32 927 1041 530 24 380 222 637 29 34 21 91 70 21 28 27 28 4068 27 152 23 27 34 27 69 525 142 4492 1256 179 164 21 22 21 26 77 122 1111 1523 308 32 70 36 133 24 66 26 1824 41 181 22 117 452 751 55 198 2909 55
internal_value=-0.000240061 -0.0946634 1.76865 -0.211049 2.59276 0.317427 0.216423 0.75739 0.412935 1.26128 0.390125 0.114628 2.33809 2.19342 2.68606 2.9341 3.88552 2.09035 1.39557 1.46344 1.93621 -0.0866479 1.36383 -0.197493 1.90444 0.870264 2.17059 2.85854 -0.0285462 0.568248 -0.624205 -0.379198 -0.480931 0.413637 0.391866 1.07311 1.18515 2.11979 3.09053 -0.00794214 -0.942232 -0.227049 -0.134851 -0.67065 1.01712 2.08718 1.88464 1.3624 2.87567 2.53208 2.15519 -0.356234 1.43616 -0.436357 -0.109711 0.86194 -0.393133 -0.266193 -0.105564 0.0018053 0.0974366 0.135022
internal_weight=26800 25442 1358 19839 423 5603 4557 1046 3090 516 3066 1204 391 370 232 211 99 112 935 907 410 11403 138 1467 104 50 136 54 1051 1862 416 8436 3944 1220 801 497 454 69 47 7307 274 4096 2634 1564 385 383 305 169 78 136 54 2380 75 403 43 642 1462 1010 982 7230 3162 2964
internal_count=26800 25442 1358 19839 423 5603 4557 1046 3090 516 3066 1204 391 370 232 211 99 112 935 907 410 11403 138 1467 104 50 136 54 1051 1862 416 8436 3944 1220 801 497 454 69 47 7307 274 4096 2634 1564 385 383 305 169 78 136 54 2380 75 403 43 642 1462 1010 982 7230 3162 2964
is_linear=0
shrinkage=0.05


Tree=53
num_leaves=63
num_cat=0
split_feature=7 8 8 7 0 14 14 15 1 12 0 8 3 20 18 21 21 15 12 21 21 12 0 18 12 7 0 3 21 10 3 0 7 20 13 7 23 20 21 19 14 3 0 3 1 11 14 20 20 0 19 1 11 20 19 7 20 24 16 10 1 11
split_gain=1.61627e+06 402212 160468 116054 111517 85860.1 132077 84528.2 74906.5 69944.8 69515.2 64280.6 61165 81351.9 69921.8 60699.5 71722.6 46902.6 45939.6 35377.1 38841.8 28491.2 26342.6 23294.4 23248.6 22430.5 20784.3 19271.5 32798.2 18780.1 22468.9 18357.3 18165.6 17488.9 25397.6 16931.6 18147.2 15994.4 38573.8 15956.9 15721.2 15197.8 15950.9 14663 18202.3 18989.6 14630 14536.5 20106.6 14393.9 15936.5 14326 23205.1 14731.1 14724 12944.8 12795 12495.6 12477 11962 11830.2 12734.3
threshold=539.00000000000011 294.12500000000006 1196.5000000000002 394.50000000000006 15.950000000000001 28.867513459481021 80.490080293118751 203.22333333333336 -17.154999999999998 705.00000000000011 14.555000000000001 1312.5000000000002 8.5000000000000018 0.3333245614035088 88.234363958285357 1.0010810810810813 0.72021505376344097 1004.8333333333334 1158.3350000000003 -0.36498410365924833 0.45477272727272738 163.87500000000003 13.280000000000003 48.514570805948757 189.39500000000001 439.00000000000006 15.790000000000001 10.500000000000002 0.3333416666666667 265.50000000000006 10.500000000000002 14.610000000000001 153.06000000000003 -0.087097876494996326 433.41666666666669 360.50000000000006 2.5000000000000004 0.24963768115942034 0.92502190665716699 0.20055096418732779 34.641016151377407 5.5000000000000009 15.190000000000001 5.5000000000000009 -13.709999999999999 333.16500000000002 9.6244289873901465 -0.047746753246753197 -1.0000000180025095e-35 16.005000000000003 0.11766485447605148 -14.874999999999998 425.50000000000006 0.23459164292497628 -0.33202099737532803 340.50000000000006 -0.3494186046511627 1.0000000180025095e-35 14.146806418539468 243.80000000000004 -16.224999999999998 180.31000000000003
decision_type=2 2 2 2 2 2 2 2 2 2 2 2 2 2 2 2 2 2 2 2 2 2 2 2 2 2 2 2 2 2 2 2 2 2 2 2 2 2 2 2 2 2 2 2 2 2 2 2 2 2 2 2 2 2 2 2 2 2 2 2 2 2
left_child=1 7 8 24 5 -4 10 23 -2 22 -7 -8 14 18 -10 16 17 -16 19 -14 -21 40 33 26 -3 37 32 43 39 30 35 -20 -1 34 -5 36 -26 38 -24 -29 -9 42 -27 49 45 -45 -46 58 -49 56 -51 54 53 -53 -31 -32 -23 -56 -35 -39 -34 -62
right_child=2 3 4 9 -6 6 11 21 12 -11 -12 -13 13 -15 15 -17 -18 -19 31 20 -22 27 25 -25 29 41 -28 28 -30 51 55 -33 60 47 -36 -37 -38 59 -40 -41 -42 -43 -44 44 46 -47 -48 48 -50 50 -52 52 -54 -55 57 -57 -58 -59 -60 -61 61 -63
leaf_value=-0.67177086543857589 3.835749013222236 -0.5057136109866146 4.9060337821770332 2.3380873145706698 6.3429036148356204 1.7622565147680636 2.1070928069048152 -0.41799337628686772 1.097674408720438 3.1479452722794785 -2.207596798982665 5.7213008458015473 2.6393553894384323 -1.5791667599218628 1.8127464191565474 4.0412531287386146 -0.63964619654805266 3.215158457566873 3.5855367893780468 0.59698004477379418 2.8740192468486616 0.79926502244123421 0.17921310102293633 1.2184765309769643 1.1528934264098198 1.0138323172152555 0.13010937437578682 -0.26363788237296992 -1.2145583057636549 1.2265029721594385 -0.97418987439479288 1.6178224564548509 -0.26566296936554645 -1.0040961244479749 0.69074799865301328 1.2088887443401717 -0.15906525601592802 -0.18213368283096718 -1.7349988733380481 1.0328527879912823 -1.260609881785328 0.37592248095572273 0.17772734525914835 -0.069322369439645648 -0.072791781199071579 -0.61219279996425824 0.38910454011660695 1.7549951790313072 0.60062699287667654 0.080940134163234742 1.5544496233153402 0.23178896271816349 1.2578880953702218 -1.0999084601470079 0.046347765875909275 0.072037677424135346 -0.20258732509006758 0.8335247375377236 0.43540490352899353 1.015383227020666 -0.33895419714533892 -0.54664743812570349
leaf_weight=659 33 172 31 38 24 23 30 454 308 24 21 21 27 30 330 36 26 73 23 277 20 32 912 22 28 239 173 1567 92 27 113 25 1327 24 61 27 425 27 27 24 63 535 75 3865 307 168 388 41 465 211 20 1319 55 21 3765 40 4472 51 40 91 1441 1515
leaf_count=659 33 172 31 38 24 23 30 454 308 24 21 21 27 30 330 36 26 73 23 277 20 32 912 22 28 239 173 1567 92 27 113 25 1327 24 61 27 425 27 27 24 63 535 75 3865 307 168 388 41 465 211 20 1319 55 21 3765 40 4472 51 40 91 1441 1515
internal_value=-0.000217181 -0.0899288 1.6804 0.187254 3.2227 2.62378 1.87461 -0.232514 1.48863 0.466641 -0.133042 3.60368 1.42239 0.921743 1.68259 2.0697 1.90333 2.06753 1.12381 0.909372 0.751249 -0.158078 0.441527 -0.401505 0.0670877 0.346744 -0.408498 -0.141243 -0.29714 0.083878 -0.173343 2.56628 -0.427355 0.711469 1.32483 -0.00510612 -0.0777253 0.192983 0.123988 -0.244014 -0.520906 0.538124 0.814262 -0.113513 -0.0512247 -0.0919522 0.185084 0.604715 0.694501 -0.175707 0.209156 0.114966 0.252207 0.210835 0.0651415 -0.700765 -0.195451 0.0568911 -0.105054 0.741411 -0.389733 -0.445417
internal_weight=26800 25442 1358 8642 150 126 95 16800 1208 2599 44 51 1175 402 773 465 429 403 372 324 297 11663 2575 5137 6043 1906 5115 11146 1683 5871 633 48 4942 669 99 480 453 1057 939 1591 517 849 314 9463 4728 4033 695 570 506 4735 231 5238 1395 1340 3843 153 4504 3816 64 118 4283 2956
internal_count=26800 25442 1358 8642 150 126 95 16800 1208 2599 44 51 1175 402 773 465 429 403 372 324 297 11663 2575 5137 6043 1906 5115 11146 1683 5871 633 48 4942 669 99 480 453 1057 939 1591 517 849 314 9463 4728 4033 695 570 506 4735 231 5238 1395 1340 3843 153 4504 3816 64 118 4283 2956
is_linear=0
shrinkage=0.05


Tree=54
num_leaves=63
num_cat=0
split_feature=17 2 9 22 0 12 2 11 1 5 22 11 1 10 6 14 22 2 22 8 22 18 11 18 2 3 3 2 6 2 2 22 5 2 25 3 18 19 8 17 2 2 14 25 18 19 2 12 22 17 2 6 8 22 18 3 22 20 14 7 14 2
split_gain=1.46257e+06 308687 242723 128605 119189 77793.1 71863.2 84446.1 73438.1 62929.1 95258.9 73733.4 61403.6 59524.4 53001.3 41545.8 40594.7 39245 48796.7 40386.2 34942.6 34431.4 32407.6 32051.7 37944.3 101113 38580.3 31729.9 33682.9 39974.1 36389.2 33861.6 33450.6 32603.1 30899.6 30269.1 27963.9 57547.9 71673.5 27482.6 48968.7 27327 28013.2 37740.8 46405.9 30188.2 26557.9 25586.3 25321.1 42903.1 33904.9 24382.6 32265.1 24153.6 25980.9 23451.9 22648.5 22465.8 24952.1 22165.1 22107.9 22062.1
threshold=456.29166666666669 2020.5000000000002 688.50000000000011 5.5000000000000009 16.005000000000003 977.50000000000011 2022.5000000000002 502.00000000000006 -17.414999999999996 -0.24999999999999994 1.0000000180025095e-35 941.50000000000011 -16.224999999999998 1005.0000000000001 0.6830127018922193 44.293580798128708 5.5000000000000009 2016.5000000000002 6.5000000000000009 417.50000000000006 6.5000000000000009 64.937936527731807 199.58500000000001 59.870535803137351 2022.5000000000002 6.5000000000000009 7.5000000000000009 2010.5000000000002 1.0000000180025095e-35 2013.5000000000002 2018.5000000000002 4.5000000000000009 -0.5 2019.5000000000002 9.5000000000000018 9.5000000000000018 40.239226763091771 0.0070629806692995576 239.64500000000001 269.29166666666669 2021.5000000000002 2023.5000000000002 57.735026918962596 5.5000000000000009 116.66099553250947 -1.0000000180025095e-35 2024.5000000000002 170.35500000000005 8.5000000000000018 237.92375000000001 2022.5000000000002 -0.24999999999999994 394.50000000000006 4.5000000000000009 47.819476314001044 6.5000000000000009 3.5000000000000004 0.10348397229956453 28.867513459481287 477.50000000000006 60.067978537529491 2012.5000000000002
decision_type=2 2 2 2 2 2 2 2 2 2 2 2 2 2 2 2 2 2 2 2 2 2 2 2 2 2 2 2 2 2 2 2 2 2 2 2 2 2 2 2 2 2 2 2 2 2 2 2 2 2 2 2 2 2 2 2 2 2 2 2 2 2
left_child=1 3 41 27 6 -6 7 -4 -8 12 11 -11 35 -14 15 20 21 18 51 36 23 -16 -22 24 25 -3 -26 32 31 -30 47 -29 56 55 -25 -10 -19 -38 -39 40 -24 60 45 44 -44 -43 -12 -31 50 -50 -18 -5 61 54 -17 -33 -1 58 -47 -55 -2 -53
right_child=2 14 4 17 5 -7 8 -9 9 10 46 -13 13 -15 16 53 48 19 -20 -21 22 -23 39 34 26 -27 -28 28 29 30 -32 33 -34 -35 -36 -37 37 38 -40 -41 -42 42 43 -45 -46 57 -48 -49 49 -51 -52 52 -54 59 -56 -57 -58 -59 -60 -61 -62 -63
leaf_value=-0.29951688812771254 0.54287755568342122 -0.10890295605054667 5.9369871927062849 -0.17759701495498145 6.7563064416249592 2.48016132800094 4.1856736770304073 1.7927589372383741 2.5388917186028657 1.6475840656451493 0.041769200112316725 3.1156882174308738 0.89615007638120892 -1.3451062285353874 -0.46851468596178791 1.4313196407313267 -0.1465687480301951 0.06088651435268029 -0.30626500613915181 -2.1561753439072944 -1.3749237749999734 0.30472155097109255 0.70162712338893329 0.28137730583555265 0.11052580178451027 0.7772486671751464 -0.39864190448598319 -0.32713989378659747 -0.14851980066459924 -1.096752197079677 -0.21838242330991001 -0.27764288843028995 -0.36189008810391682 0.659521563291393 1.2309582700083104 1.0405434842296712 -0.017271477949451396 -0.01064462689991811 3.8806629909360542 0.44063633651340095 3.3939676617065708 0.082074315683752952 3.8139404528810901 0.68052086553449487 0.884888888747145 0.98078101288604769 1.4825291845693895 -0.54158523048021701 1.8073087758316106 -0.46792763036845719 0.69782041726104937 0.24719774432917216 0.99939895736324069 0.91760138666800506 -0.087189296138826963 0.079797551272851028 -1.0483407999213077 1.9108774617094846 -0.64602234904984546 2.3154297478387784 -1.0570435465156256 -0.12137539076350048
leaf_weight=135 332 693 22 1228 20 23 28 28 73 171 62 172 147 37 648 38 183 2911 2544 20 23 185 72 277 1128 601 555 2251 1187 233 869 935 904 152 124 63 78 21 27 997 22 106 33 46 23 394 66 1904 23 201 339 804 97 171 108 901 402 61 25 34 23 820
leaf_count=135 332 693 22 1228 20 23 28 28 73 171 62 172 147 37 648 38 183 2911 2544 20 23 185 72 277 1128 601 555 2251 1187 233 869 935 904 152 124 63 78 21 27 997 22 106 33 46 23 394 66 1904 23 201 339 804 97 171 108 901 402 61 25 34 23 820
internal_value=-0.000196229 -0.103811 1.31653 -0.207867 1.91231 4.48024 1.78474 3.62453 1.67198 1.58248 1.95015 2.38448 1.04085 0.44495 0.194693 0.27671 -0.0568632 -0.0659065 -0.14582 0.0776848 0.235761 -0.296766 0.47859 0.155667 0.0991289 0.302696 -0.0573923 -0.330802 -0.293739 -0.39422 -0.491232 -0.19434 -0.547635 -0.0439591 0.575259 1.84612 0.0924679 0.821431 2.18163 0.517792 1.33474 0.795436 0.979287 1.74402 2.61475 0.845894 0.785277 -0.602167 0.211014 -0.233585 0.401818 -0.00740175 0.11404 0.800544 0.308714 -0.102235 -0.860189 1.01451 0.883573 1.15048 0.438938 0.0610965
internal_weight=26800 24845 1955 18423 912 43 869 50 819 791 471 343 320 184 6422 4843 1579 8550 5493 3057 4492 833 1114 3378 2977 1294 1683 9873 8432 4193 3006 4239 1441 1988 401 136 3037 126 48 1091 94 1043 688 102 56 586 128 2137 746 224 522 2949 1721 351 146 1836 537 480 419 205 355 1624
internal_count=26800 24845 1955 18423 912 43 869 50 819 791 471 343 320 184 6422 4843 1579 8550 5493 3057 4492 833 1114 3378 2977 1294 1683 9873 8432 4193 3006 4239 1441 1988 401 136 3037 126 48 1091 94 1043 688 102 56 586 128 2137 746 224 522 2949 1721 351 146 1836 537 480 419 205 355 1624
is_linear=0
shrinkage=0.05


Tree=55
num_leaves=63
num_cat=0
split_feature=7 2 8 12 2 15 6 22 10 6 17 8 14 8 11 22 25 18 8 7 16 2 2 6 12 15 25 19 10 20 8 25 2 10 17 25 25 19 11 0 14 13 17 18 20 22 22 11 6 2 2 19 2 0 18 7 7 10 8 9 6 2
split_gain=1.42844e+06 395427 192509 143380 96540.7 122430 91809.9 131391 115932 86026.4 71391.6 99025.5 71270.6 96387.6 84490.8 69441.4 56525.4 54295 52775.7 51282.3 49920.6 47624.2 55100.5 47380 46668.2 45711.4 44866.8 43937.6 43193 43750.8 42640.2 46887.7 42099.1 41585.4 45294.8 39131.3 60093.6 35045.3 34405 33554.8 33191.3 32849.6 32422.6 27842.5 26588 25772.9 48494.5 60270.4 25291.8 25011.8 26641.8 24796.2 28232 25762.4 24713.7 31845.1 23811.4 23779.2 23332 22834.9 22728.5 37278.7
threshold=552.50000000000011 2021.5000000000002 1196.5000000000002 258.54000000000002 2022.5000000000002 397.25000000000006 -0.24999999999999994 1.0000000180025095e-35 1341.5000000000002 1.0000000180025095e-35 856.37500000000011 1005.0000000000001 80.490080293118751 1387.5000000000002 941.50000000000011 5.5000000000000009 11.500000000000002 179.51276872934997 652.00000000000011 283.54000000000002 81.649658092772555 2010.5000000000002 2012.5000000000002 0.6830127018922193 705.00000000000011 1258.5833333333335 4.5000000000000009 -0.018433223218499269 927.50000000000011 0.093326666666666572 779.00000000000011 5.5000000000000009 2015.5000000000002 803.00000000000011 779.41666666666686 3.5000000000000004 11.500000000000002 -0.034245421245421175 1055.0000000000002 14.765000000000002 53.894478123752407 333.38833333333338 318.70791666666673 84.218776054439942 0.13641711229946532 3.5000000000000004 5.5000000000000009 264.50000000000006 -0.9330127018922193 2011.5000000000002 2016.5000000000002 0.051933333333333283 2024.5000000000002 15.610000000000001 53.894081023978138 360.50000000000006 355.50000000000006 349.50000000000006 794.00000000000011 503.00000000000006 -0.68301270189221952 2011.5000000000002
decision_type=2 2 2 2 2 2 2 2 2 2 2 2 2 2 2 2 2 2 2 2 2 2 2 2 2 2 2 2 2 2 2 2 2 2 2 2 2 2 2 2 2 2 2 2 2 2 2 2 2 2 2 2 2 2 2 2 2 2 2 2 2 2
left_child=1 3 6 21 9 15 7 16 10 19 33 35 13 27 -14 26 17 30 59 -3 -13 -1 60 32 39 -16 43 -4 29 -19 -2 -32 -24 34 37 38 -37 -8 -12 57 -18 -25 49 48 58 -21 47 -47 -6 -5 56 52 -17 -53 -28 -56 -51 -7 -35 -9 61 -23
right_child=2 4 12 42 5 24 8 18 -10 -11 11 20 14 -15 25 51 40 28 -20 45 -22 22 23 41 -26 -27 54 -29 -30 -31 31 -33 -34 44 -36 36 -38 -39 -40 -41 -42 -43 -44 -45 -46 46 -48 -49 -50 50 -52 53 -54 -55 55 -57 -58 -59 -60 -61 -62 -63
leaf_value=-0.47653337100949567 4.9388564637932646 2.384746481429262 1.6507461694570686 0.26904385235177875 0.44309531376120026 -1.0952202292817148 -0.77700522804566896 2.9109345802198656 -2.0362206873944646 0.28588531626243791 0.35873976048575046 -2.1253107879964097 1.9619360881065253 -0.34753077143714539 4.1564187704627198 0.2509103277450343 5.8672733451517836 3.9185263327936428 -0.73655171180929979 -0.24910281965570988 1.1743273457682939 -0.18744592558123974 -0.39262567523493064 -0.47205233471188324 2.5115029945916554 7.5022429475484929 -0.12920659508655902 4.4554122387905561 -0.42992260683150518 0.92133370301977457 1.8050035752690772 4.3175843631209485 -0.13373482509287124 -0.34568426180837419 2.2981751855126276 3.1649924844872785 1.202775645437991 1.0295532822729914 2.4736912933361137 0.17541930082927062 3.0612485260985021 -2.5032000990056282 0.39146558998678332 0.70179272007515803 -1.3546966787759096 0.9301314405352743 0.65729589663764254 2.9484895267427977 -0.59595324152057505 -0.17142286942952079 0.048811981772469801 0.5911029624213906 -1.0512881359849928 2.3357189067267465 0.90417004957948865 -0.31375789469545856 -1.9004720002264524 0.63885539625013543 1.3350855503104178 1.0106913408976452 -0.1069886132956625 0.59960293068983828
leaf_weight=2398 25 76 22 668 63 20 31 21 28 553 46 21 20 23 20 741 21 21 39 39 25 271 2396 2142 28 22 542 39 23 29 60 27 4557 45 63 130 56 197 33 679 22 20 531 49 28 86 241 65 819 2147 2654 175 44 24 155 82 20 1243 38 64 1685 338
leaf_count=2398 25 76 22 668 63 20 31 21 28 553 46 21 20 23 20 741 21 21 39 39 25 271 2396 2142 28 22 542 39 23 29 60 27 4557 45 63 130 56 197 33 679 22 20 531 49 28 86 241 65 819 2147 2654 175 44 24 155 82 20 1243 38 64 1685 338
internal_value=0.000889633 -0.079511 1.65881 -0.185198 0.286567 0.188664 1.43077 2.09572 1.11465 0.717274 1.23866 1.80747 3.36382 2.40975 4.65038 -0.030399 2.80794 2.42587 0.784906 1.18764 -0.333263 -0.273981 -0.231404 -0.286527 0.488225 5.92277 -0.222963 3.44833 1.36198 2.18556 3.11742 2.58889 -0.222954 0.798258 1.11225 2.17908 2.57521 0.78367 1.24427 0.458923 4.44218 -0.490959 0.0184292 -0.45722 -0.0251177 0.976038 1.09797 1.80037 -0.521688 -0.0176635 -0.0573955 0.304223 0.17779 0.802601 0.0570201 0.482802 -0.18747 0.611307 0.424445 1.48309 -0.0123697 0.249391
internal_weight=26790 25551 1239 19827 5724 4664 1093 352 741 1060 713 311 146 84 62 2694 228 185 124 507 46 13807 11409 9115 1970 42 1710 61 73 50 112 87 6953 402 291 265 186 228 79 1942 43 2162 6020 931 111 431 392 151 882 5489 4821 984 785 199 779 237 2167 1263 83 85 2294 609
internal_count=26790 25551 1239 19827 5724 4664 1093 352 741 1060 713 311 146 84 62 2694 228 185 124 507 46 13807 11409 9115 1970 42 1710 61 73 50 112 87 6953 402 291 265 186 228 79 1942 43 2162 6020 931 111 431 392 151 882 5489 4821 984 785 199 779 237 2167 1263 83 85 2294 609
is_linear=0
shrinkage=0.05


Tree=56
num_leaves=63
num_cat=0
split_feature=7 2 8 12 2 15 5 10 14 8 14 10 3 18 1 1 16 23 3 7 2 2 12 5 1 1 2 21 5 9 11 2 5 0 11 1 3 11 23 0 18 10 1 12 9 0 1 5 1 15 15 12 18 21 1 10 10 2 2 7 5 12
split_gain=1.2895e+06 356892 173836 129401 87137.5 110493 82264.5 73101.1 64367.3 87018.2 83564.1 88955.5 75145.5 61712.9 75033.4 67816.4 64157.3 110777 47480.1 82280.6 42980.6 49729.1 42137.3 41510.5 40518.7 40304.1 38997.4 34217.6 33715.9 88966.9 39145 33264.5 32418.8 32354.3 34108.9 32030 31396 31236.3 37615.7 37005.3 30596.4 30535.6 30362.3 36758.4 30340.7 30282.6 28976.6 26524.7 32785.9 25422.5 25167.5 24453 24343.6 24324.7 24155.9 24129.3 21468 21120.1 30291.1 22196.6 21111 20782.9
threshold=552.50000000000011 2021.5000000000002 1196.5000000000002 258.54000000000002 2022.5000000000002 397.25000000000006 -0.5 1312.5000000000002 80.490080293118751 1387.5000000000002 115.47005383792522 1155.0000000000002 7.5000000000000009 151.6182095659349 -16.724999999999998 -15.579999999999998 91.982719643805183 35.500000000000007 3.5000000000000004 283.54000000000002 2010.5000000000002 2012.5000000000002 705.00000000000011 -0.6830127018922193 -15.904999999999999 -14.424999999999999 2015.5000000000002 0.77778888888888897 -0.24999999999999994 826.00000000000011 1105.5000000000002 2014.5000000000002 -0.93301270189221919 14.400000000000002 394.50000000000006 -14.079999999999998 3.5000000000000004 905.00000000000011 20.500000000000004 12.705000000000002 56.242844561934653 295.28000000000003 -15.554999999999998 698.00000000000011 344.50000000000006 14.765000000000002 -16.854999999999997 -0.93301270189221919 -16.724999999999998 311.70166666666677 316.91666666666669 827.50000000000011 7.5791903965252425 -0.038331892826274853 -16.254999999999999 335.50000000000006 349.50000000000006 2011.5000000000002 2016.5000000000002 358.16500000000002 0.68301270189221941 125.25000000000001
decision_type=2 2 2 2 2 2 2 2 2 2 2 2 2 2 2 2 2 2 2 2 2 2 2 2 2 2 2 2 2 2 2 2 2 2 2 2 2 2 2 2 2 2 2 2 2 2 2 2 2 2 2 2 2 2 2 2 2 2 2 2 2 2
left_child=1 3 7 20 18 6 33 13 9 12 -10 -12 -4 15 -15 24 37 25 -3 53 23 60 45 46 47 -18 31 32 29 -16 -31 -23 41 34 -6 44 -28 39 -39 -17 -38 -21 43 -30 -8 56 -1 -2 -49 -37 -34 -26 -46 -20 -29 57 -7 -5 59 -59 61 -22
right_child=2 4 8 55 5 22 35 -9 10 -11 11 -13 -14 14 28 16 17 -19 19 27 21 26 -24 -25 51 -27 36 54 42 30 -32 -33 50 -35 -36 49 40 38 -40 -41 -42 -43 -44 -45 52 -47 -48 48 -50 -51 -52 -53 -54 -55 -56 -57 -58 58 -60 -61 -62 -63
leaf_value=-0.13710742069559104 -0.53513010461668398 -0.20185527036191828 5.3087391336530558 0.2516555733542547 -1.097753919356012 -1.0407316863240295 -0.15115876587476951 -0.95569829659879746 7.0767370916717685 -0.33022945247171243 0.7192699384926563 5.3261509619147525 1.7557305697362311 4.1827357353667685 -1.4693064304147185 -0.27097838550741399 0.42750108724155578 5.0085774665393989 3.5580330116995449 2.6027752324837405 -0.95696497807583736 -0.30941308352813524 2.3863747118206637 -0.32286646865394564 0.30653266930282735 2.8658697172860119 -0.38292288739106389 0.73267469390959084 2.644511418210687 0.85046091957490921 3.4824531779892141 -0.66786561702998803 1.0993893863415469 -0.13059450654052482 -0.079779554834111491 2.311771712935931 -0.11449342258248474 2.9967727491810066 0.44952520027544829 1.3614515595956531 -1.4533378974467588 0.87916654974174202 3.5502096182405047 0.79693988029372764 1.5631973579058962 0.16664962793207103 -0.9522165727675177 -0.078179338701873602 1.3181742642863812 0.50436672560297302 0.42073502114835676 -1.735203996992789 0.21763708049488201 1.7218418459229778 -0.69263750099756649 0.38251580746220287 0.60691519595702703 -0.16807508415810807 0.063501737194856578 -1.5826648404165518 -0.2663041003635474 0.10825070306379198
leaf_weight=137 26 133 26 678 272 20 843 33 20 23 20 22 35 37 26 46 36 36 26 44 47 2162 28 1726 48 32 1665 50 60 31 26 924 206 356 118 21 4321 47 21 141 43 62 33 49 35 679 535 49 295 252 406 21 797 60 73 421 1243 2127 2766 28 601 1646
leaf_count=137 26 133 26 678 272 20 843 33 20 23 20 22 35 37 26 46 36 36 26 44 47 2162 28 1726 48 32 1665 50 60 31 26 924 206 356 118 21 4321 47 21 141 43 62 33 49 35 679 535 49 295 252 406 21 797 60 73 421 1243 2127 2766 28 601 1646
internal_value=0.00085662 -0.075534 1.57609 -0.175939 0.27225 0.179237 -0.0288729 1.35939 3.19629 2.28961 4.41896 3.13944 3.27642 1.43155 2.09755 1.21265 1.72236 2.76894 0.681444 0.808188 -0.260284 -0.219835 0.46382 -0.452708 0.795512 1.57757 -0.272203 0.657369 1.75293 0.950571 2.0551 -0.41676 0.789358 -0.475319 -0.789864 0.14211 -0.198204 1.29458 2.21201 0.959934 -0.12772 1.59645 2.22088 1.81549 0.0602381 0.435976 -0.786094 1.00291 1.1193 0.644212 0.649321 -0.316405 0.274428 2.28052 -0.113077 0.0175067 0.58074 -0.00994456 -0.0459924 -0.18653 -0.0117506 0.0786211
internal_weight=26790 25551 1239 19827 5724 4664 2694 1093 146 84 62 42 61 1060 262 798 359 104 1060 927 13807 11409 1970 2398 439 68 9115 841 225 83 57 3086 718 746 390 1948 6029 255 68 187 4364 106 142 109 1675 1942 672 370 344 273 612 69 832 86 123 6020 1263 5599 4921 2155 2294 1693
internal_count=26790 25551 1239 19827 5724 4664 2694 1093 146 84 62 42 61 1060 262 798 359 104 1060 927 13807 11409 1970 2398 439 68 9115 841 225 83 57 3086 718 746 390 1948 6029 255 68 187 4364 106 142 109 1675 1942 672 370 344 273 612 69 832 86 123 6020 1263 5599 4921 2155 2294 1693
is_linear=0
shrinkage=0.05


Tree=57
num_leaves=63
num_cat=0
split_feature=17 2 8 22 21 6 22 10 1 14 22 2 1 21 20 5 16 11 14 1 10 22 14 16 4 0 8 20 8 2 22 2 5 4 11 1 10 13 5 18 1 11 13 17 2 13 1 6 22 5 2 23 18 1 5 1 11 22 2 16 6 17
split_gain=1.15126e+06 357300 134623 107556 103967 82770 129278 104147 97175.8 100730 67483.5 59775.8 59651.6 61203.9 69161 58756 89171 82380.7 68317.9 57138.6 53707.6 53645.3 44826.4 72577.2 43997.5 43562.1 56789.8 40908.4 37873.2 37634.4 36659 50434 57132.8 44984.9 42254.7 38503.4 35370 35215.8 34455 34041.4 31992.3 31294.1 30751.9 30532 43069.9 30282.9 30008 29293.9 29127.7 27533.4 29229.1 25900.7 25340.8 25336.9 26585.7 25575.6 24593.6 24304.8 26395.5 23637.6 21515.6 20753.3
threshold=601.66666666666686 2021.5000000000002 1196.5000000000002 5.5000000000000009 -0.016848018923713789 -0.24999999999999994 1.0000000180025095e-35 1341.5000000000002 -14.079999999999998 76.787585802220107 5.5000000000000009 2022.5000000000002 -16.284999999999997 -0.10000359997120016 0.026365441906653467 -0.5 143.63025473927016 1136.5000000000002 56.602583892218433 -17.154999999999998 927.50000000000011 4.5000000000000009 60.067978537529491 41.601282031526857 2.5000000000000004 13.280000000000003 627.50000000000011 0.079388422035480813 1258.5000000000002 2010.5000000000002 5.5000000000000009 2022.5000000000002 -0.93301270189221919 3.5000000000000004 468.00000000000006 -14.079999999999998 822.00000000000011 253.45166666666668 -0.5 135.98687856752832 -14.079999999999998 274.50000000000006 301.97166666666675 293.06958333333336 2009.5000000000002 408.50000000000006 -16.224999999999998 0.25000000000000017 3.5000000000000004 -0.5 2023.5000000000002 35.500000000000007 61.375718110526371 -13.709999999999999 0.25000000000000011 -16.224999999999998 497.00000000000006 6.5000000000000009 2012.5000000000002 81.649658092772555 0.6830127018922193 334.35416666666669
decision_type=2 2 2 2 2 2 2 2 2 2 2 2 2 2 2 2 2 2 2 2 2 2 2 2 2 2 2 2 2 2 2 2 2 2 2 2 2 2 2 2 2 2 2 2 2 2 2 2 2 2 2 2 2 2 2 2 2 2 2 2 2 2
left_child=1 3 5 29 10 6 12 8 19 36 11 -3 20 14 -14 17 28 -4 -19 -7 -2 49 23 -15 -24 59 -27 -11 -17 38 31 32 -23 45 42 -35 -10 -12 48 43 46 -34 51 57 -45 -33 47 -13 -1 -6 -51 -32 -48 55 -55 -31 -39 58 -5 -21 -59 -46
right_child=2 4 15 39 21 7 -8 -9 9 27 37 40 13 22 -16 16 -18 18 -20 25 -22 30 24 -25 -26 26 -28 -29 -30 53 34 33 41 35 -36 -37 -38 56 -40 -41 -42 -43 -44 44 61 -47 52 -49 -50 50 -52 -53 -54 54 -56 -57 -58 60 -60 -61 -62 -63
leaf_value=-0.19933705269681723 5.97727653214295 1.692785587640065 0.2895186503048976 0.32493148592802606 -0.34940075271623261 3.2057812381064759 -0.59554266474960305 -1.88715712205371 2.5745023931436872 4.9193041506325805 2.5154624824351934 0.23650951356286698 5.3943821632999116 0.081623953176299904 2.0593310852489815 4.1895282101321527 6.5560394132780333 1.4471501898409715 5.490654761758865 0.5968752095423846 2.5748398373326462 3.5443474130532175 1.6207626838009457 3.6560556298776756 -1.2972594869622278 2.0717275639411112 0.33933279030013885 2.1218715909701671 1.2820256811461297 -0.18372299467927344 0.66386967709440436 0.13632530272704935 0.54488708805964248 -1.7620480145113622 0.83796182425511612 0.92725247489332574 -0.11789006726918115 0.19309193229648883 -0.32719962417351439 -1.8457328312241712 0.40568677768121503 1.8722508313159272 0.2933532417620181 -0.44033302809592811 0.11327241039610175 1.1086389965466921 -0.77469420438516523 -0.47213728774986158 -1.0439926185871087 0.46022749006239128 -0.30897420766300215 2.6345177606757417 0.38773112747811078 0.19430349219715737 -0.28690469598732971 -0.36354169197645675 1.1249770369351115 -0.11084398388640578 -0.064567736288190625 2.4591718983958697 -0.38688720917222796 0.54717983025540073
leaf_weight=137 22 39 35 559 272 26 37 28 20 39 20 276 26 22 39 23 24 20 22 25 25 29 31 40 22 55 335 20 22 4131 50 128 97 36 505 21 31 361 940 26 145 82 2066 330 2248 214 471 309 401 458 169 25 52 645 517 3794 88 2900 1959 54 933 314
leaf_count=137 22 39 35 559 272 26 37 28 20 39 20 276 26 22 39 23 24 20 22 25 25 29 31 40 22 55 335 20 22 4131 50 128 97 36 505 21 31 361 940 26 145 82 2066 330 2248 214 471 309 401 458 169 25 52 645 517 3794 88 2900 1959 54 933 314
internal_value=0.000823946 -0.0651491 1.62926 -0.166849 0.275981 1.39978 2.14356 1.08929 1.22734 2.57112 -0.0459458 -0.232433 2.5901 2.17366 3.39967 3.03716 4.09727 2.08305 3.57331 0.928249 4.17689 0.41252 1.47831 2.38996 0.409252 0.801322 0.584126 3.9763 2.77419 -0.275908 0.506998 0.857452 1.48857 0.528146 0.426572 -0.771277 0.940824 0.467719 -0.509901 -0.0425396 -0.292491 1.15369 0.3295 -0.0374469 0.0972176 0.744893 -0.383891 -0.13781 -0.82899 0.070627 0.252875 1.32345 -0.659057 -0.237844 -0.0197988 -0.269813 0.375954 -0.0987693 0.0219092 1.8714 -0.178046 0.166474
internal_weight=26790 25747 1043 19834 5913 897 264 633 605 110 1761 1292 227 180 65 146 69 77 42 495 47 4152 115 62 53 469 390 59 45 10565 3253 607 208 399 2646 57 51 469 1478 9269 1253 179 2141 9243 2892 342 1108 585 538 899 627 75 523 9087 1162 7925 449 6351 2518 79 3833 2562
internal_count=26790 25747 1043 19834 5913 897 264 633 605 110 1761 1292 227 180 65 146 69 77 42 495 47 4152 115 62 53 469 390 59 45 10565 3253 607 208 399 2646 57 51 469 1478 9269 1253 179 2141 9243 2892 342 1108 585 538 899 627 75 523 9087 1162 7925 449 6351 2518 79 3833 2562
is_linear=0
shrinkage=0.05


Tree=58
num_leaves=63
num_cat=0
split_feature=7 2 8 17 6 10 1 14 2 10 6 25 2 17 25 16 14 3 5 14 25 0 15 18 7 10 2 2 2 13 0 1 17 21 5 1 5 0 13 21 2 3 14 18 13 0 1 5 14 1 18 21 21 17 0 17 3 5 6 2 11 18
split_gain=1.05324e+06 290452 141456 93129.4 73703.6 87597.8 79355.6 121626 72206.5 91087.6 67963.3 58540.8 57503.3 156332 98592.6 69028.6 57428 48051.9 44478.3 80015.7 45146.9 52781.9 42737.5 44362.7 40793.5 38174.7 36727.2 46641.2 41071.6 35514.1 31989.9 31815.5 39239.8 30876.3 30577.2 29632.1 29366.3 29202.5 29162.3 29917.5 29116.6 28212.5 32433.5 26892.4 25921 25497.7 22821.4 22580.6 25126.4 22394.2 22116.6 21816.2 21577.9 21462.2 23393.3 20746.6 20679.3 25160.9 19987.6 29243.3 21513.4 20622.9
threshold=552.50000000000011 2021.5000000000002 1196.5000000000002 261.57291666666669 -0.24999999999999994 1341.5000000000002 -14.079999999999998 76.787585802220107 2022.5000000000002 349.50000000000006 1.0000000180025095e-35 11.500000000000002 2023.5000000000002 1201.7916666666667 8.5000000000000018 127.79702038617442 107.57222348225515 8.5000000000000018 -0.24999999999999994 92.376043070340032 1.5000000000000002 13.950000000000001 425.04166666666669 101.39821567232789 283.54000000000002 726.00000000000011 2010.5000000000002 2012.5000000000002 2015.5000000000002 834.16666666666686 14.765000000000002 -15.554999999999998 819.29166666666674 -0.135266106442577 -0.5 -14.079999999999998 -0.6830127018922193 12.605000000000002 952.08333333333337 0.27935453100158975 2014.5000000000002 5.5000000000000009 28.867513459480421 16.984180371784401 399.83333333333343 13.810000000000002 -16.049999999999997 -0.5 21.949278651776563 -17.154999999999998 7.4033777097676374 -0.038331892826274853 -0.03625410733844469 318.70791666666673 14.255000000000001 216.51375000000004 11.500000000000002 -0.6830127018922193 -0.68301270189221952 2011.5000000000002 174.69000000000003 31.297690882004435
decision_type=2 2 2 2 2 2 2 2 2 2 2 2 2 2 2 2 2 2 2 2 2 2 2 2 2 2 2 2 2 2 2 2 2 2 2 2 2 2 2 2 2 2 2 2 2 2 2 2 2 2 2 2 2 2 2 2 2 2 2 2 2 2
left_child=1 3 4 26 11 6 18 37 10 17 24 16 13 14 -4 -15 31 35 19 25 52 -22 23 47 51 -6 34 58 40 -13 41 32 -2 -9 43 -10 -30 -8 39 -33 -29 -24 -43 -1 53 -21 -34 48 -11 -26 -49 -3 -20 54 -19 -42 57 -12 59 61 -60 -28
right_child=2 8 12 -5 5 -7 7 33 9 22 56 29 -14 15 -16 -17 -18 44 20 45 21 -23 30 -25 49 -27 27 28 36 -31 -32 38 46 -35 -36 -37 -38 -39 -40 -41 55 42 -44 -45 -46 -47 -48 50 -50 -51 -52 -53 -54 -55 -56 -57 -58 -59 60 -61 -62 -63
leaf_value=-0.37656680779776697 -0.30543664718327457 3.3890424386763471 3.5783027921491271 -0.0091357871301204346 -0.13345026477742722 -1.7931349977903943 -0.76415792780729064 2.6167488938767973 -0.076089412335858697 0.048139914457386475 0.61258751736907335 1.6225979099906451 1.2379042863236061 3.7741674603514412 -0.34880778868699869 7.9103782129513709 3.6883793469425621 -1.286052420824755 3.2906489259357397 0.070700790768577937 1.6105861635569358 0.28807029574658211 1.0615153791369811 2.3343395353911762 2.4778830379989016 1.5059890109681924 -0.24025186932850107 -0.29096453111880721 0.023400030600564493 4.2077586358769565 0.16794033326700875 1.9875708362697502 1.8504741432390668 4.9483278148810577 -0.28408449468140556 0.93370559161968458 -0.23813509510783587 1.413312206307987 3.6032849135557061 -0.1759137594877784 -0.88207369608501218 0.25880731880127944 1.1523348413091112 -0.97141119228264938 -2.190511011079963 -2.007845054751765 0.041228746232532316 1.1586563992958803 -0.75744933314638641 0.76741107414073095 0.18778307458522892 1.5405423004131085 1.2201225565366833 -0.13018730470220533 -0.23337611048297366 -0.42346493479250569 0.7332405753692578 -0.2294656462112965 -0.35136192738276678 0.5973042239165206 0.044469300494219044 1.4241900993223806
leaf_weight=370 51 23 39 6818 59 28 20 27 781 378 132 21 39 20 27 21 28 132 32 23 139 165 327 23 20 89 251 1978 1421 37 432 79 72 31 1316 80 4386 66 21 20 434 419 134 391 25 41 23 61 130 411 1473 53 21 181 88 572 151 270 508 304 1058 20
leaf_count=370 51 23 39 6818 59 28 20 27 781 378 132 21 39 20 27 21 28 132 32 23 139 165 327 23 20 89 251 1978 1421 37 432 79 72 31 1316 80 4386 66 21 20 434 419 134 391 25 41 23 61 130 411 1473 53 21 181 88 572 151 270 508 304 1058 20
internal_value=0.00079543 -0.0682434 1.42443 -0.158822 1.22895 0.945723 1.05352 2.10182 0.245502 0.160833 0.617993 1.82472 2.88597 3.48491 1.97358 5.90693 1.53733 -0.197083 0.787893 0.214062 1.12849 0.89312 0.29724 0.155444 1.03607 0.852746 -0.237271 -0.200648 -0.251615 3.27624 0.520386 1.30958 0.812894 3.8694 -0.430013 0.0178276 -0.174136 0.906566 1.91266 1.55072 -0.402379 0.69336 0.4755 -0.68229 -0.631358 -1.26184 1.413 0.130787 -0.158113 0.847351 0.226466 2.10374 2.47419 -0.53362 -0.865302 -0.621387 0.234563 0.0471006 0.00862415 0.260718 -0.0839468 -0.116916
internal_weight=26790 25551 1239 19827 1093 741 713 144 5724 4664 1060 352 146 107 66 41 294 1287 569 212 357 304 3377 2065 507 148 13009 10932 8791 58 1312 266 146 58 2077 861 5807 86 120 99 2984 880 553 761 426 64 95 2042 508 431 1534 76 53 401 220 1006 553 402 2141 575 1566 271
internal_count=26790 25551 1239 19827 1093 741 713 144 5724 4664 1060 352 146 107 66 41 294 1287 569 212 357 304 3377 2065 507 148 13009 10932 8791 58 1312 266 146 58 2077 861 5807 86 120 99 2984 880 553 761 426 64 95 2042 508 431 1534 76 53 401 220 1006 553 402 2141 575 1566 271
is_linear=0
shrinkage=0.05


Tree=59
num_leaves=63
num_cat=0
split_feature=7 2 22 17 2 11 16 10 21 6 1 22 21 21 11 14 16 1 3 22 0 16 21 5 20 22 25 2 25 0 22 2 5 22 2 5 3 1 20 16 1 21 5 2 11 22 7 5 0 7 1 14 21 17 22 2 6 2 22 19 18 3
split_gain=950794 262149 91259.6 81324.2 162344 88346.4 188769 72807.4 66954.9 60392.4 99009.8 64712.2 71551.4 71336.5 53203.8 52325.1 68664.5 49858.1 43433.7 53250.8 41263.9 52497.3 47099.6 52116.9 61132.5 49293.9 42056.5 42561.6 40044.3 38900.2 38497.4 38333 41771.3 37874.6 45333.2 50728.4 45693.5 48441 36325 34317.8 32868.8 32292.5 31178.3 30870.1 30118.1 29693 32243.9 28701.3 28648.1 27523.1 38919.3 27206.9 26171.7 25903.4 25461.8 25846.4 26980.1 23567.4 44149 25232.1 22918 22673.7
threshold=552.50000000000011 2021.5000000000002 5.5000000000000009 1118.916666666667 2023.5000000000002 941.50000000000011 204.66539798792584 1341.5000000000002 -0.030296969696969652 -0.24999999999999994 -16.724999999999998 1.0000000180025095e-35 -0.083327380952380944 -0.18181074366641373 497.00000000000006 69.626676802223258 81.649658092772555 -16.234999999999996 10.500000000000002 2.5000000000000004 13.795000000000002 81.649658092772555 -0.36498410365924833 -0.24999999999999994 0.23459164292497628 1.0000000180025095e-35 4.5000000000000009 2023.5000000000002 11.500000000000002 14.665000000000001 4.5000000000000009 2022.5000000000002 -0.24999999999999994 5.5000000000000009 2022.5000000000002 -0.93301270189221919 8.5000000000000018 -13.709999999999999 0.026365441906653467 127.79702038617442 -12.889999999999999 0.57895775636937064 0.68301270189221941 2010.5000000000002 274.50000000000006 5.5000000000000009 400.62500000000006 -0.6830127018922193 15.645000000000001 315.50000000000006 -14.079999999999998 28.867513459481287 -0.28252403440776186 231.26375000000004 6.5000000000000009 2016.5000000000002 0.6830127018922193 2023.5000000000002 6.5000000000000009 0.069967078189300383 25.746432527221227 2.5000000000000004
decision_type=2 2 2 2 2 2 2 2 2 2 2 2 2 2 2 2 2 2 2 2 2 2 2 2 2 2 2 2 2 2 2 2 2 2 2 2 2 2 2 2 2 2 2 2 2 2 2 2 2 2 2 2 2 2 2 2 2 2 2 2 2 2
left_child=1 2 43 9 5 -5 29 17 14 10 -2 12 38 -13 31 16 -14 -6 19 -16 21 -11 -22 24 25 -24 -23 -28 52 -7 49 32 -3 34 35 -32 -36 -38 -12 54 45 -17 -29 47 -37 46 -33 -1 -47 50 -10 -15 -25 -35 61 -56 -57 58 -55 -59 -21 -4
right_child=3 8 39 4 7 6 -8 -9 30 20 11 13 15 51 18 41 -18 -19 -20 60 22 26 23 28 -26 -27 27 42 -30 -31 33 40 -34 53 36 44 37 -39 -40 -41 -42 -43 -44 -45 -46 48 -48 -49 -50 -51 -52 -53 -54 57 55 56 -58 59 -60 -61 -62 -63
leaf_value=-0.81468006197467635 4.9677753823914683 2.5172810231627576 0.29070265823511932 0.97796703267407104 0.24756156923213682 1.9157046745949129 8.54396399140923 -1.2095937229046101 0.2739701697651169 0.6607955284555016 4.756326835091544 -1.7308076001675194 0.81003064811921177 0.53030834236247015 2.556983114561183 1.4114509435800404 3.8688008620360188 3.2868727123610064 -0.55172331135675134 1.9411110994825327 2.6705850761315042 0.24341317410290986 -0.57509619491655994 -0.46336247830594318 -2.7648432798053495 1.3053253839020065 1.0343258975450866 4.045413578058823 -0.37072179783406722 4.6599318368739997 3.3236224289202614 -0.33886971738951183 0.11858252406985703 2.0486149707530958 0.76345370153752112 0.4692345413500511 -1.1919230235315827 1.5073159175760606 2.4648653535070619 -2.0504729948902578 0.87054797684918794 -1.1858828595771642 1.9318323600742826 -0.21684418067025923 1.7787290417383692 0.052831812446714768 -2.2694287427410282 -0.32505032214655233 1.9661424130907557 -0.10474485026881547 2.1682961079468686 2.277608577967333 1.3866132722284101 -0.16440166789273239 -0.22179752213908924 0.13627894262948248 -0.30649098450804996 0.42524537113402233 0.42171489698697706 1.2690460821746032 0.28508037206390019 -0.00079562266097767034
leaf_weight=417 22 27 798 23 26 34 21 31 212 113 26 26 43 56 43 22 32 28 58 25 27 24 87 21 20 58 32 45 48 21 29 1024 55 22 305 96 67 22 53 21 68 26 29 9087 81 269 22 1061 21 669 31 37 208 535 2555 1364 460 1017 804 97 125 4064
leaf_count=417 22 27 798 23 26 34 21 31 212 113 26 26 43 56 43 22 32 28 58 25 27 24 87 21 20 58 32 45 48 21 29 1024 55 22 305 96 67 22 53 21 68 26 29 9087 81 269 22 1061 21 669 31 37 208 535 2555 1364 460 1017 804 97 125 4064
internal_value=0.000766033 -0.0648292 -0.150881 1.35339 2.32343 3.69863 4.51955 0.719202 0.233238 1.184 1.7291 1.50564 2.05038 0.579979 -0.0258393 1.29445 2.11859 1.82676 0.647317 1.00778 0.921187 1.44997 0.646949 0.522745 -0.180647 0.177419 2.13488 2.56245 0.941666 2.97015 0.346108 -0.139581 0.910563 0.430719 0.787109 1.38804 0.47263 -0.523696 3.22414 -0.0363122 -0.200978 0.00491732 3.22091 -0.251319 1.06919 -0.255582 -0.379692 -0.463243 0.192029 0.0608029 0.516446 1.22722 1.21681 0.344291 -0.0317123 -0.119164 0.0246021 0.328921 0.187532 0.49883 0.562228 0.047052
internal_weight=26790 25551 19827 1239 184 99 76 85 5724 1055 343 321 202 119 1737 123 75 54 251 193 712 243 469 442 165 145 130 106 277 55 3987 1486 82 3075 600 206 394 89 79 9262 1404 48 74 10565 177 1336 1046 1478 290 912 243 93 229 2475 9241 4379 1824 2453 1339 1114 150 4862
internal_count=26790 25551 19827 1239 184 99 76 85 5724 1055 343 321 202 119 1737 123 75 54 251 193 712 243 469 442 165 145 130 106 277 55 3987 1486 82 3075 600 206 394 89 79 9262 1404 48 74 10565 177 1336 1046 1478 290 912 243 93 229 2475 9241 4379 1824 2453 1339 1114 150 4862
is_linear=0
shrinkage=0.05


Tree=60
num_leaves=63
num_cat=0
split_feature=13 2 22 11 0 22 15 5 21 9 0 0 3 21 10 17 10 19 14 22 2 3 9 22 11 13 0 14 12 11 18 21 2 10 0 0 2 2 17 23 14 14 12 14 2 2 7 9 2 5 13 18 19 3 0 21 11 3 3 9 9 11
split_gain=772198 247645 100573 90286.7 92874.9 78605.8 83094 77232.3 74943.1 71323.1 58941.4 91236.4 57074 55389.9 52884.1 58642 49861.7 49127.7 44852 43015.3 41548.9 63295.8 51891.5 46640.5 36865.6 35443.6 34692.8 58631.8 35459.8 32849.5 32229.3 29453.3 29200.2 33936.6 25839.9 42604.6 34882.6 25827.4 26528.9 25541.8 25356.7 22042.2 21861.9 19970.1 19179.6 35938.7 29300 17657.4 17664.6 27613.1 23718.6 17585 17220.1 15411 15249.5 15077.5 14521.5 14391.6 14080.2 12794.6 31031.4 20664.9
threshold=600.50000000000011 2021.5000000000002 5.5000000000000009 502.00000000000006 16.005000000000003 6.5000000000000009 240.18750000000003 -0.24999999999999994 1.0010810810810813 1258.5000000000002 13.280000000000003 12.790000000000001 9.5000000000000018 0.34641025641025652 1039.5000000000002 819.29166666666674 654.00000000000011 -0.026969792604826456 101.03629710818437 2.5000000000000004 2022.5000000000002 5.5000000000000009 346.33500000000009 5.5000000000000009 425.50000000000006 348.70833333333343 12.870000000000003 76.787585802220107 1105.5000000000002 468.00000000000006 135.98687856752832 1.0000000180025095e-35 2024.5000000000002 443.37500000000006 12.870000000000003 14.255000000000001 2018.5000000000002 2016.5000000000002 405.58333333333343 42.500000000000007 66.143782776615026 26.457513110645937 449.00000000000006 7.7381898028976908 2012.5000000000002 2010.5000000000002 290.35500000000008 269.50000000000006 2010.5000000000002 -0.6830127018922193 231.05500000000004 28.539358084006299 0.085775597792765126 11.500000000000002 14.255000000000001 0.016282255213856515 784.35500000000013 1.5000000000000002 2.5000000000000004 221.46000000000001 219.58500000000001 182.75000000000003
decision_type=2 2 2 2 2 2 2 2 2 2 2 2 2 2 2 2 2 2 2 2 2 2 2 2 2 2 2 2 2 2 2 2 2 2 2 2 2 2 2 2 2 2 2 2 2 2 2 2 2 2 2 2 2 2 2 2 2 2 2 2 2 2
left_child=1 2 34 8 7 12 -7 10 -2 16 11 18 19 14 15 -12 56 -16 -5 31 21 57 -22 -23 25 54 27 -18 -28 32 37 42 51 58 -1 36 41 38 44 -26 -10 55 -3 -24 45 -4 -46 48 50 -50 -37 -8 -53 -27 -14 -36 -9 -21 -34 60 61 -39
right_child=3 5 30 4 -6 6 29 9 40 -11 13 -13 24 -15 17 -17 26 -19 -20 20 22 23 43 -25 39 53 28 -29 -30 -31 -32 -33 33 -35 35 47 -38 59 -40 -41 -42 -43 -44 -45 46 -47 -48 -49 49 -51 -52 52 -54 -55 -56 -57 -58 -59 -60 -61 -62 -63
leaf_value=-0.048844157120607808 0.91330252767125231 0.89686415464792335 -0.19917434854660168 -0.43759236329496681 3.690033296240629 3.2297175858073572 0.62767572676359318 4.0173236585968173 5.7633485708663716 3.8019675118900906 -0.28403676962047691 4.0442324921753912 -0.86216065380265272 -1.6804603471434363 -2.4128887669186749 1.5338623990909617 1.2195455728266675 0.80589420004478551 2.4819440418214942 -1.0894751420048228 -0.22008224320635686 1.4197685253916661 0.02244074148433528 0.10548458905054199 -0.55345731593196301 -0.080761973549306171 0.83533950931994649 3.7651866719801981 2.6029488115065353 0.75344307433755398 -1.811978998222199 -0.32847377007432993 -1.3137814154040635 0.98750685497979129 -0.61430030953012693 -0.31058822884395765 -0.13679849953809567 -0.68140803760153834 0.78391084810167255 -2.0775986195220364 3.2112945843691847 -1.097700807777451 2.5569893020825245 0.41118189630465452 -0.12893074085237449 0.17633242982342009 -0.61150056739342651 -0.47308360323296023 0.067307212812260347 -0.21003894761025094 -1.360031873674088 0.14331725289555144 0.79724832187618855 0.45082342713615892 -0.17108777026386701 -0.33745011259225416 2.09159732434287 0.047805046872982426 -0.0011691546519333343 0.057166926523667241 2.2062184293345628 0.46651817523311867
leaf_weight=1406 23 43 1209 38 37 27 460 20 20 32 71 28 167 34 27 118 72 21 20 35 876 217 521 98 93 353 328 33 31 593 25 24 64 32 1123 948 720 48 86 39 20 163 37 903 2488 1347 360 564 1204 3524 57 683 118 222 153 876 20 134 30 3448 22 212
leaf_count=1406 23 43 1209 38 37 27 460 20 20 32 71 28 167 34 27 118 72 21 20 35 876 217 521 98 93 353 328 33 31 593 25 24 64 32 1123 948 720 48 86 39 20 163 37 903 2488 1347 360 564 1204 3524 57 683 118 222 153 876 20 134 30 3448 22 212
internal_value=-0.00573296 -0.0584927 -0.143226 1.36238 1.23801 0.225235 0.47965 1.13601 3.19331 1.51547 0.565999 1.70566 0.094801 0.20382 0.474754 0.851132 1.36957 -1.00582 0.571597 0.208644 0.171322 0.592346 0.0827 1.01106 -0.22532 -0.110216 1.22301 2.02247 0.988671 0.441986 -0.0227376 1.20656 0.308777 -0.41673 -0.248459 -0.279034 -0.438264 -0.017866 -0.0868442 -1.00504 4.49864 -0.538646 1.66697 0.268968 -0.100717 -0.00128293 -0.189951 -0.206152 -0.179883 -0.139411 -0.370243 0.381301 0.239745 0.12451 -0.531914 -0.493005 3.0622 -0.188202 -0.895362 0.0836579 0.407409 0.254394
internal_weight=26745 25752 19830 993 930 5922 2007 893 63 536 357 86 3915 271 237 189 504 48 58 2888 2784 484 2300 315 1027 895 464 105 359 1980 9245 104 1387 126 10585 9179 2882 9220 5490 132 40 2162 80 1424 5404 2556 2848 6297 5733 4728 1005 1261 801 575 320 1999 40 169 94 3730 282 260
internal_count=26745 25752 19830 993 930 5922 2007 893 63 536 357 86 3915 271 237 189 504 48 58 2888 2784 484 2300 315 1027 895 464 105 359 1980 9245 104 1387 126 10585 9179 2882 9220 5490 132 40 2162 80 1424 5404 2556 2848 6297 5733 4728 1005 1261 801 575 320 1999 40 169 94 3730 282 260
is_linear=0
shrinkage=0.05


Tree=61
num_leaves=63
num_cat=0
split_feature=13 2 22 11 1 0 22 13 0 21 14 21 1 6 6 8 4 14 6 0 8 4 22 18 7 0 11 1 2 2 10 12 22 9 6 0 0 2 2 8 23 2 12 14 21 4 17 21 14 21 2 2 18 19 9 1 10 6 21 21 12 22
split_gain=697098 223508 90768.8 81540.5 85659.3 83844.9 70946.6 65323.6 56032.6 81942.9 114147 52182.8 43159.9 64355.8 57486.1 85338.5 47950.2 42216.2 79614.9 49279.7 34651.9 33522.6 54708.9 29099.3 29000.6 28442 28348.6 25585.2 25450.8 25126 29680.6 23821.2 33953.3 29589.8 34793.8 23321 38451.4 31482.1 23310.1 34459.6 22635.9 22413.5 32399.2 19895.2 18600.7 18487.6 19206.6 18366.2 26786.5 18166.4 17775.2 17474.2 16970 16594.4 15936.1 16048.8 15669 15119 52173.5 47061.8 30289 19243.4
threshold=600.50000000000011 2021.5000000000002 5.5000000000000009 502.00000000000006 -15.944999999999999 16.005000000000003 6.5000000000000009 241.58333333333334 13.280000000000003 0.72021505376344097 57.735026918962809 -0.016848018923713789 -14.459999999999999 0.25000000000000017 1.0000000180025095e-35 927.50000000000011 2.5000000000000004 6.959705453537687 -0.5 12.665000000000001 627.50000000000011 3.5000000000000004 2.5000000000000004 135.98687856752832 400.62500000000006 14.765000000000002 468.00000000000006 -13.139999999999999 2022.5000000000002 2024.5000000000002 443.37500000000006 204.58500000000001 4.5000000000000009 308.16500000000002 1.0000000180025095e-35 12.870000000000003 14.255000000000001 2018.5000000000002 2016.5000000000002 477.50000000000006 20.500000000000004 2024.5000000000002 1077.5000000000002 26.457513110645937 -0.23051619433198375 1.5000000000000002 344.38500000000005 0.42993456924754642 32.883633213703327 0.21346278317152104 2012.5000000000002 2023.5000000000002 28.539358084006299 0.062432795698924688 269.50000000000006 -15.639999999999999 315.50000000000006 1.0000000180025095e-35 0.48991894630192506 0.39673809523809528 208.16500000000005 8.5000000000000018
decision_type=2 2 2 2 2 2 2 2 2 2 2 2 2 2 2 2 2 2 2 2 2 2 2 2 2 2 2 2 2 2 2 2 2 2 2 2 2 2 2 2 2 2 2 2 2 2 2 2 2 2 2 2 2 2 2 2 2 2 2 2 2 2
left_child=1 2 35 4 25 8 11 -8 17 12 -11 21 13 40 16 -16 -14 -5 19 -19 -15 22 44 38 56 -2 29 28 -24 52 -31 32 -13 34 -33 -1 37 43 39 47 -10 42 -20 -37 -3 46 -35 50 -49 -47 -4 -26 -9 -54 55 -38 -23 58 60 61 -40 -59
right_child=3 6 23 5 -6 -7 7 26 9 10 -12 31 14 20 15 -17 -18 18 41 -21 -22 24 27 -25 51 -27 -28 -29 -30 30 -32 33 -34 45 -36 36 54 -39 57 -41 -42 -43 -44 -45 -46 49 -48 48 -50 -51 -52 -53 53 -55 -56 -57 -58 59 -60 -61 -62 -63
leaf_value=-0.046402121971530208 5.6406627908137175 2.3324406323483831 0.025270056774659228 0.20536933004690999 0.42364184980708841 3.5060289626172931 3.2232516600622385 0.61040112310568972 1.9855283485302839 1.389135029559853 -3.8774892162937693 -0.36540736266686524 1.8871180667916769 2.0428805121742344 1.4169898874955635 4.8531642066626368 -1.4203024394476591 2.2900099029368404 0.75701844141168428 5.6903116361789792 0.052040264966233346 -0.77004746327573192 0.80501868089424056 -1.7217409646843533 -0.63409842953263995 3.0097557569567064 0.71577726982771361 0.90649989496431171 -0.24643274562353037 -0.82495325527140917 0.93828531754118993 1.1688173106721524 0.92697113981125989 0.065524720139353149 0.092442518423834774 -0.46835698224887851 -0.20624975637429441 -0.12995951986863771 0.89118701023685221 1.9342281951723503 0.9977062126528532 2.8924472626808768 2.7307191089620453 -1.0428494261999135 0.6902462850917469 -0.091815590695591878 0.69520807248818406 -0.21548081506594574 -1.6148772699627909 0.28187365615573579 -0.15847117910239575 -2.4401947540925542 0.11513466269437687 0.67749465764435346 -0.44943361553203193 0.02702131625571895 -0.10437923537692764 0.11730022008472317 2.7139520325470921 -1.8345843394390411 0.096973804013115242 -0.23961389818682277
leaf_weight=1406 21 28 2442 36 21 37 21 464 92 20 21 302 24 24 51 28 20 22 90 21 235 146 62 25 25 21 593 59 786 93 32 188 61 191 125 1999 4864 720 129 21 158 24 27 163 45 593 331 125 47 720 2855 29 639 165 564 869 224 1301 20 35 1713 532
leaf_count=1406 21 28 2442 36 21 37 21 464 92 20 21 302 24 24 51 28 20 22 90 21 235 146 62 25 25 21 593 59 786 93 32 188 61 191 125 1999 4864 720 129 21 158 24 27 163 45 593 331 125 47 720 2855 29 639 165 564 869 224 1301 20 35 1713 532
internal_value=-0.00543923 -0.0555678 -0.136066 1.29444 3.03443 1.17625 0.213979 0.455681 1.07934 0.852649 -1.31115 0.0900615 0.993215 0.789801 1.83362 2.63953 0.38382 1.77206 2.07829 3.96009 0.237256 -0.154052 0.00665923 -0.0216006 -0.525432 4.3356 0.426254 -0.0993771 -0.169466 0.302957 -0.373135 0.226558 -0.148022 0.289866 0.739138 -0.236039 -0.265085 -0.416354 -0.0169715 -0.082502 1.36189 1.50197 1.21447 -0.511718 1.32253 0.213194 0.464873 -0.090282 -0.598619 0.113104 -0.0737638 -1.60685 0.369635 0.23062 -0.195846 -0.17089 -0.367199 0.0794779 0.180301 -0.021023 0.152643 0.0137012
internal_weight=26745 25752 19830 993 63 930 5922 2007 893 673 41 3915 632 509 123 79 44 220 184 43 259 1404 980 9245 424 42 1986 907 848 1393 125 2511 363 2148 313 10585 9179 2882 9220 5490 250 141 117 2162 73 1835 522 5469 172 1313 5297 54 1268 804 6297 5733 370 3730 1862 1868 1842 1833
internal_count=26745 25752 19830 993 63 930 5922 2007 893 673 41 3915 632 509 123 79 44 220 184 43 259 1404 980 9245 424 42 1986 907 848 1393 125 2511 363 2148 313 10585 9179 2882 9220 5490 250 141 117 2162 73 1835 522 5469 172 1313 5297 54 1268 804 6297 5733 370 3730 1862 1868 1842 1833
is_linear=0
shrinkage=0.05


Tree=62
num_leaves=63
num_cat=0
split_feature=13 2 12 11 1 19 21 18 12 19 23 1 14 6 21 2 6 14 5 23 14 18 6 7 15 1 1 6 21 1 14 2 18 10 21 20 16 9 9 2 21 6 20 2 24 1 12 2 4 2 2 2 14 23 1 19 23 4 19 5 23 25
split_gain=629314 201726 78576 73638.1 77345.8 60436.7 52774.8 45044.8 59280.1 92430.6 48172.8 50971.3 64010.2 52002.4 40576.2 87763.5 205834 71414.2 72016.4 62615.3 33472 32269.6 31364.4 30469.7 32722.4 30167.5 28896.1 27929.1 27485.7 28764.1 26431.7 28906 26644.8 25720 29236.2 30661.8 28963.1 24686.7 22282.4 22263.4 23840.1 21046.1 19546.8 19091.5 19097 17361.8 16267.2 16119.8 15265.6 14687.4 39454.8 18676.6 28368.3 34417 16542.8 15742.1 14339.1 13727.7 18603.7 12735.9 12285.7 12082.3
threshold=600.50000000000011 2021.5000000000002 217.68000000000004 502.00000000000006 -15.944999999999999 0.3059027777777778 -0.12477436823104691 151.6182095659349 408.16500000000002 -0.018433223218499269 20.500000000000004 -14.459999999999999 80.490080293118751 -0.5 0.18648458768771406 2023.5000000000002 0.6830127018922193 56.602583892218433 -0.24999999999999994 15.500000000000002 10.256938013760607 101.39821567232789 0.25000000000000017 260.31000000000006 425.04166666666669 -15.904999999999999 -12.889999999999999 -0.68301270189221952 0.92502190665716699 -16.254999999999999 44.293580798128708 2024.5000000000002 37.952671821964955 273.16500000000002 0.66667353951890052 0.38208651633686147 54.772255750516514 235.50000000000003 411.00000000000006 2009.5000000000002 -0.35001031237109531 -0.68301270189221952 0.0094788858939802729 2022.5000000000002 1.0000000180025095e-35 -16.049999999999997 149.79000000000005 2022.5000000000002 1.5000000000000002 2012.5000000000002 2011.5000000000002 2016.5000000000002 19.999999999999922 15.500000000000002 -12.889999999999999 0.25086206896551727 35.500000000000007 2.5000000000000004 -0.06915937374548374 -0.24999999999999994 15.500000000000002 1.5000000000000002
decision_type=2 2 2 2 2 2 2 2 2 2 2 2 2 2 2 2 2 2 2 2 2 2 2 2 2 2 2 2 2 2 2 2 2 2 2 2 2 2 2 2 2 2 2 2 2 2 2 2 2 2 2 2 2 2 2 2 2 2 2 2 2 2
left_child=1 2 41 4 47 7 21 8 9 -5 20 13 -13 -12 15 16 -9 -16 -19 -17 -10 22 26 25 28 37 43 -21 30 61 31 -25 -32 36 35 39 -4 -8 -26 -35 -41 49 -24 -3 -45 -22 59 -2 -27 50 -1 54 -53 -54 55 -51 -31 -40 -59 60 -43 -30
right_child=3 6 33 5 -6 -7 23 14 10 -11 11 12 -14 -15 17 19 -18 18 -20 27 45 -23 42 24 38 48 -28 -29 29 56 32 -33 -34 34 -36 -37 -38 -39 57 40 -42 46 -44 44 -46 -47 -48 -49 -50 51 -52 52 53 -55 -56 -57 -58 58 -60 -61 -62 -63
leaf_value=-0.17334964733767252 5.1564793702974843 1.3936539615767884 -0.10528258569051374 -3.3365188931054739 0.40256014683800284 -1.4090113916922182 2.9754276485020825 7.0298195211060976 2.906583509770043 1.3009041734072035 -1.5448213544136808 0.94273613503205811 4.1922617869590644 0.59172812783794038 2.5625573311155856 -0.42298595660402694 0.2290659523721951 -2.6923571502391379 0.99033403689294208 3.476938839890491 1.9119698278729957 1.3777146888736873 -0.30402071088329757 0.19203038513614692 1.5117730647263556 -0.55300019915980569 1.9291120059117319 1.6522934938957754 -0.67252653872788837 -1.5633863888354729 1.6331179495329338 -0.44153370561825755 0.42135058723096935 -0.44106311783650382 1.7384115704977181 -1.4243015736424034 -1.4061286190062279 0.93428545113416606 0.59232422820949593 1.1450061674603444 0.048883592822549636 0.24679257389324816 -1.2386404567966371 -0.073781012081824152 1.4963476928312387 0.94734528241862004 -0.26770466690007977 3.1581744800325975 1.0666403554251922 -0.40302304106220393 0.54464130967731661 -0.1642272098893991 2.5584627791603598 0.26519530936260233 0.86173122093022103 -1.8244034612949809 -0.060451259224662948 -0.53796375155355924 0.3506940378825314 -0.38499226322343993 -1.0711288976399285 0.84276648752801986
leaf_weight=639 20 25 5960 20 21 23 27 25 41 23 33 62 20 204 36 33 20 20 39 26 78 36 495 2484 48 29 21 110 20 57 54 194 282 232 25 36 43 33 625 50 5033 20 63 530 20 117 5733 22 29 644 273 516 21 73 25 20 22 64 726 337 150 38
leaf_count=639 20 25 5960 20 21 23 27 25 41 23 33 62 20 204 36 33 20 20 39 26 78 36 495 2484 48 29 21 110 20 57 54 194 282 232 25 36 43 33 625 50 5033 20 63 530 20 117 5733 22 29 644 273 516 21 73 25 20 22 64 726 337 150 38
internal_value=-0.00515906 -0.0527882 -0.129263 1.22991 2.88344 1.11759 0.203287 1.18182 0.928228 -0.858658 1.06681 0.665783 1.73951 0.293687 1.6721 2.05384 4.01458 0.810873 -0.260395 1.52966 1.60834 -0.0943476 -0.14039 0.278138 0.257832 1.07122 0.111819 2.00346 0.16709 -0.525301 0.19858 0.146117 0.616542 -0.0434878 0.0359456 0.0279583 -0.114625 1.85631 0.453242 0.0378224 0.0596891 -0.244754 -0.409754 0.0451156 -0.0164147 1.334 -0.291723 4.11985 0.257176 -0.112187 0.0416059 -0.220161 -0.0186499 0.779749 -0.398532 -0.446112 -1.14552 0.417227 0.278636 -0.563196 -0.915996 0.319907
internal_weight=26745 25752 19830 993 63 930 5922 907 598 43 555 319 82 237 309 214 45 95 59 169 236 1190 1154 4732 4614 118 596 136 3151 137 3014 2678 336 11379 5376 5351 6003 60 1463 5315 5083 8451 558 575 550 195 6240 42 58 2211 912 1299 610 94 689 664 79 1415 790 507 170 58
internal_count=26745 25752 19830 993 63 930 5922 907 598 43 555 319 82 237 309 214 45 95 59 169 236 1190 1154 4732 4614 118 596 136 3151 137 3014 2678 336 11379 5376 5351 6003 60 1463 5315 5083 8451 558 575 550 195 6240 42 58 2211 912 1299 610 94 689 664 79 1415 790 507 170 58
is_linear=0
shrinkage=0.05


Tree=63
num_leaves=63
num_cat=0
split_feature=13 2 22 21 22 15 5 9 11 2 10 9 21 8 2 25 21 3 25 15 11 23 8 11 13 20 2 3 15 9 20 18 6 22 6 21 1 8 2 13 2 25 1 13 6 22 13 10 11 3 21 20 23 2 20 10 10 17 3 1 9 9
split_gain=568087 182069 77049.3 67579.2 61437.9 66776.8 54194.4 87212.8 71633.8 171384 67940.5 66025.2 53932.7 53485.4 69211.2 52807.8 48641.7 45417.2 38991.8 37925.2 37252.3 35311 33873.8 30700.5 28899.4 28800.9 27707.9 46661.9 37884.6 30845.9 26515.4 26282.5 34078.2 25484.1 34480.5 30845.1 25977.2 23994.5 23164.6 22841.1 20737.8 23658.9 28365.9 25931.4 24857.8 20397.9 19806.8 18086.6 17517.8 17255.6 16541.3 18333.7 16228 16167.6 15147.1 15009 14676.7 14404.2 13748.3 16523 12669.3 12642.7
threshold=600.50000000000011 2021.5000000000002 5.5000000000000009 1.1733333333333336 6.5000000000000009 240.18750000000003 -0.24999999999999994 1258.5000000000002 1206.5000000000002 2023.5000000000002 654.00000000000011 1206.5000000000002 0.7003401360544218 1196.5000000000002 2023.5000000000002 3.5000000000000004 0.37525790921595609 9.5000000000000018 9.5000000000000018 687.58333333333337 315.50000000000006 20.500000000000004 1105.5000000000002 425.50000000000006 348.70833333333343 0.093326666666666572 2022.5000000000002 5.5000000000000009 303.00666666666672 346.33500000000009 -0.035707397860785799 108.61230281788228 1.0000000180025095e-35 8.5000000000000018 0.6830127018922193 0.21346278317152104 -16.194999999999997 477.50000000000006 2016.5000000000002 325.08333333333343 2018.5000000000002 4.5000000000000009 -16.224999999999998 214.35500000000005 -0.5 2.5000000000000004 775.83333333333337 420.50000000000006 184.50000000000003 10.500000000000002 0.42993456924754642 0.2979398321762598 42.500000000000007 2012.5000000000002 -0.19975520195838428 388.50000000000006 363.50000000000006 161.47250000000003 11.500000000000002 -13.709999999999999 394.50000000000006 306.37500000000006
decision_type=2 2 2 2 2 2 2 2 2 2 2 2 2 2 2 2 2 2 2 2 2 2 2 2 2 2 2 2 2 2 2 2 2 2 2 2 2 2 2 2 2 2 2 2 2 2 2 2 2 2 2 2 2 2 2 2 2 2 2 2 2 2
left_child=1 2 40 6 17 -6 8 10 11 -10 46 13 16 14 15 -2 25 18 26 -16 21 -20 -5 24 -19 -12 27 -3 -29 -28 49 37 -33 -7 36 47 56 38 50 -38 41 42 -1 48 -43 -22 -8 -36 -44 -25 53 -52 -32 -4 -31 -23 -35 -46 59 -26 -37 -59
right_child=3 4 31 22 5 33 7 -9 9 -11 12 -13 -14 -15 19 -17 -18 23 20 -21 45 55 -24 30 58 -27 29 28 -30 54 52 32 -34 34 35 60 39 -39 -40 -41 -42 44 43 -45 57 -47 -48 -49 -50 -51 51 -53 -54 -55 -56 -57 -58 61 -60 -61 -62 -63
leaf_value=-0.23222186611236506 1.2324986194496723 -0.3059990722369203 0.029239502964092612 1.8518465688458314 2.8833601777349012 0.52405749398388968 1.9550099154942715 3.7586246222340174 4.5221730642508922 -0.35400560143983584 1.2977283500832379 -2.2458264133247599 -1.0441609744353801 2.8424396178301645 -1.0257132170111312 -1.7484271671381599 3.5828270269270561 -0.4834882830449731 2.4882666760701069 1.1078875660248426 1.4697628847655759 0.51787756193556123 4.4784108166446055 1.0809819814577624 -0.25782217829452109 0.35660246105986987 -0.25448384973851385 1.5478328003797039 0.23142312333540729 0.8510028653590882 -0.98115800153577881 0.09559661284153595 -2.6862207846618946 1.1528627295138401 -1.4547607507753306 -0.57103611345035354 0.70010533953622822 1.6340328231656174 0.080972013000967902 -0.25659871262349176 -0.084602920653931615 -0.0072662555516614935 -0.2978751878962862 -1.1725979758491347 -0.76852639786882182 0.14765090534936584 4.0475152882302945 -0.12183362367444504 -0.6591036094639654 -0.74691229269445103 -0.26935009172760366 -1.4702562416817402 -2.5100583420248492 -0.14599587894100105 0.11336458188399082 1.4495904061914751 0.39535242325603814 -0.22155275980351249 0.41745528721698016 0.59062703135274819 0.77874276112915231 -1.1270852301126855
leaf_weight=2272 20 121 2442 30 27 1232 22 36 35 37 330 24 29 22 24 57 20 320 33 154 31 179 21 20 281 108 750 114 105 75 49 23 21 110 70 26 89 22 3710 208 2370 1486 815 135 132 472 24 40 571 36 130 42 27 2855 951 57 153 2765 222 72 52 39
leaf_count=2272 20 121 2442 30 27 1232 22 36 35 37 330 24 29 22 24 57 20 320 33 154 31 179 21 20 281 108 750 114 105 75 49 23 21 110 70 26 89 22 3710 208 2370 1486 815 135 132 472 24 40 571 36 130 42 27 2855 951 57 153 2765 222 72 52 39
internal_value=-0.00489368 -0.0501466 -0.1228 1.16856 0.193133 0.418056 1.07234 1.3794 0.603664 2.01927 1.21802 0.264471 1.04406 0.48272 0.278082 -0.973502 1.1765 0.0778184 0.179373 0.819769 0.483513 0.958362 2.94012 -0.207746 -0.102706 1.06582 0.0683908 0.48184 0.917094 -0.0107803 -0.91929 -0.0173397 -1.23506 0.384291 0.154042 -0.43169 0.350732 -0.0115025 -0.0154648 0.0302127 -0.214908 -0.252499 -0.344119 -0.511235 -0.173904 0.229419 3.05327 -0.970656 -0.446733 -0.0932406 -0.0808858 -0.563308 -1.52697 -0.0652097 0.167368 0.74345 0.712519 -0.258239 0.109246 -0.084635 0.328597 -0.234189
internal_weight=26745 25752 19830 993 5922 2007 942 569 373 72 533 301 487 277 255 77 458 3915 2888 178 772 269 51 1027 895 438 2116 340 219 1776 132 9245 44 1980 748 188 560 9201 9179 297 10585 8215 3793 1521 4422 503 46 110 1386 56 5469 172 76 5297 1026 236 263 2936 575 353 78 2804
internal_count=26745 25752 19830 993 5922 2007 942 569 373 72 533 301 487 277 255 77 458 3915 2888 178 772 269 51 1027 895 438 2116 340 219 1776 132 9245 44 1980 748 188 560 9201 9179 297 10585 8215 3793 1521 4422 503 46 110 1386 56 5469 172 76 5297 1026 236 263 2936 575 353 78 2804
is_linear=0
shrinkage=0.05


Tree=64
num_leaves=63
num_cat=0
split_feature=17 17 18 19 0 12 10 17 6 2 2 2 18 3 17 16 12 5 1 6 19 6 5 17 6 2 18 23 8 18 17 12 16 12 19 2 10 22 10 1 2 6 22 18 25 0 22 18 20 16 0 1 17 2 5 16 9 14 22 17 5 12
split_gain=512910 137551 88521 83737.1 69728.7 41582.1 86029.5 44570.4 60960.7 38771.3 38296.1 57667.3 35422.2 51977.4 33904.2 33901.4 33821.6 31941.5 29377 63960.8 43864.8 48081.4 43642.1 28619.8 25169.1 31927.1 31817.6 24962.4 37095.9 57958.7 28378.3 27899.6 20884.3 20257.8 20226.1 20812.2 19828.6 19345.6 23580.4 17833.8 16680.8 16239 19008.3 19403.2 15978.5 25584.8 28623.4 22731.2 15665.3 15633.4 14977.5 14730.7 19617.6 14720.1 13380 13275.3 13118.6 14294.2 14612.6 13761.9 12665.3 12614.6
threshold=508.60416666666669 274.17708333333343 151.6182095659349 0.21221445221445226 16.005000000000003 408.16500000000002 1039.5000000000002 1118.916666666667 -0.5 2022.5000000000002 2021.5000000000002 2023.5000000000002 43.148615615478668 4.5000000000000009 390.60416666666669 64.931886557633803 1258.5000000000002 -0.24999999999999994 -16.724999999999998 1.0000000180025095e-35 -0.11111746031746032 0.25000000000000017 -0.24999999999999994 181.62833333333336 0.6830127018922193 2013.5000000000002 15.423319612806766 25.500000000000004 826.00000000000011 101.39821567232789 779.41666666666686 903.25000000000011 32.927445483824428 188.39500000000004 0.60303030303030314 2009.5000000000002 263.04000000000002 4.5000000000000009 152.75000000000003 -16.224999999999998 2010.5000000000002 -0.9330127018922193 6.5000000000000009 101.39821567232789 4.5000000000000009 14.485000000000001 2.5000000000000004 48.514570805948757 0.14714992597933399 25.819888974716434 12.870000000000003 -13.494999999999999 405.58333333333343 2020.5000000000002 -0.5 73.739406018763376 526.50000000000011 43.301270189222052 8.5000000000000018 479.29166666666674 -0.6830127018922193 466.83500000000009
decision_type=2 2 2 2 2 2 2 2 2 2 2 2 2 2 2 2 2 2 2 2 2 2 2 2 2 2 2 2 2 2 2 2 2 2 2 2 2 2 2 2 2 2 2 2 2 2 2 2 2 2 2 2 2 2 2 2 2 2 2 2 2 2
left_child=1 10 5 4 9 6 55 16 -9 -4 15 12 13 -12 34 23 27 -10 19 -11 21 -20 -22 -1 37 40 -27 30 48 -30 31 -7 -32 -15 35 -3 -13 53 -39 -14 -26 -16 43 51 45 46 -37 49 -29 -46 -49 61 -53 -25 -41 -2 57 58 -44 -59 -35 -43
right_child=2 14 3 -5 -6 7 -8 8 17 18 11 36 39 33 41 -17 -18 -19 20 -21 22 -23 -24 24 25 26 -28 28 29 -31 32 -33 -34 60 -36 44 -38 38 -40 54 -42 42 56 -45 47 -47 -48 50 -50 -51 -52 52 -54 -55 -56 -57 -58 59 -60 -61 -62 -63
leaf_value=-0.3245350372597533 -0.0334311507541857 -0.37201118499332486 3.0487659935146345 -1.1551785731138624 4.127654619479098 0.7216140766337289 -3.2413461621127908 -0.15715935422345928 1.7830329446231616 3.8897877856274512 -0.0085247615721825761 -0.80212907488340657 0.6486368087782961 0.22397793976334035 0.83466074961889769 -1.6974037803441204 2.360691759430666 4.5200217678931089 4.3477497372757732 0.36495737770563874 -0.44254240893585434 1.0570715545183158 1.259587478900464 -0.2196504029364803 -0.3101316603916644 -0.12282116171040001 -0.54143723538296551 0.45691273027546064 1.0500906756896078 -1.5821597476102509 2.5292722427959995 -0.95256996137815853 1.1121282128347136 2.6299535369895342 1.5543273566535154 1.2535848180622797 0.70735835519786994 1.1408403402481964 -0.046711899422290669 -0.83886426255585977 0.12782383503024836 -0.03203612351322873 0.52393273178490085 1.2231252066430205 0.11192024794278738 0.12815486905969006 -0.18872485374451342 0.77349556351300364 1.4936279098381624 -0.1391209756446746 0.23994040221290136 -0.57139722171341967 0.69444094046813065 0.14091602839704342 0.27806750033392197 1.5151322069211242 -0.69463157178798396 1.7656470839432847 0.038509806330627068 0.25452738292663696 1.5030307319633414 -0.91887875956390264
leaf_weight=2313 37 296 39 26 29 218 20 21 22 31 75 131 81 21 124 36 29 21 20 22 52 25 136 3142 335 739 1177 273 34 54 31 28 162 40 22 35 26 42 5882 59 619 576 537 35 3513 1372 1723 177 42 753 512 39 141 311 49 22 26 38 218 25 68 43
leaf_count=2313 37 296 39 26 29 218 20 21 22 31 75 131 81 21 124 36 29 21 20 22 52 25 136 3142 335 739 1177 273 34 54 31 28 162 40 22 35 26 42 5882 59 619 576 537 35 3513 1372 1723 177 42 753 512 39 141 311 49 22 26 38 218 25 68 43
internal_value=-0.00464394 -0.0559912 0.929081 1.57991 1.78108 0.685043 -0.416017 0.778113 2.05088 1.57047 -0.151592 0.257947 0.581516 1.03826 0.0858961 -0.167026 0.684361 3.1272 1.36787 2.43019 1.12527 2.5261 0.788774 -0.16323 -0.132763 -0.262324 -0.379995 0.626346 0.342056 -0.56506 0.887174 0.530727 1.34097 1.64642 0.0436902 0.0397057 -0.551827 -0.0931049 -0.0382724 0.0882109 -0.0259767 0.282693 0.241853 0.0725405 0.0547841 -0.0336538 -0.159937 0.11065 0.595587 0.0676051 0.377107 0.0219864 0.419983 -0.187171 -0.332273 0.545501 0.409126 0.444295 0.383801 1.16743 1.9225 -0.0937889
internal_weight=26745 25351 1394 380 354 1014 79 935 64 325 15146 550 393 204 10205 14596 871 43 286 53 233 45 188 14560 12247 2870 1916 842 403 88 439 246 193 129 8403 8381 157 9377 5924 189 954 1802 1678 834 8085 3130 1758 4955 315 4266 689 799 180 3453 108 59 844 818 755 63 108 619
internal_count=26745 25351 1394 380 354 1014 79 935 64 325 15146 550 393 204 10205 14596 871 43 286 53 233 45 188 14560 12247 2870 1916 842 403 88 439 246 193 129 8403 8381 157 9377 5924 189 954 1802 1678 834 8085 3130 1758 4955 315 4266 689 799 180 3453 108 59 844 818 755 63 108 619
is_linear=0
shrinkage=0.05


Tree=65
num_leaves=63
num_cat=0
split_feature=17 2 9 2 6 14 3 22 20 22 22 3 1 16 1 14 21 14 11 16 20 21 9 17 21 20 1 20 11 2 19 6 22 2 22 6 22 21 14 18 19 23 16 12 16 2 2 12 5 1 14 2 3 12 11 20 21 2 18 18 21 10
split_gain=528332 147118 88509.1 92573.2 83680.4 148852 61875 55529.2 51913.9 42208.8 41247.1 63353.8 99814 66392.9 51109.3 37080.3 46546.6 51855.2 36661 37526.7 37277 35464.2 33680.2 24268.2 24131.6 31485.9 30335.3 25537.6 24285.2 24063.8 31532.7 22593.6 22139.7 33191.8 24280 21752.7 51313.8 23278.6 24115.7 20711.6 20280.5 30300.5 19983 18824.8 18354.5 17983.7 33165.9 23385.1 21003.7 19937.1 21363.3 17348.2 21710.2 17162.7 17071.7 17057.7 18513.9 16603.3 15428.2 14617.5 14245.7 13981
threshold=508.60416666666669 2019.5000000000002 1232.5000000000002 2022.5000000000002 0.25000000000000017 80.490080293118751 7.5000000000000009 5.5000000000000009 0.40030581039755347 6.5000000000000009 1.0000000180025095e-35 8.5000000000000018 -14.424999999999999 115.94574796102505 -16.224999999999998 80.490080293118751 -0.062494673234923075 101.03629710818437 706.25000000000011 127.79702038617442 0.068587206347520593 -0.049896551724137976 902.50000000000011 405.58333333333343 0.12361593462717059 0.20000960015360239 -13.709999999999999 -0.18738957597173142 214.14500000000001 2021.5000000000002 0.098031372549019738 -0.5 5.5000000000000009 2023.5000000000002 2.5000000000000004 0.6830127018922193 8.5000000000000018 0.2055547319153577 14.433756729741418 108.61230281788228 0.1556998556998557 40.500000000000007 81.649658092772555 868.50000000000011 39.252015759603914 2013.5000000000002 2010.5000000000002 167.64000000000001 -0.6830127018922193 -17.154999999999998 21.650635094610944 2015.5000000000002 8.5000000000000018 180.31000000000003 192.75000000000003 0.33334234234234233 0.30083740443781476 2009.5000000000002 26.883587422947695 77.687490045012723 0.32376470588235301 208.41500000000005
decision_type=2 2 2 2 2 2 2 2 2 2 2 2 2 2 2 2 2 2 2 2 2 2 2 2 2 2 2 2 2 2 2 2 2 2 2 2 2 2 2 2 2 2 2 2 2 2 2 2 2 2 2 2 2 2 2 2 2 2 2 2 2 2
left_child=1 7 3 6 5 -4 -2 31 10 24 11 18 14 -14 -13 22 17 -17 19 -5 -20 -6 43 39 25 26 32 -26 61 60 -31 -1 34 -34 -3 40 -37 -38 -39 42 53 44 55 -12 -42 46 48 -47 58 50 -48 -49 -53 -11 -55 57 -57 -9 -33 -40 -30 -29
right_child=2 9 4 8 21 -7 -8 23 -10 35 15 12 13 -15 -16 16 -18 -19 20 -21 -22 -23 -24 -25 27 -27 -28 28 29 30 -32 45 33 -35 -36 36 37 38 59 -41 41 -43 -44 -45 -46 47 49 51 -50 -51 -52 52 -54 54 -56 56 -58 -59 -60 -61 -62 -63
leaf_value=-0.10474393938004066 4.9500051119748285 0.6090435465117946 1.6042871586606886 1.3336677026343702 -0.82179465598969659 6.6999486791107046 1.2376906013075923 -0.29881139231576392 -1.4975243633961772 1.5973844957527639 0.34022088694196878 0.68302477668488792 0.43160925817705387 4.1967035245135484 -1.0402405128184171 4.2539035861848165 -0.34012684542420918 0.92440926487227348 2.1304905384701809 -0.95034911085649854 1.0574202727794988 2.113494719831801 -1.3395657863124271 0.77420821551002994 1.134604409267024 -0.95783311056816778 0.36054411959623778 0.22664238471885456 0.03041999595328515 0.2207862303851755 0.84010194743090416 -0.63414064258913805 0.0506001509777564 1.1007146060648267 -0.18447342084483176 0.496563202137497 -0.71857565838692838 1.2018934856640699 0.46653736895740688 -1.2540572362407998 -0.38331518218664129 2.2381333372269312 1.4007960447137286 1.1591065804271208 1.1949359221945974 -0.78335502302325299 0.20455956468118719 -0.4784206933576724 -0.25796558161925087 -0.09310086535610812 1.6474311987187633 -0.38233587044943573 -0.065017924747721043 -1.0846825711535051 0.34701673184325171 0.018715811973396692 -1.2040643192518694 -0.011116820825363121 -1.7589456674549995 -1.0893989579768475 -0.74372652759838376 -0.35778647560346666
leaf_weight=3119 22 101 38 47 21 23 23 540 25 27 453 88 22 25 84 22 21 25 193 29 140 20 27 92 68 88 500 151 300 1199 248 235 902 82 2074 314 205 38 27 35 34 36 24 83 40 280 128 1003 668 1493 32 1099 1058 21 1599 59 65 7018 35 34 74 317
leaf_count=3119 22 101 38 47 21 23 23 540 25 27 453 88 22 25 84 22 21 25 193 29 140 20 27 92 68 88 500 151 300 1199 248 235 902 82 2074 314 205 38 27 35 34 36 24 83 40 280 128 1003 668 1493 32 1099 1058 21 1599 59 65 7018 35 34 74 317
internal_value=0.00710786 -0.045432 0.941899 0.832825 2.36081 3.5335 3.05966 -0.130354 0.754546 0.124662 0.799384 1.08627 0.399685 2.43908 -0.158656 0.513731 1.61582 2.48872 1.4537 0.461966 1.67982 0.611591 0.380347 -0.0326358 0.0550724 -0.0237754 -0.00128415 0.180417 0.15202 0.234582 0.326984 -0.214006 -0.0585648 0.138218 -0.147596 0.303502 0.0483375 -0.414627 0.214801 -0.0422354 0.393241 1.05034 -0.0367146 0.467228 0.470187 -0.270508 -0.171008 -0.345443 -0.408466 -0.0362424 0.494014 -0.306615 -0.226705 0.349291 0.328389 -0.0412245 -0.622671 -0.0316762 -0.780564 -0.400988 -0.122898 -0.169202
internal_weight=26893 25462 1431 1329 102 61 45 16983 1284 8479 1259 628 219 47 172 631 68 47 409 76 333 41 563 7833 6104 3747 3659 2357 2289 1821 1447 9150 3159 984 2175 2375 618 304 99 7741 1757 110 7706 536 74 6031 2591 3440 938 1653 160 3160 2157 1647 1620 7682 124 7558 270 61 374 468
internal_count=26893 25462 1431 1329 102 61 45 16983 1284 8479 1259 628 219 47 172 631 68 47 409 76 333 41 563 7833 6104 3747 3659 2357 2289 1821 1447 9150 3159 984 2175 2375 618 304 99 7741 1757 110 7706 536 74 6031 2591 3440 938 1653 160 3160 2157 1647 1620 7682 124 7558 270 61 374 468
is_linear=0
shrinkage=0.05


Tree=66
num_leaves=63
num_cat=0
split_feature=7 22 2 3 20 9 2 9 21 1 2 22 21 20 11 23 14 21 14 16 18 18 10 21 10 6 6 1 20 14 21 22 7 22 22 21 14 2 13 7 18 23 1 16 13 20 2 6 17 5 6 13 21 1 6 2 2 5 1 18 2 6
split_gain=501733 103698 99649.8 98812.1 83115.8 73292.4 102345 67385 55608.2 79394.1 54637.6 49704.5 36756.9 35753.8 52614.7 48499.5 35155.9 32874.8 43021.5 31765.2 32819.2 31470.8 33188.5 30435 29420.2 28334.6 25892.5 26952.3 36407.8 35397.2 28967.6 23771.6 22466.1 21877.3 28540.9 25455.1 24158.7 23604.5 21988.5 21394.4 20695 25408.2 27530.3 20486.3 20335.1 19818.3 19773.3 19653.6 19183.2 18849 17565.4 20533 17238.3 22139.6 27844.6 15283.4 30795 18959.1 17629 15510 16231.6 14631.8
threshold=468.00000000000006 1.0000000180025095e-35 2019.5000000000002 9.5000000000000018 0.40030581039755347 1206.5000000000002 2023.5000000000002 1358.5000000000002 0.45477272727272738 -14.424999999999999 2022.5000000000002 5.5000000000000009 -0.042741880341880305 0.011134356113435608 905.00000000000011 32.500000000000007 80.490080293118751 -0.07025910207728385 101.03629710818437 50.568764444383767 116.66099553250947 108.61230281788228 994.50000000000011 -0.16666025641025636 902.50000000000011 0.6830127018922193 0.6830127018922193 -16.224999999999998 -0.19153415453527436 52.041649986653404 0.92502190665716699 5.5000000000000009 739.00000000000011 5.5000000000000009 8.5000000000000018 0.2055547319153577 14.433756729740585 2022.5000000000002 365.16666666666669 315.50000000000006 81.013620285256408 23.500000000000004 -16.284999999999997 46.493368680675886 209.62500000000003 0.15385422281322916 2023.5000000000002 -0.5 405.58333333333343 -0.24999999999999994 0.25000000000000017 344.83333333333343 0.45477272727272738 -16.524999999999995 -0.5 2013.5000000000002 2010.5000000000002 -0.6830127018922193 -17.154999999999998 14.506921022695765 2015.5000000000002 -0.68301270189221952
decision_type=2 2 2 2 2 2 2 2 2 2 2 2 2 2 2 2 2 2 2 2 2 2 2 2 2 2 2 2 2 2 2 2 2 2 2 2 2 2 2 2 2 2 2 2 2 2 2 2 2 2 2 2 2 2 2 2 2 2 2 2 2 2
left_child=2 3 11 4 5 10 7 -7 9 12 -2 39 21 14 -12 -15 19 18 -18 45 40 22 -5 -11 -22 -19 27 29 50 52 31 46 -23 43 37 -36 -37 -35 49 47 -21 -42 -43 -28 -33 61 -30 -1 -13 -39 51 -29 -4 54 -54 56 57 -49 -58 60 -57 -3
right_child=1 16 26 8 -6 6 -8 -9 -10 23 13 48 -14 15 -16 -17 17 25 -20 20 24 32 -24 -25 -26 -27 33 28 30 -31 -32 44 -34 34 35 36 -38 38 -40 -41 41 42 -44 -45 -46 -47 -48 55 -50 -51 -52 -53 53 -55 -56 59 58 -59 -60 -61 -62 -63
leaf_value=-0.096257642697865783 3.5450869743766655 0.059341324893072173 0.18668017440755658 -0.49781852343782262 -1.5384310967549328 6.7489644281107104 0.85008374889550253 2.6757982290799345 2.6626908323883471 0.62995504169808747 0.98471750940735248 -0.039023182450382839 -2.1100536570925894 1.4534148839456151 2.5185997299922454 -0.02694655404304503 3.9320008767743455 1.5877315811832435 0.86950134617659058 -0.25130308349697578 -2.3775925273639493 0.15464805995716768 2.3111609827878787 3.3559065787946412 -0.081544822771287828 -0.36759603282751468 -0.34049611670241015 0.85424353860655755 0.010395459830680605 1.156259192047425 -1.1817848400679416 1.7563600254592608 -1.5104875365232346 -0.025068309832534014 -0.63302456682420916 1.7583880274127628 -0.1684258653018289 -0.019800308287860603 0.27268986621703295 -1.3415776011427534 -0.32397897620792587 -0.10529916259263067 1.9823181441962849 0.19121682305593748 0.15469894574623161 1.4494429137936251 -0.3799050217716623 -0.74158145282383048 0.78603379495033243 1.4343560711526226 0.10255105535664773 2.6890313894392062 0.034156316922820028 0.34466260370490126 2.3720621928869829 -0.49944750685166328 0.46937258074165955 -0.24506923163095298 -0.082820210453382392 -0.39086060457879013 -0.043310419868580266 0.58189109709828568
leaf_weight=3114 29 167 2368 20 21 21 28 20 22 21 111 7726 29 141 113 91 22 38 24 121 26 39 22 20 30 36 813 64 1101 106 50 20 42 327 192 24 50 29 229 41 39 24 46 233 1419 56 460 270 71 96 49 20 20 144 35 261 160 668 1487 2378 771 678
leaf_count=3114 29 167 2368 20 21 21 28 20 22 21 111 7726 29 141 113 91 22 38 24 121 26 39 22 20 30 36 813 64 1101 106 50 20 42 327 192 24 50 29 229 41 39 24 46 233 1419 56 460 270 71 96 49 20 20 144 35 261 160 668 1487 2378 771 678
internal_value=0.0067582 0.74938 -0.0560479 1.20162 1.54351 1.6606 3.18501 4.77352 0.286934 0.0148572 1.4431 -0.124263 -0.512011 1.30867 1.75931 0.872973 0.475956 1.29125 2.33964 0.393427 -0.065634 -0.133788 0.975428 1.96474 -1.14999 0.637211 0.0912353 0.144214 0.0459105 0.261265 0.0105835 0.0304967 -0.709492 -0.0644277 0.109665 -0.329444 0.457949 0.281212 0.564074 -0.203307 0.198747 0.698163 1.26736 -0.222044 0.177084 0.539141 -0.104633 -0.198168 -0.0314995 1.09721 0.855385 1.29384 0.224262 0.671129 1.52361 -0.251101 -0.159395 -0.388058 -0.0291484 -0.320612 -0.158713 0.478643
internal_weight=26893 2097 24796 790 575 554 69 41 215 193 485 16947 152 456 224 232 1307 120 46 1187 286 123 42 41 56 74 7849 5856 3183 2673 3050 3000 81 1993 947 266 74 681 354 9150 230 109 70 1046 1439 901 1561 9109 7797 125 133 84 2567 199 55 5995 2585 938 1647 3410 1032 845
internal_count=26893 2097 24796 790 575 554 69 41 215 193 485 16947 152 456 224 232 1307 120 46 1187 286 123 42 41 56 74 7849 5856 3183 2673 3050 3000 81 1993 947 266 74 681 354 9150 230 109 70 1046 1439 901 1561 9109 7797 125 133 84 2567 199 55 5995 2585 938 1647 3410 1032 845
is_linear=0
shrinkage=0.05


Tree=67
num_leaves=63
num_cat=0
split_feature=15 15 0 12 12 9 9 21 12 21 23 14 23 14 12 2 2 2 12 2 2 17 1 6 25 25 0 8 19 19 1 17 25 15 10 19 24 12 17 0 13 21 9 21 10 5 2 23 5 2 17 18 4 12 19 0 4 0 11 14 6 10
split_gain=434269 135863 74814.6 61396.7 40206.2 39429.5 44452.1 56906 46503.5 50177.8 72251.3 33994.3 31190.9 44949 30319.1 29595.4 37320.9 53001.5 27890.6 26706.2 54584.3 58302.4 37386.8 21327.2 25231.2 19947.1 27340 25481.2 21342 19002.3 18942.4 18906.2 18477.6 33603.7 24081.3 18326 21568 17479.1 17069.2 16385.2 18267.6 18182.1 15948.8 17844.3 23173.7 15889.1 52777.9 16462.8 15649.8 14095.2 13861.1 13686.6 14629.1 13270 12851.2 12306.8 29875.5 12101.2 19958.9 15058.1 11783.1 13519.7
threshold=586.08333333333337 349.35416666666669 16.005000000000003 199.72000000000003 977.50000000000011 1450.0000000000002 1358.5000000000002 1.0010810810810813 420.50000000000006 -0.042741880341880305 25.500000000000004 34.641016151377407 20.500000000000004 153.66267867101888 527.50000000000011 2016.5000000000002 2012.5000000000002 2010.5000000000002 295.28000000000003 2023.5000000000002 2021.5000000000002 308.55916666666673 -17.154999999999998 -0.24999999999999994 10.500000000000002 7.5000000000000009 13.725000000000001 504.00000000000006 -0.0055611111111111269 0.034491676729265904 -16.194999999999997 409.43750000000006 6.5000000000000009 260.86083333333335 274.50000000000006 0.15351691120089186 1.0000000180025095e-35 521.50000000000011 346.93750000000006 12.740000000000002 279.95833333333343 0.23691816245816857 168.16500000000005 -0.23051619433198375 226.83500000000001 -0.6830127018922193 2020.5000000000002 45.500000000000007 -0.6830127018922193 2024.5000000000002 309.84708333333339 17.943514064131733 1.5000000000000002 299.58500000000009 -0.18774999999999994 14.555000000000001 2.5000000000000004 14.965000000000002 343.16500000000002 4.6188021535177182 0.6830127018922193 349.50000000000006
decision_type=2 2 2 2 2 2 2 2 2 2 2 2 2 2 2 2 2 2 2 2 2 2 2 2 2 2 2 2 2 2 2 2 2 2 2 2 2 2 2 2 2 2 2 2 2 2 2 2 2 2 2 2 2 2 2 2 2 2 2 2 2 2
left_child=1 3 5 23 -4 6 7 8 9 10 -2 -9 13 -10 -14 16 17 48 25 20 45 22 -22 42 -25 27 28 30 -27 38 -3 -30 35 -34 -35 36 -21 49 -20 -18 -41 -42 -1 44 -44 46 -17 -47 53 60 -28 -19 -53 -5 -32 56 -52 58 59 -40 61 -31
right_child=2 18 4 15 -6 -7 -8 11 12 -11 -12 -13 14 -15 -16 19 39 51 29 32 21 -23 -24 24 -26 26 50 -29 31 37 54 -33 33 34 -36 -37 -38 -39 57 40 41 -43 43 -45 -46 47 -48 -49 -50 -51 55 52 -54 -55 -56 -57 -58 -59 -60 -61 -62 -63
leaf_value=-0.34726686063107215 -1.1610486390727524 0.12573341884849434 4.6663974034845532 -0.55037592465800544 1.4884905777167325 3.0271294046917236 -1.3763342103807095 4.0832147157014305 1.1160507657118577 -1.7312191752287061 1.9953669923796618 1.5208375600470367 1.3466392143384409 3.1400288215111263 0.47309200372038324 0.011620172051293447 0.056111630391837364 0.081035192284804811 -0.24372906361104288 -0.36317103077061724 2.3463104004021242 -0.016876785782702432 0.63792940869276649 -0.23833652056621135 -0.58223633782985651 0.17768937121467909 1.3490463796514192 -1.8798898782303084 2.9105952958925077 1.7659057762062134 0.76701683620521921 0.90745077982159994 2.0789607221214328 -1.3266835432186306 0.12484876816465329 -1.5120588121817551 1.162187646335586 -0.833597064967179 0.38738735339495439 -0.19363688225219333 -0.41579987972209453 -1.4123218181956771 0.018232271640630397 -0.071130594642696887 2.1981686167456025 0.012694404062454513 0.7579186741746663 -0.20916537000987795 -0.079831017116465619 -0.45558153023208237 0.61711784695193972 0.7311426593037994 0.23796371914916775 0.13981812035002691 -0.48781338715706141 0.15577947548735271 -1.8032355258385633 0.085739135701576527 0.30350387936277312 1.2956547367695004 0.17174138934928154 0.75623238357919309
leaf_weight=569 33 454 20 406 20 21 22 20 315 35 40 37 131 30 411 1355 553 945 155 605 34 460 532 2616 670 36 22 20 21 37 22 27 20 32 260 33 24 20 88 3425 442 51 31 1879 20 3622 287 1087 885 26 24 201 597 84 267 428 27 498 1372 95 75 319
leaf_count=569 33 454 20 406 20 21 22 20 315 35 40 37 131 30 411 1355 553 945 155 605 34 460 532 2616 670 36 22 20 21 37 22 27 20 32 260 33 24 20 88 3425 442 51 31 1879 20 3622 287 1087 885 26 24 201 597 84 267 428 27 498 1372 95 75 319
internal_value=0.00642734 -0.0357507 0.963551 -0.0852276 3.08524 0.885767 0.843615 0.890171 0.801972 -0.177449 0.568789 2.42558 0.921238 1.29292 0.684445 -0.0345894 -0.106057 0.0267166 0.230766 0.0303573 0.0628483 0.401215 0.740958 -0.224752 -0.308473 0.045185 0.264823 -0.12322 1.09905 0.32393 -0.0756807 1.78816 -0.215703 0.101486 -0.0346059 -0.365194 -0.304786 0.610104 0.262079 -0.198651 -0.234611 -0.519164 -0.114656 -0.0460605 0.875836 0.00817916 0.142105 -0.0385208 -0.205372 0.673465 0.124751 0.209809 0.362268 -0.432042 -0.39204 0.0682406 -0.665169 0.30028 0.368975 0.85937 0.741676 0.861651
internal_weight=26893 25758 1135 21725 40 1095 1074 1052 995 108 73 57 887 345 542 15940 7589 3118 4033 8351 7377 1026 566 5785 3286 1348 585 763 84 2685 743 48 974 312 292 662 629 477 2208 4471 3918 493 2499 1930 51 6351 1642 4709 1375 457 501 1743 798 490 289 479 51 2053 1555 183 431 356
internal_count=26893 25758 1135 21725 40 1095 1074 1052 995 108 73 57 887 345 542 15940 7589 3118 4033 8351 7377 1026 566 5785 3286 1348 585 763 84 2685 743 48 974 312 292 662 629 477 2208 4471 3918 493 2499 1930 51 6351 1642 4709 1375 457 501 1743 798 490 289 479 51 2053 1555 183 431 356
is_linear=0
shrinkage=0.05


Tree=68
num_leaves=63
num_cat=0
split_feature=7 22 0 14 8 21 16 21 20 11 11 17 14 14 25 21 20 21 16 18 12 2 2 2 4 10 10 2 22 20 10 12 7 22 2 25 10 0 20 17 0 18 0 0 14 20 14 13 11 12 22 16 2 21 17 16 16 12 7 13 25 0
split_gain=412021 86798.3 115009 85247.2 81666 60831.5 60404 106210 53820.6 49762.6 52617.3 38764.5 60525.9 31083.9 32039.3 41001.5 30565 29484.7 29118.4 30063.2 28777 27776.5 25085.2 25502.9 26252.3 25018.1 23732.6 25594 23037.9 21723.5 20061.2 19916.1 19007.4 20367.6 19618.7 36259.4 23327.3 23849.9 46745 21639.6 20663.3 18512.8 37181.9 22032.9 18478.7 17843.3 17415.5 16398 16301 16275.3 18662.1 33123 16135.1 16054 14944.8 14497 19923.7 13989.2 13924.8 13780.8 13395.1 13248.8
threshold=468.00000000000006 1.0000000180025095e-35 16.005000000000003 28.867513459480421 274.50000000000006 1.0010810810810813 54.772255750516514 -0.021826121476776535 0.33334234234234233 468.00000000000006 553.00000000000011 933.25000000000011 15.842336738415005 80.490080293118751 5.5000000000000009 0.26814634146341471 0.035564185544768152 0.24997991107301668 50.568764444383767 116.66099553250947 189.39500000000001 2010.5000000000002 2012.5000000000002 2015.5000000000002 1.5000000000000002 902.50000000000011 233.54000000000005 2014.5000000000002 4.5000000000000009 -0.27495551601423485 872.50000000000011 195.41500000000005 338.50000000000006 2.5000000000000004 2024.5000000000002 1.5000000000000002 546.00000000000011 12.870000000000003 -0.1070598006644518 386.45833333333343 14.555000000000001 81.013620285256408 12.870000000000003 12.790000000000001 39.686269665968915 0.15013513513513513 107.57222348225515 205.08333333333334 225.35500000000005 868.50000000000011 5.5000000000000009 37.638632635454094 2020.5000000000002 -0.19215384615384609 166.51375000000004 40.493876570640921 15.303705658837425 420.50000000000006 167.25000000000003 324.94500000000011 2.5000000000000004 13.845000000000001
decision_type=2 2 2 2 2 2 2 2 2 2 2 2 2 2 2 2 2 2 2 2 2 2 2 2 2 2 2 2 2 2 2 2 2 2 2 2 2 2 2 2 2 2 2 2 2 2 2 2 2 2 2 2 2 2 2 2 2 2 2 2 2 2
left_child=4 2 3 5 21 11 7 -5 9 -8 -11 16 17 18 15 -15 30 -13 45 41 55 54 31 26 -25 -21 27 58 52 -28 -2 -23 33 -22 36 -36 37 38 -34 -37 -39 43 -43 -20 -44 49 -16 -33 -30 50 51 -3 -26 -51 -1 56 -6 -41 -24 -58 -57 -45
right_child=1 13 -4 6 20 -7 8 -9 -10 10 -12 12 -14 14 46 -17 -18 -19 19 25 32 22 23 24 28 -27 29 -29 48 -31 -32 47 34 -35 35 39 -38 40 -40 57 -42 42 44 61 -46 -47 -48 -49 -50 53 -52 -53 -54 -55 -56 60 59 -59 -60 -61 -62 -63
leaf_value=-0.59886418115089457 2.4508504663446296 -0.72846844781380637 4.4237737606246155 1.053693898381858 0.151092699035973 4.3791569226467777 3.1919360564457433 -3.7828680932818362 -0.95221438785952983 -1.6423116451472191 0.97304816254245918 2.2983554382983793 4.7266993200007956 3.2359444750060917 1.3520332044343855 0.34955334402435456 -0.53846508311207175 -0.015847967691089381 -1.6882351327266087 -2.2580712141205068 1.2032836779993328 -0.084445045239993341 0.39392179678923822 -0.23185090889730375 -0.20528090284658826 -0.14049365056115529 1.1403391838772905 -0.62926184614861047 0.21718905092653837 -0.13481154760379474 0.48428970865044463 -0.030061923555311804 1.8138927814613195 0.012308658449543779 1.1501295853767368 -2.0513478768896731 -1.3585514495976239 -0.035239245132557377 0.3409863677696352 -0.14288028881282061 0.245693510822275 2.1326091945369376 0.9685975410787 0.89316886964245379 -0.57987355655160222 1.3464628795399975 -0.25251833659940653 0.38798237481353764 -0.029905355339380369 0.48360588240839564 0.47265239497564687 1.2043614021567413 0.12880927352285548 2.1281221553408352 -0.23681422228570881 0.87347470731713617 -0.69569380996408292 -1.2971954535141452 -0.27921542200501032 -1.8148216424025891 -0.34977244978875743 -0.34191955523412743
leaf_weight=339 27 84 25 26 51 22 24 20 39 20 450 44 20 32 31 20 28 20 22 26 36 1143 83 1924 1712 30 34 624 1241 1627 25 388 61 6430 36 22 24 1014 456 127 1846 30 33 32 46 57 37 593 1444 33 670 30 458 27 1791 33 100 33 1019 38 69 67
leaf_count=339 27 84 25 26 51 22 24 20 39 20 450 44 20 32 31 20 28 20 22 26 36 1143 83 1924 1712 30 34 624 1241 1627 25 388 61 6430 36 22 24 1014 456 127 1846 30 33 32 46 57 37 593 1444 33 670 30 458 27 1791 33 100 33 1019 38 69 67
internal_value=0.00611131 0.679073 1.09282 0.983396 -0.0508035 1.91444 0.684015 -1.05269 0.834079 0.975277 0.86142 1.58131 2.3311 0.42892 1.19554 2.12869 0.792046 1.57619 0.35132 -0.0881917 0.0561673 -0.127775 -0.0988834 -0.131535 -0.0755545 -1.12602 -0.243572 -0.373406 -0.0136108 -0.10864 1.50823 0.0573919 0.0703139 0.0189588 0.162065 -0.29765 0.191541 0.202599 0.515099 -0.584525 0.146091 0.164854 0.637213 -0.260793 0.0672997 0.490832 0.479806 0.222648 0.084303 0.432888 0.372033 -0.219175 -0.134763 1.22603 -0.294464 -0.433941 -0.693087 -0.381651 -0.228481 -1.00499 0.0464029 0.0577489
internal_weight=26893 2097 790 765 24796 186 579 46 533 494 470 164 84 1307 120 52 80 64 1187 286 10376 14420 12290 10166 6779 56 3387 1726 4855 1661 52 2124 10085 6466 3619 218 3401 3377 517 182 2860 230 109 121 79 901 68 981 2685 844 784 114 2170 60 2130 291 189 160 1102 138 102 99
internal_count=26893 2097 790 765 24796 186 579 46 533 494 470 164 84 1307 120 52 80 64 1187 286 10376 14420 12290 10166 6779 56 3387 1726 4855 1661 52 2124 10085 6466 3619 218 3401 3377 517 182 2860 230 109 121 79 901 68 981 2685 844 784 114 2170 60 2130 291 189 160 1102 138 102 99
is_linear=0
shrinkage=0.05


Tree=69
num_leaves=63
num_cat=0
split_feature=7 9 12 11 5 22 20 3 15 7 18 12 11 21 7 12 22 25 14 9 25 21 3 5 25 12 17 11 18 20 12 16 21 22 18 22 20 19 14 16 25 18 14 25 16 22 9 22 20 7 10 8 10 3 15 25 11 23 22 10 21 22
split_gain=371916 78967.2 74918.1 66870.5 101103 43666.2 71474.5 65318 52232.6 37019.8 35728.7 48549.4 33517.2 100499 70786.1 52884.1 33140 32064 28219 30563.6 28925.3 37014.7 25539.8 21931.5 36452.1 26080.2 21474.4 20453.6 19707.5 18151.9 17331.3 16649.2 16250.4 31026.5 20819.1 16830 16164.9 15339.2 20680.3 14903.5 17160.8 20260.5 16631.4 13688.2 25522 13062.7 12897.1 12823.4 12392.8 12382 11532.3 16115.3 11399.3 10963.9 9724.29 9395.48 9323.67 9289.22 8777.28 16415.2 8755.47 8673.36
threshold=468.00000000000006 1232.5000000000002 217.68000000000004 1206.5000000000002 -0.24999999999999994 1.0000000180025095e-35 0.38208651633686147 8.5000000000000018 812.25000000000011 338.50000000000006 179.51276872934997 590.83500000000015 1206.5000000000002 -0.15497073984873447 1031.5000000000002 527.50000000000011 2.5000000000000004 1.5000000000000002 80.490080293118751 902.50000000000011 5.5000000000000009 0.26814634146341471 2.5000000000000004 -0.5 1.0000000180025095e-35 135.50000000000003 300.02000000000004 208.16500000000005 53.894081023978138 0.0079808612440190902 420.50000000000006 98.710430035304867 0.024870121442477026 5.5000000000000009 40.239226763091771 4.5000000000000009 0.24963768115942034 -0.040003839969280301 73.527772530747711 50.568764444383767 7.5000000000000009 116.66099553250947 53.894478123752407 12.500000000000002 18.819316317726955 4.5000000000000009 159.50000000000003 3.5000000000000004 0.15013513513513513 249.50000000000003 239.64500000000001 234.66000000000003 469.50000000000006 1.5000000000000002 320.90250000000003 7.5000000000000009 225.35500000000005 45.500000000000007 6.5000000000000009 253.16500000000005 -0.21625857832754383 6.5000000000000009
decision_type=2 2 2 2 2 2 2 2 2 2 2 2 2 2 2 2 2 2 2 2 2 2 2 2 2 2 2 2 2 2 2 2 2 2 2 2 2 2 2 2 2 2 2 2 2 2 2 2 2 2 2 2 2 2 2 2 2 2 2 2 2 2
left_child=2 5 23 4 -3 6 7 12 -9 16 11 -10 14 -14 17 -16 22 -2 19 39 21 -20 -4 24 50 -26 37 -11 46 49 31 43 33 35 -35 -32 -22 -27 -39 42 41 -41 48 45 -45 -29 -25 -18 -7 -30 -1 -52 55 54 -48 60 -57 -42 -55 -60 -49 -28
right_child=1 3 9 -5 -6 18 -8 8 10 27 -12 -13 13 -15 15 -17 47 -19 20 -21 36 -23 -24 28 25 26 61 30 29 -31 32 -33 -34 34 -36 -37 -38 38 -40 40 57 -43 -44 44 -46 -47 53 52 -50 -51 51 -53 -54 58 -56 56 -58 -59 59 -61 -62 -63
leaf_value=0.11489629631500287 2.8282974483703804 -1.3112298252837684 0.083084952831268308 3.6605808505236008 2.7069244087867017 0.38213039705060325 -1.5730135776394203 -1.4237563590593947 -0.81029130435851693 -0.73470416419843931 2.2006192604445185 0.98782743007703067 2.0554342563512624 -2.2983337349705883 1.4613447936270323 4.3095009361938095 -0.18778204045846453 1.0557063936713473 3.0746512953737444 -1.3284195681779587 -0.31463228558515177 0.33216265591222849 2.5498687150791222 -0.33467091982777414 -1.2894457796634367 -0.5070548813874346 -0.72753251292118382 -0.070896366815769274 -0.35919421145643304 -0.25653887711939666 0.040049226426150095 -1.2217536201524497 -1.0505184040743696 0.21892606434571113 2.0149734341089998 -1.3384943930621951 1.2252278789746796 -0.21967681483540466 1.2859147893401968 -0.076810195091959577 0.72200949515633694 -1.7057984104146173 1.5683741690529078 -0.22616891334517494 1.2161663639051556 0.24036232041238459 -0.25557092132347431 -0.24041522878835264 1.2523876435795407 0.67505265305992967 2.0414719703638156 0.33240636736526152 0.99531571926595463 -0.11286152621360145 -1.3712459972248741 0.19978818232309381 0.0091442445854395312 -0.18227076711010759 -0.02384492026189531 0.57989682093043382 -0.034737613978663207 -1.7736621400627357
leaf_weight=159 28 27 20 38 37 816 28 36 58 62 31 106 31 23 30 36 1124 283 32 27 34 20 22 689 69 526 114 388 34 113 41 20 48 82 20 48 34 1808 23 110 92 23 33 47 88 2565 701 570 43 192 21 40 28 3723 20 764 3992 41 880 129 5602 24
leaf_count=159 28 27 20 38 37 816 28 36 58 62 31 106 31 23 30 36 1124 283 32 27 34 20 22 689 69 526 114 388 34 113 41 20 48 82 20 48 34 1808 23 110 92 23 33 47 88 2565 701 570 43 192 21 40 28 3723 20 764 3992 41 880 129 5602 24
internal_value=0.00581013 0.645182 -0.0482638 2.00157 1.01229 0.575733 0.897432 1.00215 0.323528 0.0188628 0.646693 0.351771 1.3657 0.200139 1.53254 3.01913 -0.0220739 1.21617 0.405579 0.331523 1.13596 2.02261 1.37832 -0.160788 -0.278161 -0.33116 -0.304606 0.164427 -0.110365 0.260703 0.181105 0.212658 -0.229112 -0.0222175 0.57277 -0.704047 0.455893 -0.269083 -0.200692 0.370342 0.0418264 -0.359622 0.468286 0.221989 0.714187 0.199463 -0.13085 -0.0269546 0.42584 0.519346 0.339366 0.923233 -0.0104529 -0.10509 -0.286712 -0.0130395 0.0397737 0.443281 -0.0774109 0.0533879 -0.0537369 -0.910657
internal_weight=26893 2097 24796 102 64 1995 690 662 231 15531 195 164 431 54 377 66 12122 311 1305 1185 120 52 42 9265 2784 2564 2495 3409 6481 339 3347 3108 239 191 102 89 68 2357 1831 1158 266 133 892 3088 135 2953 6142 12080 859 226 220 61 10956 5453 721 10928 4756 133 4732 1009 6172 138
internal_count=26893 2097 24796 102 64 1995 690 662 231 15531 195 164 431 54 377 66 12122 311 1305 1185 120 52 42 9265 2784 2564 2495 3409 6481 339 3347 3108 239 191 102 89 68 2357 1831 1158 266 133 892 3088 135 2953 6142 12080 859 226 220 61 10956 5453 721 10928 4756 133 4732 1009 6172 138
is_linear=0
shrinkage=0.05


Tree=70
num_leaves=63
num_cat=0
split_feature=13 2 19 17 2 0 3 9 2 9 25 12 14 25 11 12 0 19 18 19 22 12 3 11 19 5 22 12 1 3 21 19 3 0 13 12 16 22 2 2 11 3 2 18 2 17 13 25 2 22 0 18 3 18 9 14 1 13 20 17 3 21
split_gain=354759 102789 70238.7 50164.8 115103 70939.2 107632 54966.1 58433.6 64624.2 49392 44476.5 36060.8 32679.9 32138.7 31258.8 35176.7 34855.2 46611.3 30465.7 29791 34727.4 28874.8 44880.1 28863.8 39559.4 24759.4 24173.4 22918.1 22415.4 21131.7 25705.1 20434.3 28095.9 21106.2 20020.9 19325 17991.8 17506 18523.5 17345.5 17251.7 16930.9 21404.2 19386.8 22475.2 20758.1 16577.4 17808.1 22297.3 23332.7 15946 15208.8 22517.7 15121.7 25028.1 14905.2 14180.3 13821.8 13664.5 13592.1 12576.6
threshold=550.16666666666686 2020.5000000000002 0.33334234234234233 1118.916666666667 2023.5000000000002 14.665000000000001 9.5000000000000018 1155.0000000000002 2022.5000000000002 972.50000000000011 8.5000000000000018 219.58500000000001 50.188985302582189 12.500000000000002 323.16500000000002 1077.5000000000002 13.795000000000002 0.14307966177125056 135.98687856752832 -0.16667333333333326 6.5000000000000009 180.31000000000003 10.500000000000002 425.50000000000006 0.062432795698924688 -0.24999999999999994 2.5000000000000004 416.83500000000009 -13.139999999999999 11.500000000000002 0.50001363661157483 0.16666458333333348 8.5000000000000018 14.255000000000001 258.07000000000005 434.50000000000006 70.497966526332434 4.5000000000000009 2024.5000000000002 2021.5000000000002 298.16500000000002 5.5000000000000009 2008.5000000000002 13.493219900286711 2009.5000000000002 352.17708333333343 371.16666666666669 4.5000000000000009 2016.5000000000002 8.5000000000000018 14.255000000000001 58.465709126949513 11.500000000000002 20.11353456454696 298.47000000000008 47.639706103511479 -15.264999999999999 350.16666666666669 0.075386854909467962 856.37500000000011 7.5000000000000009 -0.090796160361377762
decision_type=2 2 2 2 2 2 2 2 2 2 2 2 2 2 2 2 2 2 2 2 2 2 2 2 2 2 2 2 2 2 2 2 2 2 2 2 2 2 2 2 2 2 2 2 2 2 2 2 2 2 2 2 2 2 2 2 2 2 2 2 2 2
left_child=1 11 3 7 5 6 12 8 9 -2 -9 32 -5 20 40 17 56 19 -19 -10 22 -22 26 29 25 -6 35 28 -28 -24 38 51 47 52 -35 57 -31 -13 39 -23 -15 -42 43 -39 -44 46 -46 48 -1 60 -51 -32 53 -34 -49 -56 -17 -3 -25 -18 -50 -40
right_child=2 13 -4 4 24 -7 -8 10 15 -11 -12 37 -14 14 -16 16 59 18 -20 -21 21 30 23 58 -26 -27 27 -29 -30 36 31 -33 33 34 -36 -37 -38 42 61 -41 41 -43 44 -45 45 -47 -48 54 49 50 -52 -53 -54 -55 55 -57 -58 -59 -60 -61 -62 -63
leaf_value=-0.28052373178875106 0.85836459546662958 1.1068379057587294 -1.833101980468544 1.8117177234953314 -0.70821795608058113 4.6942968029780117 -1.1585792668423249 0.63046805701214514 1.5614343697446373 4.7062468911877913 -2.7169516821608162 -0.17120070333658932 4.8256048940307466 0.72379824596087483 0.30089792688269795 1.7054080308373294 0.28204143644700824 3.0522392824472258 0.45107162018561953 0.41858522635480688 1.8015582784721396 -0.018546639562338364 -0.41947929818599344 -1.0184780698784894 -1.0876085321741751 1.9152128157027439 0.044989919731416979 -0.72714889780613268 0.43179451100108274 0.039350250636614917 -1.6847391656195498 1.0036926131234067 -0.34722927787343782 -0.065985417641752447 -0.67009522044102698 1.7475358777034011 1.3508966134292137 -0.24836835434187707 0.82851489937875378 0.41509408575735007 1.1639591193792731 3.1084590711205258 -0.40044773579290738 1.9429020081858235 0.0063986796836403501 0.60955617359997305 -1.4337224281641592 -0.060425187226583736 -0.20626624125513746 0.078603658944041671 1.4658889126690908 -0.31021081684542096 -0.18579701857110364 -0.85765047873089406 0.16484201412101976 2.1464899277805691 3.6501361010679561 -0.40632375731749115 -2.606067210050365 1.4311085591339636 0.45177800700018866 -0.38687523473359964
leaf_weight=2253 24 29 24 20 23 34 20 23 64 20 21 1759 20 46 221 20 45 33 36 649 36 300 332 44 25 38 3429 93 431 290 25 33 465 1164 165 39 31 20 25 1374 24 22 293 25 8099 155 25 2558 608 82 48 133 330 404 77 20 20 33 20 61 90 140
leaf_count=2253 24 29 24 20 23 34 20 23 64 20 21 1759 20 46 221 20 45 33 36 649 36 300 332 44 25 38 3429 93 431 290 25 33 465 1164 165 39 31 20 25 1374 24 22 293 25 8099 155 25 2558 608 82 48 133 330 404 77 20 20 33 20 61 90 140
internal_value=0.00682796 -0.0325853 0.839936 0.893729 1.66302 2.87145 1.83233 0.757283 0.835551 2.61422 -0.969589 -0.0944079 3.32706 0.128584 0.628103 0.750939 1.42247 0.625392 1.6978 0.521381 0.105707 0.264308 0.0370218 -0.255442 0.340311 0.926428 0.0887539 0.0689899 0.0881911 -0.131482 0.236957 -0.263494 -0.18095 -0.299383 -0.141036 0.861408 0.166407 -0.0254794 0.288948 0.337381 1.41287 2.09877 0.00426799 0.970502 -0.000815081 0.0133323 0.00194878 -0.128749 -0.207653 -0.00935598 0.591604 -0.528659 -0.474868 -0.584602 -0.0371775 0.575271 2.68457 0.302008 -1.51797 0.94407 -0.121358 -0.202305
internal_weight=27010 25790 1220 1196 180 94 60 1016 972 44 44 18640 40 7150 313 928 146 782 69 713 6837 2066 4771 717 86 61 4054 3953 3860 653 2030 191 8264 2528 1329 101 321 10376 1839 1674 92 46 8617 45 8572 8279 8124 5736 3081 828 130 158 1199 869 2655 97 40 62 64 106 698 165
internal_count=27010 25790 1220 1196 180 94 60 1016 972 44 44 18640 40 7150 313 928 146 782 69 713 6837 2066 4771 717 86 61 4054 3953 3860 653 2030 191 8264 2528 1329 101 321 10376 1839 1674 92 46 8617 45 8572 8279 8124 5736 3081 828 130 158 1199 869 2655 97 40 62 64 106 698 165
is_linear=0
shrinkage=0.05


Tree=71
num_leaves=63
num_cat=0
split_feature=13 2 19 17 2 0 3 9 13 23 12 23 6 17 22 22 12 19 18 0 11 19 5 10 22 16 11 16 6 22 2 12 19 2 3 18 3 0 5 18 9 9 2 22 22 2 22 23 2 2 9 10 2 23 2 18 2 17 8 17 11 9
split_gain=320247 92770.5 63414.7 45295.1 103927 64033 97189.5 49625.9 54032.1 52007.1 40139.6 38714.6 35764.9 29291.5 28992.2 32418 28714.9 39392.3 36999.2 33621.5 29044.3 26058.1 35714.1 25828.1 24415.7 28198.8 28612.1 24355.3 21949.3 21637.5 33067.7 21596.3 21001.4 20908.8 74435.6 26411.4 26020.2 19527 26718.4 18820.5 16987.7 16955.1 16672.5 16237.7 15810.5 20663.1 32605.8 74237.2 19728.8 31740.2 19620.6 15666.2 15602.7 15579.7 15286.2 19325.8 17497.1 20285.3 18947.3 14681.1 14520.2 16775.8
threshold=550.16666666666686 2020.5000000000002 0.33334234234234233 1118.916666666667 2023.5000000000002 14.665000000000001 9.5000000000000018 1155.0000000000002 1001.1666666666669 40.500000000000007 219.58500000000001 35.500000000000007 0.6830127018922193 1201.7916666666667 7.5000000000000009 2.5000000000000004 1077.5000000000002 0.14307966177125056 135.98687856752832 13.725000000000001 706.25000000000011 0.062432795698924688 -0.24999999999999994 1039.5000000000002 5.5000000000000009 45.757694954645068 437.75000000000006 40.845531054198347 -0.5 8.5000000000000018 2022.5000000000002 180.31000000000003 0.1556998556998557 2022.5000000000002 6.5000000000000009 59.870535803137351 7.5000000000000009 14.665000000000001 -0.24999999999999994 20.11353456454696 346.33500000000009 294.12500000000006 2023.5000000000002 4.5000000000000009 3.5000000000000004 2016.5000000000002 6.5000000000000009 14.500000000000002 2012.5000000000002 2011.5000000000002 290.35500000000008 464.00000000000006 2021.5000000000002 11.500000000000002 2008.5000000000002 13.493219900286711 2009.5000000000002 352.17708333333343 355.50000000000006 856.37500000000011 202.25000000000003 234.66000000000003
decision_type=2 2 2 2 2 2 2 2 2 2 2 2 2 2 2 2 2 2 2 2 2 2 2 2 2 2 2 2 2 2 2 2 2 2 2 2 2 2 2 2 2 2 2 2 2 2 2 2 2 2 2 2 2 2 2 2 2 2 2 2 2 2
left_child=1 10 3 7 5 6 13 8 16 23 28 -9 14 -5 15 27 17 20 -19 -18 -2 22 -6 -10 25 -14 -27 -3 44 30 -26 -16 60 34 -17 -36 40 38 39 -30 -35 -38 52 -12 -1 48 -47 -48 49 -46 -50 -28 -31 -54 55 -45 -56 58 -58 -21 -33 -62
right_child=2 12 -4 4 21 -7 -8 11 9 -11 43 -13 24 -15 31 33 19 18 -20 59 -22 -23 -24 -25 29 26 51 -29 37 42 -32 32 -34 36 35 -37 41 -39 -40 -41 -42 -43 -44 54 45 46 47 -49 50 -51 -52 -53 53 -55 56 -57 57 -59 -60 -61 61 -63
leaf_value=-0.33272370314453342 0.84313639599707957 2.1602024774897135 -1.741827191208408 1.7944378565793013 -0.67296032141813455 4.4602702973962183 -1.1009385151946129 0.49544958001349393 2.359956718313283 4.1963921268969351 -0.16264115429906001 -2.4682935801727517 -0.45229418000555227 4.5126697605522121 1.8733425033994877 -0.10313813902379027 2.8322913717144353 2.9491026192067942 0.6268947638912663 0.2636889626819503 0.18526966505859052 -1.0334447610900697 1.8197035525414575 0.13267428555251082 -0.30652560451501198 0.35397192369557168 -1.9709747683678278 0.4104708242440176 -0.30856047769298084 -0.92876820023928852 0.48036772453136145 -0.56053926333818838 1.2109238180224677 -0.08801595259089677 0.65099621235498883 -0.38943937497041592 -0.82141108975684041 -0.12162546944946565 -0.20493191030793137 -0.72465743607472988 0.23791239200260439 -0.12810288068618828 -0.7755978231861036 -0.23601171098538298 -0.13001026572781546 0.093341578925318747 3.8047847497077729 0.34533217695491081 -0.32330267388437983 0.48631179288144638 1.222553580067169 -0.063258542696022865 -0.82484877435992865 0.59704701110612102 -0.38043217969297632 1.8461439545885974 0.0090765070637334796 0.57909802339063166 -0.80508768146808551 1.4513643590463776 1.2487647014588061 0.31570354035754589
leaf_weight=443 284 33 24 20 23 34 20 23 26 21 1759 21 600 20 25 781 30 32 37 46 410 25 38 26 185 248 22 50 555 32 479 44 72 604 794 66 101 2346 2014 533 1182 691 102 20 698 510 20 68 758 298 21 21 24 96 293 25 8052 155 72 60 51 847
leaf_count=443 284 33 24 20 23 34 20 23 26 21 1759 21 600 20 25 781 30 32 37 46 410 25 38 26 185 248 22 50 555 32 479 44 72 604 794 66 101 2346 2014 533 1182 691 102 20 698 510 20 68 758 298 21 21 24 96 293 25 8052 155 72 60 51 847
internal_value=0.00649275 -0.0309543 0.798042 0.849154 1.58015 2.72842 1.74116 0.7195 0.793869 2.10139 -0.089687 -0.92134 0.12216 3.16154 0.18724 0.129983 0.687469 0.568016 1.70664 1.35669 0.454573 0.323297 0.880202 1.2488 -0.0699839 -0.256424 0.147431 1.10797 -0.171902 0.110976 0.261107 0.424274 0.388361 0.110716 0.250224 0.571107 0.0219054 -0.230486 -0.312808 -0.512455 0.127686 -0.216616 -0.281423 -0.0242053 -0.0585556 -0.00735901 0.24681 1.13505 -0.0930007 0.0544166 -0.281472 -1.04172 0.050453 0.312176 0.00405484 0.922159 -0.000775008 0.0126652 0.00185044 0.936739 0.325363 0.368833
internal_weight=27010 25790 1220 1196 180 94 60 1016 972 73 18640 44 7150 40 5341 4302 899 763 69 136 694 86 61 52 1809 891 291 83 8264 918 664 1039 1014 4219 1641 860 2578 5448 3102 1088 1786 792 254 10376 2816 2373 598 88 1775 996 779 43 152 120 8617 45 8572 8279 8124 106 942 898
internal_count=27010 25790 1220 1196 180 94 60 1016 972 73 18640 44 7150 40 5341 4302 899 763 69 136 694 86 61 52 1809 891 291 83 8264 918 664 1039 1014 4219 1641 860 2578 5448 3102 1088 1786 792 254 10376 2816 2373 598 88 1775 996 779 43 152 120 8617 45 8572 8279 8124 106 942 898
is_linear=0
shrinkage=0.05


Tree=72
num_leaves=63
num_cat=0
split_feature=17 17 19 1 6 1 9 25 20 1 19 6 1 10 22 3 21 1 20 1 20 1 1 11 11 19 17 6 16 9 20 19 11 9 6 18 18 22 23 17 16 3 19 19 19 18 11 25 13 3 25 6 25 22 21 18 1 22 22 18 18 17
split_gain=291907 82411.2 58098.8 41770.2 38285.2 102026 91972.8 66338.6 64320.7 35924.6 31457.8 53979.3 55512.9 26508.4 24814.7 23318.6 21972.7 21688.8 32554.2 21371.5 21252.7 21202.5 38062.5 26210.5 20791.6 20122.7 20537.8 20073.4 19715.4 24633.1 22427.9 19222.5 18981.6 18745.4 18080.8 35037.7 17119.3 16669.2 16303.1 14512.7 14457.7 14409.3 14233.7 13993.9 15084.2 12266.5 12029.9 16689 11995.8 11921.6 11480.3 13641.8 12711.4 11647.3 11315.4 11197 11019.5 10609.2 13057.7 10523.1 10494.6 10166.6
threshold=601.66666666666686 295.01041666666669 0.33334234234234233 -17.154999999999998 -0.5 -16.244999999999994 1036.0000000000002 6.5000000000000009 0.13181584362139923 -16.854999999999997 -0.16667333333333326 0.25000000000000017 -15.014999999999999 189.67000000000004 6.5000000000000009 2.5000000000000004 -0.15497073984873447 -15.714999999999998 0.030310606060605986 -13.709999999999999 0.22975409836065577 -14.635 -16.244999999999994 928.50000000000011 468.00000000000006 0.17454356024288911 306.44083333333339 0.6830127018922193 91.982719643805183 526.50000000000011 0.13641711229946532 0.33334234234234233 1136.5000000000002 503.00000000000006 -0.24999999999999994 41.966797804376938 125.13203482415412 2.5000000000000004 6.5000000000000009 467.04166666666669 37.095878018413323 4.5000000000000009 0.061228821359807901 0.40056497175141242 0.36945531637312462 20.339686844392102 214.14500000000001 7.5000000000000009 897.16666666666674 11.500000000000002 1.5000000000000002 0.6830127018922193 12.500000000000002 8.5000000000000018 0.18648458768771406 67.023598439753826 -14.079999999999998 8.5000000000000018 5.5000000000000009 67.023598439753826 74.68015129502129 254.40625000000003
decision_type=2 2 2 2 2 2 2 2 2 2 2 2 2 2 2 2 2 2 2 2 2 2 2 2 2 2 2 2 2 2 2 2 2 2 2 2 2 2 2 2 2 2 2 2 2 2 2 2 2 2 2 2 2 2 2 2 2 2 2 2 2 2
left_child=1 13 3 16 5 6 32 17 48 -6 11 -11 -13 19 15 20 -2 18 -7 31 38 22 -12 -23 33 28 -27 41 29 37 -30 34 -5 50 35 54 -19 -17 40 59 -3 -15 57 44 55 -36 -45 -48 -9 -47 -16 52 -52 -53 -1 -43 60 58 -29 -40 -28 -59
right_child=2 14 -4 4 9 7 -8 8 -10 10 21 12 -14 27 24 25 -18 36 -20 -21 -22 23 -24 -25 -26 26 56 42 30 -31 -32 -33 -34 -35 45 -37 -38 -39 39 -41 -42 43 -44 46 -46 49 47 -49 -50 -51 51 53 -54 -55 -56 -57 -58 61 -60 -61 -62 -63
leaf_value=-0.1870779231869989 1.267148813834557 0.52829095906946866 -1.5476487925328106 2.6082829320913539 -1.223863096992333 1.9239462704520518 5.6734228775964528 -0.8544949809710185 1.6352769444904056 3.8565308468555339 0.17001441392853045 -0.20973687578519923 2.647411911767573 -0.098687389404552822 0.44369523648079795 0.76143228933918994 3.5088191634389609 1.1362093228012768 -0.40357760858699632 0.40157234272152986 1.8034344294491935 -0.48331118311059068 1.1071700366174257 0.87167634060275445 0.49412351892974149 0.86322262488787427 -1.493633033718103 -0.15571706769574728 2.1977687728249919 -1.6555845255226029 -0.032330054534978163 -1.3947193351863456 0.76621062565609754 -0.95579475079263954 -0.22160285375982394 1.7211096023748202 3.0894855296703136 0.0049548018916435368 0.12623838020386455 -1.1651859136140761 1.9902077716108746 0.023285206454093682 -0.4056721057031446 -0.23711814709393628 -1.2620926344743022 -0.56623269712531299 1.8821951834466373 0.15193624133922135 -2.5514322630420532 0.024163107229650444 0.16233709271842278 0.13884372139217879 0.83871361640655262 -0.4168454332089413 0.16679603294934908 -0.7055649059415986 0.073998828015881452 -0.19783002345219033 0.085073414334325359 0.65483143853021941 -0.29267907307065766 -0.7264472479105093
leaf_weight=1307 22 86 25 32 25 31 21 20 21 20 178 43 28 3900 333 74 22 20 29 139 22 90 277 59 615 20 61 1741 22 22 23 35 25 37 1120 26 26 4224 731 20 21 6898 500 25 23 626 30 26 22 99 928 188 75 189 273 53 24 349 832 108 26 123
leaf_count=1307 22 86 25 32 25 31 21 20 21 20 178 43 28 3900 333 74 22 20 29 139 22 90 277 59 615 20 61 1741 22 22 23 35 25 37 1120 26 26 4224 731 20 21 6898 500 25 23 626 30 26 22 99 928 188 75 189 273 53 24 349 832 108 26 123
internal_value=0.00617346 -0.0266555 0.829169 0.888095 0.819351 1.35649 2.85118 0.665324 -0.61898 0.634913 0.701949 1.56826 0.919094 -0.0852642 0.108683 0.0502975 2.39351 1.42855 0.800094 -0.206198 0.270226 0.571182 0.740675 0.0534187 0.244059 0.00196201 -0.608396 -0.0550291 0.0202944 0.00943573 1.06029 -0.230444 1.8032 0.156153 -0.218595 -0.0959135 2.24465 0.0179979 0.23512 0.162565 0.816846 -0.0215625 -0.158445 0.0210722 0.0134776 -0.32537 0.674081 1.08065 -1.74743 -0.485614 0.180228 0.116621 0.212997 -0.139761 -0.125924 0.0177171 -0.874136 -0.117836 -0.0778533 0.194357 -1.13553 -0.335719
internal_weight=27010 25974 1036 1011 967 247 78 169 63 720 695 91 71 18125 7849 5484 44 106 60 3625 988 604 455 149 2365 4496 131 14500 4365 4320 45 3486 57 1750 3451 1606 46 4298 966 859 107 10955 3545 7055 6974 1845 81 56 42 725 1713 1380 1003 377 1580 6951 111 3045 2573 839 87 472
internal_count=27010 25974 1036 1011 967 247 78 169 63 720 695 91 71 18125 7849 5484 44 106 60 3625 988 604 455 149 2365 4496 131 14500 4365 4320 45 3486 57 1750 3451 1606 46 4298 966 859 107 10955 3545 7055 6974 1845 81 56 42 725 1713 1380 1003 377 1580 6951 111 3045 2573 839 87 472
is_linear=0
shrinkage=0.05


Tree=73
num_leaves=63
num_cat=0
split_feature=17 2 19 1 0 19 9 2 3 12 12 22 3 11 12 12 7 20 23 3 2 15 20 21 3 20 8 3 0 3 1 3 2 21 19 11 21 12 21 15 2 18 20 15 1 0 2 2 2 10 8 2 3 17 18 22 20 20 3 1 7 22
split_gain=263518 86734.4 52453.8 37719.8 39280.3 33860.1 44071.9 66612.1 43563.5 41270.4 33017.8 31655.7 28522.6 33991.2 28192.4 27893.4 27022.1 21599 21268.9 19096.4 43251.4 36833.5 34680.8 24316.2 28649.3 23527.4 20117.4 18215.7 17894.8 19340.6 20710.7 24989.3 18101.5 17838.2 19128.8 16702.7 16397.8 14750.2 17258.7 19287 15057.8 17634 15268 20460.9 14488.1 14177.5 13751.8 24699 13631.8 17058.6 21455.2 15013.8 47208.9 22251.8 13507.3 12322.5 11935.9 10928.6 10869 13088.2 10838.1 10763.7
threshold=601.66666666666686 2020.5000000000002 0.33334234234234233 -17.154999999999998 16.005000000000003 -0.16667333333333326 1341.5000000000002 2022.5000000000002 9.5000000000000018 590.83500000000015 217.68000000000004 6.5000000000000009 10.500000000000002 425.50000000000006 1077.5000000000002 180.31000000000003 406.12500000000006 -0.044033898305084744 25.500000000000004 5.5000000000000009 2022.5000000000002 349.35416666666669 -0.058763924174320907 0.77778888888888897 9.5000000000000018 0.18913240972064507 518.50000000000011 11.500000000000002 15.065000000000001 9.5000000000000018 -16.854999999999997 11.500000000000002 2010.5000000000002 0.50001363661157483 0.16666458333333348 422.00000000000006 0.25726965342349967 310.31000000000006 -0.135266106442577 300.02750000000009 2008.5000000000002 13.493219900286711 0.33334234234234233 295.8608333333334 -15.014999999999999 12.870000000000003 2010.5000000000002 2012.5000000000002 2024.5000000000002 439.00000000000006 330.50000000000006 2021.5000000000002 9.5000000000000018 267.76375000000002 52.656486792953693 5.5000000000000009 0.30592625109745403 0.19750389242745928 6.5000000000000009 -17.154999999999998 182.75000000000003 4.5000000000000009
decision_type=2 2 2 2 2 2 2 2 2 2 2 2 2 2 2 2 2 2 2 2 2 2 2 2 2 2 2 2 2 2 2 2 2 2 2 2 2 2 2 2 2 2 2 2 2 2 2 2 2 2 2 2 2 2 2 2 2 2 2 2 2 2
left_child=1 10 3 17 5 8 7 -7 -5 -10 28 12 19 27 -9 -13 -15 -2 -11 21 23 -3 54 24 -21 -24 35 -14 29 32 61 -32 58 48 44 -23 55 40 39 -39 41 -12 46 -44 -35 60 -42 -48 51 50 -50 52 -17 -53 -22 -29 -47 -38 -1 -60 -34 -31
right_child=2 11 -4 4 -6 6 -8 14 9 18 37 15 13 16 -16 33 -18 -19 -20 20 22 26 25 -25 -26 -27 -28 36 -30 30 31 -33 45 34 -36 -37 57 38 -40 -41 42 -43 43 -45 -46 56 47 -49 49 -51 -52 53 -54 -55 -56 -57 -58 -59 59 -61 -62 -63
leaf_value=-0.21830387599972664 3.4854299044875958 -0.17746018385688861 -1.4705746171958891 2.9747550555543558 2.3524541765998981 2.7790528121747471 -1.3012120361590302 0.43819147220067944 -1.0770581104269075 2.8513728090186619 -0.20779200504176423 1.650920493318764 -0.3845891692612588 -0.27234648556597646 1.2251180589906097 -0.23999475954344299 -2.2664056705953053 1.2546964926343736 0.57219362603544621 0.38938134950059811 0.27479377659491594 0.29953642794703222 -0.06529757555285931 -0.52451493831941842 1.1102396401488939 -1.0811640121506103 1.6941533476243287 -0.35140407530750273 -0.0020228139478689761 0.51335087830335935 -0.5866339611865542 -0.14020108614036036 1.3342330073835837 -0.16332089936306549 0.88816172150223138 -0.26351240664539621 0.37604984801364599 0.28594192832503179 0.098530860235977666 1.814255687459793 -0.23465075247644013 1.7547072989532198 -0.26334930532064355 -1.8426503767912417 -1.2685185694631942 -0.11361324918899572 0.2169461005043985 -0.050125824850585157 0.81677000771707553 0.31190261715280382 -1.0428726677568125 1.5748300739795047 1.4935936787123278 0.36695250471340257 1.0655735890389078 0.36864964233981845 -0.61596040883872671 1.6318784544576748 0.028089089291340526 -0.73679966244100392 0.13693027805937505 -0.2294737566028025
leaf_weight=600 20 1272 25 36 38 36 29 628 20 20 21 36 344 33 139 265 35 24 21 649 162 743 849 57 175 61 23 153 1505 95 835 502 20 134 34 160 62 58 753 32 816 25 96 26 38 3758 976 7653 20 111 68 39 46 1558 81 97 122 24 71 263 318 100
leaf_count=600 20 1272 25 36 38 36 29 628 20 20 21 36 344 33 139 265 35 24 21 649 162 743 849 57 175 61 23 153 1505 95 835 502 20 134 34 160 62 58 753 32 816 25 96 26 38 3758 976 7653 20 111 68 39 46 1558 81 97 122 24 71 263 318 100
internal_value=0.00586976 -0.025322 0.787823 0.843814 0.778487 0.713853 0.61063 0.679835 1.59764 0.781293 -0.0826066 0.120409 0.0490379 -0.235564 0.58095 0.271708 -1.30059 2.27438 1.68834 0.0993465 0.209753 -0.00282516 0.00819859 0.4735 0.542598 -0.133511 0.23705 -0.128878 -0.157791 -0.192863 -0.348834 -0.41904 -0.146477 0.250169 -0.193816 0.199748 0.132942 -0.0237219 0.176805 0.830808 -0.041309 0.860168 -0.045653 -0.601196 -0.408117 -0.102368 -0.0384702 -0.0199154 0.293587 -0.100152 -0.619722 0.334658 0.0168019 0.39655 0.538738 -0.0719675 -0.129425 0.72806 -0.345636 -0.574229 0.208165 0.132467
internal_weight=27010 25974 1036 1011 967 929 832 803 97 61 18645 7329 4980 748 767 2349 68 44 41 4232 2034 2198 1153 881 824 910 926 680 8189 6684 1532 1337 5152 2313 206 903 336 10456 843 90 9613 46 9567 122 172 4218 9445 8629 2107 199 88 1908 311 1597 243 250 3880 86 934 334 338 195
internal_count=27010 25974 1036 1011 967 929 832 803 97 61 18645 7329 4980 748 767 2349 68 44 41 4232 2034 2198 1153 881 824 910 926 680 8189 6684 1532 1337 5152 2313 206 903 336 10456 843 90 9613 46 9567 122 172 4218 9445 8629 2107 199 88 1908 311 1597 243 250 3880 86 934 334 338 195
is_linear=0
shrinkage=0.05


Tree=74
num_leaves=63
num_cat=0
split_feature=17 2 19 1 14 22 22 20 20 8 25 2 23 19 14 21 7 21 15 4 2 1 11 25 11 2 22 11 10 18 1 11 21 1 9 1 4 18 16 14 1 2 2 25 5 2 5 2 2 23 19 5 17 16 25 22 22 9 9 7 17 21
split_gain=237867 78281.1 47355.7 34065.3 33657 28952.6 28571.3 28431.6 79947 69372.4 67296.2 58068.6 44629.1 37478.4 47572.2 44788.8 29614.7 24899.4 23977.2 52630.5 29337.6 32001.7 20585.1 26155.2 18676.2 18611.7 33488.9 16975.8 18307.6 16704.2 16465.4 24118.3 31988.2 23249.4 24834.2 20206.1 19217.3 18556.8 17528.3 16727.8 23683.2 15477.6 24635.9 17407.9 17274.2 17226.5 24684.3 23835.6 18311.5 14582.1 14162.4 13943.8 25531 13681.2 13642.8 24449 13082.8 12995.9 12814.8 12547.1 14322.7 12464.9
threshold=601.66666666666686 2020.5000000000002 0.33334234234234233 -17.154999999999998 73.527772530747711 5.5000000000000009 6.5000000000000009 0.21317502410800385 0.14309523809523808 803.00000000000011 8.5000000000000018 2022.5000000000002 42.500000000000007 -0.094097151055544156 26.102362600601698 0.052565789473684184 794.00000000000011 0.42709513610812205 263.77750000000009 3.5000000000000004 2021.5000000000002 -15.904999999999999 392.50000000000006 12.500000000000002 941.50000000000011 2018.5000000000002 4.5000000000000009 277.64000000000004 224.50000000000003 67.023598439753826 -13.139999999999999 417.87500000000006 -0.21625857832754383 -16.194999999999997 349.50000000000006 -12.149999999999997 1.5000000000000002 84.218776054439942 37.638632635454094 29.589201295968213 -16.264999999999997 2013.5000000000002 2010.5000000000002 4.5000000000000009 -0.6830127018922193 2015.5000000000002 -0.6830127018922193 2017.5000000000002 2014.5000000000002 50.500000000000007 0.066661333333333364 -0.24999999999999994 332.19458333333341 16.020819787597464 12.500000000000002 5.5000000000000009 3.5000000000000004 260.31000000000006 213.06000000000003 283.16500000000002 259.02791666666673 0.15385422281322916
decision_type=2 2 2 2 2 2 2 2 2 2 2 2 2 2 2 2 2 2 2 2 2 2 2 2 2 2 2 2 2 2 2 2 2 2 2 2 2 2 2 2 2 2 2 2 2 2 2 2 2 2 2 2 2 2 2 2 2 2 2 2 2 2
left_child=1 5 3 4 -2 25 30 8 11 16 -10 -5 24 15 -15 -13 -9 -7 19 20 -8 -22 23 49 -11 41 -27 28 50 -30 31 33 37 54 58 51 -36 -33 -37 -34 -41 42 44 -44 56 48 47 -47 -43 -20 -19 52 -32 -48 57 -56 -1 -3 -35 60 -28 -50
right_child=2 6 -4 7 -6 17 18 9 10 12 -12 13 -14 14 -16 -17 -18 27 22 -21 21 -23 -24 -25 -26 26 59 -29 29 -31 35 32 39 34 36 38 -38 -39 -40 40 -42 45 43 -45 -46 46 53 -49 61 -51 -52 -53 -54 -55 55 -57 -58 -59 -60 -61 -62 -63
leaf_value=-0.044989959887737963 0.70837986107686113 0.38653545134118134 -1.3973388090551611 2.9777865381698327 3.4786772963288541 0.002891621433561805 -0.081056130772892102 0.26726592853356201 0.96447504740827394 -2.7129707232414493 4.2101252253799197 0.97309058105941793 0.91090524434011211 1.042625343215577 0.092016428142618734 3.4826086288660911 2.7500672729183533 -0.06911693289669596 -0.072963621467001347 3.1767759072272135 2.8707701434916504 0.37894509980916213 0.35910540775695166 1.4345993313544465 -0.81367130961365364 -0.18659403604095215 0.308373017750317 -1.3288207789024193 -0.19365252557605966 1.2994595828392692 1.6555383149927725 -0.072400891335172149 -0.45116581655449695 0.21130133761230377 0.55128794929658953 0.14055401382703908 -0.014544865461231311 1.3126861666486027 -1.1231444459574742 -2.5052492022938577 -0.64477512033618223 -0.19444519890758083 -0.14467761685003089 0.12048495260772077 -0.14984924731720567 0.29977864051256092 -0.12759343893363065 -0.33139414303587089 -0.47121261460465647 0.47097438668572372 -1.3590720240076766 0.24035056137579938 0.36252371504625547 -0.38459277251770513 1.1418186739610527 -0.12168896427764116 -0.69261259362308936 0.066010805017547372 -0.29245721874426156 -0.14538091051415525 1.3641346953831111 -1.1613599539547128
leaf_weight=104 21 391 25 27 23 8418 85 24 33 25 31 156 23 203 374 20 24 36 850 21 22 31 1163 33 27 908 559 50 84 24 61 143 158 145 210 98 525 29 38 28 44 797 1133 1364 1046 476 1158 218 715 144 52 226 102 937 91 66 312 1653 972 148 34 72
leaf_count=104 21 391 25 27 23 8418 85 24 33 25 31 156 23 203 374 20 24 36 850 21 22 31 1163 33 27 908 559 50 84 24 61 143 158 145 210 98 525 29 38 28 44 797 1133 1364 1046 476 1158 218 715 144 52 226 102 937 91 66 312 1653 972 148 34 72
internal_value=0.00558024 -0.0240545 0.748501 0.801701 2.16121 -0.0784761 0.114393 0.73962 0.843108 0.0293549 2.54078 0.703498 -0.920162 0.621558 0.426591 1.26011 1.51191 -0.0116006 0.258132 0.850825 0.494796 1.41684 0.215062 0.0519193 -1.73035 -0.136526 0.0169464 -0.507338 -0.29718 0.138999 0.0465878 0.0153734 -0.353974 0.0520164 -0.0785296 0.311401 0.147168 0.161729 -0.213067 -0.739554 -1.37083 -0.1669 -0.0952731 0.000165919 -0.258269 -0.231742 -0.156941 0.101488 -0.363424 0.00587067 -0.832097 0.494784 0.847162 -0.242553 0.161863 0.610891 -0.530769 0.127343 -0.227046 0.266357 0.369134 -0.534498
internal_weight=27010 25974 1036 1011 44 18645 7329 967 844 123 64 780 75 753 577 176 48 8664 2349 159 138 53 2190 1027 52 9981 1649 246 196 108 4980 4455 402 4053 1852 525 735 172 136 230 72 8332 3959 2497 1462 4373 2789 694 1584 994 88 389 163 2095 2201 157 416 2044 1117 741 593 787
internal_count=27010 25974 1036 1011 44 18645 7329 967 844 123 64 780 75 753 577 176 48 8664 2349 159 138 53 2190 1027 52 9981 1649 246 196 108 4980 4455 402 4053 1852 525 735 172 136 230 72 8332 3959 2497 1462 4373 2789 694 1584 994 88 389 163 2095 2201 157 416 2044 1117 741 593 787
is_linear=0
shrinkage=0.05


Tree=75
num_leaves=63
num_cat=0
split_feature=7 17 17 2 16 10 10 12 20 19 20 21 20 8 1 10 17 21 3 8 13 25 12 20 21 2 2 3 21 3 1 3 17 2 13 20 21 13 14 7 19 10 25 8 2 19 8 15 23 5 24 12 7 12 21 23 2 2 21 1 15 12
split_gain=290546 67321.2 64081.7 125228 109064 40704.6 39696.1 36401.5 39606.3 35828.8 47541.8 37979.4 36119.5 46500.7 35965.9 32853.8 31384.3 30358.6 28317.6 21020.7 20005 17548.7 24701.3 17404 15805.7 23745.9 57888.6 34574.1 61357.9 24676.1 18600 15544.5 15177.2 15117.5 15069.8 32353 24700.7 13585.4 13163.9 26663.8 13002 14995.6 12683.5 12681.6 12323.2 12322.9 13816.4 12272.7 14403.7 11866.7 23839.5 22443.4 38697.2 19944.6 16370.5 13887.6 13028.2 11979.6 17221.7 11028.4 10758.2 10244.8
threshold=627.50000000000011 295.01041666666669 1118.916666666667 2023.5000000000002 164.83609507761162 1228.5000000000002 546.00000000000011 1077.5000000000002 -0.079985845718329771 0.062650966183574922 0.19750389242745928 -0.042741880341880305 -0.079985845718329771 1036.0000000000002 -16.474999999999998 747.50000000000011 933.25000000000011 0.42709513610812205 7.5000000000000009 400.62500000000006 150.87500000000003 12.500000000000002 258.54000000000002 0.089932673038940161 0.7003401360544218 2021.5000000000002 2022.5000000000002 4.5000000000000009 0.22247474747474752 7.5000000000000009 -16.494999999999994 5.5000000000000009 260.64583333333343 2009.5000000000002 984.41666666666686 0.033116603344953151 -0.11110555555555555 337.72166666666675 60.067978537529491 177.75000000000003 0.032332735961768229 249.50000000000003 6.5000000000000009 363.50000000000006 2012.5000000000002 0.25086206896551727 229.58500000000001 365.70833333333343 34.500000000000007 -0.5 1.0000000180025095e-35 553.12500000000011 572.50000000000011 255.28000000000003 -0.23051619433198375 15.500000000000002 2022.5000000000002 2024.5000000000002 0.0770372061173248 -14.424999999999999 542.16666666666674 199.72000000000003
decision_type=2 2 2 2 2 2 2 2 2 2 2 2 2 2 2 2 2 2 2 2 2 2 2 2 2 2 2 2 2 2 2 2 2 2 2 2 2 2 2 2 2 2 2 2 2 2 2 2 2 2 2 2 2 2 2 2 2 2 2 2 2 2
left_child=1 20 6 4 18 23 -2 9 -9 10 12 -12 13 -8 -11 -16 -17 -14 -4 21 59 33 -23 -5 25 37 27 -27 -29 42 32 -7 -26 -3 35 -10 -37 38 44 -40 -32 -42 -28 -24 -22 46 -35 48 -21 50 53 57 -53 55 -52 -49 -55 60 -59 -1 -51 -48
right_child=2 19 3 5 -6 31 7 8 34 14 11 -13 17 -15 15 16 -18 -19 -20 47 24 22 43 -25 30 26 29 28 -30 -31 40 -33 -34 45 -36 36 -38 -39 39 -41 41 -43 -44 -45 -46 -47 61 49 -50 51 54 52 -54 56 -56 -57 -58 58 -60 -61 -62 -63
leaf_value=-0.46342567868414986 2.5075153250711248 -0.35483162880722041 0.69986695966055223 2.2788298566679388 5.5176979551610259 0.20706544159853607 0.12316758225145059 2.7480120520512483 0.12899249978077687 2.9987766998921526 0.1518632903633276 -2.6292575106677782 0.48750669373727451 -2.4033176340198068 -0.56548434551859872 1.8020643445342239 -0.12582484693622273 1.9100358401746398 2.78185778124841 0.17118673521976968 -0.0029512342364717966 1.5967459873317758 0.084716005544238318 0.31645869740206212 -0.28225575421562643 -0.11758708953559699 -0.10648303405471045 1.9477278034244625 0.37093214812479841 -0.70218943928070698 -0.17694282187868737 -1.6298541791298811 1.4241161321576739 1.2758811859857468 -0.27441405723203766 3.3908570569546073 0.90237353192039971 -1.2131232265768379 2.0738254890622687 0.090122234196111178 -1.3690545156775276 -0.2291007221961508 0.68076451759564383 1.0267627850762653 -0.10103347376100076 -0.64179166265285348 -0.32774414962113496 -1.6728113590861877 1.9597169018439038 0.37742623968179601 -0.11521133059885964 2.9666921431984381 0.084164274423971952 0.73632676589734192 -2.1366018801779294 -0.21846621760898 0.12109545647773108 -0.64720399169190079 0.28776173755756534 0.4126716839916566 -0.17347253076079946 0.063689186819851515
leaf_weight=444 28 245 30 26 29 24 133 36 39 21 24 25 202 21 34 71 30 46 36 23 4356 39 209 20 34 100 197 100 161 151 84 22 21 23 24 20 20 26 21 86 84 44 69 43 12094 64 173 22 22 1018 20 21 26 102 20 64 548 82 123 39 97 4868
leaf_count=444 28 245 30 26 29 24 133 36 39 21 24 25 202 21 34 71 30 46 36 23 4356 39 209 20 34 100 197 100 161 151 84 22 21 23 24 20 20 26 21 86 84 44 69 43 12094 64 173 22 22 1018 20 21 26 102 20 64 548 82 123 39 97 4868
internal_value=0.00944664 -0.022155 0.863137 1.69367 2.96599 0.378 0.66228 0.592689 1.32234 0.425404 0.199361 -1.26944 0.378678 -0.222657 1.07832 0.777546 1.22982 0.752047 1.83806 0.100122 -0.0751687 0.0492723 0.42738 1.42827 -0.0664687 -0.0605954 0.209358 0.672817 0.975602 -0.191915 -0.448176 -0.672983 0.370579 0.0287855 0.821815 1.15484 2.15209 -0.0732619 -0.0714644 0.481067 -0.660687 -0.977719 0.0978881 0.245825 -0.0750615 0.0471211 0.0558412 0.231745 1.0481 0.214553 0.0583715 0.303197 1.37577 0.123045 -1.12884 -0.592077 0.217746 0.264902 -0.0863334 -0.392604 0.329485 0.0502485
internal_weight=26924 25963 961 187 95 92 774 746 139 607 451 49 402 154 156 135 101 248 66 7852 18111 5664 291 46 17628 17361 778 361 261 417 267 46 55 5373 103 79 40 16583 16557 107 212 128 266 252 16450 5128 5064 2188 45 2143 776 1367 47 736 40 86 650 1320 205 483 1115 5041
internal_count=26924 25963 961 187 95 92 774 746 139 607 451 49 402 154 156 135 101 248 66 7852 18111 5664 291 46 17628 17361 778 361 261 417 267 46 55 5373 103 79 40 16583 16557 107 212 128 266 252 16450 5128 5064 2188 45 2143 776 1367 47 736 40 86 650 1320 205 483 1115 5041
is_linear=0
shrinkage=0.05


Tree=76
num_leaves=63
num_cat=0
split_feature=22 17 17 2 16 6 12 23 23 18 14 14 18 20 21 20 3 12 6 2 18 22 3 15 17 10 20 19 25 10 14 20 18 14 25 14 21 17 14 12 11 3 21 2 3 23 25 15 21 12 12 7 3 2 2 7 22 22 5 2 2 18
split_gain=263090 69059.3 62330.1 98603.5 91238.1 82833.4 67597.8 60995.1 55809.5 49997.6 47697.2 44110 42584.9 38189.8 73045.9 36294.6 31481.3 30396.9 28108.3 36495.9 30763.7 26272.3 23381.6 23147.7 22718.5 22654 22080 21257.1 20551.5 20294.9 18743 26864.6 17537.2 29725.4 41367.9 20286.2 16639.6 16438.4 22559.9 18564.4 28030 17925.8 15601.7 18341.6 37715.3 21757.9 15249.8 16554.9 13772 16736.2 16580.1 20947.3 13630.4 18460.4 18306 26230.6 16407.5 14483.2 12564.2 21814.2 46614.6 32518.8
threshold=1.0000000180025095e-35 295.01041666666669 1118.916666666667 2023.5000000000002 164.83609507761162 -0.5 977.50000000000011 23.500000000000004 12.500000000000002 91.508109412731741 49.999999999999581 60.067978537529491 151.6182095659349 0.30592625109745403 -1.0000000180025095e-35 -0.022641831852358182 6.5000000000000009 804.00000000000011 -0.5 2021.5000000000002 28.539358084006299 3.5000000000000004 9.5000000000000018 447.25000000000006 1201.7916666666667 726.00000000000011 0.025084905660377358 -0.12529069767441856 2.5000000000000004 210.31000000000003 28.867513459480421 -0.1032264268044301 179.51276872934997 80.490080293118751 5.5000000000000009 107.57222348225515 -0.20449494949494948 894.10416666666674 28.867513459480421 853.00000000000011 706.25000000000011 8.5000000000000018 0.7003401360544218 2020.5000000000002 9.5000000000000018 27.500000000000004 3.5000000000000004 252.93500000000003 -0.42449999999999999 299.58500000000009 408.16500000000002 433.50000000000006 2.5000000000000004 2009.5000000000002 2024.5000000000002 355.50000000000006 6.5000000000000009 8.5000000000000018 -0.6830127018922193 2022.5000000000002 2020.5000000000002 44.958429761476651
decision_type=2 2 2 2 2 2 2 2 2 2 2 2 2 2 2 2 2 2 2 2 2 2 2 2 2 2 2 2 2 2 2 2 2 2 2 2 2 2 2 2 2 2 2 2 2 2 2 2 2 2 2 2 2 2 2 2 2 2 2 2 2 2
left_child=2 18 5 4 12 6 7 11 30 17 -5 16 -4 14 22 -16 -1 -10 19 21 28 -2 -11 48 -12 -9 -27 36 -21 42 -7 -32 33 37 -35 -36 -23 39 -39 40 -25 -41 43 -20 -45 -46 -44 -48 49 -3 52 -52 54 -54 55 -50 -55 -56 59 60 -31 -62
right_child=1 23 3 10 -6 8 -8 25 9 13 24 -13 -14 -15 15 -17 -18 -19 29 20 -22 27 -24 32 -26 26 -28 -29 -30 58 31 -33 -34 34 35 -37 -38 38 -40 41 -42 -43 46 44 45 -47 47 -49 50 -51 51 -53 53 56 57 -57 -58 -59 -60 -61 61 -63
leaf_value=2.4351131196270623 -0.28823995522945961 0.12273501908264289 2.9056130689266979 2.6176476559235682 5.1340001285274166 2.7407797609056748 3.9751979362005474 0.8958754181322468 -2.6076599389657211 0.38760435942419935 1.028292743051695 -1.6064816874587189 0.27897550857375031 -1.2437331483634886 0.62544447542059445 2.5913069328178522 -0.33183738491428433 -0.051724373503318891 -0.2117157177214542 2.3937866600108721 0.17706897585974846 1.5773344731763053 -0.78466637682184581 0.28505114422139205 -0.92346833828465114 4.1041376876000744 1.9005926273845661 0.010325478259086363 0.81688937794484318 -0.012906311603884639 2.016739574535606 -0.29721703982461095 -1.0246817170861231 2.4985813399761341 1.2606649191670827 -0.90695683176483577 0.33520413366370133 -1.6992168213266774 0.31635484534444536 0.26766584965578172 -1.1488329082472712 1.8567700295567182 -0.10632550067518559 -0.094375743035101184 2.695278358594325 0.41630796745641913 -0.66178662587245896 -2.5608200720590149 0.17306689491959437 1.9612093461068321 -0.14439251197385869 -1.4032190654477021 -0.36741551962415792 0.013465917379610143 -0.060111953346976478 0.7970956354947667 0.22808004295081133 -1.4349120372425916 -0.10279823161256807 -0.94115357195438598 1.2422387079660082 -0.14993862290234106
leaf_weight=21 744 30 36 20 30 23 26 22 26 98 24 24 27 36 47 47 20 21 4043 29 176 33 75 1178 39 20 27 4867 72 1560 29 22 25 36 22 21 146 25 31 35 35 36 36 139 22 20 27 20 678 21 303 37 260 3718 144 224 1171 22 5929 54 134 61
leaf_count=21 744 30 36 20 30 23 26 22 26 98 24 24 27 36 47 47 20 21 4043 29 176 33 75 1178 39 20 27 4867 72 1560 29 22 25 36 22 21 146 25 31 35 35 36 36 139 22 20 27 20 678 21 303 37 260 3718 144 224 1171 22 5929 54 134 61
internal_value=0.00897961 -0.0176602 0.925978 1.75065 2.86784 0.67718 1.64619 1.19163 0.3112 0.0472564 0.496859 0.0919316 1.78222 0.282764 0.488991 1.61014 1.08774 -1.46829 -0.0718227 0.0159413 0.576502 -0.0108852 -0.120736 0.10417 -0.17941 2.22588 2.8451 0.0300129 1.27163 -0.116029 1.55777 1.01984 0.285517 0.308675 1.2506 0.202295 0.564981 0.25305 -0.58479 0.289638 0.243582 1.07496 -0.203022 -0.189668 0.302627 1.61374 -0.881531 -1.47371 0.0645375 0.882208 0.0581636 -0.281769 0.0767592 0.0430381 0.23931 0.328113 0.0648743 -0.243099 -0.0676057 0.0477345 0.0782165 0.806858
internal_weight=26924 26164 760 176 93 584 160 134 424 350 83 65 63 303 267 94 41 47 18112 6067 277 5790 173 8052 63 69 47 5046 101 12045 74 51 1444 1419 79 43 179 1340 56 1284 1213 71 4307 4224 181 42 83 47 6608 51 6557 340 6217 5149 1068 902 4889 166 7738 1809 1755 195
internal_count=26924 26164 760 176 93 584 160 134 424 350 83 65 63 303 267 94 41 47 18112 6067 277 5790 173 8052 63 69 47 5046 101 12045 74 51 1444 1419 79 43 179 1340 56 1284 1213 71 4307 4224 181 42 83 47 6608 51 6557 340 6217 5149 1068 902 4889 166 7738 1809 1755 195
is_linear=0
shrinkage=0.05


Tree=77
num_leaves=63
num_cat=0
split_feature=7 17 17 2 16 18 10 10 9 10 2 6 2 18 22 1 1 20 7 10 1 19 10 17 25 22 3 2 7 18 20 16 2 2 7 3 3 20 17 13 7 25 8 7 19 20 22 14 5 2 2 18 2 2 19 18 1 16 2 22 19 16
split_gain=237914 54649.1 52152.3 102708 88946.2 38268 36268.9 35062 32612 60133.1 44135.6 25123.8 32944.8 27772.4 23711.4 22099.4 38824.8 34152.1 78193.6 21112.1 20073.2 19188.6 17838.7 17665.3 17480.5 35911.6 17056.9 29446 20152.9 17264.6 15321.2 15049.3 14549.9 15895.5 17302 16887.4 13992.4 13436.3 13238.7 13006.7 12188 11676.4 11483.2 15801.8 15078.6 15668.9 13566.5 11470.5 11339.2 19690.9 42072.5 29351 12262.6 12748.6 14003.8 10781.2 10682.6 10359.2 10167.2 10057.7 11013.8 9748.59
threshold=627.50000000000011 295.01041666666669 1118.916666666667 2023.5000000000002 164.83609507761162 151.6182095659349 546.00000000000011 1228.5000000000002 1155.0000000000002 1077.5000000000002 2022.5000000000002 -0.5 2021.5000000000002 28.539358084006299 3.5000000000000004 -14.424999999999999 -14.635 0.14257481648786 927.50000000000011 627.50000000000011 -16.194999999999997 -0.12529069767441856 210.31000000000003 398.37500000000006 12.500000000000002 5.5000000000000009 2.5000000000000004 2024.5000000000002 355.50000000000006 26.29414597616335 0.089932673038940161 4.0824829046381064 2009.5000000000002 2022.5000000000002 266.83500000000009 8.5000000000000018 5.5000000000000009 -0.17226495726495725 230.55541666666673 130.75000000000003 323.16500000000002 6.5000000000000009 363.50000000000006 342.25000000000006 -0.24999624996249956 -0.2854756995581737 3.5000000000000004 60.067978537529491 -0.6830127018922193 2022.5000000000002 2020.5000000000002 44.958429761476651 2013.5000000000002 2016.5000000000002 0.19012195121951217 49.534614138475426 -12.889999999999999 32.927445483824428 2020.5000000000002 8.5000000000000018 -0.24999624996249956 43.130063793453026
decision_type=2 2 2 2 2 2 2 2 2 2 2 2 2 2 2 2 2 2 2 2 2 2 2 2 2 2 2 2 2 2 2 2 2 2 2 2 2 2 2 2 2 2 2 2 2 2 2 2 2 2 2 2 2 2 2 2 2 2 2 2 2 2
left_child=1 11 6 4 5 -4 -2 30 10 -10 -8 12 14 20 -1 16 19 18 -17 -12 41 37 39 24 26 -26 27 28 31 -30 -5 -3 -28 34 -34 -35 -9 38 -16 -13 -29 -14 -25 -44 -45 -46 -47 58 49 50 55 -52 59 57 -55 -24 -41 -54 -23 60 -50 -27
right_child=2 23 3 7 -6 -7 8 36 9 -11 15 22 13 -15 21 17 -18 -19 -20 -21 -22 47 48 42 25 61 32 40 29 -31 -32 -33 33 35 -36 -37 -38 -39 -40 56 -42 -43 43 44 45 46 -48 -49 52 -51 51 -53 53 54 -56 -57 -58 -59 -60 -61 -62 -63
leaf_value=-0.27382989498742699 2.3635894096618872 0.61233745937028372 2.7607348961182909 2.1115834820772954 4.9869430999575615 0.34280299094824301 2.3508256795357094 0.19832474938072109 -2.7316559478852422 0.7500743631211626 -1.0626504000894266 -0.87676230586747961 2.6829379457876503 0.16822055007401412 0.20193429758670317 0.67549475713108575 -1.366540647265919 -0.61019867408085626 3.5807877649064999 0.55493298590076845 0.5086079419636097 0.020050632894720494 0.0027519083789100895 -0.27980435676229859 2.0019638358618241 0.12364853679136523 -0.39754875834432313 -0.1573019109319117 1.5364910132139065 0.481981817051856 0.27052621692048379 0.046081834556328596 1.0229150256168575 0.00759282686818245 0.074350404662511707 -0.30020822475009745 -1.5444634608553545 0.25912248231030938 1.8422166907840709 -0.19288850784852007 -1.2375202768610005 1.1477495453747144 1.5452277555094136 -1.0402853579748244 1.3233873810292731 -0.39865802089122232 0.25510043785560743 0.92362365318008877 1.2097863346479514 -0.89418287558167797 1.1801731017611974 -0.14245396908098273 -0.21203410297403733 -0.095078268784088552 0.55627144883298152 -1.1627691052149778 0.31523387620083354 -0.65636463747472928 -0.31175461591641662 -0.29838977523367516 0.058056082648465603 1.1434561647217849
leaf_weight=744 28 154 36 26 29 30 35 24 21 30 21 68 25 176 20 91 30 25 31 462 51 4590 1540 110 32 230 235 75 52 153 20 492 49 1296 2303 679 22 127 32 4132 40 25 23 23 33 83 1764 34 21 54 134 61 1468 2721 85 20 106 144 243 207 1283 26
leaf_count=744 28 154 36 26 29 30 35 24 21 30 21 68 25 176 20 91 30 25 31 462 51 4590 1540 110 32 230 235 75 52 153 20 492 49 1296 2303 679 22 127 32 4132 40 25 23 23 33 83 1764 34 21 54 134 61 1468 2721 85 20 106 144 243 207 1283 26
internal_value=0.00853663 -0.0200598 0.781044 1.53029 2.68255 1.66393 0.599844 0.338783 0.533329 -0.686022 0.6229 -0.0678242 0.0151486 0.54774 -0.0103394 0.530918 0.375891 1.07127 1.41609 0.484388 1.20821 0.0285143 -0.109621 0.0901097 0.0457341 0.425438 0.0259439 0.216797 0.318289 0.75011 1.31356 0.181153 -0.014472 0.00634055 0.0941569 -0.0982357 -0.636616 0.536787 1.21303 -0.191193 -0.533822 1.91927 0.216861 0.245243 0.229448 0.245039 0.225699 0.00980921 -0.0642254 0.0453477 0.0743085 0.766542 -0.0976584 -0.13971 -0.0753265 -0.012261 -0.180171 -0.251768 0.00336055 0.025294 0.0766991 0.227648
internal_weight=26924 25963 961 187 95 66 774 92 746 51 695 18111 6067 277 5790 660 513 147 122 483 101 5046 12044 7852 5816 288 5528 966 851 205 46 646 4562 4327 2352 1975 46 179 52 4306 115 50 2036 1926 1903 1880 1847 4867 7738 1809 1755 195 5929 4418 2806 1560 4238 1612 4833 1511 1304 256
internal_count=26924 25963 961 187 95 66 774 92 746 51 695 18111 6067 277 5790 660 513 147 122 483 101 5046 12044 7852 5816 288 5528 966 851 205 46 646 4562 4327 2352 1975 46 179 52 4306 115 50 2036 1926 1903 1880 1847 4867 7738 1809 1755 195 5929 4418 2806 1560 4238 1612 4833 1511 1304 256
is_linear=0
shrinkage=0.05


Tree=78
num_leaves=63
num_cat=0
split_feature=22 2 6 17 6 0 2 20 1 0 25 8 8 14 11 5 1 11 14 1 10 23 14 22 13 25 14 10 3 2 20 8 8 13 0 9 20 13 23 0 22 0 0 20 10 11 13 1 1 14 14 19 20 19 13 0 3 2 2 9 6 2
split_gain=216778 56360.1 53024.5 63086.7 57635.7 56263 63208.3 54213.1 46970.5 58904.4 37458.4 64409.2 61585.6 61137 41998.3 36264.3 48857 41805.2 35434.5 34508.7 28789.7 33856.5 25326.1 24048.7 23871.8 23818.3 29090.6 21112.1 20185.4 29419.2 24301.6 18183.2 38018.2 16684.3 15997.9 15842.1 15317.2 14637.1 14062.9 21052.1 30618.1 19777.2 27554.4 23936.5 14795.3 13301.9 12320.1 11712.7 13846.8 12418.6 11573.6 11445.9 11184.7 11690.5 11174.4 11119.1 11011.2 13487 10985.1 16951.2 38207.9 14661.1
threshold=1.0000000180025095e-35 2019.5000000000002 -0.24999999999999994 1118.916666666667 0.25000000000000017 14.665000000000001 2023.5000000000002 0.21317502410800385 -14.424999999999999 12.665000000000001 8.5000000000000018 1105.5000000000002 1206.5000000000002 50.188985302582189 827.50000000000011 -0.6830127018922193 -16.224999999999998 968.50000000000011 57.735026918962809 -16.474999999999998 747.50000000000011 23.500000000000004 20.80870771248351 5.5000000000000009 897.16666666666674 12.500000000000002 14.433756729740855 414.00000000000006 10.500000000000002 2023.5000000000002 0.026365441906653467 987.00000000000011 902.50000000000011 395.75000000000006 14.865000000000002 330.50000000000006 0.33334234234234233 296.05500000000001 40.500000000000007 13.725000000000001 8.5000000000000018 12.835000000000003 12.870000000000003 0.17098086124401915 239.64500000000001 872.50000000000011 365.16666666666669 -13.709999999999999 -16.224999999999998 45.974245877544668 60.067978537529491 -0.035221145660193735 -0.3494186046511627 -0.0089830321118665162 276.80500000000006 12.740000000000002 5.5000000000000009 2010.5000000000002 2016.5000000000002 242.25000000000003 -0.68301270189221952 2012.5000000000002
decision_type=2 2 2 2 2 2 2 2 2 2 2 2 2 2 2 2 2 2 2 2 2 2 2 2 2 2 2 2 2 2 2 2 2 2 2 2 2 2 2 2 2 2 2 2 2 2 2 2 2 2 2 2 2 2 2 2 2 2 2 2 2 2
left_child=2 23 7 8 -5 -6 -7 10 15 -10 12 13 14 -12 -1 16 -4 -18 -11 51 -16 -22 -21 35 -24 27 -27 28 38 33 -31 32 -29 34 -30 47 52 -38 41 40 -40 43 -43 -3 -41 -9 -32 48 54 55 -28 -17 53 -25 -2 -50 -49 -58 61 60 -60 -54
right_child=1 25 3 4 5 6 -8 45 9 18 11 -13 -14 -15 20 19 17 -19 -20 22 21 -23 24 36 -26 26 50 31 29 30 46 -33 -34 -35 -36 -37 37 -39 39 44 -42 42 -44 -45 -46 -47 -48 56 49 -51 -52 -53 58 -55 -56 -57 57 -59 59 -61 -62 -63
leaf_value=0.10086096697681586 -0.066200575173237658 -0.17957047597305842 0.49635075660173023 3.5981445002819776 -0.69705677869442462 4.1506874428459666 0.50005579347053342 0.84386559018299934 -0.44203753399892931 4.0718671359826084 3.4928439027048164 5.0741446063293161 -1.2279326365457326 0.12844151262710954 0.94678528289066188 -1.8332320579420334 -0.4157577756163362 -3.3690020755942598 1.218230173551319 -1.1033107401719733 2.0049906483207631 4.470945432626805 0.4195010826192519 0.17319606500815832 1.7606114974703866 0.11916253702631499 0.79916639503430709 0.21390801332707002 -0.27498804952742922 -0.39228204810851208 -0.62920007160053926 -1.0648809652046962 2.3010447411515593 0.45997772848749741 0.28387107217519042 -1.4319630699240284 -0.19571197661382228 -1.3334730071617185 0.36296804090420121 -0.25750467596437382 1.8439685253947613 1.0549031921508816 0.024978509921071836 -1.3940080223646767 0.17731714360764866 -0.85366794394391032 -2.2055652576135727 -0.15662637655492984 0.079379648658761445 -1.0358473728540996 2.0290372261634242 -0.16264521280924482 0.048802348686692081 1.6718996339769505 -0.55543474617052047 -0.2273593811065977 -0.33489758759526217 0.26509093410167872 1.3442397576042504 0.037466143377325553 0.088787537778010017 -0.11702839812545424
leaf_weight=31 4150 234 35 27 32 20 29 20 27 20 26 20 21 28 30 21 23 25 24 20 42 21 126 37 45 263 146 1726 518 176 20 27 22 141 170 23 96 40 232 233 41 66 3706 49 1217 27 33 461 323 45 22 20 2472 20 120 3454 113 545 84 2030 217 2892
leaf_count=31 4150 234 35 27 32 20 29 20 27 20 26 20 21 28 30 21 23 25 24 20 42 21 126 37 45 263 146 1726 518 176 20 27 22 141 170 23 96 40 232 233 41 66 3706 49 1217 27 33 461 323 45 22 20 2472 20 120 3454 113 545 84 2030 217 2892
internal_value=0.00811476 -0.0160669 0.8405 0.533841 1.60148 0.932243 1.99563 1.40957 0.234774 1.39556 1.74012 2.6555 1.27142 1.75189 1.69538 -0.0272082 -0.923514 -1.95782 2.52174 0.293691 2.22616 2.83284 0.576275 -0.0693954 0.773277 0.0849154 0.447603 0.0667565 0.0268604 -0.173915 -0.675434 0.220394 0.240309 -0.0353057 -0.136869 -0.124163 -0.00528094 -0.531118 0.0636272 0.183289 0.586001 0.0127774 0.0430283 -0.39028 0.107429 -0.130949 -1.61311 -0.120881 -0.141848 -0.210981 0.961362 -1.02081 0.00395036 0.701152 -0.0799634 -0.201125 0.0307334 0.162011 -0.00122249 0.0893983 0.439493 -0.0406049
internal_weight=26924 26164 760 494 108 81 49 266 386 71 219 74 145 54 124 315 83 48 44 232 93 63 191 17122 171 9042 431 8611 6836 1058 229 1775 1748 829 688 9234 7888 136 5778 1723 273 4055 3772 283 1450 47 53 9211 8092 3822 168 41 7752 57 4270 3777 1119 658 7695 2331 301 5364
internal_count=26924 26164 760 494 108 81 49 266 386 71 219 74 145 54 124 315 83 48 44 232 93 63 191 17122 171 9042 431 8611 6836 1058 229 1775 1748 829 688 9234 7888 136 5778 1723 273 4055 3772 283 1450 47 53 9211 8092 3822 168 41 7752 57 4270 3777 1119 658 7695 2331 301 5364
is_linear=0
shrinkage=0.05


Tree=79
num_leaves=63
num_cat=0
split_feature=7 2 17 2 16 18 14 14 10 8 25 19 2 1 19 10 1 6 1 5 19 3 25 14 13 8 21 23 1 11 2 21 2 3 2 10 19 2 21 18 19 0 10 6 17 1 0 21 0 5 21 15 15 21 0 17 11 10 6 1 8 8
split_gain=194068 45141.9 41631.4 90015.2 78819.7 33429.6 32634.9 49074.3 32620.2 30672.1 22297.1 36301.1 63508 52544.4 34814.6 31574.9 31496.7 47791.5 43520.5 29031.4 21992.3 21655.4 21182.1 21420.2 16252.6 40340.8 15797.1 21379.8 20400.5 19415.1 15631.5 31231.8 27813.5 31713.7 29314.3 23874 24142.8 23455.3 23714.9 16586.1 15134.4 14357.2 14055.9 18391.5 14777.8 15324.5 14218.6 47424.3 35759.4 12626.6 13503.2 11800.6 11421.2 16952.4 10945.8 10370.5 22828.4 10143.7 11890.3 9749.85 10317.2 8759.01
threshold=627.50000000000011 2019.5000000000002 1118.916666666667 2023.5000000000002 164.83609507761162 151.6182095659349 49.999999999999581 76.787585802220107 546.00000000000011 1155.0000000000002 2.5000000000000004 -0.060598484848484839 2023.5000000000002 -14.079999999999998 -0.090772728977251457 1077.5000000000002 -16.264999999999997 1.0000000180025095e-35 -15.554999999999998 0.68301270189221941 -0.11997392438070402 5.5000000000000009 12.500000000000002 14.433756729740855 206.70833333333334 175.35500000000005 0.92502190665716699 21.500000000000004 -16.224999999999998 207.75000000000003 2012.5000000000002 -0.2351470588235294 2010.5000000000002 2.5000000000000004 2011.5000000000002 256.46000000000009 -0.1577517162471396 2016.5000000000002 0.42709513610812205 18.749210835999587 0.50850212553138296 14.170000000000002 414.00000000000006 0.6830127018922193 429.18750000000006 -13.709999999999999 12.705000000000002 0.41508098992792236 12.870000000000003 -0.24999999999999994 -0.20449494949494948 137.23583333333337 303.00666666666672 0.026310387868493382 15.790000000000001 324.4187500000001 274.50000000000006 204.08500000000001 -0.68301270189221952 -16.284999999999997 741.00000000000011 652.00000000000011
decision_type=2 2 2 2 2 2 2 2 2 2 2 2 2 2 2 2 2 2 2 2 2 2 2 2 2 2 2 2 2 2 2 2 2 2 2 2 2 2 2 2 2 2 2 2 2 2 2 2 2 2 2 2 2 2 2 2 2 2 2 2 2 2
left_child=1 24 8 4 5 -4 -5 -8 -2 -9 14 12 20 21 -10 16 17 -13 -18 -17 -12 -14 26 52 51 -26 42 41 -29 -30 32 35 57 39 -35 -32 -37 40 -39 -34 -33 -28 43 46 45 -45 47 -3 -48 50 -16 -1 53 -24 -53 56 -25 58 -27 -51 -61 -44
right_child=2 22 3 6 -6 -7 7 9 10 -11 11 15 13 -15 49 19 18 -19 -20 -21 -22 -23 23 55 25 30 27 28 29 -31 31 37 33 34 -36 36 -38 38 -40 -41 -42 -43 61 44 -46 -47 48 -49 -50 59 -52 54 -54 -55 -56 -57 -58 -59 -60 60 -62 -63
leaf_value=-0.69353821784669623 2.216168702466685 -0.041082294710289985 2.5199189314386525 1.8405508429183008 4.6226790459704974 0.26024824899692472 -2.3748934622427718 1.6328764603867647 2.6154276583907352 -0.92564252484497145 -2.9424381274915459 2.6366643953183533 -1.181491281186706 2.640279504256462 -0.89399503965723026 2.6514920663603636 -0.57215448688450676 -0.12387796267611056 0.65337384480296845 0.63383110992415781 -0.75108786755287804 0.64127727622555053 1.8527384814228947 0.51195640089027428 2.010541063299812 0.28533131464445677 -0.45894939090331754 0.4982224497712297 -1.8992687629414844 -0.069797261169804323 0.057849772519774946 -0.15727686455040688 0.35549667532207407 0.3919327420254986 -0.058926184967632446 2.267247799252424 0.52812390990008073 0.023064553821995654 -0.72436649706470768 1.1775930192011967 -1.5324045767238483 -2.2662414024318505 0.21891085443648289 -0.15406686008833978 -1.3938051538230067 0.2852340394614909 0.73596402204298417 -2.0936249197870973 0.074507551216994539 1.6935163472754515 0.70205239509527773 -0.1439255224660464 -0.030877292004177992 0.073533028573933942 0.21487887255220142 0.62379930231264946 2.7780553218737172 -0.062044751618219623 -0.68057483094708349 -0.2330619677833842 1.0914808903286517 -0.57995961151401543
leaf_weight=94 28 296 36 24 29 30 20 28 27 20 24 34 33 20 22 31 125 29 172 42 22 32 22 25 24 41 22 69 23 39 105 4519 144 559 1015 32 53 3892 109 107 20 22 1534 1408 22 231 214 31 4479 34 33 4947 204 34 222 112 20 1096 142 22 44 35
leaf_count=94 28 296 36 24 29 30 20 28 27 20 24 34 33 20 22 31 125 29 172 42 22 32 22 25 24 41 22 69 23 39 105 4519 144 559 1015 32 53 3892 109 107 20 22 1534 1408 22 231 214 31 4479 34 33 4947 204 34 222 112 20 1096 142 22 44 35
internal_value=0.00771369 -0.0181136 0.705415 1.37484 2.45355 1.49482 0.25945 -0.300396 0.543517 0.567015 0.480441 0.325041 -0.404001 0.405961 0.961539 0.54566 0.353151 1.36768 0.137543 1.49317 -1.89841 -0.284445 0.0736283 0.421441 -0.0654934 -0.0330376 0.0564078 -0.413545 -0.0928681 -0.750518 -0.0371994 -0.0714652 0.0591705 0.184464 0.101206 0.562399 1.18481 -0.0855745 0.0026833 0.706301 -0.163371 -1.3658 0.066382 0.0347523 -0.109462 -0.0921353 0.0824716 -0.236262 0.104686 0.67191 0.0630788 -0.138616 0.142833 0.774652 -0.128511 0.882412 1.52315 -0.119607 -0.464105 1.00632 0.650206 0.201051
internal_weight=26924 25963 961 187 95 66 92 68 774 48 746 564 131 85 182 433 360 63 297 73 46 65 8842 417 17121 11858 8425 175 131 62 11834 8730 3104 1825 1574 190 85 8540 4001 251 4539 44 8250 6681 1661 1639 5020 327 4693 155 55 5263 260 56 5169 157 45 1279 183 100 66 1569
internal_count=26924 25963 961 187 95 66 92 68 774 48 746 564 131 85 182 433 360 63 297 73 46 65 8842 417 17121 11858 8425 175 131 62 11834 8730 3104 1825 1574 190 85 8540 4001 251 4539 44 8250 6681 1661 1639 5020 327 4693 155 55 5263 260 56 5169 157 45 1279 183 100 66 1569
is_linear=0
shrinkage=0.05


Tree=80
num_leaves=63
num_cat=0
split_feature=15 2 14 16 12 14 9 0 0 2 5 21 6 12 9 12 16 17 1 22 22 15 18 0 14 23 21 14 22 3 12 21 0 21 0 0 9 1 18 3 13 18 6 16 1 17 1 21 16 21 14 14 1 14 18 21 19 6 1 14 6 3
split_gain=129784 58882.9 51815.9 83765.4 38869.2 66655 66790.3 66026.2 37910 37563.8 61815.9 49117.9 44468.8 36539.2 29132.1 33111.7 31322.3 28563.9 27868.3 32532.7 32101.6 24426.2 28440.9 25801.4 48467.7 47327.3 28580.1 24081.3 23992.3 23877.2 23470.9 22448.7 22371.9 24516.7 22662.2 19158.1 19094.3 30985.7 18907.9 18614 17421.3 16060.1 17960.6 15703 23286.5 21667.9 15458.5 15324.5 15025.2 14628.9 22798.7 18907.8 14611.3 13933.3 20044.6 13751.4 13636.4 23154.1 13479.4 12862.3 12854.2 12615.4
threshold=1004.8333333333334 2021.5000000000002 28.867513459481021 54.772255750516514 726.00000000000011 115.47005383792522 1232.5000000000002 14.665000000000001 14.610000000000001 2022.5000000000002 -0.5 0.87760349978659846 1.0000000180025095e-35 698.00000000000011 1136.5000000000002 466.83500000000009 143.63025473927016 330.22916666666669 -16.194999999999997 5.5000000000000009 4.5000000000000009 425.04166666666669 7.5791903965252425 14.765000000000002 57.735026918962596 42.500000000000007 -0.25000468744140697 86.602540378443891 8.5000000000000018 7.5000000000000009 273.39500000000004 0.54653679653679665 12.870000000000003 0.60213903743315522 15.065000000000001 14.255000000000001 344.50000000000006 -14.635 108.61230281788228 2.5000000000000004 322.95833333333343 21.799946894011899 0.6830127018922193 81.649658092772555 -14.079999999999998 779.41666666666686 -14.079999999999998 0.54653679653679665 115.94574796102505 -0.13332666666666668 92.376043070340032 47.639706103511479 -15.754999999999997 22.756693880299739 20.863753494878598 1.1010638297872344 0.27174825174825185 1.0000000180025095e-35 -14.635 14.433756729740333 -0.9330127018922193 1.5000000000000002
decision_type=2 2 2 2 2 2 2 2 2 2 2 2 2 2 2 2 2 2 2 2 2 2 2 2 2 2 2 2 2 2 2 2 2 2 2 2 2 2 2 2 2 2 2 2 2 2 2 2 2 2 2 2 2 2 2 2 2 2 2 2 2 2
left_child=1 30 8 -4 13 7 -7 -6 -2 12 11 17 18 14 16 -16 -5 35 19 20 59 22 52 24 48 -26 -25 36 -21 -22 32 49 33 53 38 40 -20 -38 41 -14 -11 58 -43 45 -45 -19 -41 -48 -23 51 -51 -32 -12 54 -1 60 -36 -58 -34 -3 -24 -28
right_child=2 9 3 4 5 6 -8 -9 -10 10 21 -13 39 -15 15 -17 -18 43 27 28 29 23 55 26 25 -27 61 -29 -30 -31 31 -33 34 -35 56 -37 37 -39 -40 46 -42 42 -44 44 -46 -47 47 -49 -50 50 -52 -53 -54 -55 -56 -57 57 -59 -60 -61 -62 -63
leaf_value=0.16627677389444143 1.0920596463938963 1.8882527198828045 -2.4117458950561375 2.6299183899949985 1.3895894462661991 -1.5370226239745235 2.2256584005669935 5.1304374721942922 3.4928957085000394 -0.74238415390943935 0.57563206223203822 -2.5864088804235958 -0.59817306921245472 -1.4592128261721511 -1.3170815478339506 1.1163815587065942 0.092807372173859704 -0.075129291735600137 0.24565928543512935 0.10187055079264551 1.4782245551988322 0.36495291965895404 0.39076026713282208 -1.2692913491097864 0.70736249612971414 2.4685161536022768 -0.48255221916647256 -1.3180916938615674 1.607833424301359 3.5507794892660662 0.23875757285467422 -1.2365061530313533 -0.068222929424075512 1.7889724679467802 -0.0065533624461449492 -0.15976335017384302 2.5563666476143734 0.26480701298308168 -1.486166852461424 0.056270474651545034 -2.1218195916494866 -0.15793054637582249 -0.4132223831555451 -1.0776069610885766 0.79762004007236653 0.73318215161143874 0.37681799616132466 1.8323788066309286 -0.56567307746849971 0.031113418095602002 -1.5789008667026709 1.5785184700293897 2.0573673380401742 0.37479167536974944 -0.24710449128524956 -1.2235702805044526 -0.18357581552675001 1.8320424977813698 -0.3054516492817384 0.54626255942518365 0.017359040667632268 0.27440243847328583
leaf_weight=715 34 26 20 31 27 23 24 21 32 125 60 21 88 22 26 30 20 1193 203 99 28 735 259 39 136 53 66 20 36 28 421 34 5929 21 3374 124 26 34 26 391 28 2692 926 77 21 89 65 25 46 4345 22 28 23 305 497 21 30 27 666 57 2087 329
leaf_count=715 34 26 20 31 27 23 24 21 32 125 60 21 88 22 26 30 20 1193 203 99 28 735 259 39 136 53 66 20 36 28 421 34 5929 21 3374 124 26 34 26 391 28 2692 926 77 21 89 65 25 46 4345 22 28 23 305 497 21 30 27 666 57 2087 329
internal_value=0.000657815 -0.0111466 1.01766 0.680896 0.958 1.72501 0.384886 3.03358 2.2597 0.117692 0.0641067 -0.189187 0.380922 0.392212 0.773932 -0.0136853 1.6372 -0.158648 0.698463 1.05784 1.59457 0.174392 0.0790945 0.340666 0.484027 1.2023 0.0202024 0.35025 0.504391 2.51907 -0.0539136 0.0418609 -0.0844576 0.0963332 -0.104799 -0.621913 0.477592 1.2605 -0.142065 0.0699998 -0.996084 -0.138629 -0.223282 -0.0656177 -0.675318 -0.0189574 0.192353 0.782781 0.310068 0.0509124 0.0229654 0.32265 0.988275 0.0727822 -0.00323911 0.0471711 0.00641223 0.77264 -0.0921846 0.968472 0.0585998 0.147821
internal_weight=27026 26716 310 244 224 95 47 48 66 6658 5532 1678 1126 129 107 56 51 1657 557 274 139 3854 2450 1404 970 189 434 283 135 56 20058 4850 15208 1538 13670 277 263 60 10239 569 153 10213 3618 1380 98 1282 481 90 781 4816 4367 449 83 1517 1212 2367 3431 57 6595 83 2346 395
internal_count=27026 26716 310 244 224 95 47 48 66 6658 5532 1678 1126 129 107 56 51 1657 557 274 139 3854 2450 1404 970 189 434 283 135 56 20058 4850 15208 1538 13670 277 263 60 10239 569 153 10213 3618 1380 98 1282 481 90 781 4816 4367 449 83 1517 1212 2367 3431 57 6595 83 2346 395
is_linear=0
shrinkage=0.05


Tree=81
num_leaves=63
num_cat=0
split_feature=15 2 8 14 25 12 7 14 1 23 23 10 12 23 11 2 14 13 19 12 19 21 21 14 22 8 14 20 23 20 13 1 1 22 7 2 1 3 2 11 13 0 14 11 12 25 21 11 14 3 22 13 7 15 14 21 23 1 2 15 22 14
split_gain=117171 53165.3 49113.2 54013.7 53120.1 47830.7 70131.8 51197.6 70210.5 48155.6 51972.6 36163.9 21227.9 21111.7 17215.2 24047.3 46911.3 39879 30708.1 39003.3 24351.1 21225.7 20651.2 18886.6 18557.7 37821.5 31328.4 22427.8 21540.4 20684.2 19200.5 44804.4 18187.7 35166.6 22657 16644.4 13852.8 15302 15496.9 22103.4 13153.9 13237.1 12047.9 11927.7 11236.6 11221.6 13355.8 20869.5 21842.7 17970.6 14097.5 13166.9 10630.2 10176.4 10019.2 9896.21 9747.76 9511.38 9488.21 9366.82 9193.05 9033.21
threshold=1004.8333333333334 2019.5000000000002 1412.5000000000002 28.867513459481021 9.5000000000000018 451.00000000000006 1155.0000000000002 115.47005383792522 -16.429999999999996 35.500000000000007 44.500000000000007 1206.5000000000002 168.45000000000002 18.500000000000004 497.00000000000006 2023.5000000000002 86.602540378443891 984.41666666666686 -0.1537167988961711 841.00000000000011 0.019396515217812386 -0.17288648648648644 -0.20449494949494948 38.188130791298022 4.5000000000000009 195.41500000000005 17.039170558842681 0.16667333333333348 40.500000000000007 -0.058763924174320907 400.08333333333343 -15.714999999999998 -15.264999999999999 1.0000000180025095e-35 902.50000000000011 2024.5000000000002 -13.709999999999999 4.5000000000000009 2010.5000000000002 238.16500000000005 220.01333333333335 14.400000000000002 8.7499999999996589 258.54000000000002 420.50000000000006 12.500000000000002 0.31613941769316917 260.31000000000006 25.980762113533096 9.5000000000000018 5.5000000000000009 299.99833333333339 363.50000000000006 325.04166666666669 14.433756729742358 0.52406692406692412 53.500000000000007 -14.079999999999998 2015.5000000000002 248.35666666666671 4.5000000000000009 31.684745910242793
decision_type=2 2 2 2 2 2 2 2 2 2 2 2 2 2 2 2 2 2 2 2 2 2 2 2 2 2 2 2 2 2 2 2 2 2 2 2 2 2 2 2 2 2 2 2 2 2 2 2 2 2 2 2 2 2 2 2 2 2 2 2 2 2
left_child=1 12 3 4 -2 6 -5 8 -7 -9 -11 13 40 -10 21 16 20 18 19 -17 54 52 -18 -22 29 26 -26 35 -29 44 56 -32 34 -34 -20 -27 45 53 -39 42 -1 61 -40 -41 -23 46 50 49 -49 -48 51 -14 57 55 -16 58 -31 60 -38 -52 -3 -42
right_child=2 14 -4 5 -6 7 -8 9 11 10 -12 -13 36 -15 15 17 22 -19 32 -21 23 24 -24 -25 25 27 -28 28 -30 30 31 -33 33 -35 -36 -37 37 38 39 43 41 -43 -44 -45 -46 -47 47 48 -50 -51 59 -53 -54 -55 -56 -57 -58 -59 -60 -61 -62 -63
leaf_value=-0.16726808499632448 3.6331538611158884 0.0091215518958138054 2.922829561296505 0.45465625797641884 0.57980231716963748 4.0396721808619089 -3.2132365007305626 1.5406010952727922 0.67177903268529082 -3.1001973256542907 0.41511294399451348 -0.55374033594459193 -0.11271929909879326 2.7298275502390883 0.12750577207384858 2.4866587199251171 -0.61445796872695646 -1.6241085565422635 0.26443415100392509 0.13784437970092289 0.21599821905872141 0.17316195363649009 -2.8078300250085046 2.2948595834608692 0.51283666333042965 0.10439547583793628 3.0190284048146871 0.20329617050784018 0.82929453533741548 -0.11765607825716824 -0.19019956271699134 -2.8636411087207887 1.5228411326805753 0.3224996695462542 -0.79913400933835066 -0.32280082577431102 0.055946883399752283 -0.20000622697219952 0.20624499167329349 -0.21537426253079556 -0.73770520789599447 -0.25060852519772453 0.75198592693507316 0.20487402359798162 1.2560635917215233 0.11274374404485704 0.0063838495845875629 -0.25999250519573081 -1.7945984472493199 -0.60311148085260724 0.097872448232360937 -1.3089069667832676 -0.96775528896609075 0.79161767026910745 -0.6427782338335768 -1.1884357142232662 0.54851809715013788 0.47865479647747899 -0.30805036420902038 -0.046038673970252637 -0.34882277113861776 -1.8659321952691841
leaf_weight=1799 29 320 29 37 28 22 20 24 26 20 22 29 5713 24 120 38 22 25 673 33 24 528 21 20 33 4199 20 444 199 1433 61 21 83 230 54 241 383 244 170 235 78 145 250 599 25 852 396 49 44 174 1562 23 41 30 65 22 57 57 336 4094 408 23
leaf_count=1799 29 320 29 37 28 22 20 24 26 20 22 29 5713 24 120 38 22 25 673 33 24 528 21 20 33 4199 20 444 199 1433 61 21 83 230 54 241 383 244 170 235 78 145 250 599 25 852 396 49 44 174 1562 23 41 30 65 22 57 57 336 4094 408 23
internal_value=0.000628984 -0.0105872 0.966952 0.764115 2.13699 0.413946 -0.83561 0.840716 1.54788 -0.24208 -1.26211 0.849664 -0.0629613 1.66322 0.0844026 0.245748 -0.176475 0.346855 0.391353 1.39676 0.108275 0.0563079 -1.68979 1.16411 0.08363 0.135046 1.46257 0.121174 0.397141 -0.0406369 -0.13316 -0.877576 0.322582 0.641202 0.185329 0.0811997 -0.0425821 0.0713493 0.1645 0.235439 -0.214184 -0.557054 0.531204 0.0864411 0.222345 -0.0626116 -0.0750063 -0.293147 -0.987244 -0.179737 -0.0623079 -0.117539 -0.183844 -0.109628 -0.143309 -0.146224 -0.0921331 -0.142776 -0.114167 -0.00629327 -0.191498 -0.996269
internal_weight=27026 26716 310 281 57 224 57 167 101 66 42 79 17221 50 9495 1408 272 1136 1111 71 229 8087 43 44 7261 5136 53 5083 643 2125 1572 82 1040 313 727 4440 15176 2269 1498 1254 2045 246 420 834 553 12907 12055 663 93 570 11392 5736 826 771 185 741 1490 785 719 5656 728 101
internal_count=27026 26716 310 281 57 224 57 167 101 66 42 79 17221 50 9495 1408 272 1136 1111 71 229 8087 43 44 7261 5136 53 5083 643 2125 1572 82 1040 313 727 4440 15176 2269 1498 1254 2045 246 420 834 553 12907 12055 663 93 570 11392 5736 826 771 185 741 1490 785 719 5656 728 101
is_linear=0
shrinkage=0.05


Tree=82
num_leaves=63
num_cat=0
split_feature=9 20 9 0 3 19 17 8 8 7 6 7 12 17 12 1 9 14 20 21 11 3 1 20 0 14 22 15 21 15 11 15 13 7 3 9 11 7 3 23 21 5 21 11 14 21 11 15 22 20 11 15 12 3 21 19 19 13 3 17 7 20
split_gain=113627 86773.9 58688.1 50111.9 78805.9 43575.5 30346.6 28047.4 55022.6 24047.5 25337.5 20806.4 20311.4 21501.1 21251.7 19562 18858.6 21174.2 19448.2 27606.3 35793.8 17275.6 15400.9 25528.1 24832.4 28742 32703.6 15474 13941.7 13463.8 12985.1 12656.9 11877.4 15104.7 11360.3 11105.6 10993.3 13439.8 10466.4 10278.1 8936.35 8797.42 10403.7 8673.08 10256.1 8208.08 7707.86 7414.69 6634.61 14779 11868.1 8055.32 6516.26 6301.49 5356.9 5280.73 5233.74 5174.66 5118.61 4248.85 3938.44 5935.41
threshold=1232.5000000000002 0.058829757858743011 344.50000000000006 14.690000000000001 9.5000000000000018 0.33334234234234233 856.37500000000011 889.00000000000011 953.25000000000011 794.00000000000011 -0.5 826.00000000000011 903.25000000000011 779.41666666666686 853.00000000000011 -13.709999999999999 752.50000000000011 60.067978537529491 -0.24999624996249956 -0.3333282051282051 1258.5000000000002 5.5000000000000009 -14.635 0.21633321633321637 12.870000000000003 38.188130791298022 8.5000000000000018 137.23583333333337 -0.28252403440776186 170.52750000000003 298.16500000000002 342.27750000000003 358.41666666666669 431.12500000000006 8.5000000000000018 174.69000000000003 191.77500000000001 245.41500000000005 11.500000000000002 42.500000000000007 0.44445555555555555 -0.93301270189221919 0.10019277108433745 230.16500000000005 12.50333288900649 0.62550813008130091 246.83500000000001 182.52000000000001 4.5000000000000009 -1.0000000180025095e-35 260.31000000000006 224.97916666666671 166.73000000000002 2.5000000000000004 0.17124060150375944 -0.083327380952380944 0.22078257659653014 274.62500000000006 9.5000000000000018 228.18041666666667 243.16500000000005 0.22222777777777783
decision_type=2 2 2 2 2 2 2 2 2 2 2 2 2 2 2 2 2 2 2 2 2 2 2 2 2 2 2 2 2 2 2 2 2 2 2 2 2 2 2 2 2 2 2 2 2 2 2 2 2 2 2 2 2 2 2 2 2 2 2 2 2 2
left_child=2 3 15 4 -2 6 7 9 -9 12 -11 -12 14 -14 -4 22 17 -8 28 -20 -21 48 24 27 25 46 30 -24 -18 -25 -27 32 33 -26 47 -23 37 -31 -36 40 52 -41 -43 -33 -45 -42 58 -29 49 51 55 53 -37 -17 -48 -51 60 -53 -1 -38 -50 -62
right_child=1 -3 5 -5 -6 -7 16 8 -10 10 11 -13 13 -15 -16 21 18 -19 19 20 -22 35 23 29 31 26 -28 34 -30 36 -32 43 -34 -35 38 39 59 -39 -40 41 45 42 -44 44 -46 -47 54 -49 56 50 -52 57 -54 -55 -56 -57 -58 -59 -60 -61 61 -63
leaf_value=0.33789337900124833 4.2614355345863606 4.3837129169728337 0.1159474701108521 -0.65976706946394448 -0.023989318111242153 -1.5916432758447536 0.46339531646942789 -2.3538918826875372 0.50862600467771368 2.2411690802409732 1.0445986085416472 -0.77542912445622358 -1.4694946748279307 0.30751306672686152 1.6045572038508056 -0.015123849402099735 -1.3511301053947662 2.3464386308744714 2.0050426478238452 0.5841185942115259 -0.90012384611272811 1.2997298966705531 -0.93934176487274312 -0.082968987607982186 -0.061739402158356549 -0.032960534317308915 2.4881294895405972 -0.21332557770861091 0.25751978572701262 -0.69229223695815412 1.4504673186354162 0.40611643914859824 0.94749824957749285 -1.400481189935693 -0.44595971417344327 -0.81629396143244259 -1.1456685715934254 -2.3471582225580234 0.059385314493184328 -0.17037132831883184 1.2289333840421319 0.35895295294550478 1.0745466928412772 -0.13356725071949968 -0.94689533175874863 0.053811073127267989 0.039100641751843968 0.076648127179069936 -0.19733867577814818 0.25252960169932759 -1.7036700949146972 -0.39721645172874082 0.091576249517172276 1.0247540926285019 -0.44311808336971237 -0.53669610203934648 0.80636752695586544 0.46726536988179923 -0.069479646319024715 -0.37840949277124381 0.083938991157964493 -0.7163509984234061
leaf_weight=375 20 23 4696 31 23 36 32 33 34 26 45 24 41 29 24 26 25 28 29 342 46 22 58 51 14970 49 26 319 29 22 21 24 29 21 361 20 29 28 143 53 33 210 67 66 94 27 1003 713 210 25 20 69 1184 33 61 137 20 23 97 48 599 24
leaf_count=375 20 23 4696 31 23 36 32 33 34 26 45 24 41 29 24 26 25 28 29 342 46 22 58 51 14970 49 26 319 29 22 21 24 29 21 361 20 29 28 143 53 33 210 67 66 94 27 1003 713 210 25 20 69 1184 33 61 137 20 23 97 48 599 24
internal_value=0.000598792 1.70794 -0.00555729 0.871416 1.97438 0.139824 0.151222 0.112696 -0.902603 0.12664 0.913965 0.411267 0.111006 -0.733846 0.123552 -0.0430339 0.510409 1.34467 0.40386 0.519487 0.407952 0.0801273 -0.0615801 -0.201788 -0.0468218 0.138516 0.977385 -0.13834 -0.488254 -0.769539 0.413431 -0.066717 -0.0616656 -0.0636244 -0.108032 0.186482 -1.04493 -1.62195 -0.302585 0.171034 0.106138 0.419483 0.532382 -0.478785 -0.611722 0.701181 0.0860228 -0.0129924 -0.0647876 -0.254024 -0.557311 0.11162 0.0764247 0.567168 0.0114109 -0.414791 0.00910318 -0.180769 0.254167 -0.668553 -0.0101273 0.0529912
internal_weight=27026 97 26929 74 43 5519 5483 4952 67 4885 95 69 4790 70 4720 21410 531 60 471 417 388 2802 18608 1772 16836 1632 96 1594 54 178 70 15204 15020 14991 1536 1616 127 50 504 1594 1264 330 277 184 160 60 1536 1032 1186 333 182 151 1204 59 1064 162 853 92 472 77 833 623
internal_count=27026 97 26929 74 43 5519 5483 4952 67 4885 95 69 4790 70 4720 21410 531 60 471 417 388 2802 18608 1772 16836 1632 96 1594 54 178 70 15204 15020 14991 1536 1616 127 50 504 1594 1264 330 277 184 160 60 1536 1032 1186 333 182 151 1204 59 1064 162 853 92 472 77 833 623
is_linear=0
shrinkage=0.05


Tree=83
num_leaves=63
num_cat=0
split_feature=9 20 12 5 9 19 16 16 25 0 20 23 25 14 12 10 6 14 22 12 20 7 9 19 20 17 19 12 0 5 1 8 10 19 10 14 19 1 15 10 22 16 22 22 23 13 15 8 17 3 8 3 7 19 12 14 25 21 1 20 0 13
split_gain=102600 78346.7 53618.1 45591.3 33541.8 31778.9 31621.1 29243.9 33954.1 52701.9 39170 124963 42478.4 30987.9 42260.4 25484.1 25056.4 26573.9 20526.6 18658.3 22644.5 17687.9 17540.7 17374.7 16321.1 15646 15262.6 14740.9 17641.9 18237.2 24585.2 14601.4 14193.3 13945.3 14114.1 43580.4 13019 12882 24121.1 12498.4 12404.5 11352 11275.8 10897.7 10709.1 10272.4 16454.8 10192.8 9887.14 9759.79 8669.2 13685.4 10894.3 7967.84 21323.6 9188.42 7573.97 7483.29 7105.43 7022.84 12372.4 10513
threshold=1232.5000000000002 0.058829757858743011 292.58500000000009 -0.24999999999999994 1450.0000000000002 0.33334234234234233 81.649658092772555 98.710430035304867 3.5000000000000004 14.485000000000001 0.13334166666666661 41.500000000000007 9.5000000000000018 33.600595232823274 726.00000000000011 394.50000000000006 -0.5 14.433756729740429 4.5000000000000009 140.15500000000003 0.60071174377224212 170.35500000000005 503.00000000000006 -0.018433223218499269 -0.25000468744140697 409.43750000000006 0.045670831070070646 237.75000000000003 14.610000000000001 -0.24999999999999994 -15.264999999999999 919.00000000000011 338.50000000000006 0.027404297337906839 1005.0000000000001 25.000000000000394 -0.20816666666666664 -13.324999999999998 420.95833333333337 854.00000000000011 1.0000000180025095e-35 143.63025473927016 3.5000000000000004 8.5000000000000018 41.500000000000007 412.77833333333342 365.70833333333343 159.50000000000003 358.69458333333341 2.5000000000000004 451.00000000000006 10.500000000000002 446.75000000000006 0.25086206896551727 219.58500000000001 50.188985302582189 7.5000000000000009 0.18648458768771406 -13.709999999999999 -0.030294372294372315 12.870000000000003 366.83333333333343
decision_type=2 2 2 2 2 2 2 2 2 2 2 2 2 2 2 2 2 2 2 2 2 2 2 2 2 2 2 2 2 2 2 2 2 2 2 2 2 2 2 2 2 2 2 2 2 2 2 2 2 2 2 2 2 2 2 2 2 2 2 2 2 2
left_child=2 3 16 4 -2 6 32 13 9 41 12 -12 -10 40 23 -7 17 25 24 -20 21 -21 27 -15 -19 42 -11 28 29 30 -18 -16 45 34 36 -36 -34 39 -39 -35 -8 -9 58 50 -31 46 48 -44 -4 -45 52 -52 -29 55 -55 -30 -51 -49 -1 60 -26 -61
right_child=1 -3 5 -5 -6 15 7 8 10 26 11 -13 -14 14 31 -17 22 18 19 20 -22 -23 -24 -25 59 -27 -28 43 53 44 -32 -33 33 37 35 -37 -38 38 -40 -41 -42 -43 47 49 -46 -47 -48 57 -50 56 51 -53 -54 54 -56 -57 -58 -59 -60 61 -62 -63
leaf_value=-0.29570977680480687 -1.5252825974385975 4.1654761299942482 0.030006553007578374 2.2864569742196625 1.2679577692082864 -0.20259823516531481 0.85953188037397832 -0.77862679203252239 1.4979014800049189 1.5000374733411592 -1.3065323630736807 2.6406399456337368 0.16377464647058643 -0.14641684574938296 1.8851245722213346 -2.2358176867800408 -0.18971372644559306 1.0826460858743139 -1.0752468578610184 1.737158148972344 1.953701320756668 0.27685455028828831 -1.1880197135282686 1.6171280496650273 1.1655704939492657 0.98704043580194034 -0.25503041201858156 0.012180376487874447 -0.070555045655814025 -0.15802315082572826 -0.61676998415678874 3.747787947441215 1.286567684327913 0.33236572367540046 0.78529407605175716 -2.4688567037902658 0.11879423405983286 0.082451378950358672 1.4702140627803608 -0.68950381628078095 -0.85687141307878267 -2.0676891017989862 -0.33739685793105845 -0.56758803079608366 0.12576003961475549 0.95240150841650684 -1.0527508326844826 -0.021543683632650686 -0.81380732254764632 -0.30265219039833763 -1.3285460874487791 0.25323411601473134 0.76137212862065273 -0.019227704414410463 1.7652677643353041 0.46724778761588842 0.13282209824300886 0.18118277679792061 0.26765183451287028 -0.0946823736638924 0.025768328773562995 -0.91586872049720158
leaf_weight=568 23 23 3163 31 20 40 20 40 129 30 77 27 111 30 23 25 990 32 24 21 21 1222 36 26 28 37 21 4136 3834 2472 511 20 24 442 21 20 2493 58 68 32 22 30 227 150 384 29 36 3150 35 209 30 25 49 69 22 81 191 532 62 526 156 42
leaf_count=568 23 23 3163 31 20 40 20 40 129 30 77 27 111 30 23 25 990 32 24 21 21 1222 36 26 28 37 21 4136 3834 2472 511 20 24 442 21 20 2493 58 68 32 22 30 227 150 384 29 36 3150 35 209 30 25 49 69 22 81 191 532 62 526 156 42
internal_value=0.00057064 1.62295 -0.00527909 0.82808 -0.226057 0.112716 0.122903 0.46813 0.276729 -0.443397 0.530099 -0.280185 0.881214 1.09866 1.58105 -0.986916 -0.0474647 0.0316846 0.18024 0.303014 0.329271 0.301668 -0.0873607 0.673706 -0.0214674 -0.0355822 0.77818 -0.0843388 -0.124398 -0.194032 -0.335135 2.75828 0.0903132 0.165875 0.114977 -0.80412 0.129982 0.382808 0.832014 0.263237 -0.0393175 -1.33331 -0.0439408 -0.0143959 -0.119863 0.0171783 0.00876126 -0.0122996 0.0207448 -0.223772 0.0127673 -0.61031 0.0209715 -0.0486589 0.413598 -0.0594152 -0.0947195 0.00775036 -0.240226 -0.0685953 0.199783 -0.155563
internal_weight=27026 97 26929 74 43 7092 7027 606 465 121 344 104 240 141 99 65 19837 6648 2072 1288 1264 1243 13189 56 784 4576 51 13153 8363 4357 1501 43 6421 3158 2558 41 2517 600 126 474 42 70 4539 4790 2856 3263 3234 3909 3198 550 4240 55 4185 4006 91 3915 400 3682 630 752 184 568
internal_count=27026 97 26929 74 43 7092 7027 606 465 121 344 104 240 141 99 65 19837 6648 2072 1288 1264 1243 13189 56 784 4576 51 13153 8363 4357 1501 43 6421 3158 2558 41 2517 600 126 474 42 70 4539 4790 2856 3263 3234 3909 3198 550 4240 55 4185 4006 91 3915 400 3682 630 752 184 568
is_linear=0
shrinkage=0.05


Tree=84
num_leaves=63
num_cat=0
split_feature=15 2 14 12 10 25 20 5 25 8 12 7 18 6 19 11 5 2 8 13 15 12 1 8 13 1 18 20 7 12 25 7 23 19 23 7 12 1 12 20 13 2 8 25 12 2 2 5 19 20 18 8 11 10 18 7 18 5 1 22 23 10
split_gain=90623.9 42135.4 38051.9 57861.2 76125.5 46648.3 37073 81040.6 58326.2 40156.3 35842.2 63151.5 19863.9 16837 27814.6 43337.7 25012.6 24920.2 22129.1 42194.7 59109.3 28870.8 20855.3 44178.1 59470.9 42605.8 27838.4 24667.2 25490.1 23070 22004 20833.5 19430.1 19690.7 20382.6 16172.3 16133.9 14033 12637.5 11822.9 11528.1 11312.8 10812.5 10572.6 16300.3 10205.8 33461.9 11345.3 10114.3 28986.3 11757.7 14844.8 13205.9 9516.62 8374.22 7757.59 12835.7 11459.2 7664.47 7336.8 8480.59 7185.15
threshold=1004.8333333333334 2019.5000000000002 28.867513459481021 726.00000000000011 1039.5000000000002 9.5000000000000018 -0.087097876494996326 -0.6830127018922193 10.500000000000002 1155.0000000000002 804.00000000000011 1005.0000000000001 108.61230281788228 0.6830127018922193 -0.18164298847336149 425.50000000000006 -0.24999999999999994 2024.5000000000002 504.00000000000006 692.75000000000011 600.33333333333337 705.00000000000011 -16.224999999999998 876.00000000000011 897.16666666666674 -15.554999999999998 77.687490045012723 -0.19975520195838428 739.00000000000011 350.50000000000006 11.500000000000002 927.50000000000011 40.500000000000007 -0.052644542749441518 47.500000000000007 917.50000000000011 168.45000000000002 -14.424999999999999 310.31000000000006 -0.1666708333333333 441.83333333333343 2021.5000000000002 250.50000000000003 1.5000000000000002 841.00000000000011 2010.5000000000002 2012.5000000000002 -0.6830127018922193 -0.030296969696969652 -0.087097876494996326 53.894081023978138 752.50000000000011 394.50000000000006 240.50000000000003 15.60073181763841 256.46000000000009 44.958429761476651 -0.24999999999999994 -14.079999999999998 5.5000000000000009 43.500000000000007 394.50000000000006
decision_type=2 2 2 2 2 2 2 2 2 2 2 2 2 2 2 2 2 2 2 2 2 2 2 2 2 2 2 2 2 2 2 2 2 2 2 2 2 2 2 2 2 2 2 2 2 2 2 2 2 2 2 2 2 2 2 2 2 2 2 2 2 2
left_child=1 12 5 6 -5 -2 8 -8 -4 -9 -6 -12 36 14 15 58 48 18 37 20 -20 -21 26 27 -25 -26 39 29 -29 -24 31 -28 43 -34 -35 -32 42 54 40 -16 45 -41 55 -19 -45 47 -47 -38 50 -50 -15 52 -52 -39 -18 56 57 -1 -3 60 -51 -61
right_child=2 13 3 4 10 -7 7 9 -10 -11 11 -13 -14 16 22 -17 17 32 19 21 -22 -23 23 24 25 -27 30 28 -30 -31 35 -33 33 34 -36 -37 38 53 -40 41 -42 -43 -44 44 -46 46 -48 -49 49 59 51 -53 -54 -55 -56 -57 -58 -59 -60 61 -62 -63
leaf_value=-0.33013301967329139 3.0891947057369262 -0.044046099414380084 2.1800022915217951 4.2408242374510321 2.3538981906921266 0.4106469840425806 -2.9893609507937278 1.5580488952601454 -1.1472867148747374 -0.98288504941287147 1.4830068025262184 -1.9900551670816686 -1.3842514908610715 -0.30591702619232208 -0.33725007370323512 2.2908061306712764 0.24094411899802537 0.31599340999268916 0.68367712051591933 -1.7522617960428175 3.6786759496274577 0.46616969755744242 0.30125167314305845 -3.3879726066408566 -1.9352495694952259 0.57328465197012324 0.45949985006960437 0.00071008470083834736 0.72746519584545233 1.8671981392018608 0.83609517612729223 -1.2438332581401463 -0.96576017294681904 1.5736912269606691 -0.20974363198809304 2.1785556097471841 -0.34515576510186363 -0.49547148463369783 0.16353503962592286 0.029945758231724524 0.88559369245358366 0.24412600048307651 -0.91123539913676221 -0.57417666962894842 -1.9340465318197493 0.14403844442034508 -0.070173148150195583 -0.078854020292062191 1.2473074622867395 -0.27209224691263184 -0.84270702867486347 -0.1912173639144405 -2.6218133468533038 0.51094076997320037 -0.080339938231392072 -1.0077164056996137 1.1012166392150802 -0.07750796856159653 1.0793611345599539 -0.29919583418023249 -0.9515522875413075 0.19999242559887476
leaf_weight=703 37 62 35 20 25 29 27 31 21 31 32 22 28 136 121 37 273 25 65 21 22 48 76 21 27 45 168 3394 125 34 113 20 24 33 31 28 558 26 754 958 33 1730 50 143 26 2221 10173 1412 34 151 22 27 20 236 788 27 20 1242 20 178 66 121
leaf_count=703 37 62 35 20 25 29 27 31 21 31 32 22 28 136 121 37 273 25 65 21 22 48 76 21 27 45 168 3394 125 34 113 20 24 33 31 28 558 26 754 958 33 1730 50 143 26 2221 10173 1412 34 151 22 27 20 236 788 27 20 1242 20 178 66 121
internal_value=0.00054518 -0.00931887 0.85038 0.561794 1.49296 1.91473 -0.0745262 -0.708463 0.932359 0.287965 0.792758 0.0669002 -0.0559447 0.0752453 0.115222 0.872786 -0.0356432 0.0675816 0.149718 0.712756 1.44444 -0.210491 0.102068 0.0220162 -1.05345 -0.368726 0.197012 0.0496067 0.0265468 0.786573 0.632105 0.277703 -0.363082 0.25291 0.710782 1.10407 -0.0537732 0.0832758 -0.0359905 0.14603 -0.0464415 0.167798 -0.185704 -0.642513 -0.784437 -0.0485893 -0.0317853 -0.1543 -0.276394 -0.164598 -0.576083 -1.1073 -1.69423 0.410898 0.00233808 -0.167446 -0.155847 -0.168832 0.230876 -0.257864 -0.479114 -0.0971672
internal_weight=27026 26716 310 244 99 66 145 89 56 62 79 54 17221 9495 6979 119 2516 1761 1479 156 87 69 6860 3722 93 72 3138 3629 3519 110 329 188 282 88 64 141 17193 1323 15151 2809 14397 2688 2042 194 169 14364 12394 1970 755 550 205 69 42 262 1061 1992 1965 1945 82 516 217 299
internal_count=27026 26716 310 244 99 66 145 89 56 62 79 54 17221 9495 6979 119 2516 1761 1479 156 87 69 6860 3722 93 72 3138 3629 3519 110 329 188 282 88 64 141 17193 1323 15151 2809 14397 2688 2042 194 169 14364 12394 1970 755 550 205 69 42 262 1061 1992 1965 1945 82 516 217 299
is_linear=0
shrinkage=0.05


Tree=85
num_leaves=51
num_cat=0
split_feature=7 1 9 16 7 12 10 16 9 18 13 5 21 11 7 9 1 0 19 13 7 18 0 12 16 22 9 19 20 5 12 7 17 5 21 10 1 9 0 7 22 7 11 13 1 12 1 3 0 22
split_gain=67245 29826.5 31983.6 63493.5 44639.2 28415.1 24585.8 25404.7 28702.9 25329.4 18591 18479.5 17234.6 15189.9 14693.4 13836.3 24958 12690 16864 14496.4 20050.9 12270.4 11969.5 20535.8 21316 16618.2 14290.1 11918 10376.5 9658.73 8876.07 19638.1 8597.48 7451.23 8409.41 7072.76 6779.12 6718.71 8010.6 6102.22 9061.32 5806.87 5680.69 5451.69 5341.07 4489.89 4887.38 4293.6 3646.41 3480.05
threshold=504.00000000000006 -17.454999999999995 1341.5000000000002 164.83609507761162 1358.5000000000002 199.72000000000003 1387.5000000000002 143.63025473927016 1072.5000000000002 247.30927760143524 924.41666666666686 -0.24999999999999994 -0.45763546798029553 602.50000000000011 317.25000000000006 281.34000000000009 -14.459999999999999 12.870000000000003 -0.29459004751187795 378.77833333333342 400.62500000000006 50.522347116198958 14.255000000000001 434.50000000000006 27.016706096996142 5.5000000000000009 526.50000000000011 0.090919008444781527 0.060254410499139495 -0.5 140.15500000000003 239.64500000000001 401.70833333333343 -0.5 -0.21093977752205598 234.66000000000003 -15.944999999999999 168.16500000000005 12.870000000000003 274.50000000000006 4.5000000000000009 115.62500000000001 337.75000000000006 283.34833333333336 -16.254999999999999 186.83500000000001 -15.944999999999999 5.5000000000000009 14.170000000000002 4.5000000000000009
decision_type=2 2 2 2 2 2 2 2 2 2 2 2 2 2 2 2 2 2 2 2 2 2 2 2 2 2 2 2 2 2 2 2 2 2 2 2 2 2 2 2 2 2 2 2 2 2 2 2 2 2
left_child=5 -2 4 -4 6 14 7 9 10 11 -9 -3 48 17 15 30 29 18 -14 32 -21 28 23 25 -25 -19 27 -24 -16 -17 31 33 -20 36 -35 49 -1 38 -32 44 -41 -40 -30 -31 -39 46 -37 -45 -7 -23
right_child=1 2 3 -5 -6 12 -8 8 -10 -11 -12 -13 13 -15 21 16 -18 22 19 20 -22 35 26 24 -26 -27 -28 -29 42 43 37 -33 -34 34 -36 45 -38 39 41 40 -42 -43 -44 47 -46 -47 -48 -49 -50 -51
leaf_value=-0.15839569013194058 1.7674129544499935 0.086205804568457001 -2.7981670385574406 0.7619782067806784 2.676476448685376 1.4357846685309907 1.6478392008962139 -0.19744355211766978 -1.626463296294584 1.7912624910424322 1.3945569085848839 0.50527484620943341 1.1683529381276496 -1.203690358322699 -0.3359075531123919 -0.73197166494732535 1.444536260890839 -0.24623933394324618 0.041852093602218254 0.80911802368748609 0.12825315748342583 -0.18413913295819209 -0.0046885578090603876 0.20224637747091079 1.8609657620528779 -0.028365713491763825 -0.98427487772752709 0.15643128549421695 -1.0163218868681159 -0.30388007664220512 0.53236404982480134 -1.480969221221387 -0.97144669582493481 -1.0494042927052551 -0.062426439562228909 -0.36563061034524597 -0.97456977764624075 0.039001964131205186 -1.0888671605741205 0.10294926813160521 -0.67995487213692984 -0.22927087997715306 -2.1540977400926806 0.13225164459946823 -0.094635001747772229 -0.11945935723193363 -1.435479992420519 0.90711687909512362 0.57777365826272886 0.69374755481620887
leaf_weight=46 35 471 24 26 20 20 33 140 32 30 21 596 36 26 31 33 39 1424 2645 150 387 22 11100 85 25 2271 36 1280 25 31 34 34 21 23 329 23 57 1008 20 60 96 895 20 39 2894 38 20 33 33 23
leaf_count=46 35 471 24 26 20 20 33 140 32 30 21 596 36 26 31 33 39 1424 2645 150 387 22 11100 85 25 2271 36 1280 25 31 34 34 21 23 329 23 57 1008 20 60 96 895 20 39 2894 38 20 33 33 23
internal_value=-0.00605129 0.327796 0.291497 -0.948966 0.33775 -0.0248129 0.302192 0.26764 -0.261244 0.360708 0.0109144 0.320318 0.0041741 0.00172249 -0.12125 -0.106317 0.331234 0.00333944 0.0936953 0.0815791 0.318563 -0.540194 -0.0147029 -0.0922878 0.580621 -0.112337 0.00907386 0.0119708 -1.04157 0.0111144 -0.120256 -0.323567 0.0338324 -0.236763 -0.12721 -0.237149 -0.610621 -0.100392 -0.220159 -0.0723779 -0.378933 -0.248182 -1.52577 0.249718 -0.0601113 -0.51616 -0.865527 0.488233 0.90374 0.264991
internal_weight=26840 1428 1393 50 1343 25412 1323 1290 193 1097 161 1067 19539 19486 5873 5671 175 19460 3239 3203 537 202 16221 3805 110 3695 12416 12380 76 136 5496 489 2666 455 352 126 103 5007 949 4058 156 915 45 103 3902 81 43 72 53 45
internal_count=26840 1428 1393 50 1343 25412 1323 1290 193 1097 161 1067 19539 19486 5873 5671 175 19460 3239 3203 537 202 16221 3805 110 3695 12416 12380 76 136 5496 489 2666 455 352 126 103 5007 949 4058 156 915 45 103 3902 81 43 72 53 45
is_linear=0
shrinkage=0.05


Tree=86
num_leaves=51
num_cat=0
split_feature=15 10 11 12 3 3 25 19 14 12 0 12 21 21 8 19 1 16 12 20 16 1 9 10 20 6 21 9 11 14 12 8 22 22 21 3 14 25 20 15 21 12 16 11 1 9 25 16 12 10
split_gain=65787.4 36582.5 40742.5 95329.7 58817.4 50221 87224.6 76435.7 70746.5 40547.5 33340.1 31732.4 22853.7 21442 20046.2 18452.4 16706 30404.2 17148.9 16612.4 19037.9 13763.2 10892.5 16873.1 11621.6 8696.49 19069.4 27086.5 11593.5 10901.2 10272.8 9542.22 8407.93 9424.06 16550.3 19045.6 11335.2 10235.1 9833.72 7406.39 6647.6 5625.05 9707.23 7197 5435.64 4618.55 11902 10773.7 4432.07 3200.72
threshold=1004.8333333333334 994.50000000000011 968.50000000000011 841.00000000000011 4.5000000000000009 10.500000000000002 8.5000000000000018 -0.033326666666666664 115.47005383792522 521.50000000000011 14.735000000000001 199.72000000000003 -0.062494673234923075 -0.45763546798029553 344.50000000000006 0.60303030303030314 -17.154999999999998 81.649658092772555 1258.5000000000002 -0.37445652173913035 143.63025473927016 -16.119999999999997 433.16500000000002 407.00000000000006 -0.047610544217687116 -0.68301270189221952 -0.2351470588235294 198.87500000000003 335.50000000000006 76.787585802220107 142.75000000000003 243.80000000000004 2.5000000000000004 4.5000000000000009 0.2096676640491231 9.5000000000000018 80.490080293118751 12.500000000000002 -0.052625346178377712 290.22166666666675 0.7003401360544218 147.75000000000003 8.0104098937986041 174.69000000000003 -16.119999999999997 264.50000000000006 4.5000000000000009 37.638632635454094 274.50000000000006 203.06000000000003
decision_type=2 2 2 2 2 2 2 2 2 2 2 2 2 2 2 2 2 2 2 2 2 2 2 2 2 2 2 2 2 2 2 2 2 2 2 2 2 2 2 2 2 2 2 2 2 2 2 2 2 2
left_child=11 -2 3 9 12 6 7 -6 -7 10 -3 15 -4 21 32 25 17 22 19 -18 -21 48 23 -16 -24 26 27 -1 29 30 31 -27 -15 37 36 -36 -35 38 -34 -39 -32 42 43 -28 -30 47 -47 -43 -13 -44
right_child=1 2 4 -5 5 8 -8 -9 -10 -11 -12 13 -14 14 16 -17 18 -19 -20 20 -22 -23 24 -25 -26 28 41 -29 44 -31 40 -33 33 34 35 -37 -38 39 -40 -41 -42 45 49 -45 -46 46 -48 -49 -50 -51
leaf_value=-0.12126778635942159 2.171298811003918 0.82020645055161934 3.3123103931597422 -3.3806117195395098 -3.9870228344305829 3.9364605410182061 1.7139787622088756 -0.075425225264446255 -0.26240278571399295 1.9152091011256474 -1.9648762031574152 0.8413789839293826 1.1684859400960652 0.83243636714224134 0.28180878019925187 -1.5927107151085731 1.2165308991812434 2.1002685133679457 1.2821279704161117 0.073520268650637793 -0.55151832622828056 1.7774851945053607 -0.70627491072046522 1.348270327827227 0.29249593861937978 -0.30412129804925148 1.5444762116924844 2.2589929635708148 -0.22272292133017535 0.99632796664938539 -0.10779379836048658 -1.1356686837404106 0.02454745858234017 -0.011261685080199141 0.30906889504138224 -0.19843837046471477 -0.98298755185647657 0.15075982285925058 -0.15228734894285162 1.1155347314895008 -0.54476827391068949 -0.075789791639171544 -0.13797294994518891 0.21910879941128975 -1.1975635791466306 -0.12686457974502668 1.081566324998374 -0.96503234863960496 -0.20894782896065595 0.42906647469640824
leaf_weight=26 38 23 29 20 20 20 33 33 20 30 20 20 22 29 175 21 31 25 29 4656 125 27 46 47 79 368 21 22 23 21 3780 38 1097 10171 815 239 30 200 2774 22 89 1154 92 20 38 63 30 35 20 34
leaf_count=26 38 23 29 20 20 20 33 33 20 30 20 20 22 29 175 21 31 25 29 4656 125 27 46 47 79 368 21 22 23 21 3780 38 1097 10171 815 239 30 200 2774 22 89 1154 92 20 38 63 30 35 20 34
internal_value=-0.00574868 0.720672 0.515763 -0.331308 0.960798 0.380139 -0.300848 -1.55632 1.84149 0.507531 -0.476618 -0.0141843 2.39172 0.0149769 0.0120686 -0.116717 0.0968002 0.419651 0.0719819 0.0646614 0.0571663 0.907328 0.297984 0.508119 -0.0752825 -0.111394 -0.00742208 0.972009 -0.147115 -0.137384 -0.142977 -0.382224 -0.0166567 -0.0182668 0.00536013 0.193976 -0.0141295 -0.0832362 -0.102174 0.24685 -0.117861 -0.0399353 0.232923 0.900183 -0.831049 -0.0754985 0.263641 -0.102049 0.316879 0.015217
internal_weight=26840 308 270 93 177 126 86 53 40 73 43 26532 51 20657 20590 5875 5213 372 4841 4812 4781 67 347 222 125 5854 1497 48 4357 4296 4275 406 15377 15348 11255 1054 10201 4093 3871 222 3869 1449 167 41 61 1282 93 1189 40 126
internal_count=26840 308 270 93 177 126 86 53 40 73 43 26532 51 20657 20590 5875 5213 372 4841 4812 4781 67 347 222 125 5854 1497 48 4357 4296 4275 406 15377 15348 11255 1054 10201 4093 3871 222 3869 1449 167 41 61 1282 93 1189 40 126
is_linear=0
shrinkage=0.05


Tree=87
num_leaves=56
num_cat=0
split_feature=15 17 20 14 2 19 3 25 10 19 12 12 0 0 9 20 23 19 21 6 1 21 14 1 20 1 2 2 20 13 19 9 2 2 0 20 21 13 14 2 17 8 8 23 13 17 2 2 10 25 23 13 20 15 0
split_gain=59387.8 40291.9 59295 40553.8 36504.5 33043.8 30494.2 52033 48211.8 45634.6 17578.9 15267.5 13921.5 15388.1 14174.3 13823.7 13562.9 19707.2 12483.5 12008.3 26100.6 34591.2 33513.3 17571.9 14882 13426.5 10641.7 16353.8 15047.1 11875.1 11370.2 11323.2 10736.2 10551.2 10282.2 10051.9 9505.58 23929 15882.2 8735.97 6747.58 5672.73 4885.05 6822.56 5729.5 5535.98 4782.48 4483.95 4213.12 4601.48 4578.64 2517.77 2025.3 1922.95 884.259
threshold=1004.8333333333334 933.25000000000011 0.24963768115942034 194.40126128946176 2019.5000000000002 0.050005250052500567 10.500000000000002 8.5000000000000018 1005.0000000000001 -0.028289827937364783 308.43000000000001 1258.5000000000002 15.065000000000001 13.280000000000003 449.00000000000006 1.0204545454545457 14.500000000000002 0.50850212553138296 -0.45763546798029553 0.6830127018922193 -16.224999999999998 0.80090090090090105 86.602540378443891 -16.494999999999994 -0.37445652173913035 -17.154999999999998 2016.5000000000002 2013.5000000000002 0.083341666666666661 310.37500000000006 -0.083327380952380944 420.50000000000006 2010.5000000000002 2017.5000000000002 15.440000000000001 0.21317502410800385 -0.11555366521023201 299.99833333333339 34.828149534535989 2017.5000000000002 240.15083333333334 283.16500000000002 178.87500000000003 23.500000000000004 200.06500000000003 208.54875000000001 2012.5000000000002 2010.5000000000002 227.55000000000004 1.5000000000000002 53.500000000000007 153.38833333333338 -1.0000000180025095e-35 237.50083333333336 14.735000000000001
decision_type=2 2 2 2 2 2 2 2 2 2 2 2 2 2 2 2 2 2 2 2 2 2 2 2 2 2 2 2 2 2 2 2 2 2 2 2 2 2 2 2 2 2 2 2 2 2 2 2 2 2 2 2 2 2 2
left_child=4 -2 3 5 10 6 8 -8 -3 -10 12 15 13 42 16 18 33 -18 -6 20 22 -22 -20 25 -25 -21 27 31 29 30 -28 32 -14 -15 40 41 37 46 48 -36 -30 -29 43 51 47 -46 -12 -44 -38 52 -51 -1 -50 -37 -48
right_child=1 2 -4 -5 11 -7 7 -9 9 -11 36 -13 26 14 -16 -17 17 -19 19 23 21 -23 -24 24 -26 -27 28 35 34 -31 -32 -33 -34 -35 39 53 38 -39 -40 -41 -42 -43 44 -45 45 -47 54 -49 49 50 -52 -53 -54 -55 -56
leaf_value=0.59692695357313208 2.6934457586957263 2.2585754032064629 -2.0968952615462721 -1.1519928633538699 0.96132312581295098 2.2539500103582202 3.7004343560975586 0.21672109174521972 -1.2057779301150977 0.70485777770015268 0.5589274276491677 1.1056515656305514 -0.10812085371256297 -0.077574095950797395 -1.12518682068909 1.3393122164559026 -0.15405084258646673 -1.5577830114687581 0.17413940502135952 0.051893292432406715 0.02673016400366772 -0.84975316764772413 1.5041513910412543 1.2539089213763035 0.0041389391872061806 -0.55272118488963129 0.82072892796374597 -0.13445711111861422 1.83754699282101 -0.88927496987339871 0.042349555890593499 1.0472138491601706 0.13897541984119052 0.15512067598861123 0.74951247411860344 -0.59918450988940342 0.75166211931094573 1.7043191236834376 -1.0413992382816433 0.023987833124417796 0.63989182673257217 -0.61881693050425546 -0.72567351265462532 0.91050997744937912 0.34480190550228013 0.00212528902063195 -0.43775870825229335 -0.12603157635261061 0.70150438645018864 0.0037701017985586403 0.64177297638896291 -0.030566701602081026 0.26456287126468297 -1.2820675532742323 0.0003691587581674093
leaf_weight=20 23 27 20 26 38 39 20 23 52 78 36 35 755 2626 35 21 6635 25 3108 141 3701 116 48 24 2051 263 50 850 21 32 739 28 1052 598 73 20 28 34 29 96 27 65 43 35 125 2037 22 113 34 428 30 78 121 22 24
leaf_count=20 23 27 20 26 38 39 20 23 52 78 36 35 755 2626 35 21 6635 25 3108 141 3701 116 48 24 2051 263 50 850 21 32 739 28 1052 598 73 20 28 34 29 96 27 65 43 35 125 2037 22 113 34 428 30 78 121 22 24
internal_value=-0.00545856 0.684726 0.521714 0.72008 -0.0134734 0.924154 0.663822 1.842 0.340138 -0.0596974 -0.0574401 0.0647595 -0.0686447 -0.0944357 -0.122157 0.060917 -0.118593 -0.159344 0.0580735 0.0544315 0.0880343 7.06471e-05 0.194416 -0.0400852 0.0186562 -0.341732 0.0146531 -0.036164 0.151335 0.0534324 0.0917806 0.0512237 0.0357307 -0.0344079 0.521524 -0.203719 0.173467 0.591163 0.101064 0.337668 1.1667 -0.168935 0.0177485 0.312321 0.000831908 0.0219551 0.128035 -0.291709 0.152914 0.125438 0.0457026 0.0979202 0.360831 -0.9592 -0.209557
internal_weight=26840 308 285 265 26532 239 200 43 157 130 16986 9546 16200 12370 9919 9511 9884 6660 9490 9452 6973 3817 3156 2479 2075 404 3830 2792 1038 821 789 1835 1807 3224 217 957 786 116 670 169 48 915 2451 133 2318 2162 82 156 641 613 458 98 155 42 46
internal_count=26840 308 285 265 26532 239 200 43 157 130 16986 9546 16200 12370 9919 9511 9884 6660 9490 9452 6973 3817 3156 2479 2075 404 3830 2792 1038 821 789 1835 1807 3224 217 957 786 116 670 169 48 915 2451 133 2318 2162 82 156 641 613 458 98 155 42 46
is_linear=0
shrinkage=0.05


Tree=88
num_leaves=44
num_cat=0
split_feature=15 17 11 16 14 20 12 3 10 2 5 0 20 12 12 12 9 14 5 2 20 18 21 11 9 9 0 21 21 13 14 2 18 2 2 5 18 18 2 6 14 17 18
split_gain=53616.8 36380.9 55284.7 57975.9 47291 98213.9 44384 42531.5 50546.9 32946.4 30760.5 30228.6 16121.9 15868 13783.2 13000 15646.3 14295.1 13552.3 14570.1 12482.4 12406.7 11269.6 15064.6 12184.8 23613.9 14662.4 8966.82 8581.33 21602.8 14338.7 8545.85 18271.1 12092 27826.9 12731 5520.35 4456.16 4317.63 3298.56 3083.89 3291.22 819.928
threshold=1004.8333333333334 933.25000000000011 968.50000000000011 204.66539798792584 115.47005383792522 -0.084949413555376482 841.00000000000011 5.5000000000000009 1228.5000000000002 2019.5000000000002 -0.24999999999999994 14.735000000000001 -1.0000000180025095e-35 308.43000000000001 1258.5000000000002 173.45000000000002 280.50000000000006 45.974245877544668 -0.5 2013.5000000000002 1.0204545454545457 14.433756729740407 -0.45763546798029553 1228.5000000000002 963.50000000000011 902.50000000000011 13.690000000000001 -0.45763546798029553 -0.11555366521023201 299.99833333333339 34.828149534535989 2008.5000000000002 24.042733411695618 2010.5000000000002 2012.5000000000002 -0.6830127018922193 33.366844856158302 39.728004712403738 2012.5000000000002 -0.24999999999999994 25.00000000000006 249.10750000000002 19.333030420203261
decision_type=2 2 2 2 2 2 2 2 2 2 2 2 2 2 2 2 2 2 2 2 2 2 2 2 2 2 2 2 2 2 2 2 2 2 2 2 2 2 2 2 2 2 2
left_child=9 -2 6 4 5 -4 11 -7 -9 13 -6 12 -3 15 20 16 17 18 21 -20 22 -1 -11 24 25 -24 -26 -17 29 38 37 32 39 35 -35 -33 -19 40 -15 -29 41 -30 -40
right_child=1 2 3 -5 10 7 -8 8 -10 14 -12 -13 -14 28 -16 27 -18 36 19 -21 -22 -23 23 -25 26 -27 -28 31 30 -31 -32 33 -34 34 -36 -37 -38 -39 42 -41 -42 -43 -44
leaf_value=0.022773497429063837 2.5593565196089156 -0.050430558569988793 3.6218667135205878 2.9083296304179873 -2.2029894431337924 1.9975627634945501 -2.370006993647928 0.52654528749739016 -2.4782614397172313 0.9133831129925144 0.46722413436320037 -1.264139203906554 1.9303520565349341 0.53105847866911637 1.0505264766875155 0.76332058186405216 1.2169708527142729 -0.47346034533612669 0.011836581286762154 -0.30935046494362806 1.2726639656658987 -0.47276116596936424 0.055506656260725068 -0.95384653707077549 0.29409149555738834 1.1439585076239771 -1.0005928605435843 -0.3911625231819591 0.61696797455510788 1.6193530656025907 -0.98950822640120772 -0.38962341808410605 1.7673829761903677 0.1301674771296126 -0.069338830248653852 -0.088475898149154894 -1.4682882543136218 0.67723145043914201 0.021270234444562126 0.3275730580725954 -0.34227914198850978 0.1102395622985108 -0.4006037916941762
leaf_weight=167 23 20 29 32 21 26 24 46 20 38 22 24 21 36 35 34 20 28 1142 511 21 518 9272 37 35 50 58 26 34 34 29 496 20 2125 9844 1200 28 37 22 41 35 535 24
leaf_count=167 23 20 29 32 21 26 24 46 20 38 22 24 21 36 35 34 20 28 1142 511 21 518 9272 37 35 50 58 26 34 34 29 496 20 2125 9844 1200 28 37 22 41 35 535 24
internal_value=-0.0051826 0.650611 0.495711 0.964831 0.58404 1.08999 -0.537274 0.288785 -0.386298 -0.0127981 -0.838803 0.141951 0.966223 -0.0545671 0.0615244 -0.0652125 -0.172248 -0.183907 -0.164971 -0.0874632 0.0578733 -0.351959 0.0551713 0.0517108 0.0556732 0.0613575 -0.5135 -0.0464685 0.164815 0.561685 0.0960221 -0.0484765 0.445216 -0.0516232 -0.0339169 -0.176568 -0.972694 0.145288 0.121641 0.0484189 0.112587 0.14063 -0.199121
internal_weight=26840 308 285 196 164 121 89 92 66 26532 43 65 41 16986 9546 16200 2414 2394 2338 1653 9511 685 9490 9452 9415 9322 93 13786 786 116 670 13752 87 13665 11969 1696 56 641 82 67 604 569 46
internal_count=26840 308 285 196 164 121 89 92 66 26532 43 65 41 16986 9546 16200 2414 2394 2338 1653 9511 685 9490 9452 9415 9322 93 13786 786 116 670 13752 87 13665 11969 1696 56 641 82 67 604 569 46
is_linear=0
shrinkage=0.05


Tree=89
num_leaves=63
num_cat=0
split_feature=7 5 0 25 8 21 14 11 11 10 12 11 9 13 23 10 12 7 16 15 23 12 7 9 23 22 25 21 22 5 4 22 11 19 21 12 19 13 4 9 16 15 16 21 14 23 21 21 21 12 5 15 22 19 7 5 12 16 6 0 8 16
split_gain=48778.1 20775.1 27445.9 26972.8 22441 21674.6 43435 43265.5 43086 21465 19887.3 18105.5 66039 34495.3 30834.8 20923.4 23260.9 15144 21502 13367.1 18288.5 13997.4 13100.8 12695.3 18009.5 12510.4 15723.1 14496.5 23231.8 31646.4 38076.1 18760.3 18173.7 14559.8 13283.2 13178.6 12488.4 11723.6 11683.9 11235.9 20120.8 10498.9 10484 11565.8 11033.8 10158.8 9884.52 16298.3 9644.82 9366.06 8743.4 8368.21 8320.32 7719.29 7396.3 7366.96 15510.1 8878.9 8562.96 8409.32 7220.26 6948.73
threshold=504.00000000000006 -0.24999999999999994 16.005000000000003 1.0000000180025095e-35 941.50000000000011 -0.21093977752205598 86.602540378443891 889.00000000000011 726.00000000000011 1228.5000000000002 199.72000000000003 1241.5000000000002 1258.5000000000002 1150.8333333333337 44.500000000000007 1039.5000000000002 1258.5000000000002 854.00000000000011 91.982719643805183 836.25000000000011 29.500000000000004 777.50000000000011 317.25000000000006 526.50000000000011 41.500000000000007 4.5000000000000009 12.500000000000002 0.11110555555555558 5.5000000000000009 0.25000000000000011 3.5000000000000004 5.5000000000000009 451.00000000000006 0.24269696969696966 -0.093326666666666711 367.25000000000006 0.27174825174825185 450.16666666666669 1.5000000000000002 281.34000000000009 56.297571381174272 1004.8333333333334 40.845531054198347 0.62550813008130091 14.433756729741418 25.500000000000004 -0.013297168141592928 -0.018175067506750627 -0.28252403440776186 248.87500000000003 -0.5 292.9308333333334 5.5000000000000009 0.014519104084321556 394.50000000000006 -0.5 137.75000000000003 36.641733940974596 -0.5 14.665000000000001 145.50000000000003 43.130063793453026
decision_type=2 2 2 2 2 2 2 2 2 2 2 2 2 2 2 2 2 2 2 2 2 2 2 2 2 2 2 2 2 2 2 2 2 2 2 2 2 2 2 2 2 2 2 2 2 2 2 2 2 2 2 2 2 2 2 2 2 2 2 2 2 2
left_child=10 2 11 -3 9 -6 8 -8 -7 17 22 12 13 15 45 16 -2 19 -19 20 -5 -21 39 25 52 26 37 31 29 30 -29 34 36 49 -27 -36 -33 46 -35 55 50 -10 44 -44 -24 -13 47 -12 -34 -30 -41 -28 -25 -52 -53 56 -1 -57 -59 60 -58 -31
right_child=1 3 -4 4 5 6 7 -9 41 -11 23 14 -14 -15 -16 -17 -18 18 -20 21 -22 -23 42 24 -26 27 51 28 33 61 -32 32 48 38 35 -37 -38 -39 -40 40 -42 -43 43 -45 -46 -47 -48 -49 -50 -51 53 54 -54 -55 -56 57 59 58 -60 -61 -62 -63
leaf_value=-0.81242044165207927 -0.11044422513051866 1.7366626981049387 1.6991070472353227 0.031697987678159699 2.28053248553049 2.6512269348318891 -2.136153808713475 0.62045855907738368 -0.26032907939962041 -1.3400187015533447 -0.0081397807414280259 0.65679110345117286 -2.9371099979723274 1.9180559084965632 2.0885529488896046 -1.6056218878715827 1.6325772434917849 2.2343732752099443 0.25641406337536676 0.1999719784873821 0.66773631871408146 -1.145211745692454 -0.3117533101006616 0.53601229777062487 -1.5659033603798538 -0.24286116008782002 0.14731525325228553 0.74038191678703502 0.21176280198639552 -0.12893334458732361 0.035002956390187405 0.016559054113806374 1.2308193404726522 0.28313638182698336 -0.0006728572077268867 -1.2591495375356403 1.0370767083773977 -1.2627786519968114 -0.86328583948586091 -0.61653994293011205 1.7171068189370686 0.97286088233358015 0.58026890021740873 -0.51690129774785387 -1.4151149801925413 -0.9139375719858045 -0.14298790271809764 1.3580282790223936 0.31558420027794049 0.00034695652231406563 0.12137406146401293 1.516052514946822 -0.77777792017606762 1.1954421558783421 0.4051074562935707 -0.042284742497151216 -0.99403542680201729 -0.85779434092906759 -0.18342181018518827 0.02108709503942803 -0.20810893151465268 0.37703885220254385
leaf_weight=94 401 38 24 265 23 36 23 37 26 21 1793 21 20 22 26 22 20 23 34 43 197 35 43 28 31 1177 206 505 690 391 308 7425 32 31 1477 21 30 21 78 33 22 51 35 76 48 20 2648 22 281 2175 100 23 21 20 43 3612 30 62 195 485 1018 82
leaf_count=94 401 38 24 265 23 36 23 37 26 21 1793 21 20 22 26 22 20 23 34 43 197 35 43 28 31 1177 206 505 690 391 308 7425 32 31 1477 21 30 21 78 33 22 51 35 76 48 20 2648 22 281 2175 100 23 21 20 43 3612 30 62 195 485 1018 82
internal_value=-0.00492137 0.279414 0.0474438 0.436208 0.375287 0.841341 0.648768 -0.437956 1.22571 0.227357 -0.0209005 -0.0246534 -0.131139 -0.0098357 0.745147 -0.106 -0.0272605 0.282714 1.05714 0.200779 0.303006 -0.404266 -0.101579 0.00334971 -0.624829 0.00593573 -0.0645532 0.0287375 0.106469 0.284026 0.473197 -0.00297183 0.0363543 0.029683 -0.117171 -0.0184013 0.0206803 -0.086947 -0.537233 -0.0874783 0.306816 0.556597 -0.497166 -0.170691 -0.894716 -0.109656 -0.081385 0.00849098 0.409534 0.0512712 0.103008 0.304493 -0.0273761 0.301273 0.794038 -0.100039 -0.189306 -0.0624955 -0.346401 -0.151045 -0.230704 -0.0411455
internal_weight=26840 1428 576 852 814 196 173 60 113 618 25412 552 485 465 67 443 421 597 57 540 462 78 5873 19539 80 19459 4756 14703 4260 1286 813 10443 7768 2974 2675 1498 7455 4484 109 5671 175 77 202 111 91 41 4463 1815 313 2865 153 272 49 120 66 5496 1627 3869 257 1533 1048 473
internal_count=26840 1428 576 852 814 196 173 60 113 618 25412 552 485 465 67 443 421 597 57 540 462 78 5873 19539 80 19459 4756 14703 4260 1286 813 10443 7768 2974 2675 1498 7455 4484 109 5671 175 77 202 111 91 41 4463 1815 313 2865 153 272 49 120 66 5496 1627 3869 257 1533 1048 473
is_linear=0
shrinkage=0.05


Tree=90
num_leaves=39
num_cat=0
split_feature=9 18 3 23 1 3 9 7 14 12 12 16 12 13 10 0 23 7 16 1 20 1 20 3 2 9 14 14 16 16 23 9 17 1 17 3 9 8
split_gain=71245.2 41294.8 38464.5 69996.4 66739.9 46286 62642.3 33485.1 26526.9 65492.5 43627.4 56766.2 41828.2 25768.6 30765.8 22337.2 27171.6 19818.1 22220.3 18630.4 18629.2 17932.1 20848.2 15814.4 14969.5 14233.6 12677.8 37641.7 34167 23466.3 17029.8 28848.6 16839.2 11801.4 10978.8 8046.32 10989.3 3005.61
threshold=902.50000000000011 151.6182095659349 9.5000000000000018 35.500000000000007 -14.424999999999999 2.5000000000000004 1232.5000000000002 1077.5000000000002 28.867513459481021 903.25000000000011 590.83500000000015 67.854009952741052 449.00000000000006 952.08333333333337 431.12500000000006 14.735000000000001 38.500000000000007 572.50000000000011 115.94574796102505 -13.709999999999999 -0.3494186046511627 -16.224999999999998 0.45487129358097106 5.5000000000000009 2021.5000000000002 174.69000000000003 128.7761454804635 92.376043070340032 98.710430035304867 127.79702038617442 28.500000000000004 752.50000000000011 990.95833333333337 -16.234999999999996 346.93750000000006 4.5000000000000009 1005.0000000000001 779.00000000000011
decision_type=2 2 2 2 2 2 2 2 2 2 2 2 2 2 2 2 2 2 2 2 2 2 2 2 2 2 2 2 2 2 2 2 2 2 2 2 2 2
left_child=13 8 4 -4 5 -3 7 -7 9 -2 11 -10 -13 14 17 16 35 18 19 21 33 24 -23 34 -1 -25 27 30 -29 -28 32 -32 -22 -16 -21 -12 -37 -30
right_child=1 2 3 -5 -6 6 -8 -9 10 -11 15 12 -14 -15 20 -17 -18 -19 -20 23 26 22 -24 25 -26 -27 29 28 37 -31 31 -33 -34 -35 -36 36 -38 -39
leaf_value=-0.026406076848021272 2.308957620494811 0.00061680914589722243 1.5096023996120675 -1.8526306220966071 -0.42613587757009913 2.865991904152124 4.4431168730472805 0.67437870510504894 -3.1924765587931847 -1.1486815918113382 -0.44340636398068711 1.4786188950905432 -1.4288070732588445 -1.7997608989032345 0.31181668492290082 -0.63771482877367758 2.486418539967703 1.4391423859121479 -1.5129813129683414 -0.096977907636322441 0.23710390442003926 -0.082498379301596689 -0.6744238574883743 1.3361126769548175 0.1232954965529522 0.16056300564200554 -1.8427784829118132 3.0219459689623935 0.96515284699587078 0.41378778520956083 0.079156374564866294 -0.78782114253800262 1.4572104574478777 1.9353541742221942 0.30291712302649104 1.463127643486549 0.024049654152120611 0.098540510467035852
leaf_weight=9024 39 22 36 27 34 33 30 37 22 21 20 22 28 20 21 34 20 23 25 1244 1011 9610 151 26 2049 1938 22 21 20 24 796 109 29 24 199 26 27 20
leaf_count=9024 39 22 36 27 34 33 30 37 22 21 20 22 28 20 21 34 20 23 25 1244 1011 9610 151 26 2049 1938 22 21 20 24 796 109 29 24 199 26 27 20
internal_value=0.000776326 0.605688 1.11093 0.0679137 1.5318 2.0774 2.53378 1.71025 0.178194 1.0988 -0.0997634 -1.08219 -0.149042 -0.0101758 -0.00881235 0.457576 0.858313 -0.0246767 -0.0260703 -0.0245304 0.174931 -0.0422564 -0.0916626 0.0838617 0.00129582 0.176195 0.152827 0.171661 1.39367 -0.666987 0.133263 -0.0253341 0.271268 1.18019 -0.0418089 0.409397 0.731533 0.533298
internal_weight=26884 478 219 63 156 122 100 70 259 60 199 72 50 26406 26386 127 93 24289 24266 24241 2097 20834 9761 3407 11073 1964 2052 2006 61 46 1945 905 1040 45 1443 73 53 40
internal_count=26884 478 219 63 156 122 100 70 259 60 199 72 50 26406 26386 127 93 24289 24266 24241 2097 20834 9761 3407 11073 1964 2052 2006 61 46 1945 905 1040 45 1443 73 53 40
is_linear=0
shrinkage=0.05


Tree=91
num_leaves=58
num_cat=0
split_feature=9 18 3 23 1 3 9 7 14 12 12 16 12 13 7 0 23 1 1 3 20 3 5 18 12 20 12 8 2 17 3 15 11 0 9 8 15 13 9 2 2 7 7 9 2 17 14 17 9 16 5 3 9 8 13 18 2
split_gain=64317.5 37281.1 34727.8 63193.5 60253.1 41786.7 56555.2 30229.9 23944.6 59127.6 39391.6 51257.3 37766.1 23268.4 26123.1 20167.5 24535.8 19773 17931.3 16027.6 15857.1 20197 14341.7 28143.6 27135.4 12898.7 22867.5 20495.2 12582.5 20374.7 70016.9 14064.1 15380.4 12405.7 25843.4 15762.9 39862.7 18983.8 17321.3 12331 18677.6 12177.5 24721.7 12167.6 14442.3 11509.2 9906.63 9902.85 7920.09 7682.25 7631.81 7265.2 9921.66 6822.2 5010.6 4715.6 4664.02
threshold=902.50000000000011 151.6182095659349 9.5000000000000018 35.500000000000007 -14.424999999999999 2.5000000000000004 1232.5000000000002 1077.5000000000002 28.867513459481021 903.25000000000011 590.83500000000015 67.854009952741052 449.00000000000006 952.08333333333337 426.00000000000006 14.735000000000001 38.500000000000007 -13.709999999999999 -16.194999999999997 5.5000000000000009 -0.20021321961620467 9.5000000000000018 -0.5 19.23174064515176 247.64000000000001 -0.19153415453527436 451.00000000000006 702.00000000000011 2020.5000000000002 267.76375000000002 9.5000000000000018 416.87500000000006 433.16500000000002 14.765000000000002 889.00000000000011 794.00000000000011 812.25000000000011 692.75000000000011 803.00000000000011 2012.5000000000002 2016.5000000000002 963.50000000000011 917.50000000000011 174.69000000000003 2016.5000000000002 352.17708333333343 73.527772530747711 361.36125000000004 315.50000000000006 58.175739462854445 0.93301270189221952 4.5000000000000009 1005.0000000000001 145.50000000000003 750.33333333333337 18.331147723023367 2022.5000000000002
decision_type=2 2 2 2 2 2 2 2 2 2 2 2 2 2 2 2 2 2 2 2 2 2 2 2 2 2 2 2 2 2 2 2 2 2 2 2 2 2 2 2 2 2 2 2 2 2 2 2 2 2 2 2 2 2 2 2 2
left_child=13 8 4 -4 5 -3 7 -7 9 -2 11 -10 -13 14 17 16 51 18 28 45 21 -21 23 53 -25 26 -16 -28 31 30 -30 32 -1 34 41 37 -37 50 -38 48 -41 42 -27 -22 -45 49 -31 -47 -24 56 -35 -12 -53 -20 -39 -49 -19
right_child=1 2 3 -5 -6 6 -8 -9 10 -11 15 12 -14 -15 25 -17 -18 19 22 20 43 -23 39 24 -26 33 27 -29 29 46 -32 -33 -34 35 -36 36 38 54 -40 40 -42 -43 -44 44 -46 47 -48 55 -50 -51 -52 52 -54 -55 -56 -57 -58
leaf_value=-0.034521427424294683 2.1938050208189299 0.00058612327230462126 1.4343314073752831 -1.7603409191779105 -0.40489150128406515 2.7231252589524697 4.2216991291489716 0.64075069208993418 -3.0335750356518845 -1.0915197080910486 -0.42134633562458101 1.4050225130573117 -1.3576209578437737 -1.7102205917016784 -0.61904468827657566 -0.60592261318587137 2.3627160986857625 -0.098112243975939512 -0.86458814229460668 1.7902144679925311 1.2727996045252099 0.026582439076095529 0.11441353986097498 -0.49856773364135337 -0.041254094581064153 0.24833743131114383 2.0255067739243571 0.18331413209666694 0.11163754732967486 0.041519827222384655 1.6938206379960752 -1.3525963967415824 0.67013231924950867 -0.11614082229862735 -1.5668642364331147 2.3631653482392756 -1.1159813841101538 -1.7431355498916472 0.71100984459669991 -0.22781029001561337 -0.013861048679190311 1.4032814514043643 -1.3349491132683013 -0.018563407628809644 0.26444157976242083 1.1925435444214165 -0.71465458654357183 0.87268516864821799 -0.41450902750286539 -1.015431252863612 0.53722286870183378 1.390251533099061 0.022851585945959901 -0.016137113732609516 -0.61996000892487335 0.071102561370267006 0.3305190783143932
leaf_weight=9134 39 22 36 27 34 33 30 37 22 21 20 22 28 20 22 34 20 1171 24 34 24 31 1229 956 491 1393 36 26 415 2427 84 20 78 498 20 23 24 20 28 1595 2830 22 25 795 1041 28 44 21 75 22 49 26 27 1403 20 141 67
leaf_count=9134 39 22 36 27 34 33 30 37 22 21 20 22 28 20 22 34 20 1171 24 34 24 31 1229 956 491 1393 36 26 415 2427 84 20 78 498 20 23 24 20 28 1595 2830 22 25 795 1041 28 44 21 75 22 49 26 27 1403 20 141 67
internal_value=0.000740036 0.57549 1.05555 0.0644869 1.45546 1.97386 2.4075 1.625 0.169301 1.04396 -0.0947802 -1.0283 -0.14158 -0.009666 -0.00837036 0.43481 0.815589 -0.0233977 -0.0416088 0.0888602 0.183423 0.950507 -0.0968902 -0.188036 -0.343408 0.156336 0.763667 1.25459 -0.00263188 0.0868835 0.378273 -0.0314308 -0.0285472 0.132257 0.21366 -0.0472693 0.634798 -0.134518 -0.132644 -0.0511629 -0.090984 0.2385 0.220328 0.156564 0.141902 -0.0366807 0.0280246 0.325969 0.0839591 -0.0913915 -0.0575162 0.388998 0.695101 -0.0304699 -1.18462 0.175517 -0.0748861
internal_weight=26884 478 219 63 156 122 100 70 259 60 199 72 50 26406 26386 127 93 24180 20805 3375 1925 65 8603 2874 1447 2206 84 62 12202 2970 499 9232 9212 2122 1460 662 75 587 52 5729 4425 1440 1418 1860 1836 1450 2471 190 1304 1260 547 73 53 1427 40 162 1238
internal_count=26884 478 219 63 156 122 100 70 259 60 199 72 50 26406 26386 127 93 24180 20805 3375 1925 65 8603 2874 1447 2206 84 62 12202 2970 499 9232 9212 2122 1460 662 75 587 52 5729 4425 1440 1418 1860 1836 1450 2471 190 1304 1260 547 73 53 1427 40 162 1238
is_linear=0
shrinkage=0.05


Tree=92
num_leaves=50
num_cat=0
split_feature=9 18 6 1 10 23 9 7 14 23 10 5 10 21 7 16 20 8 20 20 5 3 2 16 16 2 22 2 2 7 10 16 6 10 21 18 7 22 7 21 1 6 20 10 17 1 16 14 17
split_gain=58063.5 33657.5 41686 94431.1 71476.5 51172.4 51059.6 27291.2 21613.7 38860.3 30688 48766.6 21297.2 19157.4 17466.8 19965.6 17347.5 17275.1 35912.6 18423.5 20340.5 17163 16022 15928.3 15857.8 15668.7 26895.6 15364.2 34800.6 17948.4 15150.9 32397.3 30855.9 19677.5 33622.2 27182.5 12330.2 11943.7 11625.9 17514 11594.7 11500.1 11031.3 10419 10040.9 10001 9638.75 6895.6 4591.73
threshold=902.50000000000011 151.6182095659349 0.25000000000000017 -14.424999999999999 1312.5000000000002 37.500000000000007 1232.5000000000002 1077.5000000000002 28.867513459481021 37.500000000000007 1039.5000000000002 -0.6830127018922193 431.12500000000006 -0.066673333333333293 572.50000000000011 115.94574796102505 -0.3494186046511627 854.00000000000011 0.023294573643410924 0.18491706161137447 -0.5 7.5000000000000009 2024.5000000000002 105.90299485864374 81.649658092772555 2016.5000000000002 4.5000000000000009 2012.5000000000002 2010.5000000000002 295.28000000000003 872.50000000000011 164.83609507761162 1.0000000180025095e-35 726.00000000000011 -0.15788291748909664 116.66099553250947 794.00000000000011 8.5000000000000018 803.00000000000011 -0.026631205673758814 -15.754999999999997 1.0000000180025095e-35 1.0000000180025095e-35 726.00000000000011 429.18750000000006 -16.234999999999996 31.62277660168429 34.828149534535989 1044.8470833333336
decision_type=2 2 2 2 2 2 2 2 2 2 2 2 2 2 2 2 2 2 2 2 2 2 2 2 2 2 2 2 2 2 2 2 2 2 2 2 2 2 2 2 2 2 2 2 2 2 2 2 2
left_child=12 8 3 6 5 -4 7 -3 9 48 38 -12 14 -13 15 22 45 19 21 30 -21 -19 25 24 -20 27 42 28 -1 -29 33 32 -32 35 -35 -18 43 44 40 -40 -10 -28 -27 -22 47 -14 -39 -24 -2
right_child=1 2 4 -5 -6 -7 -8 -9 10 -11 11 13 16 -15 -16 -17 17 18 23 20 36 -23 37 -25 -26 26 41 29 -30 -31 31 -33 -34 34 -36 -37 -38 46 39 -41 -42 -43 -44 -45 -46 -47 -48 -49 -50
leaf_value=-0.12998643576949834 1.3422213401960494 2.5873802999715432 2.270994414027085 -1.1440926555618345 -1.8531868742913316 -0.58922627081816215 4.0113154161016018 0.6087995130096806 0.37930067822151659 -0.8048500953029043 -2.627192856056757 0.74576535667408861 0.31348869019492542 -0.89471071983164863 1.3518005241047251 -1.4332027376410494 0.14155810971905683 1.74992611233092 -1.2246063736190036 -0.7303837360434271 1.0119761844433319 -0.24489669972415423 -0.070547128095838949 -1.898603102267689 0.5635507793788096 -0.017038049480485241 0.13289593125693544 -0.08803073149728935 0.11966894196847562 -0.40950856002792957 0.29480506119800737 1.2414047605031495 -1.5735313772528894 1.6402676416551392 0.013051886314502287 -1.131699163952449 1.8441070921966132 -1.6598836516994599 -0.68791541539329237 1.0523211372326093 2.009458768782924 0.014928319679751263 -0.19047134661407683 -0.28619234799208798 -1.2518804837136246 1.8082701613794221 -0.38892872816305668 -0.81249033185491537 2.4282946441897111
leaf_weight=2643 20 33 39 25 29 26 30 37 24 20 25 36 21 35 23 25 1528 21 30 20 58 22 291 33 21 2279 4118 5685 2958 470 36 23 57 58 70 43 31 28 34 25 20 4146 1534 21 22 24 32 35 20
leaf_count=2643 20 33 39 25 29 26 30 37 24 20 25 36 21 35 23 25 1528 21 30 20 58 22 291 33 21 2279 4118 5685 2958 470 36 23 57 58 70 43 31 28 34 25 20 4146 1534 21 22 24 32 35 20
internal_value=0.000704811 0.546797 1.00293 1.60078 0.207007 1.12768 2.28751 1.54399 0.160852 0.991845 -0.0900459 -0.732828 -0.00918237 -0.0629707 -0.0224394 -0.0237478 0.142912 0.121787 -0.442976 0.158687 0.73346 0.731003 -0.0222881 -1.04416 -0.488547 -0.0169686 0.0230299 -0.0580595 0.00186045 -0.112586 0.117478 -0.43514 -0.850711 0.155234 0.751128 0.106635 1.00008 -0.33293 0.509133 0.0499212 1.12327 0.0737138 -0.0868161 0.666905 -0.220429 1.11306 -0.983899 -0.150444 1.89008
internal_weight=26884 478 219 125 94 65 100 70 259 60 199 96 26406 71 24289 24266 2117 2072 127 1945 130 43 24241 84 51 23833 12077 11756 5601 6155 1815 116 93 1699 128 1571 110 408 103 59 44 8264 3813 79 348 45 60 326 40
internal_count=26884 478 219 125 94 65 100 70 259 60 199 96 26406 71 24289 24266 2117 2072 127 1945 130 43 24241 84 51 23833 12077 11756 5601 6155 1815 116 93 1699 128 1571 110 408 103 59 44 8264 3813 79 348 45 60 326 40
is_linear=0
shrinkage=0.05


Tree=93
num_leaves=41
num_cat=0
split_feature=9 19 0 2 0 18 6 13 11 20 20 6 13 10 10 7 21 20 12 2 12 2 11 2 14 14 20 25 7 14 19 11 10 12 12 9 9 18 13 8
split_gain=52420.9 34315.1 60647.4 44141.6 67569 38449.5 65542.8 38439.4 36622.2 36026.5 61338.7 32711.4 20327.6 23300.1 16275.2 15770.8 18554.5 15166.2 16941.9 14563.7 15854.3 15257.5 15020.2 14375 13697.1 31753.3 24180.7 19700.5 13149.2 19738.1 12938.9 19890.2 19410.8 12738.8 11701.3 11404.1 8968.67 7189.76 5987.85 5562.39
threshold=902.50000000000011 -0.028289827937364783 15.645000000000001 2023.5000000000002 14.965000000000002 125.13203482415412 0.6830127018922193 1064.5000000000002 1077.5000000000002 0.045121628767847761 0.14309523809523808 1.0000000180025095e-35 952.08333333333337 431.12500000000006 1136.5000000000002 572.50000000000011 1.1010638297872344 -0.29953271028037382 449.00000000000006 2024.5000000000002 245.35500000000005 2016.5000000000002 437.75000000000006 2013.5000000000002 128.7761454804635 92.376043070340032 0.0066092278414627845 4.5000000000000009 1312.5000000000002 53.894478123752407 0.14307966177125056 726.00000000000011 946.50000000000011 705.00000000000011 954.00000000000011 503.00000000000006 349.50000000000006 179.51276872934997 429.50000000000006 394.50000000000006
decision_type=2 2 2 2 2 2 2 2 2 2 2 2 2 2 2 2 2 2 2 2 2 2 2 2 2 2 2 2 2 2 2 2 2 2 2 2 2 2 2 2
left_child=12 2 5 4 11 7 8 33 -7 34 -11 28 13 15 -8 16 19 18 39 21 -21 23 -22 -1 25 30 -27 -26 29 37 32 -32 -19 -2 -5 -23 -18 -3 -38 -15
right_child=1 3 -4 9 -6 6 14 -9 -10 10 -12 -13 -14 17 -16 -17 36 24 -20 20 22 35 -24 -25 27 26 -28 -29 -30 -31 31 -33 -34 -35 -36 -37 38 -39 -40 -41
leaf_value=-0.010911645315648387 -0.45871875846528437 1.0157335236611493 -2.5182038221314058 1.683720220762865 3.2157779135057689 0.92641108872054456 0.52846441225703022 -2.0511748574536663 3.7506583429002145 -2.702920628583283 0.82953447060756003 -0.38992138525661751 -1.5981863426331857 0.86245995800924524 -1.1796563000630786 1.2845031015800705 -1.6108703072140327 0.12313704815970505 1.8848387065061663 -1.3653995247405821 -0.13015435247060522 0.026964605546709694 -1.2948862737969826 -0.12401385894849511 0.43430390025845811 2.6008344622219313 0.49770346658711945 -1.6672857691567256 2.4545969045557685 -0.29521119244656163 0.25960775318390428 2.0530721607931417 -0.61034815149415067 1.1876105236521672 0.32981203571914708 -0.93173205434701067 0.23288398127057658 2.2660101519941716 -0.89790076795846108 -0.26069677125549678
leaf_weight=7109 25 26 21 27 39 23 33 27 23 24 25 38 20 21 24 23 24 1750 26 33 345 12001 30 4645 20 22 36 25 21 20 58 21 95 22 39 31 20 21 28 23
leaf_count=7109 25 26 21 27 39 23 33 27 23 24 25 38 20 21 24 23 24 1750 26 33 345 12001 30 4645 20 22 36 25 21 20 58 21 95 22 39 31 20 21 28 23
internal_value=0.000670963 0.519551 0.015695 0.875698 1.39956 0.317607 0.941879 -0.551343 2.34372 0.123461 -0.902527 0.835255 -0.00872351 -0.00751249 -0.191463 -0.0213185 -0.0225617 0.15239 0.875465 -0.0201747 -0.316337 -0.0150931 -0.223667 -0.055609 0.127375 0.146976 1.29863 -0.734243 1.36421 1.01922 0.112191 0.738407 0.0853358 0.312683 0.885469 0.0244864 -0.823468 1.5781 -0.427132 0.275982
internal_weight=26884 478 198 280 165 177 103 74 46 115 49 126 26406 26386 57 24289 24266 2097 70 24194 408 23786 375 11754 2027 1982 58 45 88 67 1924 79 1845 47 66 12032 72 47 48 44
internal_count=26884 478 198 280 165 177 103 74 46 115 49 126 26406 26386 57 24289 24266 2097 70 24194 408 23786 375 11754 2027 1982 58 45 88 67 1924 79 1845 47 66 12032 72 47 48 44
is_linear=0
shrinkage=0.05


Tree=94
num_leaves=47
num_cat=0
split_feature=9 19 0 2 0 20 20 6 5 1 25 5 1 13 11 2 12 19 19 9 1 1 8 2 11 3 7 0 9 7 5 12 6 0 14 16 9 12 13 0 1 16 12 0 11 0
split_gain=47327.1 30980.6 54761.7 39853.6 60992.1 32527 55541.1 29535 27176.8 27132.5 30445.9 24771.4 21110.9 18355.3 20459.9 20418.4 32761.4 26560 49443.1 20049 17860 17446.6 16635.1 16456 28727.8 16367.9 16122.9 13824.8 17876.8 20672.8 13429.8 25436 13405.9 12649.7 14738 13484.3 11231.9 10564.7 10208.7 9884.43 8856.79 8159.24 10867.5 8124.53 7945.72 2493.29
threshold=902.50000000000011 -0.028289827937364783 15.645000000000001 2023.5000000000002 14.965000000000002 0.045121628767847761 0.15013513513513513 1.0000000180025095e-35 0.68301270189221941 -16.724999999999998 9.5000000000000018 -0.6830127018922193 -16.524999999999995 952.08333333333337 497.00000000000006 2023.5000000000002 527.50000000000011 -0.12876954442782126 -0.22120285423037714 627.50000000000011 -13.709999999999999 -16.194999999999997 518.50000000000011 2021.5000000000002 315.50000000000006 5.5000000000000009 854.00000000000011 14.965000000000002 889.00000000000011 963.50000000000011 -0.5 262.25000000000006 -0.68301270189221952 13.795000000000002 13.051181300301044 27.016706096996142 174.69000000000003 954.00000000000011 458.83333333333337 12.870000000000003 -16.234999999999996 81.649658092772555 868.50000000000011 13.950000000000001 502.00000000000006 12.705000000000002
decision_type=2 2 2 2 2 2 2 2 2 2 2 2 2 2 2 2 2 2 2 2 2 2 2 2 2 2 2 2 2 2 2 2 2 2 2 2 2 2 2 2 2 2 2 2 2 2
left_child=13 2 8 4 7 37 -7 12 9 -2 11 -11 -3 14 19 16 33 18 -17 20 21 23 25 43 -25 38 -13 28 29 -19 31 -23 -14 35 40 45 -27 -5 -22 -32 -35 42 -29 -1 -36 -16
right_child=1 3 -4 5 -6 6 -8 -9 -10 10 -12 26 32 -15 15 17 -18 27 -20 -21 22 30 -24 24 -26 36 -28 41 -30 -31 39 -33 -34 34 44 -37 -38 -39 -40 -41 -42 -43 -44 -45 -46 -47
leaf_value=0.083524301078118202 -1.463642168638617 2.7210706938558555 -2.3928903661068017 1.599844828127055 3.0554002110610536 -2.5024679883067829 0.85889876709934088 -0.37047648429088387 2.0328788369449216 -1.3935438255697374 1.7009908223077888 -0.12416936777784915 0.24857922390377116 -1.5186745616927075 -0.41968970689680668 -0.41419591033112457 -1.9057002837630526 0.30471772666956859 2.546421146148111 -1.5955010323975216 -0.02794299201480456 -0.27910909016856528 1.5220578918409584 0.32312644678100344 -0.013506060645991889 1.2023715009919984 1.4286001268136073 -0.29010849305573999 -1.1285742841060693 1.9293714331601981 0.11129587041281835 0.030940274560781057 1.6621408847083285 1.0326447105448169 -0.20404638242891249 1.3104410328342273 0.15837861608226375 0.3133636001430814 -1.025457939242951 -0.070416427773729945 -0.21971666983631263 -0.95275114066002708 0.72849054349283882 -0.043632514676119588 -1.3145473361953977 0.32318380817568682
leaf_weight=1473 24 20 21 27 39 25 24 38 20 26 32 50 38 20 23 24 26 766 34 20 1487 1950 20 1022 1668 26 25 103 21 20 880 1001 30 22 28 30 2022 39 26 5000 39 29 35 8531 38 22
leaf_count=1473 24 20 21 27 39 25 24 38 20 26 32 50 38 20 23 24 26 766 34 20 1487 1950 20 1022 1668 26 25 103 21 20 880 1001 30 22 28 30 2022 39 26 5000 39 29 35 8531 38 22
internal_value=0.000638986 0.493665 0.0149136 0.832066 1.32984 0.117296 -0.857586 0.793693 0.301803 0.0800987 0.359596 -0.0666124 1.29631 -0.00828738 -0.0071366 0.189467 -0.238665 0.284074 1.32265 -0.0169967 -0.0157326 -0.0329339 0.0876586 0.00461154 0.114395 0.0795585 0.394567 0.222094 0.307783 0.346304 -0.086903 -0.173939 0.873808 -0.0232342 -0.327242 0.491236 0.171693 0.841351 -0.0451546 -0.0432191 0.232824 -0.191892 -0.0313915 -0.0249087 -0.844523 -0.0564849
internal_weight=26884 478 198 280 165 115 49 126 177 157 133 101 88 26406 26386 1260 228 1032 58 25126 25106 21525 3581 12694 2690 3561 75 974 807 786 8831 2951 68 202 127 75 2048 66 1513 5880 61 167 138 10004 66 45
internal_count=26884 478 198 280 165 115 49 126 177 157 133 101 88 26406 26386 1260 228 1032 58 25126 25106 21525 3581 12694 2690 3561 75 974 807 786 8831 2951 68 202 127 75 2048 66 1513 5880 61 167 138 10004 66 45
is_linear=0
shrinkage=0.05


Tree=95
num_leaves=32
num_cat=0
split_feature=11 16 19 1 0 17 14 23 14 0 11 3 19 17 6 9 12 8 7 18 2 2 2 17 15 11 8 14 23 1 6
split_gain=33662.2 62514.7 30040 67848.5 38491.7 30093.6 26653.9 47146.1 26513.5 38501.9 26017.2 37113.7 25793.4 33578.7 33196.8 24311.6 23962.8 22868.5 23924 20023.1 17069.9 18434.7 30447.1 21719.9 16540.3 16400 14095.9 11784.7 10497.4 10089.7 4539.67
threshold=979.00000000000011 204.66539798792584 -0.11550863422291995 -15.579999999999998 16.005000000000003 1044.8470833333336 153.66267867101888 38.500000000000007 56.602583892218433 15.440000000000001 1358.5000000000002 8.5000000000000018 0.022742381433430329 990.95833333333337 0.25000000000000017 987.00000000000011 590.83500000000015 1196.5000000000002 1077.5000000000002 151.6182095659349 2010.5000000000002 2012.5000000000002 2015.5000000000002 346.93750000000006 425.04166666666669 602.50000000000011 414.00000000000006 18.876793513024225 35.500000000000007 -16.224999999999998 -0.68301270189221952
decision_type=2 2 2 2 2 2 2 2 2 2 2 2 2 2 2 2 2 2 2 2 2 2 2 2 2 2 2 2 2 2 2
left_child=1 6 3 5 8 -2 17 25 12 10 11 16 14 -14 19 -13 -10 18 20 29 24 23 -23 -22 26 -8 -1 -16 -19 -4 -21
right_child=2 -3 4 -5 -6 -7 7 -9 9 -11 -12 15 13 -15 27 -17 -18 28 -20 30 21 22 -24 -25 -26 -27 -28 -29 -30 -31 -32
leaf_value=-0.12392727619979177 1.6151324844473345 -2.0851995279914455 1.9769663413822425 3.3912019147726769 2.1466046593578691 -0.92422252235741442 1.1027898955684137 2.9498051292523391 -0.18423611312817148 -2.1363835703329261 -1.4022670530763808 -2.0579883197853466 0.21613133967258158 2.5616291941994449 -1.8547991743135215 0.26306446862943245 1.5771405397329312 0.32673793799841583 -1.6158561688997013 -0.72882606828983743 0.11175164363692591 -0.1235253174040897 0.02311536276171873 1.7216298830735175 -1.3776373208254231 -0.80622972744629084 1.0665552003925065 -0.2665960477340264 1.910073279039892 0.68239310498548011 0.3095968981134406
leaf_weight=2655 21 36 26 26 25 26 21 21 31 25 28 22 31 30 20 23 51 20 23 20 2996 4546 15991 21 26 24 25 28 22 36 22
leaf_count=2655 21 36 26 26 25 26 21 21 31 25 28 22 31 30 20 23 51 20 23 20 2996 4546 15991 21 26 24 25 28 22 36 22
internal_value=0.00169151 -0.00593048 0.411856 1.34702 0.248242 0.211297 -0.00308606 0.999692 0.126953 -0.319681 -0.0254437 0.278933 0.504387 1.37204 0.155477 -0.873609 0.91178 -0.00560413 -0.00746941 0.657357 -0.00605436 0.00760938 -0.00934472 0.123016 -0.124986 0.0850051 -0.112781 -0.930932 1.15879 1.22767 -0.185328
internal_weight=26918 26427 491 73 418 47 26391 66 393 180 155 127 213 61 152 45 82 26325 26283 104 26260 23554 20537 3017 2706 45 2680 48 42 62 42
internal_count=26918 26427 491 73 418 47 26391 66 393 180 155 127 213 61 152 45 82 26325 26283 104 26260 23554 20537 3017 2706 45 2680 48 42 62 42
is_linear=0
shrinkage=0.05


Tree=96
num_leaves=32
num_cat=0
split_feature=11 16 21 14 23 11 8 13 11 25 10 21 18 21 14 21 19 14 14 5 14 18 10 2 2 2 17 15 5 12 4
split_gain=30388.2 56436.1 30235.4 24067.5 42570.1 22493.6 20648.9 21922.3 20045.7 26689.7 30249.5 54560.1 26208.3 36205.8 35784.2 25871.5 29684.7 35555.6 21582.4 31736.3 21168.3 17325.2 16454.7 15439.6 16596.5 27559.3 19612.7 14934.2 15179.8 14866.8 10168.3
threshold=979.00000000000011 204.66539798792584 -0.35001031237109531 153.66267867101888 38.500000000000007 1136.5000000000002 1196.5000000000002 1064.5000000000002 1105.5000000000002 8.5000000000000018 1206.5000000000002 -1.0000000180025095e-35 135.98687856752832 -0.18432748538011692 73.527772530747711 -0.011758892665173158 -0.039992319877118092 56.602583892218433 37.515414575060198 -0.6830127018922193 24.999999999999432 101.39821567232789 994.50000000000011 2010.5000000000002 2012.5000000000002 2015.5000000000002 346.93750000000006 425.04166666666669 -0.24999999999999994 753.00000000000011 2.5000000000000004
decision_type=2 2 2 2 2 2 2 2 2 2 2 2 2 2 2 2 2 2 2 2 2 2 2 2 2 2 2 2 2 2 2
left_child=1 3 5 6 29 -2 7 23 12 15 11 22 18 -14 -15 16 -10 -18 20 -20 -4 -21 -11 27 26 -26 -25 28 -1 -5 -8
right_child=2 -3 8 4 -6 -7 30 -9 9 10 -12 -13 13 14 -16 -17 17 -19 19 21 -22 -23 -24 24 25 -27 -28 -29 -30 -31 -32
leaf_value=-0.23517491076564184 0.29985774265223253 -1.9812284009938759 0.15091925941604323 -0.80623407105862821 2.8030138973941172 2.3502046117158697 0.32024721376138843 -1.4284589068916009 1.1444594040128138 -0.53039356271425875 -1.0199702574375489 3.1310057344029865 0.02575707771211775 0.8493857990507877 3.5285339165525316 -2.1149107169279286 0.39733447767175312 -1.9956200804665825 -1.9897314194640423 1.0860403639344414 2.1983755350112912 -0.72668307925655629 1.0776292224827502 0.10616424822870114 -0.11734918535942174 0.022167959563812161 1.6359563659717686 -1.3090193511882504 0.0034490868718129626 1.0077956200724811 1.8765411448139713
leaf_weight=1242 23 36 34 23 21 32 21 27 27 35 26 21 34 26 24 23 30 32 22 29 20 24 29 2996 4546 15987 21 26 1438 22 21
leaf_count=1242 23 36 34 23 21 32 21 27 27 35 26 21 34 26 24 23 30 32 22 29 20 24 29 2996 4546 15987 21 26 1438 22 21
internal_value=0.0016085 -0.00563334 0.391317 -0.00293074 0.949953 1.49498 -0.00532353 -0.00709599 0.251771 -0.0795564 0.469669 0.926045 0.598551 1.28531 2.13995 -0.623856 -0.23653 -0.838883 0.150669 -0.397901 0.911991 0.265268 0.198708 -0.00562873 0.00736823 -0.00872127 0.116868 -0.118738 -0.10714 0.0807822 1.10112
internal_weight=26918 26427 491 26391 66 55 26325 26283 436 223 111 85 213 84 50 112 89 62 129 75 54 53 64 26256 23550 20533 3017 2706 2680 45 42
internal_count=26918 26427 491 26391 66 55 26325 26283 436 223 111 85 213 84 50 112 89 62 129 75 54 53 64 26256 23550 20533 3017 2706 2680 45 42
is_linear=0
shrinkage=0.05


Tree=97
num_leaves=30
num_cat=0
split_feature=11 16 21 6 16 7 12 11 12 9 19 14 23 11 8 7 19 23 11 6 9 22 12 10 21 16 22 23 16
split_gain=27437.3 50948.4 27295.9 23047.5 39114.8 52276.9 25726.7 36294.7 23700.7 26345.5 23714.8 21731.8 38438.6 20306.4 18645.1 20158.6 18587 18082.8 15241.1 14804.8 27491.9 27673.2 24957.8 15491.5 14199.6 14166.2 13772.6 9765.71 8701.67
threshold=979.00000000000011 204.66539798792584 -0.35001031237109531 0.25000000000000017 164.83609507761162 1206.5000000000002 476.50000000000006 1258.5000000000002 753.00000000000011 1036.0000000000002 0.04165833333333336 153.66267867101888 38.500000000000007 1136.5000000000002 1196.5000000000002 1077.5000000000002 -0.040003839969280301 42.500000000000007 602.50000000000011 -0.5 779.00000000000011 3.5000000000000004 274.50000000000006 822.00000000000011 1.1010638297872344 73.739406018763376 5.5000000000000009 35.500000000000007 77.492472527022912
decision_type=2 2 2 2 2 2 2 2 2 2 2 2 2 2 2 2 2 2 2 2 2 2 2 2 2 2 2 2 2
left_child=1 11 13 4 5 6 28 25 10 17 16 14 18 -2 15 19 -5 -10 -13 20 21 -1 24 -22 -21 -8 -24 -16 -4
right_child=2 -3 3 8 -6 -7 7 -9 9 -11 -12 12 -14 -15 27 -17 -18 -19 -20 22 23 -23 26 -25 -26 -27 -28 -29 -30
leaf_value=-0.21275139275564997 0.28492978929957274 -1.8824413620534035 1.0135147747115709 -0.48981550150407405 2.3774329499723357 -1.6084747748517516 1.1619187229190311 -1.4463963031768798 0.45825912065583091 1.4778681962894349 0.67291153847281615 1.0579418105536726 2.6635273763353791 2.2330604528340969 0.24422171791987635 -1.4831386126481094 -2.2254639403516894 -1.2408410211110907 -0.78239425366350224 -0.071437739746584156 2.264431879898948 0.074159289381394433 -0.077414727133031117 0.42227734659772476 -0.86190272595752981 0.1450473295259406 0.092068291521899936 1.7708936404318831 2.4957619398980593
leaf_weight=946 23 36 20 33 26 30 69 24 37 33 20 21 21 32 20 23 29 27 24 11400 21 7525 1612 25 57 68 4674 22 20
leaf_count=946 23 36 20 33 26 30 69 24 37 33 20 21 21 32 20 23 29 27 24 11400 21 7525 1612 25 57 68 4674 22 20
internal_value=0.00152995 -0.00535129 0.371833 0.239244 0.542554 0.335069 0.625831 0.343316 -0.196266 0.332565 -0.821539 -0.00278343 0.902682 1.42047 -0.00505716 -0.00674143 -1.30401 -0.259288 0.0767599 -0.00544249 0.0487438 0.0421158 -0.0314534 1.26646 -0.0753783 0.657705 0.0486042 1.04633 1.75914
internal_weight=26918 26427 491 436 257 231 201 161 179 97 82 26391 66 55 26325 26283 62 64 45 26260 8517 8471 17743 46 11457 137 6286 42 40
internal_count=26918 26427 491 436 257 231 201 161 179 97 82 26391 66 55 26325 26283 62 64 45 26260 8517 8471 17743 46 11457 137 6286 42 40
is_linear=0
shrinkage=0.05


Tree=98
num_leaves=41
num_cat=0
split_feature=11 16 0 0 19 15 11 21 15 20 5 22 18 18 0 0 11 0 16 15 7 8 20 23 21 20 22 0 10 16 21 16 11 0 19 0 25 11 10 23
split_gain=24769.8 45994.5 25567.1 32306.3 40319.5 34763.5 23067.7 36781.7 34558.5 28688.5 32573.9 23758.9 17956.6 16755.6 30698.7 16681.2 39930.2 15887.3 49239.6 49021.8 25590.5 18416.7 43670.9 17144.3 31896.8 14473.6 14323.7 23930.1 24156.8 22064.1 18636.7 13058.5 12666.8 12547.1 12365.5 12075.9 11999.7 11328.6 8690.38 3018.04
threshold=979.00000000000011 204.66539798792584 16.005000000000003 15.610000000000001 -0.11550863422291995 910.83333333333337 1105.5000000000002 -0.25987493668913386 1074.1666666666667 -0.077337819185645237 0.68301270189221941 1.0000000180025095e-35 135.98687856752832 151.6182095659349 14.555000000000001 13.725000000000001 527.50000000000011 12.870000000000003 115.94574796102505 600.33333333333337 803.00000000000011 876.00000000000011 0.11820650587489624 23.500000000000004 0.3333266666666666 0.034052257266543047 5.5000000000000009 14.255000000000001 881.50000000000011 115.94574796102505 0.30083740443781476 105.90299485864374 1077.5000000000002 12.790000000000001 -0.18164298847336149 16.005000000000003 11.500000000000002 502.00000000000006 927.50000000000011 25.500000000000004
decision_type=2 2 2 2 2 2 2 2 2 2 2 2 2 2 2 2 2 2 2 2 2 2 2 2 2 2 2 2 2 2 2 2 2 2 2 2 2 2 2 2
left_child=1 13 3 4 5 -2 8 11 12 -9 -11 -8 25 17 15 -15 -17 18 19 23 -21 26 38 33 -25 -6 27 28 -19 -29 36 -14 -5 -1 -7 -32 -28 -16 -23 -40
right_child=2 -3 -4 32 6 34 7 9 -10 10 -12 -13 31 14 37 16 -18 21 -20 20 -22 22 -24 24 -26 -27 30 29 -30 -31 35 -33 -34 -35 -36 -37 -38 -39 39 -41
leaf_value=-0.11859089415064915 3.1791815116394702 -1.7885800324648704 1.8462053988692504 -0.1149860746832008 0.3914960596703293 -0.17355506328207937 1.8132661494139199 1.1633288119562823 2.3943274409939148 -1.2681569547706668 0.85757319021009204 -0.38042624693604843 1.7427829767778467 0.79860560656413171 1.9095300352144111 0.80358577270012388 -2.0511885761986295 -0.14640950021966445 2.2973710394000628 -2.4355516047002528 -0.17468709082625034 0.60432044804333684 -2.7924434946544139 0.12486462852327929 0.76410451482986552 -0.97158761254460857 0.062584953041902897 -0.01278587998237401 -1.5455310120843231 1.0962920639837397 -0.17393070294165591 0.13918311649857604 -1.6905016454243569 0.17964195556077928 1.5815028483594826 -1.3590082162645607 -0.11187067590929574 0.62475636024309422 -0.14607586558185406 -1.0148088775463957
leaf_weight=1109 22 36 27 25 52 20 32 20 24 98 22 20 30 29 36 23 26 3885 25 29 22 25 20 1786 219 31 8671 7893 31 45 793 22 26 517 20 22 1112 33 20 20
leaf_count=1109 22 36 27 25 52 20 32 20 24 98 22 20 30 29 36 23 26 3885 25 29 22 25 20 1786 219 31 8671 7893 31 45 793 22 26 517 20 22 1112 33 20 20
internal_value=0.00145508 -0.00508309 0.353298 0.266036 0.412698 1.58711 0.204845 -0.163986 0.650079 -0.585731 -0.878009 0.970332 0.338411 -0.00264327 0.529502 -0.150112 -0.712183 -0.00562616 0.0902939 0.075245 -1.46262 -0.0214041 -0.755564 0.0968865 0.194724 -0.118104 -0.0186211 -0.0563825 -0.157526 -0.00648423 0.0236151 1.066 -0.920024 -0.023757 0.705605 -0.206089 0.0427537 1.29694 -0.125428 -0.582015
internal_weight=26918 26427 491 464 413 62 351 192 159 140 120 52 135 26391 147 78 49 26244 3707 3682 51 22537 85 3631 2005 83 22452 11854 3916 7938 10598 52 51 1626 40 815 9783 69 65 40
internal_count=26918 26427 491 464 413 62 351 192 159 140 120 52 135 26391 147 78 49 26244 3707 3682 51 22537 85 3631 2005 83 22452 11854 3916 7938 10598 52 51 1626 40 815 9783 69 65 40
is_linear=0
shrinkage=0.05


Tree=99
num_leaves=31
num_cat=0
split_feature=11 7 21 8 15 18 11 2 0 17 21 17 20 11 0 9 11 18 19 2 2 2 17 0 15 5 11 14 21 0
split_gain=22369.1 35864.8 23171.1 20918.2 35356.2 32745.1 38497.3 19117.5 69605.2 64176.8 47193.8 44372.9 26152.7 26601.5 25357.9 20373.6 17193.6 16516 15295.4 13774.4 15171.7 25481.3 17483.2 13530.3 13351 13749.8 13258.7 12885.6 12239.3 5469.15
threshold=979.00000000000011 1206.5000000000002 -0.35001031237109531 1196.5000000000002 1074.1666666666667 208.90766236808128 527.50000000000011 2023.5000000000002 14.665000000000001 1118.916666666667 -1.0000000180025095e-35 1201.7916666666667 0.011134356113435608 1258.5000000000002 13.845000000000001 803.00000000000011 1136.5000000000002 135.98687856752832 -0.040003839969280301 2010.5000000000002 2012.5000000000002 2015.5000000000002 346.93750000000006 14.865000000000002 425.04166666666669 -0.24999999999999994 1055.0000000000002 51.013985673110739 -0.071788525006346735 12.790000000000001
decision_type=2 2 2 2 2 2 2 2 2 2 2 2 2 2 2 2 2 2 2 2 2 2 2 2 2 2 2 2 2 2
left_child=1 3 16 4 5 19 -7 8 10 -10 18 12 14 17 29 -16 -2 26 -4 24 22 -22 -21 -19 25 -1 -14 -17 -13 -9
right_child=2 -3 7 -5 -6 6 -8 11 9 -11 -12 28 13 -15 15 27 -18 23 -20 20 21 -23 -24 -25 -26 -27 -28 -29 -30 -31
leaf_value=-0.22249508440294644 0.25702263220048055 -1.6496486100545464 -0.35615797969535812 1.3607080604682189 -1.7768508192058985 2.4522426036624978 -0.35503940664196465 2.2320773739620572 0.36287447363783271 4.0571650319079637 1.0937018729570345 -0.67939790594634275 -1.4093085741204969 -1.9030726765277817 1.2276656558080923 0.44107733205776312 2.0496203849620165 0.90400705719578722 -2.2884146172005981 0.10209587985239205 -0.1122946997546419 0.021798128354512433 1.5464528364592818 -0.5305233025447631 -1.2370254507466751 0.0046111822804785407 0.28648849719792457 -1.273901682721134 -2.4104512399701932 1.1698602228402242
leaf_weight=1242 23 33 20 28 28 29 21 22 23 24 38 21 27 20 28 20 32 57 21 2996 4549 16016 21 23 26 1438 20 24 20 28
leaf_count=1242 23 33 20 28 28 29 21 22 23 24 38 21 27 20 28 20 32 57 21 2996 4549 16016 21 23 26 1438 20 24 20 28
internal_value=0.00138343 -0.00482983 0.335741 -0.00276691 -0.00422023 -0.00232881 1.27473 0.213581 0.732639 2.25404 -0.174138 0.00242424 0.236147 -0.212929 0.777019 0.175618 1.30191 0.0544836 -1.34913 -0.00476282 0.00749746 -0.00786351 0.112202 0.49137 -0.111606 -0.10064 -0.68851 -0.49502 -1.52775 1.64086
internal_weight=26918 26427 491 26394 26366 26338 50 436 126 47 79 310 269 147 122 72 55 127 41 26288 23582 20565 3017 80 2706 2680 47 44 41 50
internal_count=26918 26427 491 26394 26366 26338 50 436 126 47 79 310 269 147 122 72 55 127 41 26288 23582 20565 3017 80 2706 2680 47 44 41 50
is_linear=0
shrinkage=0.05


end of trees

feature_importances:
year=607
lag_1=516
roll12_mean=334
lag_24=315
yoy=287
commodity_id_enc=281
month=279
latitude=275
longitude=263
month_cos=248
roll3_mean=223
roll12_std=214
mom_3=202
roll3_std=199
lag_12=186
month_sin=183
roll6_std=183
mom_1=183
lag_6=160
roll6_mean=157
region_id_enc=153
lag_2=143
market_id_enc=137
lag_3=134
quarter=52
category_id_enc=7

parameters:
[boosting: gbdt]
[objective: regression]
[metric: rmse]
[tree_learner: serial]
[device_type: cpu]
[data_sample_strategy: bagging]
[data: ]
[valid: ]
[num_iterations: 1000]
[learning_rate: 0.05]
[num_leaves: 63]
[num_threads: 0]
[seed: 42]
[deterministic: 0]
[force_col_wise: 0]
[force_row_wise: 0]
[histogram_pool_size: -1]
[max_depth: 8]
[min_data_in_leaf: 20]
[min_sum_hessian_in_leaf: 0.001]
[bagging_fraction: 0.8]
[pos_bagging_fraction: 1]
[neg_bagging_fraction: 1]
[bagging_freq: 5]
[bagging_seed: 400]
[bagging_by_query: 0]
[feature_fraction: 0.8]
[feature_fraction_bynode: 1]
[feature_fraction_seed: 30056]
[extra_trees: 0]
[extra_seed: 12879]
[early_stopping_round: 0]
[early_stopping_min_delta: 0]
[first_metric_only: 0]
[max_delta_step: 0]
[lambda_l1: 0.1]
[lambda_l2: 0.1]
[linear_lambda: 0]
[min_gain_to_split: 0]
[drop_rate: 0.1]
[max_drop: 50]
[skip_drop: 0.5]
[xgboost_dart_mode: 0]
[uniform_drop: 0]
[drop_seed: 17869]
[top_rate: 0.2]
[other_rate: 0.1]
[min_data_per_group: 100]
[max_cat_threshold: 32]
[cat_l2: 10]
[cat_smooth: 10]
[max_cat_to_onehot: 4]
[top_k: 20]
[monotone_constraints: ]
[monotone_constraints_method: basic]
[monotone_penalty: 0]
[feature_contri: ]
[forcedsplits_filename: ]
[refit_decay_rate: 0.9]
[cegb_tradeoff: 1]
[cegb_penalty_split: 0]
[cegb_penalty_feature_lazy: ]
[cegb_penalty_feature_coupled: ]
[path_smooth: 0]
[interaction_constraints: ]
[verbosity: -1]
[saved_feature_importance_type: 0]
[use_quantized_grad: 0]
[num_grad_quant_bins: 4]
[quant_train_renew_leaf: 0]
[stochastic_rounding: 1]
[linear_tree: 0]
[max_bin: 255]
[max_bin_by_feature: ]
[min_data_in_bin: 3]
[bin_construct_sample_cnt: 200000]
[data_random_seed: 175]
[is_enable_sparse: 1]
[enable_bundle: 1]
[use_missing: 1]
[zero_as_missing: 0]
[feature_pre_filter: 1]
[pre_partition: 0]
[two_round: 0]
[header: 0]
[label_column: ]
[weight_column: ]
[group_column: ]
[ignore_column: ]
[categorical_feature: ]
[forcedbins_filename: ]
[precise_float_parser: 0]
[parser_config_file: ]
[objective_seed: 16083]
[num_class: 1]
[is_unbalance: 0]
[scale_pos_weight: 1]
[sigmoid: 1]
[boost_from_average: 1]
[reg_sqrt: 0]
[alpha: 0.9]
[fair_c: 1]
[poisson_max_delta_step: 0.7]
[tweedie_variance_power: 1.5]
[lambdarank_truncation_level: 30]
[lambdarank_norm: 1]
[label_gain: ]
[lambdarank_position_bias_regularization: 0]
[eval_at: ]
[multi_error_top_k: 1]
[auc_mu_weights: ]
[num_machines: 1]
[local_listen_port: 12400]
[time_out: 120]
[machine_list_filename: ]
[machines: ]
[gpu_platform_id: -1]
[gpu_device_id: -1]
[gpu_use_dp: 0]
[num_gpu: 1]

end of parameters

pandas_categorical:[]
