tree
version=v4
num_class=1
num_tree_per_iteration=1
label_index=0
max_feature_idx=25
objective=regression
feature_names=latitude longitude year month quarter month_sin month_cos lag_1 lag_2 lag_3 lag_6 lag_12 lag_24 roll3_mean roll3_std roll6_mean roll6_std roll12_mean roll12_std mom_1 mom_3 yoy commodity_id_enc market_id_enc category_id_enc region_id_enc
feature_infos=[12.48:16.52] [-17.460000000000001:-11.949999999999999] [2002:2025] [1:12] [1:4] [-1:1] [-1:1] [100:1800] [100:1800] [100:1800] [90:1800] [90:1816.5] [90:1816.5] [107.5:1791.6666666666667] [0:433.01270189221958] [114.58333333333333:1700] [0:321.91717361250943] [122.60916666666667:1566.6666666666667] [0:480.29484907237401] [-0.79761904761904767:4.25] [-0.85119047619047616:4.0909090909090908] [-0.76190476190476186:3.8170661773139125] [0:10] [0:55] [0:1] [0:13]
tree_sizes=5272 5331 5287 5332 5324 5303 5305 5286 5310 5279 5332 5333 5280 5320 5300 5301 5312 5295 5324 5257 5304 5330 5298 5316 5372 5288 5294 5294 5349 5320 5358 5302 5333 5363 5329 5367 5357 5373 5332 5375 5305 5336 5368 5347 5330 5371 5391 5326 5389 5375 5438 5347 5426 5355 5406 5418 5391 5409 5400 5416 5368 5418 5441 5369 5383 5399 5377 5371 5400 5436 5416 5347 5397 5391 5363 5420 5389 5466 5368 5404 5387 5242 5400 5381 5435 5367 5403 5448 5397 5430 5430 5423 5441 4920 5432 4906 3244 2596 3286 1831 5401 5435 5407 5448 5443 2544 1751 1512 1999 3223 5505 1523 3229 1583 1183 5440 5450 2601 3296

Tree=0
num_leaves=63
num_cat=0
split_feature=17 7 15 7 15 22 7 15 7 17 5 15 21 2 20 2 2 17 2 4 5 2 8 7 2 17 12 12 22 4 4 7 15 2 5 12 22 22 12 12 25 22 2 7 25 12 12 14 22 7 17 2 2 2 18 17 7 2 21 10 7 7
split_gain=3.65842e+08 9.16297e+07 2.31908e+07 1.46478e+07 1.33949e+07 4.52681e+06 3.27634e+06 3.11409e+06 2.93666e+06 2.90073e+06 1.77867e+06 1.74387e+06 1.69824e+06 1.52248e+06 1.17837e+06 1.0353e+06 996057 925890 798199 752502 752441 745644 674743 627301 620743 528015 467816 432291 422383 418702 384436 379203 378874 373830 325121 317809 305234 288811 261965 234421 223754 206479 205255 196715 196445 188395 184955 179508 172665 171260 162773 155866 154129 147816 145152 143616 141811 139157 136573 132876 130343 124559
threshold=556.87500000000011 319.22000000000008 232.50666666666669 968.50000000000011 442.75000000000006 4.5000000000000009 266.83500000000009 187.16000000000003 394.50000000000006 1120.041666666667 0.25000000000000011 499.91666666666669 0.14292857142857143 2020.5000000000002 0.18202020202020211 2023.5000000000002 2018.5000000000002 897.87500000000011 2020.5000000000002 1.5000000000000002 -0.5 2020.5000000000002 727.50000000000011 1136.5000000000002 2022.5000000000002 207.90791666666669 335.50000000000006 252.75000000000003 4.5000000000000009 2.5000000000000004 2.5000000000000004 168.16500000000005 286.13916666666677 2023.5000000000002 -0.6830127018922193 698.00000000000011 6.5000000000000009 5.5000000000000009 553.12500000000011 553.12500000000011 2.5000000000000004 5.5000000000000009 2019.5000000000002 344.50000000000006 6.5000000000000009 275.50000000000006 393.16500000000002 76.787585802219681 8.5000000000000018 298.47000000000008 456.29166666666669 2021.5000000000002 2010.5000000000002 2012.5000000000002 7.5830591765094422 344.34708333333339 215.31000000000003 2021.5000000000002 -0.13000869982600341 747.50000000000011 552.50000000000011 424.50000000000006
decision_type=2 2 2 2 2 2 2 2 2 2 2 2 2 2 2 2 2 2 2 2 2 2 2 2 2 2 2 2 2 2 2 2 2 2 2 2 2 2 2 2 2 2 2 2 2 2 2 2 2 2 2 2 2 2 2 2 2 2 2 2 2 2
left_child=1 2 7 5 8 10 21 31 18 12 17 36 19 25 20 -12 32 38 45 -5 -11 37 40 29 30 52 -13 42 -20 -14 57 -1 41 -22 58 -19 -6 -4 44 -21 -17 -8 -10 -30 -2 -3 51 -41 -36 -18 -38 55 -9 -54 -45 -29 -27 -23 -15 -40 -28 -53
right_child=3 4 6 9 11 -7 16 13 27 14 15 26 23 34 -16 22 49 35 28 39 33 24 -24 -25 -26 56 60 46 43 -31 -32 -33 -34 -35 48 -37 50 -39 59 47 -42 -43 -44 54 -46 -47 -48 -49 -50 -51 -52 61 53 -55 -56 -57 -58 -59 -60 -61 -62 -63
leaf_value=294.65510257156706 322.00995335029552 301.1434238886464 298.40756553457373 337.54826829114063 307.52705828390282 315.57245739459046 299.01394203519561 295.84953434136446 302.04592321485518 336.43849127974926 340.66978639937406 308.796275879701 339.88923399472719 299.23691845407461 354.71244042781007 329.8067283614273 301.03248532529494 325.31178999278512 302.91772754499499 323.12249461922858 348.62989948306853 299.78869551606977 330.80652331737247 344.64343131036492 298.9430689625446 297.13489890800975 312.61430097810103 301.82679515827073 303.57506780701419 331.79297498779437 303.84412975416768 295.81558799207522 300.96311008389188 340.73599497428665 298.9027747673947 330.83686479907368 308.61342137217844 299.28688056822193 321.85554363132161 326.75700632682566 324.15578389028337 300.18985711156495 305.27037908777072 306.59878356514781 315.85295976999714 302.82100256508983 305.20298795715712 333.07658730674405 301.57875501025222 301.94714846423398 310.95082972628472 306.44018979067476 297.37462127433713 296.50072013509003 304.64111284867346 307.03721799789167 297.83896993023404 303.1523043246022 303.93676522834932 324.91140891212586 314.61856445274748 307.592622033174
leaf_weight=1195 37 324 2102 24 306 99 460 550 56 48 21 75 36 20 21 26 753 53 635 26 37 144 190 33 290 1190 388 28 436 35 163 1729 1574 35 291 61 153 1683 67 35 75 1983 419 106 22 346 182 21 76 1597 150 424 725 1480 909 25 1811 39 67 105 108 537
leaf_count=1195 37 324 2102 24 306 99 460 550 56 48 21 75 36 20 21 26 753 53 635 26 37 144 190 33 290 1190 388 28 436 35 163 1729 1574 35 291 61 153 1683 67 35 75 1983 419 106 22 346 182 21 76 1597 150 424 725 1480 909 25 1811 39 67 105 108 537
internal_value=301.35 300.13 298.541 329.489 305.776 325.563 300.11 296.687 304.514 337.935 327.066 310.51 334.166 297.32 343.52 329.818 300.836 324.57 303.511 329.643 341.519 299.065 329.021 338.745 300.649 297.1 312.496 306.168 303.994 335.947 302.079 295.341 300.358 344.853 300.108 328.291 308.646 298.798 322.723 327.288 325.637 299.968 304.89 304.464 319.743 302.01 306.675 329.179 299.457 301.654 309.773 306.939 296.6 296.788 304.846 304.291 297.56 300.506 302.855 323.734 313.053 307.085
internal_weight=26636 25529 19922 1107 5607 756 10788 9134 4427 351 657 1180 210 6210 141 312 6367 345 2756 106 120 4421 291 104 636 5756 571 1671 2086 71 346 2924 4017 72 454 114 609 3785 231 82 101 2443 475 1451 59 670 1196 56 367 2350 303 1014 2755 2205 1015 53 3001 183 87 172 496 961
internal_count=26636 25529 19922 1107 5607 756 10788 9134 4427 351 657 1180 210 6210 141 312 6367 345 2756 106 120 4421 291 104 636 5756 571 1671 2086 71 346 2924 4017 72 454 114 609 3785 231 82 101 2443 475 1451 59 670 1196 56 367 2350 303 1014 2755 2205 1015 53 3001 183 87 172 496 961
is_linear=0
shrinkage=1


Tree=1
num_leaves=63
num_cat=0
split_feature=17 7 15 7 13 22 7 7 7 17 15 3 21 20 13 0 17 13 5 17 7 13 21 7 13 3 11 7 22 22 18 3 22 11 17 3 0 18 21 0 17 18 5 3 11 21 17 15 0 11 3 7 7 7 0 23 11 22 6 13 6 25
split_gain=3.30244e+08 8.2701e+07 2.02778e+07 1.32286e+07 1.27096e+07 4.08635e+06 2.83446e+06 2.77726e+06 2.75693e+06 2.61836e+06 1.7231e+06 1.60524e+06 1.53263e+06 1.06482e+06 1.04737e+06 920056 835811 709956 679491 575835 566368 498035 409763 397422 389121 377969 303417 287959 280723 264851 233571 217813 206338 198122 187061 175604 173360 226409 171869 163783 162279 160763 152850 151412 193604 138030 134146 130924 124549 121480 111113 113862 111059 94775.3 88408.4 88055.6 81040.2 80711.1 79662.9 79629.3 78435.5 77898
threshold=556.87500000000011 312.75000000000006 232.50666666666669 968.50000000000011 446.16666666666669 4.5000000000000009 189.67000000000004 266.83500000000009 367.50000000000006 1120.041666666667 499.91666666666669 5.5000000000000009 0.14292857142857143 0.18202020202020211 691.91666666666674 13.280000000000003 897.87500000000011 289.04166666666669 -0.5 207.90791666666669 1136.5000000000002 341.75000000000006 0.29876444245409767 169.08500000000001 408.50000000000006 6.5000000000000009 1077.5000000000002 247.75000000000003 6.5000000000000009 6.5000000000000009 116.48902756850808 8.5000000000000018 8.5000000000000018 468.00000000000006 456.29166666666669 7.5000000000000009 12.870000000000003 152.04141648386141 -0.22307634125153522 14.665000000000001 248.33375000000004 7.1980076158145252 -0.24999999999999994 7.5000000000000009 298.16500000000002 -0.12585097022183109 259.02791666666673 299.9641666666667 13.725000000000001 214.14500000000001 8.5000000000000018 217.68000000000004 552.50000000000011 344.50000000000006 14.255000000000001 34.500000000000007 954.00000000000011 5.5000000000000009 0.6830127018922193 203.40333333333336 -0.24999999999999994 8.5000000000000018
decision_type=2 2 2 2 2 2 2 2 2 2 2 2 2 2 2 2 2 2 2 2 2 2 2 2 2 2 2 2 2 2 2 2 2 2 2 2 2 2 2 2 2 2 2 2 2 2 2 2 2 2 2 2 2 2 2 2 2 2 2 2 2 2
left_child=1 2 6 5 8 11 23 27 21 12 29 14 15 18 -2 30 31 40 39 35 25 60 36 -1 43 -14 -20 57 -12 33 -5 -13 52 -6 -31 59 -16 -38 -33 -11 -9 58 -25 44 -10 48 -29 -19 -18 -49 51 -21 -30 -43 -37 -50 -40 -4 -23 -8 -3 -28
right_child=3 4 7 9 10 -7 19 17 24 13 28 16 20 -15 22 -17 45 47 26 50 -22 41 -24 42 -26 -27 61 46 32 34 -32 38 -34 -35 -36 54 37 -39 56 -41 -42 53 -44 -45 -46 -47 -48 49 55 -51 -52 -53 -54 -55 -56 -57 -58 -59 -60 -61 -62 -63
leaf_value=-6.2652156285933511 21.570337634555969 1.5806125276310672 -2.9403233812118064 35.596991015430469 6.4114979056464607 13.501628358669649 -4.2260728009220552 -2.0506826496000872 3.0089075423043146 30.35804637050277 7.4168612230787563 17.371135257641924 36.607185393357213 50.696537918163138 31.504156843168648 22.54722545840449 30.116456280332621 -0.37676042711218716 45.509091156107246 -3.568926654813362 41.124874204883405 3.1229566443978056 35.700365603622508 -5.8050795382191449 5.1387569506684407 28.914738025284905 35.298768839903914 -2.1379270397461823 10.890016503375323 6.8161879169883921 28.041443214581644 19.474874480255167 7.86295212786455 3.2135467221894238 9.2455893217708986 -5.1738747896640263 26.045995458064858 30.040173586715724 23.800826626448853 36.98268244594194 -0.93230285527385548 1.4335457717127353 -4.8390486613289072 3.1220982030905495 4.8904100089769926 22.320717366536456 -1.4159525780715343 3.3397517479468735 23.236911010742187 0.23507018220347276 -3.7855995331136989 -2.8316156287534486 12.817204755693528 2.5907705238479757 -4.3332220750395427 27.516827058000032 20.145629331018654 -2.202279320609954 5.8359020716653847 -3.4734134833601424 0.82668138321105011 40.983602746177063
leaf_weight=1380 70 606 1126 25 279 99 930 367 208 27 63 53 36 21 34 58 23 1260 30 866 33 60 20 606 777 35 21 1705 358 188 23 87 49 59 140 613 130 58 64 21 2793 223 1290 583 403 29 1035 32 32 1710 888 1336 100 865 652 30 27 555 50 572 802 21
leaf_count=1380 70 606 1126 25 279 99 930 367 208 27 63 53 36 21 34 58 23 1260 30 866 33 60 20 606 777 35 21 1705 358 188 23 87 49 59 140 613 130 58 64 21 2793 223 1290 583 403 29 1035 32 32 1710 888 1336 100 865 652 30 27 555 50 572 802 21
internal_value=-0.0102519 -1.16963 -2.71489 26.7245 4.07136 22.9938 -4.44098 -1.22526 2.85631 34.751 8.5702 24.4218 31.1705 40.0577 27.0358 26.8732 22.0506 -0.539163 38.1552 -3.78208 35.5204 1.78899 28.6072 -5.61886 4.26732 32.8612 41.323 -2.1815 10.589 6.84104 32.0426 20.2954 10.9817 5.85441 7.85564 -4.30618 27.9524 27.2936 21.1558 33.3273 -1.06225 2.53834 -5.1481 3.69984 4.2505 25.5863 -1.86527 0.0114732 26.6729 0.292294 -3.31263 -3.12174 11.3135 2.35374 -4.74097 25.3489 22.7397 -2.6968 4.36034 -3.93969 1.15126 38.2319
internal_weight=26636 25529 19716 1107 5813 756 9133 10583 4577 351 1236 657 210 141 312 106 345 6162 120 5857 104 2606 242 3276 1971 71 72 4421 570 666 48 231 507 338 328 2767 222 188 178 48 3160 1198 1896 1194 611 114 2740 3002 85 1742 3090 2202 458 1088 1265 62 91 1681 110 1502 1408 42
internal_count=26636 25529 19716 1107 5813 756 9133 10583 4577 351 1236 657 210 141 312 106 345 6162 120 5857 104 2606 242 3276 1971 71 72 4421 570 666 48 231 507 338 328 2767 222 188 178 48 3160 1198 1896 1194 611 114 2740 3002 85 1742 3090 2202 458 1088 1265 62 91 1681 110 1502 1408 42
is_linear=0
shrinkage=0.05


Tree=2
num_leaves=63
num_cat=0
split_feature=17 7 15 13 13 22 7 7 15 7 15 5 3 21 13 7 5 17 17 12 7 12 16 12 0 1 14 7 15 7 1 7 21 25 22 25 16 15 3 11 7 17 7 7 3 3 5 17 7 17 5 22 25 13 12 3 1 1 13 15 16 22
split_gain=2.98124e+08 7.466e+07 1.88848e+07 1.19706e+07 1.09567e+07 3.41557e+06 2.79103e+06 2.66642e+06 2.57813e+06 2.22152e+06 1.55523e+06 1.54721e+06 1.35659e+06 1.18625e+06 822063 719973 570442 550238 545006 498615 447654 428127 419024 389735 355050 341922 338732 304202 285346 259888 258825 257293 258551 240307 239053 218158 264956 200879 197038 178785 175415 169006 155509 154368 136943 127785 124217 121067 112307 110531 109735 100705 98080.6 95642.1 87325.3 87152.5 88282.8 82041.5 76591.1 76548.8 73086.6 72839.8
threshold=556.87500000000011 319.22000000000008 232.50666666666669 924.41666666666686 446.16666666666669 4.5000000000000009 1136.5000000000002 266.83500000000009 187.16000000000003 367.50000000000006 499.91666666666669 -0.5 5.5000000000000009 0.057735042735042715 691.91666666666674 294.12500000000006 -0.5 207.90791666666669 897.87500000000011 248.87500000000003 917.50000000000011 285.35500000000008 98.29996420654858 335.50000000000006 13.280000000000003 -16.234999999999996 60.135957075058968 168.16500000000005 342.27750000000003 247.75000000000003 -13.139999999999999 794.00000000000011 0.1163452765105152 2.5000000000000004 6.5000000000000009 5.5000000000000009 105.56806440609648 276.02083333333343 8.5000000000000018 468.00000000000006 424.50000000000006 467.04166666666669 208.54000000000005 188.39500000000004 7.5000000000000009 8.5000000000000018 -0.5 259.02791666666673 518.50000000000011 248.33375000000004 -0.24999999999999994 5.5000000000000009 10.500000000000002 424.83333333333343 753.00000000000011 1.5000000000000002 -15.754999999999997 -16.119999999999997 312.06000000000006 325.04166666666669 45.532910363824932 5.5000000000000009
decision_type=2 2 2 2 2 2 2 2 2 2 2 2 2 2 2 2 2 2 2 2 2 2 2 2 2 2 2 2 2 2 2 2 2 2 2 2 2 2 2 2 2 2 2 2 2 2 2 2 2 2 2 2 2 2 2 2 2 2 2 2 2 2
left_child=1 2 8 5 9 12 11 29 27 21 34 22 14 26 -2 49 -15 43 30 53 -13 52 24 46 -5 -18 -8 -1 -23 61 33 55 -33 -14 39 -22 -37 -17 -35 -6 45 -36 -19 -10 -45 -21 -12 -31 -25 -9 -29 -44 -3 60 -20 -16 -57 -24 -54 -42 -11 -4
right_child=3 4 7 6 10 -7 13 15 17 19 23 20 18 16 31 37 25 42 54 40 35 28 57 48 -26 -27 -28 50 -30 47 -32 32 -34 38 41 36 -38 -39 -40 -41 59 -43 51 44 -46 -47 -48 -49 -50 -51 -52 -53 58 -55 -56 56 -58 -59 -60 -61 -62 -63
leaf_value=-6.0573691016430145 20.502948448728414 0.81350339074040134 -2.7933202871970586 26.510295423894071 6.0910378977544246 12.827227346302886 27.571765390093475 -1.9802818965213005 -4.82643388116787 1.4168548815513073 3.5024623577411362 26.746311735697219 21.20731008442004 35.528506368339258 22.205243396442199 -1.0444741307542245 49.004163633677358 -3.7015418381633176 22.436254652631256 4.5026214900770718 30.417970403378224 1.6309923834229243 26.175030401871666 9.8227517989699606 19.231548715855954 40.599437434723733 36.626220566479127 -5.4694788942712185 3.1322423143101212 -2.0310369619006501 23.632906025092318 27.243504903685238 33.68068049281694 13.827124109000804 6.7204602005883052 32.888181391733141 39.068840622426443 0.20218448772237174 18.438634437974809 3.053141258311554 2.0562459400044153 9.2228871542933568 -3.1535163941659135 -3.5904887200246471 -4.3772474806743737 3.3127337582450873 7.9958070805292794 -1.3451617924559696 11.359356990291497 -0.91568897423375462 -4.6632290814415169 -2.3662390106761308 -0.073793611475520923 4.3877732675672618 26.262671846134374 27.400923340120556 23.350840733059492 31.40412589701431 2.2425065403143498 5.2148743754813047 2.8691392643580738 -2.0921852199435556
leaf_weight=1195 71 851 1126 31 279 99 27 266 650 166 22 29 63 30 30 365 27 1064 41 569 37 604 21 255 41 33 20 760 666 1705 31 104 21 32 231 50 35 2811 105 59 20 97 1722 1219 1021 377 53 1035 240 2925 969 534 42 57 35 44 29 21 237 600 182 555
leaf_count=1195 71 851 1126 31 279 99 27 266 650 166 22 29 63 30 30 365 27 1064 41 569 37 604 21 255 41 33 20 760 666 1705 31 104 21 32 231 50 35 2811 105 59 20 97 1722 1219 1021 377 53 1035 240 2925 969 534 42 57 35 44 29 21 237 600 182 555
internal_value=-0.00958543 -1.11114 -2.54563 25.3917 3.98562 21.4591 32.2814 -1.1291 -4.21863 2.81016 8.14196 29.2557 22.867 38.1084 25.2784 -0.474065 41.5236 -3.64209 20.5109 4.054 32.6 1.78853 24.8012 10.0599 22.3979 44.4569 31.4944 -5.44293 2.41845 -2.07244 19.2771 26.7558 28.351 18.5904 6.49918 33.9683 35.4761 0.058883 17.3724 5.56183 4.45851 7.46311 -3.2027 -4.14672 -3.94928 4.02883 6.68424 -1.77202 10.5699 -1.00449 -5.01792 -2.96728 1.0804 2.48917 24.2307 24.7942 25.8262 28.8581 1.8939 5.11334 2.177 -2.56197
internal_weight=26636 25529 19922 1107 5607 705 402 10788 9134 4371 1236 265 606 137 299 6367 90 6210 307 1971 151 2400 114 570 72 60 47 2924 1270 4421 231 228 125 200 666 122 85 3176 137 338 1566 328 3320 2890 2240 946 75 2740 495 3191 1729 2256 1130 405 76 103 73 42 279 620 348 1681
internal_count=26636 25529 19922 1107 5607 705 402 10788 9134 4371 1236 265 606 137 299 6367 90 6210 307 1971 151 2400 114 570 72 60 47 2924 1270 4421 231 228 125 200 666 122 85 3176 137 338 1566 328 3320 2890 2240 946 75 2740 495 3191 1729 2256 1130 405 76 103 73 42 279 620 348 1681
is_linear=0
shrinkage=0.05


Tree=3
num_leaves=63
num_cat=0
split_feature=17 7 15 7 15 22 7 7 7 17 3 2 21 15 13 0 21 2 2 17 2 2 2 3 22 2 17 12 16 3 15 16 25 5 22 2 12 12 12 22 22 12 0 3 2 13 12 5 22 25 15 13 11 0 3 2 2 2 1 15 7 3
split_gain=2.69126e+08 6.73917e+07 1.6511e+07 1.08323e+07 1.0377e+07 3.32547e+06 2.39541e+06 2.32903e+06 2.25945e+06 2.20087e+06 1.32762e+06 1.31412e+06 1.28592e+06 1.25716e+06 857494 777904 750469 749945 732890 671493 668019 602447 562728 498810 374282 363263 350934 349419 345356 343760 336717 313503 311028 288547 286904 285837 263247 259702 253984 229367 224046 215158 200576 198445 195398 193211 181204 175617 175397 169758 168558 166963 164861 152866 170042 145728 385542 330695 211873 148240 135834 127114
threshold=556.87500000000011 312.75000000000006 232.50666666666669 968.50000000000011 442.75000000000006 4.5000000000000009 394.50000000000006 189.67000000000004 266.83500000000009 1120.041666666667 5.5000000000000009 2020.5000000000002 0.14292857142857143 499.91666666666669 691.91666666666674 13.280000000000003 0.057735042735042715 2018.5000000000002 2020.5000000000002 897.87500000000011 2020.5000000000002 2023.5000000000002 2022.5000000000002 7.5000000000000009 5.5000000000000009 2018.5000000000002 207.90791666666669 335.50000000000006 143.04170995981593 6.5000000000000009 178.18000000000004 115.51031486232912 7.5000000000000009 -0.6830127018922193 5.5000000000000009 2022.5000000000002 230.16500000000005 1077.5000000000002 698.00000000000011 5.5000000000000009 6.5000000000000009 553.12500000000011 14.665000000000001 7.5000000000000009 2010.5000000000002 280.1183333333334 266.83500000000009 -0.5 8.5000000000000018 6.5000000000000009 349.35416666666669 1001.1666666666669 308.16500000000002 12.870000000000003 2.5000000000000004 2020.5000000000002 2022.5000000000002 2021.5000000000002 -14.079999999999998 279.19416666666672 424.50000000000006 8.5000000000000018
decision_type=2 2 2 2 2 2 2 2 2 2 2 2 2 2 2 2 2 2 2 2 2 2 2 2 2 2 2 2 2 2 2 2 2 2 2 2 2 2 2 2 2 2 2 2 2 2 2 2 2 2 2 2 2 2 2 2 2 2 2 2 2 2
left_child=1 2 7 5 6 10 18 30 20 12 14 26 15 40 -2 37 42 34 46 41 39 -16 29 32 35 52 47 -15 -18 -22 44 -25 51 -13 -10 -20 -27 -5 -21 -4 -6 49 61 -37 -1 -36 -3 -9 -35 -12 -26 -14 -8 -23 -55 59 57 -57 -58 -19 -38 -11
right_child=3 4 8 9 13 -7 25 11 17 16 19 33 23 27 21 -17 28 55 24 38 22 53 -24 31 50 36 -28 -29 -30 -31 -32 -33 -34 48 45 43 60 -39 -40 -41 -42 -43 -44 -45 -46 -47 -48 -49 -50 -51 -52 -53 -54 54 -56 56 58 -59 -60 -61 -62 -63
leaf_value=-6.3005463653877358 19.469674597725213 -0.73803132400579352 -2.5691296546305855 24.443398621184002 5.3203381414313755 12.186513955802418 -0.0070788730976552626 -4.5355937321230844 -1.9713321472766165 33.344328558622898 17.715821719105353 1.8074573699338938 28.660634829393071 6.3508013157647722 34.075629443127958 20.197716644339636 37.001270428825833 -1.105884429810005 3.2627213540069402 20.397464664552622 -0.59517661380611575 28.601334743563129 -2.093538808214463 23.762031441209722 2.2222285236992714 2.815291154079445 -3.2280263124239941 10.029633710461743 45.097554361043763 2.5613386071857538 -4.5072872990370207 32.627923249961128 40.54933707014245 -1.98556244294483 -1.1245673742733613 1.6907022115041521 4.0693496139342598 32.304021755091824 25.319532458715862 -1.7855311309297588 7.2449381781584039 19.221504696408793 35.836958057929344 0.059565239937865271 -5.1792285808706282 -0.3728007368595409 0.93274377019700216 -3.7010010182248045 0.84564084799693406 12.022675860305716 3.3927891320870218 35.868224961010377 4.1143226496730811 22.816228064712217 26.003217507769701 0.86611466129006276 -0.60753641923230584 3.6249196193186961 2.8279375566484486 0.21347610855547794 5.0896159802448553 27.112570590886595
leaf_weight=568 70 236 2102 21 306 99 74 1049 538 20 37 89 20 75 21 58 39 307 183 53 183 30 290 24 631 246 2793 496 26 163 1454 20 20 263 1626 490 632 27 61 1683 303 172 34 301 1254 1802 519 1594 69 22 602 20 36 93 98 484 522 140 49 694 683 22
leaf_count=568 70 236 2102 21 306 99 74 1049 538 20 37 89 20 75 21 58 39 307 183 53 183 30 290 24 631 246 2793 496 26 163 1454 20 20 263 1626 490 632 27 61 1683 303 172 34 301 1254 1802 519 1594 69 22 602 20 36 93 98 484 522 140 49 694 683 22
internal_value=-0.00896437 -1.05558 -2.45049 24.1254 3.67551 20.7495 2.60926 -4.00804 -1.10632 31.3886 22.0377 -3.41076 28.107 7.86133 24.4148 24.1724 36.2528 -0.487481 1.75523 19.8816 -1.96882 25.8365 -0.469357 32.0901 2.21522 4.12292 -3.61919 9.54763 40.3042 0.892148 -5.07575 27.8569 35.1428 -0.719338 -0.897927 1.48236 4.31863 28.9231 23.0511 -2.22076 6.27894 18.308 32.7393 1.0701 -5.52912 -0.729409 0.410453 -4.03241 -1.39706 15.617 2.79398 32.345 1.34421 25.0385 24.4642 0.253794 0.626558 1.48557 -0.312271 -0.191228 4.59962 30.1523
internal_weight=26636 25529 19716 1107 5813 756 4633 9133 10583 351 657 5857 210 1180 312 106 141 6162 2962 345 4421 242 636 104 2207 1671 5436 571 65 346 3276 44 60 421 3966 974 1561 48 114 3785 609 231 76 791 1822 3428 755 2643 332 59 1233 40 110 221 191 2196 1195 624 571 1001 1315 42
internal_count=26636 25529 19716 1107 5813 756 4633 9133 10583 351 657 5857 210 1180 312 106 141 6162 2962 345 4421 242 636 104 2207 1671 5436 571 65 346 3276 44 60 421 3966 974 1561 48 114 3785 609 231 76 791 1822 3428 755 2643 332 59 1233 40 110 221 191 2196 1195 624 571 1001 1315 42
is_linear=0
shrinkage=0.05


Tree=4
num_leaves=63
num_cat=0
split_feature=17 7 15 13 13 22 3 7 15 7 13 15 2 3 8 2 17 2 13 2 19 17 20 2 2 5 18 2 13 18 0 7 2 5 23 10 22 25 23 2 15 23 22 3 22 25 2 5 22 3 7 5 0 17 20 1 20 22 21 6 21 21
split_gain=2.42946e+08 6.08417e+07 1.53764e+07 9.81566e+06 8.96126e+06 2.77692e+06 2.32915e+06 2.19001e+06 2.12376e+06 1.81394e+06 1.25826e+06 1.25505e+06 1.21886e+06 1.10551e+06 1.06613e+06 714195 783868 671111 668545 479806 473906 445664 422444 419002 396775 640529 390141 383977 351048 318440 303197 284829 276826 266838 260911 255574 251297 238889 238521 228404 220892 220479 212834 202946 196430 179125 170606 226470 164611 161429 184381 160333 151484 150203 149514 146333 140657 138163 125406 124959 121055 116411
threshold=556.87500000000011 319.22000000000008 232.50666666666669 924.41666666666686 446.16666666666669 4.5000000000000009 7.5000000000000009 283.54000000000002 187.16000000000003 367.50000000000006 1093.8333333333335 499.91666666666669 2020.5000000000002 5.5000000000000009 1196.5000000000002 2020.5000000000002 258.0866666666667 2022.5000000000002 691.91666666666674 2020.5000000000002 0.065339824270501903 897.87500000000011 0.10550643512923265 2021.5000000000002 2021.5000000000002 -0.6830127018922193 209.67937252777904 2020.5000000000002 206.01000000000002 179.80921828599855 13.950000000000001 424.50000000000006 2010.5000000000002 -0.6830127018922193 42.500000000000007 676.50000000000011 4.5000000000000009 11.500000000000002 42.500000000000007 2022.5000000000002 273.35666666666674 34.500000000000007 6.5000000000000009 7.5000000000000009 6.5000000000000009 9.5000000000000018 2021.5000000000002 -0.6830127018922193 8.5000000000000018 9.5000000000000018 677.50000000000011 -0.5 14.400000000000002 456.29166666666669 0.034100000000000026 -14.079999999999998 0.26992063492063495 8.5000000000000018 -0.13000869982600341 -0.24999999999999994 0.40043103448275869 0.066673333333333376
decision_type=2 2 2 2 2 2 2 2 2 2 2 2 2 2 2 2 2 2 2 2 2 2 2 2 2 2 2 2 2 2 2 2 2 2 2 2 2 2 2 2 2 2 2 2 2 2 2 2 2 2 2 2 2 2 2 2 2 2 2 2 2 2
left_child=1 2 8 5 9 13 14 15 32 19 29 44 28 18 20 16 -4 24 -2 56 37 34 41 60 25 -17 -16 40 -10 30 -8 51 -1 58 49 -20 -21 54 -37 46 -9 -12 -13 -30 61 -43 47 -29 -44 -15 -51 -25 -34 -46 -5 -41 -3 -35 -14 -26 -11 -6
right_child=3 4 7 6 11 -7 10 27 12 23 22 42 33 21 26 17 -18 -19 35 36 -22 -23 -24 31 59 -27 -28 39 43 -31 -32 -33 52 57 -36 38 -38 -39 -40 55 -42 45 48 -45 53 -47 -48 -49 -50 50 -52 -53 -54 -55 -56 -57 -58 -59 -60 -61 -62 -63
leaf_value=-5.7124482507184808 18.500665864796915 0.68207246883324135 -2.3023111621880648 28.9516460466266 3.4839575745289388 11.577802665009871 23.752713844317881 -1.5245532267165915 -3.9433101914064355 2.4065645004644587 24.265437887316551 6.3185811350443855 -1.7692213352639876 14.754981630202508 35.319847043150872 3.3483280182299051 -1.1687360674229725 -1.7012718761364074 28.993713507524394 1.1518911542242838 35.746412506514808 21.867088351957747 35.462877749256883 2.6870108658971823 5.3166185580628964 -1.0821831655072467 44.553579698702997 3.071975231503413 -2.7917646082992573 27.296514747256325 17.771950675513743 4.7326593550654001 -4.8604757396855529 -1.8755012453283202 21.24885966383566 22.223894399647182 2.4373491765963622 32.779567453705567 26.036644884726332 -0.26161853002021551 -0.17633076606583623 32.740741781322981 9.7180597197044047 -3.5723640795918947 5.8241742747061949 25.966203923011893 3.2306872055128695 0.33848526970144843 6.6387746430220282 15.339925459070663 19.508646057173074 3.8949083863931082 -3.8763369796704339 8.000008401795851 23.504984872271905 2.615573943171142 -1.7718769285536036 0.5178940340974485 2.7349565209423914 2.0301787045370214 -0.26041739581338802 5.5915901850880472
leaf_weight=800 71 567 3057 40 90 99 41 348 2397 106 32 63 20 76 31 115 3044 437 26 554 37 76 25 456 53 280 23 102 1815 23 49 642 1603 291 38 135 1214 29 67 442 2388 28 458 1544 188 20 115 294 49 48 69 696 521 140 24 49 65 76 67 64 71 248
leaf_count=800 71 567 3057 40 90 99 41 348 2397 106 32 63 20 76 31 115 3044 437 26 554 37 76 25 456 53 280 23 102 1815 23 49 642 1603 291 38 135 1214 29 67 442 2388 28 458 1544 188 20 115 294 49 48 69 696 521 140 24 49 65 76 67 64 71 248
internal_value=-0.00838794 -1.0028 -2.29774 22.9221 3.59819 19.361 29.1608 -1.01955 -3.80737 2.53515 25.6322 7.35705 -3.28409 20.6304 33.3252 -1.53828 -1.73676 -0.262244 22.8073 1.61198 30.8034 18.5035 29.6003 3.65911 0.966071 0.208221 39.3279 -0.0411894 -3.48082 21.9222 20.5199 3.8881 -4.91855 -0.789666 17.3879 24.1396 2.03464 28.8005 23.5008 0.79615 -0.347866 27.7262 9.08002 -3.15067 5.88128 29.978 1.53602 1.04318 9.42183 16.6171 17.813 3.41706 -4.61927 6.75505 26.9491 0.0259787 0.42944 -1.37985 1.69861 3.52222 1.33719 5.0316
internal_weight=26636 25529 19922 1107 5607 705 402 10788 9134 4371 218 1236 6210 606 184 7050 6101 949 299 2400 130 307 105 1971 512 395 54 3738 5756 113 90 1794 2924 454 231 228 1768 93 202 1002 2736 80 570 3359 666 48 511 396 507 193 117 1152 2124 328 64 491 632 367 87 117 177 338
internal_count=26636 25529 19922 1107 5607 705 402 10788 9134 4371 218 1236 6210 606 184 7050 6101 949 299 2400 130 307 105 1971 512 395 54 3738 5756 113 90 1794 2924 454 231 228 1768 93 202 1002 2736 80 570 3359 666 48 511 396 507 193 117 1152 2124 328 64 491 632 367 87 117 177 338
is_linear=0
shrinkage=0.05


Tree=5
num_leaves=63
num_cat=0
split_feature=17 7 13 13 13 7 17 22 7 5 7 3 2 12 22 3 2 17 2 2 18 13 7 12 7 5 2 2 25 10 17 8 7 22 2 7 10 3 2 11 3 12 18 5 10 2 13 18 3 17 5 16 2 21 25 2 16 12 2 10 11 2
split_gain=2.19551e+08 5.50419e+07 1.39525e+07 9.16458e+06 7.78291e+06 2.8427e+06 2.42833e+06 2.1873e+06 1.96046e+06 1.66643e+06 1.57262e+06 934675 846364 820066 783021 761115 702927 589936 580571 537344 485567 418188 402924 401115 397029 387106 532496 357508 355841 336529 315430 298898 416312 287962 274136 263941 254250 242062 241418 236237 211247 186867 218659 183040 163906 162165 155360 154887 151910 148506 147029 142353 137052 132239 123446 119296 115423 110735 117643 107954 145195 106680
threshold=556.87500000000011 320.41500000000002 241.58333333333334 924.41666666666686 458.83333333333337 1206.5000000000002 194.31958333333338 4.5000000000000009 394.50000000000006 -0.24999999999999994 283.54000000000002 5.5000000000000009 2020.5000000000002 322.55000000000007 1.0000000180025095e-35 7.5000000000000009 2020.5000000000002 259.02791666666673 2020.5000000000002 2022.5000000000002 95.933840426798213 691.91666666666674 178.87500000000003 255.28000000000003 210.31000000000003 -0.6830127018922193 2021.5000000000002 2018.5000000000002 8.5000000000000018 927.50000000000011 897.87500000000011 1136.5000000000002 917.50000000000011 4.5000000000000009 2023.5000000000002 518.50000000000011 676.50000000000011 7.5000000000000009 2021.5000000000002 928.50000000000011 9.5000000000000018 753.00000000000011 152.04141648386141 -0.5 260.31000000000006 2021.5000000000002 358.41666666666669 108.57016622814818 8.5000000000000018 297.37833333333339 -0.5 77.459666924148308 2010.5000000000002 -0.15497073984873447 12.500000000000002 2010.5000000000002 51.639777949431611 248.87500000000003 2021.5000000000002 442.50000000000006 414.00000000000006 2020.5000000000002
decision_type=2 2 2 2 2 2 2 2 2 2 2 2 2 2 2 2 2 2 2 2 2 2 2 2 2 2 2 2 2 2 2 2 2 2 2 2 2 2 2 2 2 2 2 2 2 2 2 2 2 2 2 2 2 2 2 2 2 2 2 2 2 2
left_child=1 2 6 7 8 9 22 11 18 20 16 21 24 50 31 28 17 48 49 25 -5 -2 55 45 -8 -18 -27 44 -7 39 40 32 -11 -20 37 56 -23 38 -14 -22 47 42 -31 -26 -12 -10 -25 -13 -4 -3 54 -34 -24 -42 -6 -1 -15 -35 -59 60 -48 -54
right_child=3 4 10 5 13 15 12 -9 23 14 27 30 34 35 -16 -17 19 -19 33 -21 29 36 52 46 43 26 -28 -29 -30 41 -32 -33 51 57 -36 -37 -38 -39 -40 -41 53 -43 -44 -45 -46 -47 59 -49 -50 -51 -52 -53 61 -55 -56 -57 -58 58 -60 -61 -62 -63
leaf_value=-5.5508292739557277 17.843876768348682 -0.96627770647519551 -1.7955447675951195 16.891342716767721 2.9121490448103629 35.924254597286215 -3.5280889597710763 11.179771732650581 0.1816138696749873 22.917930617490651 -1.5199429642414661 18.301505184648047 -1.4531467163688105 7.9467387258093316 21.420447763134931 29.720626304605901 3.4409370967447988 -1.0570704072719657 1.2311478189010281 -1.3893265950234466 24.748745177933387 28.014941189300391 -4.9424778394251065 1.3715678205246937 -3.2198640869520609 -1.0536107884333779 3.4656523449884156 0.46080263166864094 44.962425360988028 19.297003120688061 20.29376145933027 36.426670396271469 28.268520213049545 1.4211005962055843 -3.0745438450083551 9.8020587125829177 22.003895552167045 2.0159126396324889 2.9375519740955105 17.857032351084364 16.458745235088365 28.660301332963559 26.93718569064027 -2.4203056015889661 -0.30410133748285589 2.9499826309391497 4.357444215408508 13.117513010390523 -2.5973841900300259 0.84507235724466645 6.2173328543859689 32.686241142156767 -3.8197819211966002 19.854469227839392 6.8079235112095233 -4.7152912169841672 4.3425975071444061 1.6065620587758442 2.8949366355638104 5.0998971103197661 2.7121822167097744 -1.5095068300067807
leaf_weight=622 62 145 1482 38 83 35 2547 94 60 21 334 20 290 385 29 37 133 2824 612 372 21 21 283 45 1084 229 91 1827 20 20 75 21 38 200 120 253 192 85 35 36 87 33 21 2117 1628 448 823 62 984 514 174 59 1405 49 27 1401 24 212 1093 364 161 52
leaf_count=622 62 145 1482 38 83 35 2547 94 60 21 334 20 290 385 29 37 133 2824 612 372 21 21 283 45 1084 229 91 1827 20 20 75 21 38 200 120 253 192 85 35 36 87 33 21 2117 1628 448 823 62 984 514 174 59 1405 49 27 1401 24 212 1093 364 161 52
internal_value=-0.00535537 -0.942695 -2.17448 21.9596 3.42646 27.6555 -3.48787 18.2648 2.58975 25.5107 -0.842901 19.4352 -2.88578 7.56242 29.056 35.4759 -1.33885 -1.55055 1.74252 0.0186087 21.9712 21.5419 -4.49226 3.82679 -3.06207 1.17486 0.23222 -0.0424871 39.2866 23.4306 17.4512 30.6324 29.5713 2.14594 -0.973672 8.5272 22.6094 -0.35817 -0.979529 20.4351 16.4644 25.7073 23.2664 -2.69117 -0.511149 2.62312 4.26552 14.4027 -2.11559 0.446427 5.31131 30.9865 -3.93371 17.6959 3.87374 -4.97245 7.73637 2.51783 2.68578 4.36201 4.08856 -3.73744
internal_weight=26659 25568 19945 1091 5623 429 10041 662 4677 337 9904 568 6278 946 168 92 6115 5290 2776 825 169 275 3763 1901 5748 453 320 3789 55 131 293 139 118 2117 530 662 213 410 325 57 218 74 41 3201 1962 508 1393 82 2466 659 284 97 1740 136 110 2023 409 1505 1305 1348 984 1457
internal_count=26659 25568 19945 1091 5623 429 10041 662 4677 337 9904 568 6278 946 168 92 6115 5290 2776 825 169 275 3763 1901 5748 453 320 3789 55 131 293 139 118 2117 530 662 213 410 325 57 218 74 41 3201 1962 508 1393 82 2466 659 284 97 1740 136 110 2023 409 1505 1305 1348 984 1457
is_linear=0
shrinkage=0.05


Tree=6
num_leaves=63
num_cat=0
split_feature=17 13 13 15 13 13 15 2 4 13 17 13 2 2 5 12 12 11 17 2 2 5 10 12 15 0 15 6 2 15 2 2 13 2 6 13 0 6 15 18 14 6 11 1 4 1 14 2 17 13 2 21 23 23 23 5 12 19 4 5 17 5
split_gain=1.98191e+08 4.90094e+07 1.33589e+07 8.56941e+06 6.70047e+06 2.3018e+06 2.2055e+06 1.66949e+06 1.56682e+06 1.54465e+06 1.40667e+06 1.1112e+06 1.01842e+06 972980 906752 751451 740052 656119 664269 644617 577100 730439 476145 462246 446279 366120 358253 324215 283912 281630 254453 252927 249428 240114 238272 236645 230418 282828 212136 208584 318566 195601 194359 188626 183479 172856 164221 152719 151029 150310 146662 144146 143122 140120 132806 132661 128305 124222 124048 123428 113757 111937
threshold=556.87500000000011 324.94500000000011 241.58333333333334 1009.2500000000001 458.83333333333337 600.50000000000011 199.20166666666668 2020.5000000000002 2.5000000000000004 399.83333333333343 261.59375000000006 1093.8333333333335 2022.5000000000002 2022.5000000000002 0.25000000000000011 753.00000000000011 322.55000000000007 784.35500000000013 1120.041666666667 2020.5000000000002 2021.5000000000002 -0.6830127018922193 752.50000000000011 285.35500000000008 176.70166666666668 15.190000000000001 288.92333333333335 0.25000000000000017 2021.5000000000002 221.68750000000003 2023.5000000000002 2011.5000000000002 348.70833333333343 2020.5000000000002 0.6830127018922193 764.50000000000011 12.870000000000003 -0.68301270189221952 499.91666666666669 247.46463367108854 101.03629710818437 -0.24999999999999994 312.75000000000006 -14.079999999999998 2.5000000000000004 -16.224999999999998 57.735026918962809 2010.5000000000002 238.0266666666667 425.08333333333343 2009.5000000000002 -0.096340919232485486 41.500000000000007 43.500000000000007 23.500000000000004 -0.5 777.50000000000011 0.052068027210884445 2.5000000000000004 -0.5 297.37833333333339 -0.24999999999999994
decision_type=2 2 2 2 2 2 2 2 2 2 2 2 2 2 2 2 2 2 2 2 2 2 2 2 2 2 2 2 2 2 2 2 2 2 2 2 2 2 2 2 2 2 2 2 2 2 2 2 2 2 2 2 2 2 2 2 2 2 2 2 2 2
left_child=1 2 6 5 9 46 24 10 11 23 48 27 -7 20 22 17 55 -10 34 29 21 -9 45 28 47 -17 -12 -5 -3 59 44 -11 -25 -26 -19 53 56 -38 -18 40 -13 -22 -30 61 -21 -14 -2 -1 -4 -33 -28 -37 -20 -16 -53 -6 -24 -34 -35 -8 -23 -15
right_child=3 4 7 8 16 12 19 13 15 31 26 39 14 43 35 25 38 18 52 30 41 60 36 32 33 -27 50 -29 42 -31 -32 49 57 58 -36 51 37 -39 -40 -41 -42 -43 -44 -45 -46 -47 -48 -49 -50 -51 -52 54 -54 -55 -56 -57 -58 -59 -60 -61 -62 -63
leaf_value=-5.3947707509858063 10.942791404317123 -0.27384736984294861 -2.4379749456798292 31.868975882513826 3.6805013561768494 28.988898336476293 -3.6254198138884153 3.0811949482230121 30.04717252469176 0.40716092728378678 -0.92305454373884466 29.933778135471432 17.617800536270405 -1.6611141935700051 18.395254475028679 25.564475872104765 6.5741567267234551 11.389571067468443 21.481206059752658 -1.0594612056455297 4.3331656866134134 -0.84162558329243464 19.09430404896937 1.6207447331467089 -3.8093638475856268 33.145071806543299 -1.746370392702195 24.688231867339439 2.1253395464983398 -2.4036330661791347 -2.9209447424775061 3.5021810141594196 2.6411164648662706 -2.2949039925335164 19.147167382986058 20.514000371053676 22.333048875476116 16.809572014542987 8.6313006525344544 41.633530057840687 39.255436771627856 1.8946477427272908 0.73282678719602179 2.3494686493527488 1.3048889902430179 12.980677519082713 15.966516652273299 -4.4250633025263317 -1.6761965402503773 4.5230959091965657 0.0081497740550062515 21.358202032298994 27.650851364515315 23.210195831754312 25.602280145276367 5.9066447956510011 24.7840467007006 4.0360649922604237 1.8569251222729186 -2.9236961941246955 0.6263136639148621 -0.43415137038162932
leaf_weight=594 103 271 956 29 110 26 928 241 21 52 2970 21 29 303 99 41 171 20 24 246 189 315 26 583 2423 30 126 42 601 2257 120 814 784 71 21 73 28 174 491 20 21 146 430 47 123 76 20 1307 2043 652 2148 39 20 20 48 174 20 201 24 1949 227 481
leaf_count=594 103 271 956 29 110 26 928 241 21 52 2970 21 29 303 99 41 171 20 24 246 189 315 26 583 2423 30 126 42 601 2257 120 814 784 71 21 73 28 174 491 20 21 146 430 47 123 76 20 1307 2043 652 2148 39 20 20 48 174 20 201 24 1949 227 481
internal_value=-0.00497782 -0.895554 -2.0195 20.8642 3.368 18.0676 -3.31379 -0.744246 27.9017 2.54506 -1.05541 32.0324 19.2424 0.57177 18.8369 24.7815 7.1845 22.0587 20.0521 -2.65681 1.53487 0.791618 17.1372 1.86269 -4.1497 28.8097 -0.561445 27.662 1.16619 -2.82203 -0.921912 3.83496 2.44093 -3.71267 15.4 20.9805 18.342 17.5859 8.101 36.9845 34.6769 3.27131 1.5447 -0.723973 -0.271191 14.277 11.772 -4.72834 -1.91911 3.95651 -0.0891367 22.2746 24.342 19.2233 23.7265 5.04602 21.6166 2.92616 -1.24512 -3.15016 -0.226813 -0.908505
internal_weight=26659 25568 20234 1091 5334 781 10042 10192 310 4388 8243 133 658 1949 632 177 946 106 85 5623 1118 783 353 2870 4419 71 5244 71 1302 5134 489 1518 1568 2518 41 279 248 202 662 62 42 335 1031 831 369 105 123 1901 2999 1466 2274 160 44 119 87 284 46 985 95 2877 542 784
internal_count=26659 25568 20234 1091 5334 781 10042 10192 310 4388 8243 133 658 1949 632 177 946 106 85 5623 1118 783 353 2870 4419 71 5244 71 1302 5134 489 1518 1568 2518 41 279 248 202 662 62 42 335 1031 831 369 105 123 1901 2999 1466 2274 160 44 119 87 284 46 985 95 2877 542 784
is_linear=0
shrinkage=0.05


Tree=7
num_leaves=63
num_cat=0
split_feature=17 7 15 15 7 7 15 7 7 7 2 2 5 5 15 5 2 24 7 7 23 18 2 7 17 6 2 4 25 2 5 2 2 2 2 2 15 7 2 13 5 23 5 7 2 5 17 5 25 10 6 1 7 6 0 17 7 18 4 1 6 18
split_gain=1.78916e+08 4.49022e+07 1.14869e+07 7.73991e+06 6.36457e+06 2.2507e+06 2.08324e+06 1.62141e+06 1.59862e+06 1.24913e+06 937460 817179 731072 708838 641725 588559 486814 468059 429743 374939 373764 363428 333686 330456 313556 311991 284140 245344 244937 243869 253031 267548 240420 351203 238094 228246 268188 224410 223544 204314 195836 185251 171371 170154 164060 205648 161241 159952 152926 151766 150898 148101 133305 128256 136390 128069 122561 119487 117531 115028 106302 105292
threshold=556.87500000000011 320.41500000000002 241.65083333333334 1009.2500000000001 464.00000000000006 677.50000000000011 199.20166666666668 394.50000000000006 1206.5000000000002 283.54000000000002 2020.5000000000002 2022.5000000000002 -0.24999999999999994 0.25000000000000011 499.91666666666669 -0.5 2020.5000000000002 1.0000000180025095e-35 169.08500000000001 1105.5000000000002 29.500000000000004 95.933840426798213 2019.5000000000002 259.30500000000006 897.87500000000011 0.25000000000000017 2020.5000000000002 3.5000000000000004 8.5000000000000018 2023.5000000000002 -0.6830127018922193 2021.5000000000002 2022.5000000000002 2021.5000000000002 2022.5000000000002 2011.5000000000002 425.04166666666669 217.68000000000004 2020.5000000000002 1064.5000000000002 -0.6830127018922193 35.500000000000007 -0.24999999999999994 344.50000000000006 2021.5000000000002 -0.6830127018922193 307.60416666666669 -0.5 2.5000000000000004 260.31000000000006 -0.24999999999999994 -16.234999999999996 552.50000000000011 -0.68301270189221952 12.870000000000003 297.93041666666676 876.00000000000011 7.5830591765094422 2.5000000000000004 -14.079999999999998 0.25000000000000017 32.373062119952316
decision_type=2 2 2 2 2 2 2 2 2 2 2 2 2 2 2 2 2 2 2 2 2 2 2 2 2 2 2 2 2 2 2 2 2 2 2 2 2 2 2 2 2 2 2 2 2 2 2 2 2 2 2 2 2 2 2 2 2 2 2 2 2 2
left_child=1 2 6 5 7 17 18 16 12 22 37 -7 21 24 46 -10 55 -2 -1 25 -19 -5 23 -4 27 -14 49 41 -17 30 -12 -32 33 40 44 -9 -37 -8 42 -27 -24 -13 -20 -18 45 -28 -6 -39 -23 -11 -35 -50 -16 -26 -55 -3 -15 60 -40 -36 -45 -48
right_child=3 4 9 8 14 11 10 35 15 26 29 13 19 56 52 28 43 20 38 -21 -22 48 32 -25 53 39 34 -29 -30 -31 31 -33 -34 50 59 36 -38 47 58 -41 -42 -43 -44 57 -46 -47 61 -49 51 -51 -52 -53 -54 54 -56 -57 -58 -59 -60 -61 -62 -63
leaf_value=-4.703924065039284 10.12167571792029 -0.87559286712793138 -1.8238306339770833 14.91198826830534 1.7748685443916195 27.545006950056873 -3.096143299509738 0.32164804631588506 26.77002006161247 -1.1448846427648653 2.2095010392229191 11.556556032184247 30.343588537457347 19.725833896453391 7.533084796501007 32.370772867664655 1.2665682731671088 12.39492944918265 -4.124352481659435 33.241116894774173 17.992035524153227 18.725028246020837 1.1135087830378159 -0.98366055836640387 21.32846900526954 21.597426499935729 2.9271487459867864 17.024124869513333 39.742460653037512 -2.8103761696658465 -1.2265981450498815 2.9675167158955622 -1.387382855877942 5.3935852836160096 -0.30412883022113679 3.1204943437182697 4.3944399248856207 -2.8785153770771523 -2.2561717950541644 27.339791847594991 -0.82131493599783156 17.267861035095518 -3.3638117339659668 1.7847390972439898 3.0729999831744603 0.30424475467179041 6.9703954134351722 -2.1571664208509782 20.382214818294578 -0.1109213897514823 1.2614867311284501 26.111242756326181 9.4982121587990651 21.219646920299077 16.414217075342304 0.76666326505455706 22.524738789753744 2.1095915834415391 1.7644641100618355 2.5234249954028507 5.0831450268288068 5.0825853251078277
leaf_weight=1306 93 155 2116 21 30 26 2159 56 35 419 102 55 26 189 437 35 657 70 1328 20 54 22 182 2620 35 47 100 92 22 91 276 44 403 39 449 1192 634 1259 74 27 464 20 1687 39 121 295 102 1980 21 2317 51 34 110 21 68 506 58 1360 24 39 66 279
leaf_count=1306 93 155 2116 21 30 26 2159 56 35 419 102 55 26 189 437 35 657 70 1328 20 54 22 182 2620 35 47 100 92 22 91 276 44 403 39 449 1192 634 1259 74 27 464 20 1687 39 121 295 102 1980 21 2317 51 34 110 21 68 506 58 1360 24 39 66 279
internal_value=-0.00460948 -0.850772 -1.96333 19.8238 3.09548 17.166 -3.12097 2.33308 26.512 -0.719579 -2.50696 18.8331 24.1505 18.407 6.80736 32.0756 1.56642 12.8263 -3.94223 26.7966 14.845 20.8862 -1.17428 -1.35907 16.7158 25.4758 -0.00529797 15.271 35.2807 -0.464289 0.0421554 -0.649145 -0.405842 0.131713 0.714094 3.46661 3.56304 -2.70107 -3.62253 23.7267 -0.276114 13.1006 -3.69893 1.93549 1.46278 0.968857 5.31175 -2.43764 22.494 -0.269304 3.05612 23.9648 7.92994 18.6477 17.5707 0.381484 20.3919 2.23537 -1.27068 -0.0776754 3.86093 5.58969
internal_weight=26659 25568 19945 1091 5623 781 10330 4665 310 9615 5911 564 218 538 958 92 2783 217 4419 120 124 98 5875 4736 291 100 3740 167 57 513 422 320 1139 736 1004 1882 1826 5398 3113 74 646 75 3015 2122 516 395 411 3239 77 2736 90 55 547 124 89 661 247 1465 98 488 105 381
internal_count=26659 25568 19945 1091 5623 781 10330 4665 310 9615 5911 564 218 538 958 92 2783 217 4419 120 124 98 5875 4736 291 100 3740 167 57 513 422 320 1139 736 1004 1882 1826 5398 3113 74 646 75 3015 2122 516 395 411 3239 77 2736 90 55 547 124 89 661 247 1465 98 488 105 381
is_linear=0
shrinkage=0.05


Tree=8
num_leaves=63
num_cat=0
split_feature=17 13 13 13 13 3 17 22 2 13 8 17 13 3 2 12 22 20 2 2 16 12 13 17 13 0 5 11 17 2 2 10 10 13 22 5 2 13 17 6 2 2 16 3 2 17 13 2 3 22 8 5 2 23 21 2 25 5 2 19 3 8
split_gain=1.6151e+08 3.99525e+07 1.0899e+07 6.78818e+06 5.46132e+06 2.09211e+06 1.81771e+06 1.61929e+06 1.39e+06 1.38683e+06 1.09927e+06 966345 903287 688513 615754 484341 466916 461037 436573 836719 429260 409772 316078 298438 298247 293750 268644 249574 245460 241876 235079 229670 226543 214188 212896 209930 587782 205559 180763 176795 172261 171971 202058 171535 168068 165659 149865 149535 145556 130452 129687 127805 121977 118706 117264 115422 110121 120374 109482 106193 101868 100561
threshold=556.87500000000011 324.94500000000011 241.58333333333334 924.41666666666686 466.83333333333343 6.5000000000000009 194.31958333333338 4.5000000000000009 2019.5000000000002 399.83333333333343 1105.5000000000002 262.51625000000007 1150.8333333333337 5.5000000000000009 2020.5000000000002 318.54000000000002 1.0000000180025095e-35 0.13334166666666661 2022.5000000000002 2021.5000000000002 98.29996420654858 283.54000000000002 691.91666666666674 222.22208333333336 174.91666666666671 13.280000000000003 -0.5 877.50000000000011 897.87500000000011 2021.5000000000002 2011.5000000000002 676.50000000000011 1387.5000000000002 283.34833333333336 8.5000000000000018 -0.6830127018922193 2020.5000000000002 348.70833333333343 289.77083333333343 -0.68301270189221952 2022.5000000000002 2023.5000000000002 61.481865506277082 9.5000000000000018 2010.5000000000002 508.60416666666669 425.08333333333343 2012.5000000000002 7.5000000000000009 5.5000000000000009 1036.0000000000002 -0.24999999999999994 2023.5000000000002 35.500000000000007 -0.15497073984873447 2010.5000000000002 12.500000000000002 -0.5 2021.5000000000002 0.052068027210884445 7.5000000000000009 504.00000000000006
decision_type=2 2 2 2 2 2 2 2 2 2 2 2 2 2 2 2 2 2 2 2 2 2 2 2 2 2 2 2 2 2 2 2 2 2 2 2 2 2 2 2 2 2 2 2 2 2 2 2 2 2 2 2 2 2 2 2 2 2 2 2 2 2
left_child=1 2 6 7 9 10 24 13 11 21 16 49 20 22 23 56 41 26 19 35 25 29 -2 44 -1 -7 53 -22 43 -3 -11 -24 -12 -13 52 36 -10 -23 -37 -21 -31 42 -5 -15 -8 -17 -32 -46 -42 -4 -29 -20 58 -14 -45 -26 57 61 -16 -39 -36 -6
right_child=3 4 8 5 15 12 14 -9 18 30 32 33 17 28 34 45 -18 -19 51 39 27 37 31 -25 55 -27 -28 50 -30 40 46 -33 -34 -35 60 38 -38 59 -40 -41 48 -43 -44 54 47 -47 -48 -49 -50 -51 -52 -53 -54 -55 -56 -57 -58 -59 -60 -61 -62 -63
leaf_value=-4.3619740575782844 15.257094451118016 -0.33473936610832866 -2.0467535240580541 24.297901111811544 3.7081543436665054 20.003605693344625 -3.6005047496270333 9.5591275502720769 -0.75597349929254798 0.30449732182895639 31.036188263207936 -0.9099453963133689 18.148440977301728 12.236748685151449 -1.1373654717594888 6.6883028300660134 18.258922048993583 31.605682767801614 -1.4674626821058301 4.6543522510653226 26.171980343497758 1.4798757251239072 24.50078030988503 -2.1711038794812234 -4.2783944449942268 13.997236378549914 27.910336865477298 16.630497703710532 17.464392009587808 2.5466454040446096 3.1641937229646437 18.827205492741488 38.265059354519956 -0.23196909973599095 0.3598463991082127 -0.73667443293359958 2.8263901066886397 2.3974534906966523 0.54183968405752492 2.1891715771561517 1.4691133828102894 24.165199015885925 31.077358895760995 14.041709176379971 -2.0549414353340918 8.3326619213861282 4.1525778842594683 -2.9323023728238784 0.0062834162617921357 -1.3508504070061729 22.111608193425223 -0.18537157707572602 -2.7026911467593724 23.215728960682064 17.216025022673755 -3.2950658709388314 6.5813307729065915 5.1523752545061683 1.8647420462625117 3.6861482521542221 4.1406576197900815 -0.43679924745695287
leaf_weight=1662 62 263 1645 20 48 33 705 94 218 55 34 2431 25 82 278 363 21 20 310 107 21 590 21 2244 362 58 20 24 75 237 814 192 21 2237 78 598 241 790 514 228 541 45 35 87 627 271 730 2173 248 1142 24 521 117 28 49 1739 59 103 34 201 23 21
leaf_count=1662 62 263 1645 20 48 33 705 94 218 55 34 2431 25 82 278 363 21 20 310 107 21 590 21 2244 362 58 20 24 75 237 814 192 21 2237 78 598 241 790 514 228 541 45 35 87 627 271 730 2173 248 1142 24 521 117 28 49 1739 59 103 34 201 23 21
internal_value=-0.00427635 -0.808226 -1.82302 18.8349 3.04127 23.737 -2.99209 15.6551 -0.671142 2.33729 27.9391 -1.02494 20.8039 16.6621 -2.47124 6.67765 25.2216 24.7495 0.292532 0.709488 18.4965 1.67975 18.4702 -2.62158 -3.8611 16.195 22.8303 21.504 14.9593 1.01795 3.51733 19.3978 33.8608 -0.585058 -0.840286 0.225647 1.12516 2.21921 -0.145706 2.97773 1.3647 26.664 28.6608 14.0898 -2.90992 7.39239 3.63174 -2.73592 1.00938 -1.76166 19.4114 -0.663774 -1.32649 20.8643 15.1972 -3.46469 4.71362 4.06947 -0.809704 2.65918 1.22412 2.44777
internal_weight=26659 25568 20234 1091 5334 429 10042 662 10192 4469 176 7455 253 568 6279 865 121 93 2737 1906 160 2870 275 5749 3763 91 73 69 293 1289 1599 213 55 4668 530 1571 459 1581 1112 335 1026 100 55 218 3505 634 1544 2800 789 2787 48 831 429 53 136 2101 231 172 312 991 101 69
internal_count=26659 25568 20234 1091 5334 429 10042 662 10192 4469 176 7455 253 568 6279 865 121 93 2737 1906 160 2870 275 5749 3763 91 73 69 293 1289 1599 213 55 4668 530 1571 459 1581 1112 335 1026 100 55 218 3505 634 1544 2800 789 2787 48 831 429 53 136 2101 231 172 312 991 101 69
is_linear=0
shrinkage=0.05


Tree=9
num_leaves=63
num_cat=0
split_feature=15 7 15 15 15 15 7 7 7 7 2 2 5 5 22 5 7 2 7 17 18 17 2 22 2 22 25 2 5 2 13 6 2 2 7 25 20 2 2 5 17 5 5 2 5 25 1 6 2 20 5 2 0 21 18 1 7 5 14 15 2 7
split_gain=1.45882e+08 3.69216e+07 9.39516e+06 6.12943e+06 5.3204e+06 1.81351e+06 1.67339e+06 1.40916e+06 1.31285e+06 947976 799152 785765 606082 560697 553032 489187 439556 401127 357718 356079 314512 249291 239559 265529 236505 236242 221895 216792 226864 231131 215047 204900 203030 280298 201569 195961 193706 187606 176984 153051 148512 145667 140400 153337 138531 132207 138860 128962 125293 123088 179071 117332 113026 109797 109465 107665 107254 102479 98771.5 98653.2 95076.6 91047.7
threshold=586.08333333333337 320.41500000000002 243.52083333333334 1009.2500000000001 458.41666666666669 199.20166666666668 677.50000000000011 394.50000000000006 1206.5000000000002 283.54000000000002 2020.5000000000002 2022.5000000000002 -0.24999999999999994 0.25000000000000011 1.0000000180025095e-35 -0.5 489.00000000000006 2020.5000000000002 169.08500000000001 601.66666666666686 95.933840426798213 897.87500000000011 2019.5000000000002 5.5000000000000009 2018.5000000000002 4.5000000000000009 8.5000000000000018 2023.5000000000002 -0.6830127018922193 2021.5000000000002 421.11166666666674 0.25000000000000017 2022.5000000000002 2021.5000000000002 219.58500000000001 2.5000000000000004 -0.14982993197278913 2020.5000000000002 2021.5000000000002 -0.24999999999999994 522.95833333333337 -0.6830127018922193 1.0000000180025095e-35 2022.5000000000002 -0.5 2.5000000000000004 -16.234999999999996 -0.24999999999999994 2011.5000000000002 0.047625850340136118 -0.5 2024.5000000000002 13.795000000000002 0.29876444245409767 152.04141648386141 -16.224999999999998 876.00000000000011 1.0000000180025095e-35 92.376043070340032 354.40333333333336 2010.5000000000002 259.30500000000006
decision_type=2 2 2 2 2 2 2 2 2 2 2 2 2 2 2 2 2 2 2 2 2 2 2 2 2 2 2 2 2 2 2 2 2 2 2 2 2 2 2 2 2 2 2 2 2 2 2 2 2 2 2 2 2 2 2 2 2 2 2 2 2 2
left_child=1 2 5 6 7 18 19 17 12 22 34 -8 20 21 36 -10 -6 53 -1 -2 -5 31 23 -4 -11 59 -17 28 55 -30 38 52 33 41 -7 -21 -14 39 -9 60 -18 -24 43 -40 -36 -22 -47 -35 -32 -23 -51 -50 -13 -3 -38 -12 -15 -39 -58 -19 -20 -25
right_child=3 4 9 8 16 10 11 30 15 24 27 13 14 56 -16 26 40 25 37 35 45 49 32 61 -26 -27 -28 -29 29 -31 48 -33 -34 47 44 -37 54 57 42 -41 -42 -43 -44 -45 -46 46 -48 -49 51 50 -52 -53 -54 -55 -56 -57 58 -59 -60 -61 -62 -63
leaf_value=-4.2565006917205777 9.1378625507331517 0.65313119132486119 -1.7434758127303067 13.297306774832061 4.2796824859329003 -2.7834699623765857 25.383484066896333 0.42704906717549129 24.165708088671042 -0.38136658250638605 4.0431421122943378 15.089791820772843 22.522308649415493 17.738969840781518 16.702029563578382 29.175948888012488 6.4409548000273276 0.47990367828977221 -4.5039998695448835 17.434177258860068 16.848433400495018 15.179627140728307 1.0449819203960327 -1.3617256163731668 0.41492461413951381 2.0868085330050383 36.135084002050341 -2.5522650897806698 -1.1471753781846947 2.5952332576446375 0.69555817084370064 15.401406857866419 -1.2578663385304139 5.0561680162692006 -2.5714577097220892 12.375966446332001 25.551125458622224 1.718520363138919 3.357639465036824 -3.0232311941089316 8.0463928728274023 -0.69991588469914801 3.4977739748890282 1.5768207271978754 -1.92007912705384 18.267578934945202 23.768253503167386 1.1452012622550647 4.0276175027480381 16.254971529742864 22.043854730779472 2.0996631130322427 10.601912502281895 -0.97713864563348529 30.275589585578302 0.83933851958574379 22.052575909728159 -2.035709362377522 17.46533843165609 1.8350673596982319 -3.5054414171754531 -0.75049577888860131
leaf_weight=1306 82 533 1447 21 205 2236 27 81 35 1922 40 20 34 189 21 35 494 413 314 25 22 63 165 844 1811 1499 22 98 290 48 33 92 396 37 1337 95 39 24 201 1687 207 434 456 304 2103 21 34 49 796 38 23 88 55 128 26 76 36 74 22 199 1014 2193
leaf_count=1306 82 533 1447 21 205 2236 27 81 35 1922 40 20 34 189 21 35 494 413 314 25 22 63 165 844 1811 1499 22 98 290 48 33 92 396 37 1337 95 39 24 201 1687 207 434 456 304 2103 21 34 49 796 38 23 88 55 128 26 76 36 74 22 199 1014 2193
internal_value=-0.0039634 -0.762904 -1.77274 18.0215 2.81009 -2.78684 15.6193 2.13779 23.9583 -0.611482 -2.2371 17.0178 21.8183 16.5933 24.2271 28.9999 6.32012 1.41228 -3.56157 11.701 18.8469 15.0887 -1.02497 -1.18604 0.00493966 1.74883 31.9206 -0.420809 0.0397353 -0.615084 3.16427 13.7998 -0.356789 0.164226 -2.41372 13.4434 25.8049 -3.26989 2.67222 -3.33988 6.91612 -0.219165 2.86139 2.28616 -2.17331 20.3412 21.7051 2.8318 3.72304 16.812 18.4703 3.83596 11.8172 0.337328 27.4846 1.94667 18.3591 -1.11544 20.3457 0.920789 -3.74187 -0.920401
internal_weight=26659 25582 19945 1077 5637 10647 767 4731 310 9298 6228 565 218 538 120 92 906 2772 4419 202 98 291 5565 4484 3733 2111 57 552 454 338 1959 167 1081 685 5676 120 99 3113 1042 3015 701 599 961 505 3440 77 55 86 917 124 61 884 75 661 65 116 247 98 58 612 1328 3037
internal_count=26659 25582 19945 1077 5637 10647 767 4731 310 9298 6228 565 218 538 120 92 906 2772 4419 202 98 291 5565 4484 3733 2111 57 552 454 338 1959 167 1081 685 5676 120 99 3113 1042 3015 701 599 961 505 3440 77 55 86 917 124 61 884 75 661 65 116 247 98 58 612 1328 3037
is_linear=0
shrinkage=0.05


Tree=10
num_leaves=63
num_cat=0
split_feature=15 7 15 13 15 7 7 13 15 22 2 3 2 3 0 22 3 2 7 2 2 1 15 22 21 3 10 7 2 25 12 22 3 2 3 13 10 25 3 0 15 22 17 12 11 2 12 18 17 3 22 2 1 18 17 6 3 2 2 1 6 25
split_gain=1.32935e+08 3.2606e+07 8.33072e+06 5.36828e+06 5.23753e+06 1.63194e+06 1.27728e+06 1.17779e+06 1.09414e+06 946720 909319 883557 779719 619688 509440 497614 495594 456844 438099 373650 352803 330905 321399 302675 296850 302897 256708 245805 221446 212585 185955 184670 184113 230732 179043 173011 169672 201955 162220 161463 155819 153817 152191 151727 142932 150836 141256 140003 145389 133564 127542 125473 121481 120492 115604 106121 104988 103324 380619 172984 110950 99305.9
threshold=586.08333333333337 313.16500000000002 232.50666666666669 425.08333333333343 866.33333333333337 1105.5000000000002 188.39500000000004 269.49833333333339 499.91666666666669 4.5000000000000009 2021.5000000000002 4.5000000000000009 2020.5000000000002 5.5000000000000009 16.005000000000003 4.5000000000000009 6.5000000000000009 2020.5000000000002 868.00000000000011 2022.5000000000002 2018.5000000000002 -15.579999999999998 1143.0833333333337 1.0000000180025095e-35 0.48991894630192506 9.5000000000000018 676.50000000000011 400.62500000000006 2010.5000000000002 7.5000000000000009 266.83500000000009 6.5000000000000009 6.5000000000000009 2023.5000000000002 6.5000000000000009 171.40333333333336 726.00000000000011 5.5000000000000009 7.5000000000000009 14.255000000000001 400.08333333333343 5.5000000000000009 456.29166666666669 340.50000000000006 476.50000000000006 2011.5000000000002 1006.0000000000001 7.5830591765094422 307.60416666666669 2.5000000000000004 5.5000000000000009 2021.5000000000002 -15.554999999999998 152.04141648386141 324.39000000000004 -0.24999999999999994 6.5000000000000009 2022.5000000000002 2021.5000000000002 -13.709999999999999 -0.24999999999999994 6.5000000000000009
decision_type=2 2 2 2 2 2 2 2 2 2 2 2 2 2 2 2 2 2 2 2 2 2 2 2 2 2 2 2 2 2 2 2 2 2 2 2 2 2 2 2 2 2 2 2 2 2 2 2 2 2 2 2 2 2 2 2 2 2 2 2 2 2
left_child=1 2 6 10 9 16 35 17 31 13 30 -7 28 26 24 40 18 41 -6 34 50 22 53 52 25 -13 -2 47 -8 -23 -3 44 -14 -34 51 -1 37 -15 -30 -40 -12 55 -33 -10 45 -5 -38 -17 -49 -28 -9 -19 -20 -18 -32 -4 -37 58 -22 -59 -60 -21
right_child=4 3 7 8 5 11 12 20 43 -11 15 14 32 36 -16 27 21 19 23 61 57 29 -24 -25 -26 -27 49 -29 38 -31 54 42 33 -35 -36 56 46 -39 39 -41 -42 -43 -44 -45 -46 -47 -48 48 -50 -51 -52 -53 -54 -55 -56 -57 -58 59 60 -61 -62 -63
leaf_value=-3.9874279755372721 20.154220493535448 -0.67367250171871396 -1.3605460933383251 0.20663354207363135 17.30297386873508 32.010360639523235 -3.2150816311622381 -1.4106692206084481 4.6585828669224272 8.8380248784188193 0.84847178568826065 16.522636751652922 -1.1382496891183056 12.960273021110485 30.06016061068711 3.8639582867506408 13.001060785605492 -0.92180759941134083 25.19188357735602 -2.1382465597447093 0.20110670278994044 17.803372635913775 21.261890407581234 17.596225566793631 24.820669645421646 24.190918781033794 14.313374000965752 3.4554314083324864 -2.1181143435560492 23.985592299241286 0.38733811480610358 4.1673612673716365 1.704665525480952 -3.7774553523344157 1.8663825255338757 -2.9284819552356307 12.73326399071542 7.7348312713646807 -3.2416293977746005 -2.3272449003544553 3.4676886521072512 -1.181527274833984 6.1244859211979277 7.0572097720457778 1.2439984301716631 3.9162067311897717 16.045108508072374 3.274934733783617 1.8670458411504296 17.091269563959639 -0.47333512059269794 1.9326925492275018 21.183095783114094 16.792083539127223 1.6678104143517616 -2.0571643930181649 -3.7051684919333874 -0.53262754652131028 4.3622053889847345 2.7457177884064254 1.4672996096159503 0.37490928478979041
leaf_weight=1491 40 301 886 29 66 35 950 409 77 86 807 41 260 46 21 114 69 156 62 198 1473 46 20 27 39 20 97 474 2623 22 581 326 146 22 205 1033 115 32 845 1131 61 1873 144 496 66 502 48 211 1409 89 3218 51 35 33 253 1432 757 606 70 43 63 49
leaf_count=1491 40 301 886 29 66 35 950 409 77 86 807 41 260 46 21 114 69 156 62 198 1473 46 20 27 39 20 97 474 2623 22 581 326 146 22 205 1033 115 32 845 1131 61 1873 144 496 66 502 48 211 1409 89 3218 51 35 33 253 1432 757 606 70 43 63 49
internal_value=-0.0153535 -0.736542 -1.69743 2.54631 17.0963 20.6204 -2.79639 -0.749386 4.97309 13.6774 1.60109 24.9434 -2.36118 14.5665 22.8744 2.0474 18.8396 -1.32622 20.6657 -0.102423 -0.273744 17.0036 15.41 22.4401 21.3368 19.0724 16.4567 2.44613 -2.51978 19.8359 0.391474 4.02596 -0.304809 0.984919 0.819368 -3.58912 12.7878 10.8292 -2.37609 -2.71841 1.03293 -1.51864 4.76818 6.73576 3.44093 3.7137 13.7178 2.17005 2.05061 15.6511 -0.579071 -0.217907 23.7688 14.2429 0.775938 -1.79097 -3.25714 0.217353 0.4325 -0.315021 2.9931 -1.63972
internal_weight=26930 25841 19990 5851 1089 536 9258 10732 1640 553 4211 156 5977 467 121 3076 380 4850 190 659 5882 190 122 124 100 61 226 2208 5549 68 1135 1067 428 168 412 3281 241 78 4599 1976 868 4191 470 573 597 531 163 1734 1620 186 3627 207 97 102 834 2318 1790 2255 1606 649 133 247
internal_count=26930 25841 19990 5851 1089 536 9258 10732 1640 553 4211 156 5977 467 121 3076 380 4850 190 659 5882 190 122 124 100 61 226 2208 5549 68 1135 1067 428 168 412 3281 241 78 4599 1976 868 4191 470 573 597 531 163 1734 1620 186 3627 207 97 102 834 2318 1790 2255 1606 649 133 247
is_linear=0
shrinkage=0.05


Tree=11
num_leaves=63
num_cat=0
split_feature=15 7 7 15 7 7 17 2 15 8 7 4 12 4 2 4 12 7 2 7 18 2 2 4 18 22 11 14 2 4 11 4 7 17 12 2 12 10 23 17 6 17 12 2 8 11 6 4 7 2 17 2 4 25 22 20 18 2 4 10 14 7
split_gain=1.20001e+08 2.94469e+07 9.05944e+06 4.72948e+06 3.61986e+06 1.47374e+06 1.3951e+06 1.38552e+06 931716 887565 730938 621955 544047 447185 412289 408941 402959 395591 386666 385088 315475 307187 297104 305459 273647 273070 254662 246878 244996 256137 232836 202093 200340 199684 184125 154837 153855 249023 145441 137980 125284 122159 119125 118538 120627 115102 110176 109999 107244 104900 101027 99574 96677.7 96577 95171.3 91538.7 91465.7 90274.6 88234.2 85271.1 85061.4 83437.8
threshold=586.08333333333337 340.50000000000006 247.75000000000003 866.33333333333337 477.50000000000006 1105.5000000000002 201.5866666666667 2020.5000000000002 266.70166666666677 677.50000000000011 406.12500000000006 2.5000000000000004 753.00000000000011 2.5000000000000004 2022.5000000000002 2.5000000000000004 297.93000000000006 868.00000000000011 2020.5000000000002 178.87500000000003 209.67937252777904 2020.5000000000002 2021.5000000000002 2.5000000000000004 209.67937252777904 1.0000000180025095e-35 602.50000000000011 66.143782776615055 2022.5000000000002 2.5000000000000004 1228.5000000000002 2.5000000000000004 294.12500000000006 234.23250000000002 248.87500000000003 2020.5000000000002 977.50000000000011 941.50000000000011 15.500000000000002 237.3366666666667 -0.68301270189221952 508.60416666666669 553.12500000000011 2011.5000000000002 323.16500000000002 269.50000000000006 -0.68301270189221952 2.5000000000000004 376.00000000000006 2010.5000000000002 328.18041666666676 2010.5000000000002 2.5000000000000004 3.5000000000000004 4.5000000000000009 0.018223329182233242 62.946030461061376 2024.5000000000002 3.5000000000000004 552.50000000000011 107.65630945640935 1005.0000000000001
decision_type=2 2 2 2 2 2 2 2 2 2 2 2 2 2 2 2 2 2 2 2 2 2 2 2 2 2 2 2 2 2 2 2 2 2 2 2 2 2 2 2 2 2 2 2 2 2 2 2 2 2 2 2 2 2 2 2 2 2 2 2 2 2
left_child=1 2 6 9 10 13 19 8 39 26 21 20 27 17 22 59 -6 -5 33 51 -7 45 23 -9 30 61 -2 -13 29 -20 36 56 -10 52 -23 49 55 -38 -28 -4 -24 -18 -17 -12 -45 -3 -25 -37 -36 -21 -33 -1 -8 -31 -46 -15 -16 -56 -50 -11 -61 -19
right_child=3 4 7 5 16 11 18 14 32 15 43 12 -14 24 31 42 41 25 28 35 -22 34 40 46 -26 -27 38 -29 -30 53 -32 50 -34 -35 48 47 37 -39 -40 -41 -42 -43 -44 44 54 -47 -48 -49 58 -51 -52 -53 -54 -55 57 -57 -58 -59 -60 60 -62 -63
leaf_value=-4.170833616652116 8.5065664261491971 -1.3272113396858896 -1.8826795349286887 16.439133953146424 3.3371396332255348 24.734772915733132 -2.1040529022562291 -0.13250429205636591 -0.67777156519618642 19.056924160573274 0.32297387381802556 14.066702840776898 25.203772691341676 12.233388242847596 0.19026702719101374 9.8917266981554164 5.7404298880319633 21.698629265483206 -0.96445881671152311 -3.5131247016908378 32.416769181288679 1.1376558931140088 3.8277713020606181 0.1247006466111289 20.888480218838062 16.719660689294116 8.4630214058392408 21.273295229957217 -2.2792053931481049 3.459237860749528 19.243868828414012 -1.5187952765936257 -0.049041841940661746 -1.642073121256064 1.9137854712205813 -1.8443049840497125 13.238326659759919 21.022300014211169 13.302357356489658 -1.207127321670975 1.7783708063812509 7.0719041626135342 13.277484064578628 -0.26549835050260867 1.3945459182959723 0.85132696596525637 2.0788917195207084 2.0244008919745116 3.1398419033431586 -2.6812155001038613 -0.068078159199391919 -3.4383320445493499 -2.631948852575051 0.6556091700825647 3.6438978699733422 16.216896907369886 1.8082161538572903 2.1242476229491882 1.8153375377565508 15.982893990061706 12.415744235504294 25.664060417283764
leaf_weight=668 102 78 1141 66 144 40 1872 501 2535 22 34 27 43 68 605 35 477 76 243 466 23 517 109 91 27 27 21 23 176 52 32 280 2533 1399 1056 62 23 20 69 2243 237 275 124 23 57 271 348 26 427 2061 210 1546 1623 75 990 20 102 109 179 159 21 21
leaf_count=668 102 78 1141 66 144 40 1872 501 2535 22 34 27 43 68 605 35 477 76 243 466 23 517 109 91 27 27 21 23 176 52 32 280 2533 1399 1056 62 23 20 69 2243 237 275 124 23 57 271 348 26 427 2061 210 1546 1623 75 990 20 102 109 179 159 21 21
internal_value=-0.0145048 -0.69971 -1.48902 16.2434 2.90957 19.5922 -2.5555 -0.487473 -0.792524 12.9945 2.22577 23.7003 21.041 17.8999 0.550895 14.4585 5.76401 19.6345 -2.00634 -3.17408 27.5863 1.74152 1.17246 0.711227 16.1559 21.3206 10.2358 17.4177 -0.744114 -0.0134758 15.3596 -0.116919 -0.363539 -2.14715 1.96209 -2.76296 14.3968 16.8993 12.1839 -1.43496 2.42493 6.22822 12.5389 3.23477 3.3187 0.364178 1.67394 -0.700221 2.21847 -2.83476 -0.89721 -3.65952 -2.34927 1.80541 3.39003 13.1562 0.423921 3.49339 2.74898 15.9625 15.5739 22.5827
internal_weight=26930 25841 21204 1089 4637 536 10269 10935 8452 553 3741 156 93 380 2483 361 896 190 5440 4829 63 2528 1286 940 190 124 192 50 546 370 163 1197 5068 4894 2179 2615 131 43 90 3384 346 752 159 1213 1179 349 439 88 1662 2527 490 2214 3495 127 1156 88 707 1099 606 202 180 97
internal_count=26930 25841 21204 1089 4637 536 10269 10935 8452 553 3741 156 93 380 2483 361 896 190 5440 4829 63 2528 1286 940 190 124 192 50 546 370 163 1197 5068 4894 2179 2615 131 43 90 3384 346 752 159 1213 1179 349 439 88 1662 2527 490 2214 3495 127 1156 88 707 1099 606 202 180 97
is_linear=0
shrinkage=0.05


Tree=12
num_leaves=63
num_cat=0
split_feature=17 7 7 7 13 17 13 21 7 13 0 11 5 17 5 0 7 5 20 21 6 16 13 22 23 5 22 13 21 9 10 23 6 14 11 11 18 9 6 4 5 7 6 13 0 11 16 7 21 6 7 17 7 22 0 10 0 22 11 10 25 7
split_gain=1.08132e+08 2.3823e+07 7.32872e+06 5.85298e+06 4.21614e+06 2.66749e+06 1.21247e+06 1.11787e+06 737303 735039 688284 687615 633477 580517 525821 387004 336369 301473 294445 268791 379506 245247 201247 197183 169898 156985 148178 146538 141197 132755 128640 128284 126164 123253 115432 114676 113687 110567 109778 102574 94489.5 80765.8 73704.6 73020.3 71962.3 71259.2 78073.4 66087.6 63785.9 62726.5 60698.4 57708.7 57576.6 54064.3 50549.6 50483.8 50743.6 50117 91040 53750.8 51900.7 50744.2
threshold=522.95833333333337 294.12500000000006 677.50000000000011 381.12500000000006 224.62500000000003 1120.041666666667 458.83333333333337 0.92502190665716699 188.39500000000004 337.72166666666675 16.005000000000003 627.50000000000011 -0.5 253.61791666666667 0.25000000000000011 13.280000000000003 963.50000000000011 -0.6830127018922193 -0.1428620407603505 -0.066673333333333293 -0.5 143.04170995981593 408.50000000000006 6.5000000000000009 29.500000000000004 -0.5 8.5000000000000018 171.40333333333336 0.27935453100158975 963.50000000000011 255.31000000000003 40.500000000000007 0.6830127018922193 86.602540378443891 468.00000000000006 517.50000000000011 7.5830591765094422 672.00000000000011 0.6830127018922193 3.5000000000000004 -0.5 268.16500000000002 0.25000000000000017 243.02833333333334 14.610000000000001 295.28000000000003 49.159604012509398 344.50000000000006 -0.29977075904228218 0.25000000000000017 552.50000000000011 208.54875000000001 312.75000000000006 6.5000000000000009 15.190000000000001 190.50000000000003 14.665000000000001 6.5000000000000009 414.00000000000006 431.12500000000006 1.0000000180025095e-35 433.50000000000006
decision_type=2 2 2 2 2 2 2 2 2 2 2 2 2 2 2 2 2 2 2 2 2 2 2 2 2 2 2 2 2 2 2 2 2 2 2 2 2 2 2 2 2 2 2 2 2 2 2 2 2 2 2 2 2 2 2 2 2 2 2 2 2 2
left_child=1 4 11 9 8 7 22 14 27 30 17 34 -9 32 15 33 37 -7 -19 -20 -21 31 39 28 -13 55 44 54 -8 -18 42 -17 43 -4 -2 -14 49 -16 -39 45 -29 -15 -3 53 -25 -5 -47 -38 -26 -11 -36 -27 -32 -6 -1 56 -10 58 60 -60 -24 -59
right_child=2 3 5 6 13 10 23 12 25 36 -12 24 35 41 16 21 29 18 19 20 -22 -23 57 26 48 51 -28 40 -30 -31 52 -33 -34 -35 50 -37 47 38 -40 -41 -42 -43 -44 -45 -46 46 -48 -49 -50 -51 -52 -53 -54 -55 -56 -57 -58 61 59 -61 -62 -63
leaf_value=-3.6629466460407936 3.7891465493456815 -0.014108273776538342 14.775248181955073 1.6771641901412835 -1.700181639090272 17.133600636874384 2.1829118389607016 14.247194833439108 -3.3308147914999737 1.4234581633917422 29.824667872871018 10.178967065100814 27.327140364323952 -0.94731178486425272 12.99816817352224 11.14041449891748 16.557428858065489 17.638959860713719 19.844211234915296 21.693196092802904 30.608950805664065 17.614452376523854 1.3629672529142534 6.7021804218007279 12.147531547381249 -2.2621646093687775 4.1392334334577789 -3.5817941070125934 4.7717104201152827 21.958760981099257 0.14165812807553144 13.704853677814867 -1.9424557791095891 19.150523900821856 6.7334571671232073 21.737126000247784 0.6803044449994613 16.512579633105101 13.603113151601043 1.2450551418171028 -2.7318138848441209 -0.52145259820369649 -1.1502051675521701 -1.0694654391637828 5.3337849519759466 2.5334582618616874 4.5265642960441301 1.4670436785060474 16.012572160090109 3.7728847542393229 8.2609633788456609 -1.8277410497301496 0.5637252814989081 -1.0616030369430365 -2.0065851209007532 -2.4200693730106644 -2.4065561013625523 2.962531562437309 0.52647164861019213 2.5482685673653926 3.259067506895736 4.0952220622190545
leaf_weight=1445 22 315 44 218 1382 41 89 21 431 46 26 63 25 1878 43 168 21 27 29 26 25 21 39 194 23 1621 146 433 130 32 2592 73 1168 29 122 20 345 165 45 253 1355 2736 261 1434 198 409 56 1184 25 75 151 1455 1174 437 48 812 229 192 58 76 521 208
leaf_count=1445 22 315 44 218 1382 41 89 21 431 46 26 63 25 1878 43 168 21 27 29 26 25 21 39 194 23 1621 146 433 130 32 2592 73 1168 29 122 20 345 165 45 253 1355 2736 261 1434 198 409 56 1184 25 75 151 1455 1174 437 48 812 229 192 58 76 521 208
internal_value=-0.0137017 -0.723521 14.1281 1.3887 -1.82309 16.6898 3.28167 15.32 -2.67239 0.508199 22.2435 8.56678 21.5348 -1.08715 14.6768 13.2948 16.1849 20.8924 22.3154 23.8696 26.1151 12.3854 2.64458 4.98953 11.9246 -2.26014 5.50505 -3.24373 3.72114 19.8539 0.166807 11.9226 -1.49659 16.5373 7.29968 24.8965 1.40651 15.4088 15.8959 2.10587 -2.93785 -0.694805 -0.529021 -1.33644 6.01255 2.4245 2.77442 1.28959 14.1898 2.88167 7.58108 -2.05674 0.273245 -1.54684 -3.60984 -2.68501 -3.01055 3.10524 2.84702 1.67424 3.12729 3.55242
internal_weight=26930 25643 1287 8779 16864 881 2787 707 7829 5992 174 406 66 9035 641 335 306 148 107 80 51 262 2030 757 111 4548 538 3281 219 53 4342 241 4421 73 295 45 1650 253 210 936 1788 4614 576 3253 392 683 465 1529 48 121 273 3076 3766 1819 1493 1472 660 1094 694 134 560 400
internal_count=26930 25643 1287 8779 16864 881 2787 707 7829 5992 174 406 66 9035 641 335 306 148 107 80 51 262 2030 757 111 4548 538 3281 219 53 4342 241 4421 73 295 45 1650 253 210 936 1788 4614 576 3253 392 683 465 1529 48 121 273 3076 3766 1819 1493 1472 660 1094 694 134 560 400
is_linear=0
shrinkage=0.05


Tree=13
num_leaves=63
num_cat=0
split_feature=15 13 13 15 15 17 2 15 17 8 2 13 0 2 11 12 3 0 2 3 19 0 12 3 15 3 13 2 18 6 13 11 22 11 17 2 13 11 2 6 0 0 23 0 3 2 12 20 3 3 25 3 3 16 13 20 2 12 2 23 2 3
split_gain=9.78064e+07 2.39629e+07 6.67835e+06 3.89222e+06 3.55809e+06 1.20766e+06 1.03161e+06 1.0189e+06 813041 728165 642573 639595 622724 550596 535502 485398 373369 370049 335412 454479 304254 291598 273934 268583 234516 215395 293082 228973 211677 208863 206343 204421 203266 201356 199627 190676 147990 142068 134956 130470 128585 187756 126242 122712 121411 119638 149286 122909 118446 117500 113836 113317 105968 102429 144469 113302 101033 101605 98025.5 97514.5 97067.2 132862
threshold=586.08333333333337 324.94500000000011 236.67666666666668 866.33333333333337 442.75000000000006 1120.041666666667 2020.5000000000002 185.29166666666669 258.0866666666667 677.50000000000011 2022.5000000000002 395.50000000000006 16.005000000000003 2020.5000000000002 877.50000000000011 305.28000000000003 5.5000000000000009 13.280000000000003 2021.5000000000002 7.5000000000000009 -0.040003839969280301 14.555000000000001 285.35500000000008 6.5000000000000009 214.35416666666671 4.5000000000000009 1064.5000000000002 2023.5000000000002 116.48902756850808 1.0000000180025095e-35 276.80500000000006 602.50000000000011 8.5000000000000018 1206.5000000000002 456.29166666666669 2019.5000000000002 984.41666666666686 312.75000000000006 2010.5000000000002 -0.68301270189221952 14.255000000000001 13.280000000000003 15.500000000000002 13.725000000000001 10.500000000000002 2021.5000000000002 355.50000000000006 0.25033333333333335 6.5000000000000009 8.5000000000000018 12.500000000000002 7.5000000000000009 8.5000000000000018 59.676064961572308 764.50000000000011 -0.066658333333333361 2021.5000000000002 398.75000000000006 2016.5000000000002 46.500000000000007 2023.5000000000002 6.5000000000000009
decision_type=2 2 2 2 2 2 2 2 2 2 2 2 2 2 2 2 2 2 2 2 2 2 2 2 2 2 2 2 2 2 2 2 2 2 2 2 2 2 2 2 2 2 2 2 2 2 2 2 2 2 2 2 2 2 2 2 2 2 2 2 2 2
left_child=1 2 7 9 11 14 8 38 49 31 18 22 25 24 20 50 53 29 19 -8 -5 43 35 -19 51 26 -7 33 -25 -16 -10 -2 60 -27 -17 -3 -23 -37 -1 -20 41 -18 -33 -22 -21 -24 47 -47 -12 -4 -6 -9 -48 -11 55 -55 -13 -58 -32 -36 61 -15
right_child=3 4 6 5 15 12 10 13 30 16 48 56 -14 32 17 34 40 23 39 44 21 36 45 28 -26 27 -28 -29 -30 -31 58 42 -34 -35 59 37 -38 -39 -40 -41 -42 -43 -44 -45 -46 46 52 -49 -50 -51 -52 -53 -54 54 -56 -57 57 -59 -60 -61 -62 -63
leaf_value=-3.7460399038929277 7.6693053018568085 -0.84323017353161311 -1.1950945750670978 14.276972575843173 2.7649807040609784 18.20604733898865 -0.24478668815655583 -2.1968188516644385 -0.78396368439579245 12.532916100451121 -0.051289612872163465 1.0502896136096989 28.339147995988981 -1.2281915415361275 13.523903599858798 3.9141321303816188 14.090141384235555 15.728512358885817 4.0064829415192778 2.5642055998579933 19.084470222219601 18.972592504984117 0.97703866720063193 8.5871396063625678 -1.8172194755670792 22.899538485380518 26.670045382551137 15.418266601757626 13.524214635634372 19.58720761540318 -0.45071664419136664 7.5026269578255755 1.5244195029690313 17.118121783594084 6.0896772459766497 1.3984635599082078 24.456018128639982 0.23647566351136337 -2.9590142139887869 1.8843340176129915 12.8811454891497 8.9613734840235608 12.005368373777003 14.233824753476327 -0.031100051737742929 2.1167247970766385 1.7625502626226361 4.8293366275064633 -1.2287849570475795 -1.8305846541187354 4.967251915938137 -2.760416410972065 -0.5596285295066985 16.824995283071427 17.424817191003267 12.497011620158332 2.8337363541960605 1.4074286941093053 0.096699151739498224 4.4889851259431914 -2.2974325730503455 0.8993990681863745
leaf_weight=757 102 176 1820 37 287 20 522 2192 2445 43 472 104 26 233 23 177 24 54 103 272 33 24 426 42 2756 37 24 39 47 43 1634 21 100 29 548 652 33 441 1963 245 90 75 69 25 54 813 111 44 390 1213 74 1509 88 24 56 49 1113 141 1637 117 105 107
leaf_count=757 102 176 1820 37 287 20 522 2192 2445 43 472 104 26 233 23 177 24 54 103 272 33 24 426 42 2756 37 24 39 47 43 1634 21 100 29 548 652 33 441 1963 245 90 75 69 25 54 813 111 44 390 1213 74 1509 88 24 56 49 1113 141 1637 117 105 107
internal_value=-0.0129349 -0.631538 -1.40605 14.6647 2.36166 17.7026 -0.550691 -2.35686 -0.78762 11.7174 0.456528 1.6614 21.1247 -2.03777 16.0384 4.75316 13.0434 14.3761 1.20655 0.669997 18.3129 19.5979 1.22303 12.9241 -2.16658 19.8476 22.8729 18.5592 11.2067 17.498 -0.4365 9.21875 -0.511515 20.389 5.41101 0.683756 22.1846 0.929698 -3.17818 2.51343 11.4922 10.2177 10.9643 17.0219 2.13442 1.68472 1.97008 2.25655 -0.584118 -1.4493 3.21768 -2.42668 0.735867 14.7403 15.4657 13.941 2.54927 2.67349 -0.176762 5.80878 -0.969279 -0.558544
internal_weight=26930 25841 20529 1089 5312 536 10807 9722 8749 553 2058 4109 175 7002 361 1203 361 209 1196 848 152 115 2751 143 6457 149 44 105 89 66 5716 192 545 66 842 1269 57 1093 2720 348 189 99 90 58 326 1482 1056 857 862 3033 361 3701 199 172 129 73 1358 1254 3271 665 445 340
internal_count=26930 25841 20529 1089 5312 536 10807 9722 8749 553 2058 4109 175 7002 361 1203 361 209 1196 848 152 115 2751 143 6457 149 44 105 89 66 5716 192 545 66 842 1269 57 1093 2720 348 189 99 90 58 326 1482 1056 857 862 3033 361 3701 199 172 129 73 1358 1254 3271 665 445 340
is_linear=0
shrinkage=0.05


Tree=14
num_leaves=63
num_cat=0
split_feature=15 7 7 15 7 7 2 7 8 3 17 7 2 0 5 7 5 12 1 2 17 21 3 2 3 11 12 7 16 2 16 21 17 11 7 16 1 10 12 7 11 2 2 5 6 12 7 3 2 12 3 17 2 21 16 5 16 3 6 11 5 7
split_gain=8.82933e+07 2.17164e+07 6.71542e+06 3.51471e+06 2.69137e+06 1.108e+06 1.07511e+06 1.04494e+06 657389 640957 545635 537971 461130 370206 345244 356923 340154 305647 280136 262561 250102 241668 266148 202702 278063 184572 176694 165231 149236 137033 134213 131698 131223 124457 119871 114192 126791 110682 111929 105465 103634 101725 304713 122798 96489.2 94159.8 91699.8 115290 91385 90661 93067.7 89882.9 89265.9 121175 89137.4 82953.1 82413.8 80320.3 80093.6 75770.2 75210.3 96944.7
threshold=586.08333333333337 340.50000000000006 247.75000000000003 866.33333333333337 477.50000000000006 1105.5000000000002 2019.5000000000002 188.39500000000004 677.50000000000011 4.5000000000000009 262.51625000000007 424.50000000000006 2020.5000000000002 16.005000000000003 -0.24999999999999994 868.00000000000011 -0.5 297.93000000000006 -15.579999999999998 2020.5000000000002 222.22208333333336 0.48991894630192506 9.5000000000000018 2022.5000000000002 6.5000000000000009 602.50000000000011 248.87500000000003 298.47000000000008 86.038387271123113 2010.5000000000002 61.481865506277082 0.92502190665716699 191.91833333333338 827.50000000000011 294.12500000000006 59.676064961572308 -16.119999999999997 747.50000000000011 777.50000000000011 995.00000000000011 293.54000000000002 2022.5000000000002 2021.5000000000002 -0.6830127018922193 -0.68301270189221952 252.75000000000003 376.00000000000006 8.5000000000000018 2010.5000000000002 268.87500000000006 7.5000000000000009 508.60416666666669 2021.5000000000002 0.37525790921595609 86.038387271123113 -0.6830127018922193 127.47311425479465 7.5000000000000009 0.25000000000000017 296.83500000000009 0.68301270189221941 605.00000000000011
decision_type=2 2 2 2 2 2 2 2 2 2 2 2 2 2 2 2 2 2 2 2 2 2 2 2 2 2 2 2 2 2 2 2 2 2 2 2 2 2 2 2 2 2 2 2 2 2 2 2 2 2 2 2 2 2 2 2 2 2 2 2 2 2
left_child=1 2 7 8 11 14 10 32 25 -7 49 19 20 21 18 -16 37 55 30 40 29 22 -11 24 -14 -2 59 41 -20 -9 -5 33 48 -17 -12 58 -37 -10 -39 -32 -3 42 43 -8 -29 -46 -28 -48 -1 50 -4 -19 53 -13 -35 -6 -38 -31 -18 -21 61 -27
right_child=3 4 6 5 17 9 27 12 16 13 34 52 23 -15 15 31 35 51 28 26 -22 -23 -24 -25 -26 60 46 44 -30 57 39 -33 -34 54 -36 36 56 38 -40 -41 -42 -43 -44 -45 45 -47 47 -49 -50 -51 -52 -53 -54 -55 -56 -57 -58 -59 -60 -61 -62 -63
leaf_value=-3.597881426308382 7.2862159372018214 -0.86207856737269184 -1.1137765820893686 8.3409603095153564 1.22332276560789 26.395078097177709 0.73722374481765518 -2.8240896596930356 7.5515643194268307 12.913175927925574 -0.63317561265676159 3.0531122430482927 -0.87815220892670309 24.737933349609374 13.833319098373941 14.3118687094248 13.58158798811963 4.9466798825937106 14.032822830347385 1.335931991067604 -1.5732544113200333 20.442274047773513 20.056787382666741 -1.982629542868698 1.8025349658223331 11.76075890446122 1.6656608443054308 1.230278480795082 19.75526657484064 -1.8554785014412953 10.561859711301683 21.573486605557527 -2.3922793709989363 15.918344076406582 -0.12501963267945779 15.720339049521352 11.47008659200754 8.9039782274765464 12.508874734855157 14.747985050335657 0.90825165202693336 -0.77839931865774536 2.6256028386230028 -0.576294965945363 -0.096354429709141959 0.71590475847188839 2.8790393887003276 1.5972478205890814 -2.9197281667999224 -0.69467761157509433 -1.7471926250955521 6.0888743513933052 3.0211462243196174 -0.40197133640036969 19.233918052264826 3.735556662095477 14.632596239960401 -2.3648215348284736 10.032140967456257 0.05255414642732853 12.310541223430914 7.4656229687601412
leaf_weight=695 102 128 1176 24 51 35 262 755 30 41 2726 55 272 21 84 30 32 477 31 360 2437 39 20 167 150 23 1056 484 20 1809 30 23 858 35 2021 79 50 37 57 34 233 393 112 554 560 983 461 284 1768 518 1146 275 948 47 69 93 40 1358 36 169 34 33
leaf_count=695 102 128 1176 24 51 35 262 755 30 41 2726 55 272 21 84 30 32 477 31 360 2437 39 20 167 150 23 1056 484 20 1809 30 23 858 35 2021 79 50 37 57 34 233 393 112 554 560 983 461 284 1768 518 1146 275 948 47 69 93 40 1358 36 169 34 33
internal_value=-0.0122064 -0.599956 -1.27778 13.9333 2.49957 16.8202 -0.415489 -2.19599 11.1327 20.382 -0.744827 1.90995 -1.84723 18.6222 15.3531 16.5091 12.3926 4.96085 13.3383 1.53531 -1.9712 17.3144 15.2844 -0.508712 0.0748881 8.75853 1.7297 0.330832 16.3113 -2.21843 11.5987 17.9309 -2.92556 17.29 -0.41684 13.5093 14.2218 10.249 11.1009 12.8054 0.280466 -0.104271 0.181264 -0.154508 0.614383 0.421122 1.9657 2.3907 -3.11123 -1.29302 -1.42646 5.36513 2.86986 1.46218 18.1345 2.84731 12.8904 -2.07395 11.72 0.926027 10.4171 9.24761
internal_weight=26930 25841 21204 1089 4637 536 10935 10269 553 156 7587 3741 6948 121 380 241 361 896 139 2691 6359 100 61 589 422 192 2330 3348 51 3922 88 157 3321 134 4747 237 169 124 94 64 361 1321 928 816 2027 1543 1801 745 2463 2840 2322 752 1050 102 104 144 90 3167 68 529 90 56
internal_count=26930 25841 21204 1089 4637 536 10935 10269 553 156 7587 3741 6948 121 380 241 361 896 139 2691 6359 100 61 589 422 192 2330 3348 51 3922 88 157 3321 134 4747 237 169 124 94 64 361 1321 928 816 2027 1543 1801 745 2463 2840 2322 752 1050 102 104 144 90 3167 68 529 90 56
is_linear=0
shrinkage=0.05


Tree=15
num_leaves=63
num_cat=0
split_feature=17 7 15 15 7 17 17 17 15 20 11 2 13 7 2 1 5 5 5 21 20 2 1 2 2 17 2 5 2 7 1 5 2 9 11 10 6 2 15 2 2 7 1 17 14 5 2 5 18 7 2 11 1 23 14 5 25 1 6 2 21 2
split_gain=8.00612e+07 1.81925e+07 5.20916e+06 4.79562e+06 2.44112e+06 1.72359e+06 946227 806284 690681 580290 557062 477583 476862 439544 421076 331908 317158 304879 282478 262719 246505 276807 234842 218014 200100 166584 164634 160526 156988 156657 149620 145065 136386 136009 134680 134444 130705 121615 154992 120091 231690 115610 113259 109017 108666 108327 212327 108047 106005 120578 104836 98372.4 85519.9 85464 83070.6 79120.6 76956.8 76851 75352.7 73275.5 154729 72536
threshold=522.95833333333337 308.16500000000002 866.33333333333337 228.35750000000004 424.50000000000006 601.66666666666686 1120.041666666667 270.0175000000001 183.47250000000003 0.18202020202020211 877.50000000000011 2020.5000000000002 499.50000000000006 344.50000000000006 2020.5000000000002 -16.854999999999997 0.25000000000000011 -0.6830127018922193 0.25000000000000011 1.0976190476190479 -0.14982993197278913 2023.5000000000002 -15.579999999999998 2023.5000000000002 2021.5000000000002 237.3366666666667 2010.5000000000002 -0.5 2016.5000000000002 1053.0000000000002 -16.224999999999998 -0.6830127018922193 2021.5000000000002 672.00000000000011 323.16500000000002 726.00000000000011 -0.24999999999999994 2023.5000000000002 400.08333333333343 2022.5000000000002 2021.5000000000002 889.00000000000011 -13.709999999999999 992.66666666666686 32.331615074620011 -0.6830127018922193 2021.5000000000002 -0.24999999999999994 7.4082547798347429 360.50000000000006 2010.5000000000002 293.54000000000002 -13.324999999999998 30.500000000000004 39.825138458736781 1.0000000180025095e-35 5.5000000000000009 -13.709999999999999 -0.24999999999999994 2021.5000000000002 -0.1877326167282499 2018.5000000000002
decision_type=2 2 2 2 2 2 2 2 2 2 2 2 2 2 2 2 2 2 2 2 2 2 2 2 2 2 2 2 2 2 2 2 2 2 2 2 2 2 2 2 2 2 2 2 2 2 2 2 2 2 2 2 2 2 2 2 2 2 2 2 2 2
left_child=1 3 5 8 13 -2 10 14 50 17 19 26 32 61 25 -7 22 -8 35 29 -19 -22 30 45 51 -5 -10 37 -9 -4 43 -13 34 -20 -6 44 -28 -26 -39 40 -30 -18 55 -12 -17 -16 -47 -14 -29 -50 -1 -15 54 -35 -37 -41 -46 -52 -27 -33 -61 -3
right_child=2 4 6 7 12 15 9 28 11 -11 16 31 47 24 23 18 41 20 33 -21 21 -23 -24 -25 27 58 36 48 39 -31 -32 59 -34 53 -36 52 -38 38 -40 42 -42 -43 -44 -45 56 46 -48 -49 49 -51 57 -53 -54 -55 -56 -57 -58 -59 -60 60 -62 -63
leaf_value=-3.4303456311788496 6.341075967958913 -0.20725323956789851 14.208616006196436 -1.6486927127345021 -0.34698895329149188 17.152655924347055 14.110213069955424 -0.51286858182641903 -2.6151173900976725 25.947165759074736 8.6301344840387291 1.6571111214450931 3.8330343809396208 -0.50657476211391195 1.8860599795399453 4.8435847709428019 13.143363370443518 15.413860874227437 10.562424579103734 19.872548877949619 23.161849677853468 17.200231083609612 14.051554299698395 -2.0514934103940283 1.5352764433301853 -0.74528068548040571 -1.6134205959399404 3.8794208145172528 0.11498117368306236 19.060076058504269 6.3945933257521741 -1.0866546957348688 3.0755699932744349 12.252999525034475 2.9736310137957092 12.021156435915271 -2.152046533777058 -0.77017220291662192 2.3172461307194943 -1.2414666646052579 2.7747323932890047 17.139407636487263 1.879859779134488 12.947802674956037 10.419516687559664 -0.67568583260351134 2.0609447629834228 5.3764156413240247 1.3995517654561709 2.3671469833778995 -2.7759460465393166 1.0853525453937718 13.187085994028109 14.993696268351968 9.1895232117135919 -0.20356258836882402 6.5465985682473251 -1.0355235664819267 -1.2092150071242964 -2.3713801475314353 2.8417209941421882 0.65867073208735338
leaf_weight=711 289 308 87 1487 61 23 48 2387 1048 24 29 78 190 139 134 20 40 37 73 44 45 38 44 86 648 1478 1979 77 2163 22 27 272 1131 80 61 39 2621 141 57 321 85 38 47 32 40 222 104 287 546 787 1739 321 28 50 89 429 20 66 2149 23 37 1125
leaf_count=711 289 308 87 1487 61 23 48 2387 1048 24 29 78 190 139 134 20 40 37 73 44 45 38 44 86 648 1478 1979 77 2163 22 27 272 1131 80 61 39 2621 141 57 321 85 38 47 32 40 222 104 287 546 787 1739 321 28 50 89 429 20 66 2149 23 37 1125
internal_value=0.0159855 -0.601368 12.0904 -1.33092 1.83906 9.37343 15.7644 -0.644441 -2.21899 18.6144 14.2523 -1.92971 3.41686 1.1811 -1.06206 11.2685 12.5646 17.552 10.9564 16.559 18.9158 20.4565 11.0503 0.257749 1.55491 -1.20297 -2.04932 1.7487 -0.209286 15.2044 9.53536 -0.281893 2.90421 12.3327 1.31436 9.76773 -1.92036 1.20394 0.119326 0.0287029 0.215671 15.1097 -0.49861 10.9127 8.0746 0.68984 0.197699 4.76259 2.07545 1.97096 -2.91539 0.604297 10.6302 13.3179 10.061 -0.647898 9.14167 -2.71237 -1.02019 -0.737819 0.842662 0.47255
internal_weight=26851 25545 1306 19666 5879 751 555 11092 8574 192 363 6058 1730 4149 5660 462 210 168 439 153 120 83 132 546 2716 5114 5648 2256 5432 109 88 410 1253 203 122 236 4600 846 198 3045 2248 78 797 61 80 460 326 477 1410 1333 2516 460 156 130 128 750 60 1805 3627 332 60 1433
internal_count=26851 25545 1306 19666 5879 751 555 11092 8574 192 363 6058 1730 4149 5660 462 210 168 439 153 120 83 132 546 2716 5114 5648 2256 5432 109 88 410 1253 203 122 236 4600 846 198 3045 2248 78 797 61 80 460 326 477 1410 1333 2516 460 156 130 128 750 60 1805 3627 332 60 1433
is_linear=0
shrinkage=0.05


Tree=16
num_leaves=63
num_cat=0
split_feature=17 7 7 17 7 17 2 21 7 7 20 1 17 3 13 13 12 7 17 3 25 12 14 3 2 2 25 23 23 2 9 2 2 2 3 0 2 11 1 18 0 2 11 2 7 2 12 0 0 22 7 14 23 12 3 12 22 18 25 2 3 7
split_gain=7.22708e+07 1.6419e+07 4.67468e+06 4.30145e+06 2.20317e+06 1.75315e+06 993558 873789 590810 571110 513157 465085 440676 438433 430403 398576 397936 280708 252463 233882 261385 217743 207692 195117 189830 183979 164710 164695 155118 163222 147763 132619 136118 163971 127329 137125 123075 121570 118853 115815 108805 107865 106638 102913 99178.9 104723 99129.1 98196.3 95438.1 89425.2 96212.9 87819.4 110537 84859.4 124614 83114.7 83105.2 80817.5 79671.5 149638 79095.8 75694.5
threshold=522.95833333333337 308.16500000000002 677.50000000000011 235.01750000000001 424.50000000000006 1120.041666666667 2020.5000000000002 0.92502190665716699 188.39500000000004 273.16500000000002 0.18202020202020211 -16.119999999999997 601.66666666666686 5.5000000000000009 499.50000000000006 344.83333333333343 553.12500000000011 968.50000000000011 992.66666666666686 7.5000000000000009 8.5000000000000018 273.39500000000004 76.787585802219681 6.5000000000000009 2010.5000000000002 2018.5000000000002 7.5000000000000009 29.500000000000004 18.500000000000004 2023.5000000000002 963.50000000000011 2018.5000000000002 2022.5000000000002 2021.5000000000002 7.5000000000000009 14.890000000000002 2021.5000000000002 323.16500000000002 -16.224999999999998 24.829597703962069 14.255000000000001 2021.5000000000002 320.41500000000002 2010.5000000000002 249.50000000000003 2020.5000000000002 246.83500000000001 13.895000000000001 12.870000000000003 4.5000000000000009 468.00000000000006 107.65630945640935 28.500000000000004 360.50000000000006 8.5000000000000018 245.35500000000005 5.5000000000000009 58.262140402699892 12.500000000000002 2020.5000000000002 6.5000000000000009 355.50000000000006
decision_type=2 2 2 2 2 2 2 2 2 2 2 2 2 2 2 2 2 2 2 2 2 2 2 2 2 2 2 2 2 2 2 2 2 2 2 2 2 2 2 2 2 2 2 2 2 2 2 2 2 2 2 2 2 2 2 2 2 2 2 2 2 2
left_child=1 3 12 6 15 7 8 13 40 44 19 -9 57 17 36 31 -15 51 48 20 22 41 -7 39 -10 46 -20 -14 -21 -30 -19 56 33 -33 -26 -36 37 -6 -25 -8 -1 -17 -43 -42 -5 55 -11 -29 -18 -38 -51 52 -4 61 -55 -46 -3 -2 -27 -60 -16 -23
right_child=2 4 5 9 14 10 23 11 24 25 -12 -13 27 16 60 21 18 30 26 28 -22 53 -24 38 34 58 -28 47 29 -31 -32 32 -34 -35 35 -37 49 -39 -40 -41 43 42 -44 -45 45 -47 -48 -49 -50 50 -52 -53 -54 54 -56 -57 -58 -59 59 -61 -62 -63
leaf_value=-2.901264845918134 6.1818812228031446 -2.338942493738231 11.651786934661089 -1.2559926515797564 -0.3296679111724985 13.424662584323819 -1.2125145270094504 20.62152509875515 -2.4846840303113793 -0.98133646662384777 24.655190919741557 11.812370519927052 7.7990404480147113 7.7614198474443574 5.1693637625137079 -0.5970531637262767 13.198881663352337 12.800399710052639 11.977575578404423 11.369237007657844 21.892598570086619 1.700954870030051 20.056412652544498 2.7443862073316381 -1.4944155011710005 0.13012507398841774 17.54419707959639 9.1402860436306526 18.40091162538948 12.538609572073712 18.314832423125317 0.61410159265591791 0.11417965025413229 2.017713613423695 -2.2028606910615331 -1.2350142628633418 1.1041040799175152 2.8251927988814063 0.31894402716872766 0.99905870259194696 -2.8444588658214225 1.5608809967391257 0.35775092268444186 -1.8917981799200552 -1.2678309548612534 -0.021758452440499967 -0.27263445113056195 13.45782602929609 10.270253548010592 2.7837965599130459 3.9478964094481199 10.090541372536952 14.115183321848029 2.0866529555139195 0.067034191897220069 -0.68239471777067895 -0.022329316948470315 3.0055773256051594 0.12483412582491193 4.1510324035985322 3.8751301391742561 2.4987439483978147
leaf_weight=2041 262 44 98 1570 61 30 255 46 960 609 24 23 64 93 239 103 35 20 30 25 36 595 21 81 2823 1922 26 25 34 20 37 552 504 334 1755 463 64 61 134 77 492 505 290 672 918 408 2599 31 173 841 226 36 95 168 140 1787 317 22 64 36 238 597
leaf_count=2041 262 44 98 1570 61 30 255 46 960 609 24 23 64 93 239 103 35 20 30 25 36 595 21 81 2823 1922 26 25 34 20 37 552 504 334 1755 463 64 61 134 77 492 505 290 672 918 408 2599 31 173 841 226 36 95 168 140 1787 317 22 64 36 238 597
internal_value=0.0152522 -0.571296 11.4871 -1.26438 1.74713 13.4894 -2.00988 12.3467 -2.13289 -0.530893 17.7627 17.7066 7.01458 11.7689 3.24606 1.12206 10.5911 13.2347 11.5846 16.7519 18.5718 1.54082 16.1894 0.0604279 -1.8401 -0.171767 14.5888 9.55777 14.7266 16.257 16.4058 0.548509 0.770255 1.1434 -1.7173 -2.00089 2.75902 1.24874 1.23359 -0.699428 -2.68105 0.924873 1.12211 -2.29468 -0.931954 -0.768492 -0.407201 11.5502 10.7692 2.92181 3.03071 12.4386 12.871 1.90948 1.16898 -0.881116 -0.30527 5.93699 0.201759 1.57701 4.52456 2.1007
internal_weight=26851 25545 1306 19666 5879 902 9753 712 9206 9913 190 69 404 643 1730 4149 357 286 264 166 87 2398 51 547 6001 5230 56 120 79 54 57 1751 1390 886 5041 2218 1253 122 215 332 3205 898 795 1164 4683 3113 3208 56 208 1131 1067 229 193 1500 308 2705 361 284 2022 100 477 1192
internal_count=26851 25545 1306 19666 5879 902 9753 712 9206 9913 190 69 404 643 1730 4149 357 286 264 166 87 2398 51 547 6001 5230 56 120 79 54 57 1751 1390 886 5041 2218 1253 122 215 332 3205 898 795 1164 4683 3113 3208 56 208 1131 1067 229 193 1500 308 2705 361 284 2022 100 477 1192
is_linear=0
shrinkage=0.05


Tree=17
num_leaves=63
num_cat=0
split_feature=17 7 15 15 7 22 17 17 7 11 13 7 2 2 10 21 19 3 0 21 23 2 21 5 0 18 2 22 22 3 7 22 5 2 0 2 11 18 3 22 7 14 2 0 25 1 0 3 7 5 2 5 10 14 11 22 7 18 2 2 0 18
split_gain=6.52385e+07 1.48185e+07 4.2629e+06 3.92519e+06 1.98846e+06 1.42332e+06 768668 662058 573743 471229 388463 363123 353761 350730 298702 272756 330282 270059 286604 211844 206767 192025 178752 176838 168680 166491 166157 159413 158956 150208 140502 128364 117995 111525 120136 111065 109736 106294 105733 126045 101822 146606 99190.7 126661 95643.7 121777 95508.5 94564.5 93984 93536.5 188873 90493.1 90354.6 82845.4 82059.1 80700.9 86842.7 79477.6 79323.8 96781.2 78766.9 78396.1
threshold=522.95833333333337 308.16500000000002 866.33333333333337 228.35750000000004 424.50000000000006 1.5000000000000002 1120.041666666667 270.0175000000001 188.39500000000004 877.50000000000011 499.50000000000006 344.50000000000006 2020.5000000000002 2020.5000000000002 598.00000000000011 0.057735042735042715 0.018547184955853727 5.5000000000000009 13.950000000000001 1.0976190476190479 40.500000000000007 2023.5000000000002 0.48991894630192506 -0.6830127018922193 14.890000000000002 95.933840426798213 2021.5000000000002 4.5000000000000009 4.5000000000000009 6.5000000000000009 294.12500000000006 1.0000000180025095e-35 -0.6830127018922193 2010.5000000000002 14.255000000000001 2021.5000000000002 323.16500000000002 53.785892941356394 7.5000000000000009 2.5000000000000004 995.00000000000011 92.376043070340032 2010.5000000000002 14.255000000000001 2.5000000000000004 -12.639999999999999 14.255000000000001 8.5000000000000018 889.00000000000011 -0.6830127018922193 2021.5000000000002 -0.24999999999999994 881.50000000000011 73.425628358914906 293.54000000000002 4.5000000000000009 468.00000000000006 116.48902756850808 2021.5000000000002 2023.5000000000002 13.725000000000001 17.236537432620999
decision_type=2 2 2 2 2 2 2 2 2 2 2 2 2 2 2 2 2 2 2 2 2 2 2 2 2 2 2 2 2 2 2 2 2 2 2 2 2 2 2 2 2 2 2 2 2 2 2 2 2 2 2 2 2 2 2 2 2 2 2 2 2 2
left_child=1 3 5 8 11 14 9 13 42 19 35 -3 29 27 -2 40 22 48 53 24 23 49 -17 31 60 37 54 -5 38 -10 -9 -16 -14 -31 -35 36 -6 -7 39 -28 -8 46 -1 -44 -25 -46 -42 -29 -11 -15 -51 -12 -22 -19 -13 -37 -57 -20 -34 -60 -4 -49
right_child=2 4 6 7 10 25 15 30 12 17 51 26 32 21 20 16 -18 18 57 -21 52 -23 -24 44 -26 -27 28 47 -30 33 -32 -33 58 34 -36 55 -38 -39 -40 -41 41 -43 43 -45 45 -47 -48 61 -50 50 -52 -53 -54 -55 -56 56 -58 -59 59 -61 -62 -63
leaf_value=-2.9878361704679959 15.943157253006465 0.42195099001239172 14.509295844556091 -1.5465866587685484 -0.3132114665207808 5.8527313881260348 12.526616883687545 -0.4219810690192029 -1.5039016279512896 11.897092289341952 3.4478288413348288 -0.47509477729209459 1.5278997579396307 1.7630820785703987 6.0507957170218898 14.129211057301772 23.788679141925211 10.851052277401623 6.2679734751709502 17.972288839292634 10.930012783848621 -1.9212361930139392 20.23468105264379 11.499969163213958 17.996418792572779 1.6939861400818927 4.7550180688447377 -0.73863770570123477 1.8424347693975278 -2.7349540521527569 0.087978410641673332 10.108844925636468 -1.0235967981529546 -2.3166882382102072 -1.5628461857349671 1.0489850080701382 2.6841643140671105 9.6546933055517101 0.26106885167163446 1.2420182711718479 16.378757926013982 19.067405291685123 -2.5921605379648267 -1.7833304369938336 8.7490360928442161 12.160979683521651 12.032527255616246 -0.83838853556881698 15.501061800458613 -0.62953331840301308 1.9515273987987474 4.86012938215275 14.522369500124165 15.11966953515017 0.97885086172672475 2.6446232773537655 3.7505888702488757 9.4491584822938233 3.262189423718215 -1.1824382959506212 11.399662658201944 -1.6329050471284976
leaf_weight=865 22 1433 40 1379 61 258 29 2916 2323 40 190 139 78 134 58 30 26 25 35 44 52 86 22 82 20 23 28 2482 1630 492 2516 30 246 956 1185 64 61 20 316 282 32 29 1702 678 144 33 24 570 38 222 104 287 29 24 321 841 226 48 26 23 49 683
leaf_count=865 22 1433 40 1379 61 258 29 2916 2323 40 190 139 78 134 58 30 26 25 35 44 52 86 22 82 20 23 28 2482 1630 492 2516 30 246 956 1185 64 61 20 316 282 32 29 1702 678 144 33 24 570 38 222 104 287 29 24 321 841 226 48 26 23 49 683
internal_value=0.0145526 -0.542729 10.914 -1.20116 1.6598 8.45622 14.2377 -0.580099 -2.0046 12.8747 3.08381 1.06597 -1.68536 -0.958524 10.237 16.8064 19.1213 11.3229 9.92635 14.9959 9.94002 0.246 16.7463 9.4015 13.779 5.7914 1.40573 -1.08713 1.58232 -1.79712 -0.185779 7.44418 -0.200333 -2.05575 -1.89955 2.62111 1.18641 6.12965 0.904845 1.56077 15.2072 16.1059 -2.52879 -2.36183 10.0634 9.3917 14.5409 -0.917455 13.6705 0.651519 0.194203 4.29843 12.2325 12.9684 0.539488 2.77575 2.87921 8.11691 -0.65767 1.17767 12.812 -1.27157
internal_weight=26851 25545 1306 19666 5879 751 555 11092 8574 363 1730 4149 5329 5660 450 192 78 210 132 153 428 546 52 347 109 301 2716 5114 2256 4956 5432 88 373 2633 2141 1253 122 278 626 310 114 85 3245 2380 259 177 56 3735 78 460 326 477 81 49 460 1131 1067 83 295 49 89 1253
internal_count=26851 25545 1306 19666 5879 751 555 11092 8574 363 1730 4149 5329 5660 450 192 78 210 132 153 428 546 52 347 109 301 2716 5114 2256 4956 5432 88 373 2633 2141 1253 122 278 626 310 114 85 3245 2380 259 177 56 3735 78 460 326 477 81 49 460 1131 1067 83 295 49 89 1253
is_linear=0
shrinkage=0.05


Tree=18
num_leaves=63
num_cat=0
split_feature=17 7 15 7 7 22 17 17 20 2 15 21 13 2 3 1 12 12 10 5 2 19 20 2 5 2 2 7 5 2 12 12 22 21 1 5 12 3 10 17 2 7 25 15 3 12 14 7 1 2 19 2 21 17 25 25 12 17 1 5 0 1
split_gain=5.88925e+07 1.33739e+07 3.84942e+06 3.54485e+06 1.79466e+06 1.28498e+06 787764 694196 454151 430452 396411 396189 350609 330803 318730 312624 281047 270330 269839 250020 220553 210737 204871 242931 195754 308307 194722 187278 170684 169871 151282 147878 192038 138622 137306 128534 127442 120358 115324 108955 111218 108434 107292 132599 105217 104613 103336 103126 101199 100228 102439 97333.2 95894.5 90661.8 86657.7 85373.9 83840.2 83183 81693.3 81668.5 79909.7 78813.6
threshold=522.95833333333337 308.16500000000002 866.33333333333337 247.75000000000003 424.50000000000006 1.5000000000000002 202.92041666666668 1120.041666666667 0.18202020202020211 2020.5000000000002 267.95166666666677 1.0976190476190479 499.50000000000006 2021.5000000000002 5.5000000000000009 -15.579999999999998 248.87500000000003 868.50000000000011 598.00000000000011 -0.6830127018922193 2022.5000000000002 -0.040003839969280301 -0.14982993197278913 2023.5000000000002 -0.6830127018922193 2021.5000000000002 2020.5000000000002 174.08500000000001 -0.24999999999999994 2023.5000000000002 266.83500000000009 590.83500000000015 6.5000000000000009 -0.013297168141592928 -16.224999999999998 -0.24999999999999994 777.50000000000011 7.5000000000000009 779.00000000000011 409.29166666666674 2023.5000000000002 350.50000000000006 1.5000000000000002 812.58333333333337 7.5000000000000009 602.08500000000015 107.65630945640935 1053.0000000000002 -13.709999999999999 2021.5000000000002 0.16667333333333348 2010.5000000000002 0.12501022745868109 237.3366666666667 3.5000000000000004 6.5000000000000009 190.50000000000003 324.39000000000004 -16.234999999999996 -0.24999999999999994 14.255000000000001 -12.889999999999999
decision_type=2 2 2 2 2 2 2 2 2 2 2 2 2 2 2 2 2 2 2 2 2 2 2 2 2 2 2 2 2 2 2 2 2 2 2 2 2 2 2 2 2 2 2 2 2 2 2 2 2 2 2 2 2 2 2 2 2 2 2 2 2 2
left_child=1 3 5 6 13 18 27 11 19 10 44 14 49 30 21 47 52 -17 -2 -9 24 -4 -21 45 55 -26 53 -1 36 35 -3 32 -7 39 -13 54 -20 48 -38 40 -18 -35 -30 46 -5 -24 -44 -16 -22 50 -6 -29 -15 -8 -28 58 -46 -32 -11 -14 -53 -41
right_child=2 4 7 9 12 31 26 8 -10 20 -12 34 59 16 15 17 33 -19 28 22 37 -23 23 -25 25 -27 29 51 42 -31 57 -33 -34 41 -36 -37 38 -39 -40 61 -42 -43 43 -45 56 -47 -48 -49 -50 -51 -52 60 -54 -55 -56 -57 -58 -59 -60 -61 -62 -63
leaf_value=-2.692995395434695 15.149606278363393 -0.59343469426167761 9.9860367682672315 -0.73943527049828006 1.9175664758580906 0.47806014089442012 -1.5885966873392179 11.920316817507675 22.451989214252137 2.7466963708279337 -0.29214528520097066 18.918456577990767 3.275528097287534 -0.39720000600192606 9.5619036700239715 10.376049741385039 1.6496600595853661 16.74449099720184 6.3372014357140003 13.081105700593112 -0.10574805784745073 14.615176725054122 17.830079231414185 14.628567703627539 -0.27837463803612011 2.2838327848779776 3.4610865349781488 -2.5865787229669746 12.719725013592736 -1.7879839007782103 0.3398688488299258 9.6606165909648531 5.5644962997465743 1.421336619575168 13.250618556008408 -0.44053231742188637 7.5979417218620755 -1.2125132472843596 11.098508224983796 1.5839193908835649 0.0099470524393228815 2.28523089895014 9.6256135650334471 11.676066311375513 -2.1390477663705179 23.035177255507133 6.3716406261039324 6.2256058045601907 2.4858798201320527 2.6369957664937522 -1.523458926957697 -2.1299602709956953 0.83623971111412387 -1.075610475554112 0.49563113642557188 2.8857264628493535 -1.1448602808324961 1.3838724548812997 0.22532538733216032 4.6172075905686922 -1.5859066211441171 4.492619642406372
leaf_weight=1563 22 329 34 1756 94 20 3480 48 24 49 4443 27 190 214 74 46 158 27 62 37 451 100 25 38 493 154 40 644 38 163 623 20 261 690 20 260 51 264 46 168 299 769 132 68 250 20 31 35 41 1131 28 1627 597 1146 64 126 1402 275 93 287 1157 27
leaf_count=1563 22 329 34 1756 94 20 3480 48 24 49 4443 27 190 214 74 46 158 27 62 37 451 100 25 38 493 154 40 644 38 163 623 20 261 690 20 260 51 264 46 168 299 769 132 68 250 20 31 35 41 1131 28 1627 597 1146 64 126 1402 275 93 287 1157 27
internal_value=0.0138935 -0.51559 10.3697 -1.14111 1.57683 8.03413 -1.79149 13.5281 15.9692 -0.448231 -0.603323 12.2328 2.92967 1.01268 11.5871 10.2097 1.30199 12.7513 9.72615 15.0303 0.280444 13.449 16.2632 17.6643 0.802549 0.331737 -1.3578 -2.23922 9.44389 -0.447046 0.323671 5.50212 5.20279 1.60592 16.54 0.153741 8.12977 -0.351485 9.26778 0.999553 0.577098 1.8768 10.2173 9.80031 -1.00898 20.1895 9.01108 8.49735 0.110672 2.4901 1.12718 -2.03224 0.510755 -1.46154 1.63847 1.93861 -1.29544 0.659704 1.09673 4.0836 -1.90392 1.98878
internal_weight=26851 25545 1306 19666 5879 751 10144 555 192 9522 7851 363 1730 4149 316 182 2922 73 450 168 1671 134 120 83 915 647 5153 4991 428 527 1227 301 281 2111 47 364 159 756 97 652 457 1459 269 231 3408 45 163 109 492 1253 122 3428 811 4626 104 268 1652 898 142 477 2784 195
internal_count=26851 25545 1306 19666 5879 751 10144 555 192 9522 7851 363 1730 4149 316 182 2922 73 450 168 1671 134 120 83 915 647 5153 4991 428 527 1227 301 281 2111 47 364 159 756 97 652 457 1459 269 231 3408 45 163 109 492 1253 122 3428 811 4626 104 268 1652 898 142 477 2784 195
is_linear=0
shrinkage=0.05


Tree=19
num_leaves=63
num_cat=0
split_feature=15 7 17 15 7 17 17 17 2 7 21 15 23 7 3 1 1 0 9 0 15 13 13 7 10 5 16 19 2 2 5 15 1 23 22 7 0 22 3 16 22 21 13 14 23 22 7 17 3 19 2 21 14 3 22 2 2 22 2 25 22 2
split_gain=5.31643e+07 1.29025e+07 3.2197e+06 2.56432e+06 1.97537e+06 816067 778382 626974 457134 415966 357920 310748 310263 297334 287601 282301 243795 282721 236938 234232 219059 199600 198230 191223 186572 154506 150236 148608 142738 136966 125539 124228 123921 117340 115123 122109 111728 107460 105103 104934 103457 150479 97446.5 115484 126333 96724.4 93054.5 103123 92359.9 92312.6 89799 128933 85865.6 85819.8 108188 223522 104824 100585 83883.8 82752.1 80029.6 78583.7
threshold=557.41666666666686 308.16500000000002 245.00041666666672 866.33333333333337 433.50000000000006 203.69750000000002 601.66666666666686 1120.041666666667 2020.5000000000002 360.50000000000006 1.0976190476190479 476.25000000000006 40.500000000000007 273.16500000000002 5.5000000000000009 -15.579999999999998 -16.474999999999998 14.805000000000001 1196.5000000000002 13.845000000000001 1009.2500000000001 1001.1666666666669 1001.1666666666669 182.75000000000003 1312.5000000000002 -0.6830127018922193 115.51031486232912 -0.035396059121932381 2019.5000000000002 2019.5000000000002 -0.24999999999999994 912.75000000000011 -16.224999999999998 42.500000000000007 8.5000000000000018 208.54000000000005 12.870000000000003 1.0000000180025095e-35 7.5000000000000009 25.275151938313304 6.5000000000000009 0.29334666666666659 834.16666666666686 115.47005383792528 29.500000000000004 4.5000000000000009 1053.0000000000002 992.66666666666686 7.5000000000000009 -0.02096071467799215 2021.5000000000002 0.44445555555555555 49.999999999999581 7.5000000000000009 5.5000000000000009 2022.5000000000002 2021.5000000000002 4.5000000000000009 2010.5000000000002 7.5000000000000009 4.5000000000000009 2022.5000000000002
decision_type=2 2 2 2 2 2 2 2 2 2 2 2 2 2 2 2 2 2 2 2 2 2 2 2 2 2 2 2 2 2 2 2 2 2 2 2 2 2 2 2 2 2 2 2 2 2 2 2 2 2 2 2 2 2 2 2 2 2 2 2 2 2
left_child=1 2 5 6 9 23 33 10 38 29 14 50 25 -4 21 46 17 24 22 52 31 27 -18 -1 -9 37 49 -5 -15 39 -21 -17 -12 -2 -10 -36 -30 -8 -7 -3 41 -13 43 44 -27 48 47 -16 59 -14 51 -6 -20 56 55 57 -11 -55 -25 -31 -52 -58
right_child=3 4 13 7 11 8 12 16 34 53 32 40 26 28 15 20 18 -19 19 30 -22 -23 -24 58 -26 42 -28 -29 36 45 -32 -33 -34 -35 35 -37 -38 -39 -40 -41 -42 -43 -44 -45 -46 -47 -48 -49 -50 -51 60 -53 -54 54 -56 -57 61 -59 -60 -61 -62 -63
leaf_value=-2.4177325648726229 5.9453490965891209 0.47245434252241519 -0.7120035620839007 8.4820672221567417 2.8283010701232207 -1.2001626798567664 5.4908605999752957 12.094941269542296 -0.19688493917763064 0.38925774286614501 17.976024216655436 0.71977203134963785 12.892777659013817 -0.28090555243049198 7.550852510617208 13.327215471312897 13.288038968813929 22.749941399797279 17.263959164856782 7.0284443212310652 16.454604827736226 16.956777308293891 20.183623389041784 -2.4079766545013026 18.919012530881968 8.4842970942304525 15.572966549407813 12.882349745923927 1.3639643246865623 0.12648760752278085 12.43869001811446 8.2713897012054343 12.591383750521722 2.679884073605225 -1.4242573984773643 2.7693517858733809 0.12445340436781516 9.1530182344737163 -1.651064363786362 -1.001422538398558 4.2917082467264382 4.452486615436575 11.518558431952201 6.5287351197244767 11.370597789508246 1.0329651330558218 5.9152123019905849 11.429881981394134 -0.41278504031794933 9.2288030366411231 0.8411149145431116 -0.64419825753587101 12.515213397960757 0.93372628159982174 1.7381405267830479 -0.54239193362506311 4.3535672725342076 3.4531607904306294 -1.6813876487537724 1.7404402730491411 2.8816970557707897 2.0287653015180847
leaf_weight=2489 133 328 3455 26 56 3182 59 22 458 96 27 54 30 3608 45 21 21 20 22 22 21 24 23 484 20 133 21 84 212 177 22 31 20 35 23 70 1273 31 2179 191 528 54 39 47 55 1611 35 29 263 45 52 51 20 97 515 194 38 67 2234 144 650 835
leaf_count=2489 133 328 3455 26 56 3182 59 22 458 96 27 54 30 3608 45 21 21 20 22 22 21 24 23 484 20 133 21 84 212 177 22 31 20 35 23 70 1273 31 2179 191 528 54 39 47 55 1611 35 29 263 45 52 51 20 97 515 194 38 67 2234 144 650 835
internal_value=0.0132582 -0.464394 -1.08363 10.3762 1.56499 -1.64455 8.18524 12.8535 -1.24251 1.05406 11.6225 3.17573 9.24962 -0.353978 11.0089 9.70038 15.1734 17.7915 13.912 12.3499 12.1155 12.7774 16.9303 -2.10099 15.3818 8.57691 11.7887 11.851 -0.111089 0.660422 9.75575 10.3349 15.7164 5.26707 0.128884 1.73175 0.30149 6.76108 -1.38346 -0.0700339 4.00296 2.58857 9.17065 8.77624 9.33432 0.833133 8.07321 9.08445 0.281792 10.7097 2.52499 1.17408 15.0379 1.63397 1.2741 0.606237 1.95801 1.96451 -1.81086 0.850836 2.73069 2.13045
internal_weight=26851 25668 19667 1183 6001 11119 628 555 5912 4556 363 1445 460 8548 316 182 192 62 130 86 73 134 44 5207 42 364 96 110 5093 2714 44 52 47 168 551 93 1485 90 5361 519 636 108 274 235 188 2195 109 74 584 75 809 107 42 1842 873 358 969 164 2718 321 702 873
internal_count=26851 25668 19667 1183 6001 11119 628 555 5912 4556 363 1445 460 8548 316 182 192 62 130 86 73 134 44 5207 42 364 96 110 5093 2714 44 52 47 168 551 93 1485 90 5361 519 636 108 274 235 188 2195 109 74 584 75 809 107 42 1842 873 358 969 164 2718 321 702 873
is_linear=0
shrinkage=0.05


Tree=20
num_leaves=63
num_cat=0
split_feature=15 7 7 15 7 8 15 5 13 21 7 3 7 18 6 20 22 10 7 16 16 15 18 1 3 23 10 25 13 3 18 5 18 6 15 22 10 6 18 6 14 21 21 25 22 22 15 22 18 6 3 5 13 22 6 1 25 8 1 18 7 6
split_gain=4.72374e+07 1.17905e+07 3.53697e+06 2.35756e+06 1.40693e+06 1.06216e+06 547175 515490 497478 496891 395590 332177 291237 289815 312140 233311 188276 155885 143739 124778 129294 117582 106308 133918 121711 102684 100186 96951.1 114398 89298.8 88230.4 82359.5 79098.9 77348.8 75529.2 72387.8 72351.2 67386.8 70518.9 63163.7 62722.7 62121.4 142249 70298.6 61386.8 57516 56828.4 73582.1 137884 56314.4 55278.2 54943.9 53881.5 57055.7 53072.5 52690.4 51601 50185.4 52424.9 48465.2 46964.5 44149.7
threshold=557.41666666666686 325.50000000000006 247.75000000000003 1009.2500000000001 468.00000000000006 677.50000000000011 202.52666666666673 -0.5 289.04166666666669 1.0010810810810813 1190.5000000000002 5.5000000000000009 394.50000000000006 247.46463367108854 -0.5 0.058829757858743011 4.5000000000000009 902.50000000000011 169.08500000000001 59.676064961572308 143.04170995981593 260.86083333333335 116.48902756850808 -16.474999999999998 2.5000000000000004 45.500000000000007 654.00000000000011 7.5000000000000009 1064.5000000000002 6.5000000000000009 7.5830591765094422 -0.5 35.811268752963251 0.25000000000000017 425.04166666666669 5.5000000000000009 464.00000000000006 -0.24999999999999994 59.761330726575743 -0.24999999999999994 80.363756341608379 -0.13332666666666668 -0.021826121476776535 10.500000000000002 1.5000000000000002 4.5000000000000009 299.9641666666667 8.5000000000000018 58.262140402699892 0.25000000000000017 2.5000000000000004 -0.24999999999999994 212.52833333333334 4.5000000000000009 -0.68301270189221952 -12.889999999999999 12.500000000000002 433.16500000000002 -15.554999999999998 14.502288352563195 794.00000000000011 0.25000000000000017
decision_type=2 2 2 2 2 2 2 2 2 2 2 2 2 2 2 2 2 2 2 2 2 2 2 2 2 2 2 2 2 2 2 2 2 2 2 2 2 2 2 2 2 2 2 2 2 2 2 2 2 2 2 2 2 2 2 2 2 2 2 2 2 2
left_child=1 2 6 5 12 17 18 15 21 11 25 22 30 14 -12 19 -6 37 -1 -5 40 39 24 -24 -7 27 -13 28 -9 50 49 32 -18 52 45 -35 46 38 -2 -4 -21 43 -43 -28 -39 51 54 -48 -49 -3 -20 -14 -8 -54 -10 -32 -34 -33 -59 -41 -25 -47
right_child=3 4 8 7 16 9 33 10 36 -11 13 26 34 -15 -16 -17 31 -19 29 20 -22 -23 23 60 -26 -27 41 -29 -30 -31 55 57 56 35 -36 -37 -38 44 -40 59 -42 42 -44 -45 -46 61 47 48 -50 -51 -52 -53 53 -55 -56 -57 -58 58 -60 -61 -62 -63
leaf_value=-2.4641441239214719 5.2466007887625636 0.91561014215232395 -0.55102279335100668 6.3000005645209578 0.38430696160195937 8.3249520106193344 -1.4660580815215163 9.8339357988866745 0.35892361026039249 16.830987875389329 11.2821732896747 4.9602281160484072 0.043441098008125512 22.292000647066196 19.316432710767231 14.856294509025901 3.9119936143714025 9.2727335939070041 -2.0705180236898921 10.465252901619209 7.7229005407527147 -0.39384318952440434 15.321265773859498 9.5547072213351569 11.669318651835829 10.556279818872405 9.7003560246345604 16.072931858278672 15.119587944356184 -2.1059347778677133 0.78811885210742738 2.060812613234897 2.0012312841210278 -1.6656920553683467 2.2318898764688138 -1.0245844533156077 2.9001920479200622 7.1956092149150539 1.701687467663209 -0.6186835856617201 14.176701612596387 5.3461526538738919 8.9554170136312852 7.4652133392961053 5.3107691765587832 2.0082199371936191 0.14944737276787526 0.56423097971158154 3.9743627834863475 3.0972542182742044 -1.447924502992783 1.662464891835586 -1.2931973219380875 -0.76661286503669512 -0.34942036127793508 1.7818603085838696 4.3759572134686575 3.8724991381116993 5.000738143249297 -1.173006348191427 11.815408251758063 1.3469964629737607
leaf_weight=1313 43 49 1306 21 45 74 780 22 357 23 23 22 110 26 27 30 155 31 483 27 25 3379 22 41 45 29 132 37 21 1787 1810 29 151 1693 661 596 23 68 21 567 23 45 72 51 126 587 2348 191 35 75 1371 100 866 1269 1019 144 27 348 149 1298 66 445
leaf_count=1313 43 49 1306 21 45 74 780 22 357 23 23 22 110 26 27 30 155 31 483 27 25 3379 22 41 45 29 132 37 21 1787 1810 29 151 1693 661 596 23 68 21 567 23 45 72 51 126 587 2348 191 35 75 1371 100 866 1269 1019 144 27 348 149 1298 66 445
internal_value=0.00188658 -0.451932 -0.97379 9.72645 1.75736 8.40468 -1.63931 13.4711 -0.331342 9.61662 15.1582 9.3226 1.35295 17.9491 15.6507 10.9838 3.53798 5.91541 -2.01544 9.75942 10.7183 -0.599086 10.7033 11.7142 9.59841 13.1976 8.25622 14.1407 12.4445 -1.85357 0.94361 3.70312 3.08536 -1.28122 1.79985 -1.49882 0.110072 5.50856 4.08797 -0.817772 12.1975 8.49617 7.57303 9.08189 5.97483 1.56975 0.0937519 0.232412 1.0939 2.23663 -1.61023 0.814853 -1.1103 -0.980259 -0.165626 0.861443 2.36373 4.09353 4.21169 -1.00453 10.9589 1.72326
internal_weight=26759 25566 20681 1193 4885 882 10158 311 10523 593 185 570 3981 76 50 126 904 289 4954 96 75 6550 248 129 119 109 322 80 43 3641 2078 859 333 5204 1903 2289 3973 258 64 3171 50 300 117 183 194 1242 3950 2574 226 124 1854 210 2915 2135 1376 1954 178 526 497 1865 107 1032
internal_count=26759 25566 20681 1193 4885 882 10158 311 10523 593 185 570 3981 76 50 126 904 289 4954 96 75 6550 248 129 119 109 322 80 43 3641 2078 859 333 5204 1903 2289 3973 258 64 3171 50 300 117 183 194 1242 3950 2574 226 124 1854 210 2915 2135 1376 1954 178 526 497 1865 107 1032
is_linear=0
shrinkage=0.05


Tree=21
num_leaves=63
num_cat=0
split_feature=15 7 7 15 15 8 15 2 21 3 2 12 12 3 11 7 2 12 16 2 3 1 11 21 23 23 15 12 2 2 3 15 18 3 10 12 12 2 18 19 1 22 11 7 10 12 25 12 12 22 25 18 2 16 23 22 8 3 7 1 3 16
split_gain=4.26427e+07 1.06413e+07 3.19216e+06 2.12925e+06 1.27221e+06 958829 493828 491394 448799 377656 399056 559174 373688 299938 235631 230922 225142 219740 215714 190042 266261 148165 143383 139566 145750 133698 132171 122273 121712 115568 151833 113563 110792 110297 106284 104093 102916 100948 99542.1 96926.8 114873 94449.8 104815 92944.5 90382.9 73667.3 72393 71922.9 71889.9 71705.5 68462.8 67032.8 65642.4 64183 84988.5 68265.4 63852.7 63643.2 62817.2 62744.6 103437 85538.6
threshold=557.41666666666686 325.50000000000006 247.75000000000003 1009.2500000000001 447.25000000000006 677.50000000000011 202.52666666666673 2020.5000000000002 1.0010810810810813 6.5000000000000009 2023.5000000000002 652.50000000000011 258.54000000000002 5.5000000000000009 476.50000000000006 367.50000000000006 2022.5000000000002 297.93000000000006 59.676064961572308 2021.5000000000002 7.5000000000000009 -13.709999999999999 1155.0000000000002 0.4547859547859549 34.500000000000007 25.500000000000004 180.45833333333334 250.50000000000003 2020.5000000000002 2022.5000000000002 6.5000000000000009 292.9308333333334 58.262140402699892 7.5000000000000009 954.00000000000011 389.00000000000006 283.54000000000002 2018.5000000000002 101.15387231777609 -0.035396059121932381 -16.284999999999997 6.5000000000000009 488.50000000000006 483.50000000000006 654.00000000000011 182.75000000000003 5.5000000000000009 199.72000000000003 264.50000000000006 8.5000000000000018 9.5000000000000018 13.240634177707593 2010.5000000000002 34.156502553198592 41.500000000000007 4.5000000000000009 752.50000000000011 2.5000000000000004 1077.5000000000002 -14.424999999999999 7.5000000000000009 98.29996420654858
decision_type=2 2 2 2 2 2 2 2 2 2 2 2 2 2 2 2 2 2 2 2 2 2 2 2 2 2 2 2 2 2 2 2 2 2 2 2 2 2 2 2 2 2 2 2 2 2 2 2 2 2 2 2 2 2 2 2 2 2 2 2 2 2
left_child=1 2 6 5 15 14 26 12 13 10 11 58 33 39 -2 36 19 38 -11 20 48 32 -12 24 -20 -22 52 53 47 30 -30 -14 -18 -4 -16 43 37 -3 -6 46 -41 42 -19 -29 -15 -21 -7 -8 -9 -32 -26 -35 -1 -17 -55 -56 -42 -47 -5 60 -46 -61
right_child=3 4 7 9 17 8 28 16 -10 18 22 -13 31 44 34 27 21 41 23 45 25 -23 -24 -25 50 -27 -28 35 29 -31 49 -33 -34 51 -36 -37 -38 -39 -40 40 56 -43 -44 -45 59 57 -48 -49 -50 -51 -52 -53 -54 54 55 -57 -58 -59 -60 61 -62 -63
leaf_value=-2.6360724889017919 1.074493969354593 -1.1864636840507081 -0.60319258781048513 12.060259101289143 1.1077434502864663 10.407136620927794 -1.5845518395249931 -0.78158954473616915 15.993081415680061 7.1713019611996689 9.9642756540944255 23.896458989923648 -0.37884289950712824 4.7133389951956222 5.7380820390908776 0.35827154731968597 -0.53870381059663841 3.2053509861168372 8.6051645616640773 -0.86269713289597449 0.42626051249220076 2.2285137595729703 14.592566419464777 14.567482059911598 13.869615982133713 2.5148939926957268 -1.6838703072176289 1.9133786622641027 -0.73442639592774173 -1.5625509062730158 0.77314439862166273 0.13953060078135046 0.96738958890739257 -0.54047075217685669 9.1829024812614772 0.89399770762784891 1.1515398608957121 0.5852361047028779 4.3048024446284243 13.384115708369627 8.6507149205431197 3.8309961530574625 0.38907585498075198 3.8265438497899278 10.046111042293038 0.67004094448023943 7.2176327721240119 -1.1637138638853028 0.34515520445686887 3.6184767216751257 10.452879649510683 -1.3019609914968815 -2.0306178243078317 0.89307680290023961 1.2528005729166976 3.5573624433952369 10.972953611903241 2.5378482901550541 16.069663709169856 8.180686124290272 7.1566716044459939 11.922064071919493
leaf_weight=629 26 92 1951 21 150 33 1490 272 23 28 38 23 2870 22 238 238 868 143 40 22 134 60 32 40 39 179 2756 1219 227 169 93 1672 142 363 25 248 949 633 29 36 49 673 43 67 38 58 42 3196 295 29 27 1422 1569 272 62 67 88 215 23 51 188 23
leaf_count=629 26 92 1951 21 150 33 1490 272 23 28 38 23 2870 22 238 238 868 143 40 22 134 60 32 40 39 179 2756 1219 227 169 93 1672 142 363 25 248 949 633 29 36 49 673 43 67 38 58 42 3196 295 29 27 1422 1569 272 62 67 88 215 23 51 188 23
internal_value=0.00185287 -0.42933 -0.925103 9.24138 1.66953 7.98523 -1.55735 -0.314772 9.13672 12.8001 14.7759 17.5514 -0.492706 8.85729 5.62014 1.25034 0.341314 3.22287 11.2368 0.819104 0.450822 -0.183384 12.0979 12.011 11.0335 1.62116 -1.91468 1.59035 -1.21716 -0.489738 0.0300464 -0.188019 -0.326876 -0.863109 6.06892 1.83246 0.808892 0.360274 1.62785 10.1693 10.8298 3.55501 2.55486 2.01335 7.84397 1.91716 8.63307 -1.29756 -0.195398 1.45194 12.4899 -1.14715 -2.20399 1.00896 1.39495 2.45161 10.1493 2.14143 14.1879 8.07189 7.64676 9.35813
internal_weight=26759 25566 20681 1193 4885 882 10158 10523 593 311 137 67 8278 570 289 3847 2245 1038 174 1175 880 1070 70 146 106 313 4954 2173 5204 518 349 4542 1010 3736 263 1534 1674 725 179 248 173 859 186 1286 322 295 75 4686 567 122 66 1785 2198 639 401 129 137 273 44 300 226 74
internal_count=26759 25566 20681 1193 4885 882 10158 10523 593 311 137 67 8278 570 289 3847 2245 1038 174 1175 880 1070 70 146 106 313 4954 2173 5204 518 349 4542 1010 3736 263 1534 1674 725 179 248 173 859 186 1286 322 295 75 4686 567 122 66 1785 2198 639 401 129 137 273 44 300 226 74
is_linear=0
shrinkage=0.05


Tree=22
num_leaves=63
num_cat=0
split_feature=17 13 8 7 7 17 21 13 0 17 1 7 3 21 15 0 11 16 0 6 20 14 22 13 22 5 0 11 5 14 11 17 6 7 18 22 25 18 14 5 18 23 13 22 6 6 22 5 0 25 9 15 7 5 20 21 9 21 14 0 0 22
split_gain=3.8644e+07 9.0072e+06 2.75171e+06 1.92595e+06 1.72392e+06 1.03165e+06 576479 466979 386604 362423 291865 286342 264285 210014 208128 183653 169545 161754 134654 113197 123000 185927 103732 119322 98360.4 96305.8 88609.7 87717.7 83034.5 78627.3 76925.9 76559.4 74287 71412 70525.8 70812 85571.9 69798.5 69341.8 68242.5 74194.9 64125 61396.2 58270.8 52545.4 52219.3 50538.4 46256.8 46162.8 70607.6 45926.3 42736.4 41410.6 44529.5 41046.3 40420.3 40345.4 40007.9 39903.9 33927.1 42246.4 39946.8
threshold=522.95833333333337 295.04166666666669 677.50000000000011 394.50000000000006 219.58500000000001 1120.041666666667 1.0010810810810813 458.83333333333337 16.005000000000003 246.42000000000002 -16.224999999999998 344.50000000000006 5.5000000000000009 0.363648760555977 180.45833333333334 13.280000000000003 755.00000000000011 115.51031486232912 14.255000000000001 -0.5 -0.1666708333333333 80.363756341608379 1.0000000180025095e-35 1001.1666666666669 4.5000000000000009 0.93301270189221952 14.255000000000001 476.50000000000006 -0.5 80.363756341608379 827.50000000000011 409.29166666666674 -0.24999999999999994 266.83500000000009 116.48902756850808 4.5000000000000009 12.500000000000002 7.5830591765094422 80.363756341608379 -0.6830127018922193 28.467734916181865 29.500000000000004 897.16666666666674 5.5000000000000009 0.25000000000000017 0.6830127018922193 8.5000000000000018 -0.24999999999999994 12.870000000000003 1.5000000000000002 854.00000000000011 557.41666666666686 149.29000000000005 -0.24999999999999994 0.090919008444781527 -0.13332666666666668 198.87500000000003 -0.016901542563321267 57.735026918962809 14.610000000000001 13.280000000000003 6.5000000000000009
decision_type=2 2 2 2 2 2 2 2 2 2 2 2 2 2 2 2 2 2 2 2 2 2 2 2 2 2 2 2 2 2 2 2 2 2 2 2 2 2 2 2 2 2 2 2 2 2 2 2 2 2 2 2 2 2 2 2 2 2 2 2 2 2
left_child=1 4 17 11 14 6 12 34 13 29 -8 31 22 19 52 38 42 27 -18 -7 -21 -22 23 30 -9 50 46 -2 -16 32 -4 57 56 -11 35 36 47 44 55 40 -28 -19 -17 -34 -13 -30 54 -5 58 -50 -24 -29 -1 -54 -26 -14 -6 -3 -37 60 61 -39
right_child=2 3 5 7 9 8 10 24 -10 33 -12 37 15 -15 28 16 18 41 -20 20 21 -23 25 -25 26 -27 39 51 45 -31 -32 -33 43 -35 -36 48 -38 59 -40 -41 -42 -43 -44 -45 -46 -47 -48 -49 49 -51 -52 -53 53 -55 -56 -57 -58 -59 -60 -61 -62 -63
leaf_value=-2.6007516841566076 1.658054781909958 -0.14300046363829416 8.6901798880046961 -0.30012787120133277 -1.4954629087367799 8.6600308503819452 17.301696134801716 0.4518542856414996 19.044829363177023 -0.61842261328882342 9.9028047706026481 0.81361650026985677 9.9468175977097495 16.120511185528827 -1.8663259720358942 8.2028899976494074 4.9605432005802701 5.6399315466092323 7.4574624946738766 9.1214144265984149 10.998581930917119 16.101387286690425 8.589258735819838 14.190343663229868 3.7788022076657115 11.087571341918345 2.9164208488337415 4.0290065829405837 -1.2630763030022971 2.0483629362278073 10.94441405732819 2.2537005488667856 -1.3021722093866586 -0.26137706577088798 4.4990364293916532 2.1063623913013578 3.3611713243124748 0.84618989339181194 11.429972193560262 3.1217989017271175 0.39747203557169791 8.6272549251440154 11.662805170001405 -0.75576698884327864 2.9263498497717135 -1.7089775473421664 2.741710408683526 1.2028147844124917 2.2504046718459496 1.3907433837413856 5.9936849870099138 5.2244610531818054 -2.3004954563687705 -1.7987593746271491 5.2447153911860624 6.9164209725020775 -0.70637502209841729 0.23178156917017345 4.2403239855627799 1.0746305849321636 0.37356819892336263 2.4810559080411423
leaf_weight=349 25 963 67 107 178 30 30 34 25 2391 25 49 24 30 1191 33 85 38 153 25 42 33 42 20 176 26 60 128 2494 21 98 43 2149 3381 21 256 28 182 38 293 57 36 23 632 74 893 82 98 309 1058 31 189 754 1079 67 23 1804 2732 24 818 546 47
leaf_count=349 25 963 67 107 178 30 30 34 25 2391 25 49 24 30 1191 33 85 38 153 25 42 33 42 20 176 26 60 128 2494 21 98 43 2149 3381 21 256 28 182 38 293 57 36 23 632 74 893 82 98 309 1058 31 189 754 1079 67 23 1804 2732 24 818 546 47
internal_value=0.0018128 -0.430854 8.34621 0.94269 -1.07527 9.89643 9.03574 2.04296 13.2301 -0.676025 13.9627 0.404025 8.62497 12.3102 -1.69869 7.7547 7.15682 4.97963 6.56818 11.4191 12.2373 13.2623 9.7832 10.4916 3.08266 8.45012 3.20427 4.51824 -1.50707 -0.997831 10.0349 0.158546 -1.0113 -0.409289 1.62224 1.58986 0.773494 0.938713 9.81175 2.71393 1.69067 7.10297 9.64227 -1.17803 2.08608 -1.38069 3.82181 0.418564 1.7053 1.58522 7.4968 4.74319 -2.10063 -2.00526 4.185 8.4818 -0.777316 0.134102 2.29074 0.849994 0.612778 1.18269
internal_weight=26759 25440 1319 8124 17316 903 718 2670 185 10556 55 5454 663 160 6760 379 294 416 238 130 100 75 284 185 769 99 735 342 4578 4784 165 3738 4763 5772 1901 1880 233 1716 85 410 117 74 56 2781 123 3387 325 205 1647 1367 73 317 2182 1833 243 47 1982 3695 280 1593 775 229
internal_count=26759 25440 1319 8124 17316 903 718 2670 185 10556 55 5454 663 160 6760 379 294 416 238 130 100 75 284 185 769 99 735 342 4578 4784 165 3738 4763 5772 1901 1880 233 1716 85 410 117 74 56 2781 123 3387 325 205 1647 1367 73 317 2182 1833 243 47 1982 3695 280 1593 775 229
is_linear=0
shrinkage=0.05


Tree=23
num_leaves=63
num_cat=0
split_feature=17 7 7 7 7 7 17 3 7 2 3 2 17 2 21 1 13 23 21 25 16 13 22 2 22 20 17 12 19 3 3 22 25 19 22 12 3 3 2 3 1 12 22 12 9 12 22 21 22 0 2 3 2 2 2 6 22 12 12 3 16 2
split_gain=3.48842e+07 8.13858e+06 2.37589e+06 1.90442e+06 1.43259e+06 695015 534139 495110 488108 470947 348394 301001 296141 284483 210406 324004 191033 179855 225021 191767 171048 170603 154012 183068 139645 139157 135363 134271 129436 126064 121530 117840 113595 112316 100864 99438.6 118582 95715.7 112019 94290.9 94024.9 94008.6 85542.4 81310.3 76694.4 74981.1 74489.8 75235.2 121945 74602.9 71026.4 70687 70435.3 107827 211511 84652 75566.3 69248.1 68571.6 67856.7 74710.9 67092.9
threshold=522.95833333333337 295.28000000000003 794.00000000000011 367.50000000000006 219.58500000000001 1105.5000000000002 601.66666666666686 5.5000000000000009 477.50000000000006 2022.5000000000002 7.5000000000000009 2020.5000000000002 246.42000000000002 2020.5000000000002 -0.11875550774365322 -14.079999999999998 179.01333333333335 35.500000000000007 0.37525790921595609 10.500000000000002 115.51031486232912 1001.1666666666669 5.5000000000000009 2022.5000000000002 8.5000000000000018 0.058829757858743011 897.87500000000011 283.16500000000002 -0.031472764523611967 7.5000000000000009 5.5000000000000009 4.5000000000000009 9.5000000000000018 0.062650966183574922 5.5000000000000009 977.50000000000011 1.5000000000000002 6.5000000000000009 2020.5000000000002 8.5000000000000018 -16.234999999999996 169.08500000000001 1.0000000180025095e-35 293.54000000000002 204.08500000000001 262.25000000000006 6.5000000000000009 0.17494561335927342 5.5000000000000009 13.845000000000001 2021.5000000000002 8.5000000000000018 2018.5000000000002 2022.5000000000002 2021.5000000000002 -0.68301270189221952 5.5000000000000009 1006.0000000000001 1146.5000000000002 9.5000000000000018 2.3452078799133989 2021.5000000000002
decision_type=2 2 2 2 2 2 2 2 2 2 2 2 2 2 2 2 2 2 2 2 2 2 2 2 2 2 2 2 2 2 2 2 2 2 2 2 2 2 2 2 2 2 2 2 2 2 2 2 2 2 2 2 2 2 2 2 2 2 2 2 2 2
left_child=1 4 6 11 16 9 -2 20 27 -4 26 34 13 41 21 39 -1 18 -9 25 -7 58 23 45 -15 -19 -11 61 -28 32 35 -10 -25 57 -3 36 -8 -18 -39 -16 -38 -6 -30 -33 -40 -13 47 -29 -49 -48 -47 -43 56 54 -54 -56 -14 -32 -12 -24 -61 -5
right_child=2 3 5 8 12 7 30 17 31 10 14 22 52 24 15 -17 37 19 -20 -21 -22 -23 59 29 -26 -27 28 46 42 -31 33 43 -34 -35 -36 -37 40 38 44 -41 -42 51 -44 -45 -46 50 49 48 -50 -51 -52 -53 53 -55 55 -57 -58 -59 -60 60 -62 -63
leaf_value=-2.0042807142911534 4.1140327707089028 -0.83960844923171107 15.244556797984538 -0.19976578392781663 -1.8851662732430068 13.749439948624099 6.3042240010829929 5.6323833302670954 0.3040893873518995 8.2393102184913811 6.7362310126999247 0.95237261001468454 -0.9542323295895403 -0.072045132652955354 0.89916111372093455 10.149722402650051 -1.2269079011484116 11.71999034708981 12.338482671795468 8.5974325413727648 19.784462834500719 11.80650312172255 0.86576863434900408 -0.012874137527941136 2.5838769014854233 17.569459253916808 8.1573743376543799 1.055942832398326 11.927783989251209 -0.7799642473708871 6.0023659585678741 1.942112594921733 1.5185908747934018 3.0512992719580847 0.044972973650373532 5.2461328460721512 11.820952475479459 -1.7536067476570036 2.8830503786381207 4.884162382043737 8.4133484994916401 -0.85233611761223538 8.8582098197303321 3.3847847248518521 -0.76271332304071771 1.4323414942151622 3.4205879799168013 3.6468246256306034 1.5686944615901295 1.9538695117422589 4.8274582539097413 -1.2942275734254975 -0.044458308186519135 -0.72975815750060757 5.429140037772668 1.6897325067704427 -0.41788011151172877 8.7484982840117915 9.6798972445450637 3.0447895719188205 1.2028046881150964 1.1615605305698951
leaf_weight=2145 296 369 29 102 339 24 40 28 39 90 75 237 833 334 21 27 2538 22 23 20 26 31 1118 470 58 21 43 458 120 370 97 119 163 26 2539 27 32 2009 20 51 61 2434 30 558 51 36 109 87 375 428 27 1442 894 491 20 62 3104 31 28 79 182 801
leaf_count=2145 296 369 29 102 339 24 40 28 39 90 75 237 833 334 21 27 2538 22 23 20 26 31 1118 470 58 21 43 458 120 370 97 119 163 26 2539 27 32 2009 20 51 61 2434 30 558 51 36 109 87 375 428 27 1442 894 491 20 62 3104 31 28 79 182 801
internal_value=0.00177595 -0.409305 7.92986 0.834902 -1.0521 9.89854 5.64043 12.758 1.83409 9.03588 8.68405 0.285058 -0.672303 -0.966832 7.24459 5.48557 -1.61429 10.9189 8.67503 12.7186 16.921 8.53906 0.667094 0.277269 0.321469 14.611 9.86619 1.48704 10.6202 -0.0468894 7.07754 2.97759 0.381654 6.06461 -0.067296 8.04805 8.61245 -1.4331 -1.68463 3.7248 9.59735 -1.08665 11.3202 3.13153 0.266803 1.36071 1.78398 1.51048 1.96075 2.25217 2.89282 -1.01676 -0.421198 -0.125466 0.178576 2.60735 -0.531385 6.67379 7.54511 1.03539 1.76131 1.00778
internal_weight=26759 25440 1319 8666 16774 709 610 164 3076 545 516 5590 10011 4607 233 99 6763 114 51 63 50 134 2682 1303 392 43 283 2360 193 1003 314 716 633 154 2908 160 133 4618 2080 72 93 4215 150 677 71 300 1457 920 462 537 63 3876 5404 1467 976 82 3937 128 103 1379 261 903
internal_count=26759 25440 1319 8666 16774 709 610 164 3076 545 516 5590 10011 4607 233 99 6763 114 51 63 50 134 2682 1303 392 43 283 2360 193 1003 314 716 633 154 2908 160 133 4618 2080 72 93 4215 150 677 71 300 1457 920 462 537 63 3876 5404 1467 976 82 3937 128 103 1379 261 903
is_linear=0
shrinkage=0.05


Tree=24
num_leaves=63
num_cat=0
split_feature=17 13 8 13 17 17 2 13 0 17 3 2 17 12 17 2 0 2 3 0 11 5 16 5 13 13 12 2 12 2 0 2 2 2 2 2 2 2 3 2 16 12 22 25 0 0 19 22 3 0 25 16 5 2 6 0 12 3 2 21 2 19
split_gain=3.14902e+07 7.35085e+06 2.24929e+06 1.53795e+06 1.39315e+06 855646 558829 386784 329350 325661 307637 258065 247136 188092 279372 182409 213720 172838 285803 461105 212603 138648 132888 129482 127996 123354 122343 114832 108729 94114.1 89338.2 87750.6 126680 85591.7 170028 85539.1 202571 251669 87056.1 81019.9 79661.5 92871 79448.7 78920.5 78790.4 78361.8 78094.9 77487.6 76916 76883.5 75555.7 72310.5 71689.5 69781.7 67234.6 64231.3 61966.8 61940.2 63062.3 61925.9 59569.5 56565.9
threshold=522.95833333333337 295.04166666666669 677.50000000000011 404.50000000000006 210.17000000000002 1120.041666666667 2022.5000000000002 344.83333333333343 16.005000000000003 253.61791666666667 5.5000000000000009 2020.5000000000002 467.04166666666669 777.50000000000011 992.66666666666686 2010.5000000000002 14.255000000000001 2023.5000000000002 6.5000000000000009 14.665000000000001 1155.0000000000002 -0.6830127018922193 115.51031486232912 -0.24999999999999994 1001.1666666666669 1064.5000000000002 297.93000000000006 2018.5000000000002 273.39500000000004 2018.5000000000002 13.280000000000003 2021.5000000000002 2023.5000000000002 2022.5000000000002 2021.5000000000002 2018.5000000000002 2022.5000000000002 2021.5000000000002 5.5000000000000009 2023.5000000000002 59.676064961572308 360.50000000000006 5.5000000000000009 7.5000000000000009 14.255000000000001 13.280000000000003 -0.035396059121932381 5.5000000000000009 8.5000000000000018 13.280000000000003 11.500000000000002 30.276503540974527 -0.6830127018922193 2020.5000000000002 -0.68301270189221952 14.255000000000001 190.50000000000003 6.5000000000000009 2022.5000000000002 -0.17704879482657257 2011.5000000000002 0.022742381433430329
decision_type=2 2 2 2 2 2 2 2 2 2 2 2 2 2 2 2 2 2 2 2 2 2 2 2 2 2 2 2 2 2 2 2 2 2 2 2 2 2 2 2 2 2 2 2 2 2 2 2 2 2 2 2 2 2 2 2 2 2 2 2 2 2
left_child=1 4 22 7 15 6 23 27 17 11 24 42 49 25 45 55 29 18 -7 -20 -19 -13 39 -4 46 44 -14 51 53 30 -17 -23 -33 34 -29 -11 37 52 -39 -2 41 -30 -6 -18 -12 -15 -8 -35 -43 -5 -48 60 -37 -9 -32 -1 -36 -55 -59 -51 -3 -24
right_child=2 3 5 12 9 8 10 28 -10 35 13 21 26 14 -16 16 43 20 19 -21 -22 31 61 -25 -26 -27 -28 33 40 -31 54 32 -34 47 56 36 -38 38 -40 -41 -42 48 -44 -45 -46 -47 50 -49 -50 59 -52 -53 -54 57 -56 -57 -58 58 -60 -61 -62 -63
leaf_value=-2.5798399758377113 2.3802429317822917 0.57745892195617043 10.940052140410691 2.3817422010487608 -1.1027053433956822 17.197692123352294 7.3109340838479939 -0.7693175174729362 17.336990896734108 -0.4626596358537387 5.3366955879684932 1.2771440937216427 0.35579855412319117 9.308516820641449 12.010113856519771 -0.93001597548030057 -1.2040659487151728 5.1753777473760412 7.5247414946251201 16.742613126655325 11.059615473199475 -0.84554943192876308 4.322980547673775 16.077323054080633 12.214096070014708 2.5027041015589813 3.2366332322025215 0.32911104657448842 1.3714111009924359 -1.0827229180993829 -1.4592536417900086 1.7575225805614985 -1.3276646636841165 -0.29953197725937497 -0.45544322197103243 0.95197820816261192 -0.83273474343297726 2.0654834360703722 5.6781117396117331 4.4241244613512407 2.8949452089693311 1.1482196555968951 -0.67402256775555436 -0.46356847172557408 7.7281777084424625 6.4334587622218242 8.7471449633477825 0.85419418177204565 -0.66509716733730184 -0.53729613692290079 11.585794695300335 -0.93195279807308096 -0.12817154408813428 1.1769991148904551 -2.1044698759170819 -1.8485799264375193 1.8282081136942943 1.0772923893511064 -0.2686606381339473 1.5985076486812557 -0.23662943240193846 7.3481448731543724
leaf_weight=437 59 306 31 350 4090 25 82 91 25 3644 100 174 40 30 34 246 1388 22 39 21 53 316 23 22 28 27 473 1373 1081 510 546 92 52 655 33 211 468 69 22 283 71 121 1470 486 54 126 155 187 113 35 29 268 564 349 1563 968 294 141 227 1071 845 51
leaf_count=437 59 306 31 350 4090 25 82 91 25 3644 100 174 40 30 34 246 1388 22 39 21 53 316 23 22 28 27 473 1373 1081 510 546 92 52 655 33 211 468 69 22 283 71 121 1470 486 54 126 155 187 113 35 29 268 564 349 1563 968 294 141 227 1071 845 51
internal_value=0.00173802 -0.388833 7.53428 0.852009 -0.970991 8.93585 8.15204 0.462888 11.9718 -0.638394 7.75587 -0.880401 2.06829 6.79368 7.89585 -1.57575 -1.42734 11.1231 12.6811 10.7736 9.34283 0.0753258 4.49053 13.0989 8.96732 5.63297 3.01213 0.167888 0.995439 -1.69892 -1.83231 -0.379443 0.643244 0.369025 0.573203 -0.337258 0.00529876 0.458235 2.9442 4.07234 1.26419 1.17593 -0.989382 -1.01206 6.17977 6.992 8.62107 -0.0432237 0.272627 1.73556 9.20062 -0.192426 0.165986 0.534332 -1.93751 -2.0762 1.59766 0.699879 0.247183 1.53087 -0.0201636 6.41506
internal_weight=26759 25440 1319 8124 17316 903 718 6155 185 11172 665 6194 1969 371 190 6144 4739 160 85 60 75 634 416 53 294 181 513 3961 2194 2865 2355 460 144 2542 1700 4978 1334 866 91 342 1386 1315 5560 1874 154 156 266 842 234 1456 184 1419 775 808 2109 1405 327 717 368 1106 1151 74
internal_count=26759 25440 1319 8124 17316 903 718 6155 185 11172 665 6194 1969 371 190 6144 4739 160 85 60 75 634 416 53 294 181 513 3961 2194 2865 2355 460 144 2542 1700 4978 1334 866 91 342 1386 1315 5560 1874 154 156 266 842 234 1456 184 1419 775 808 2109 1405 327 717 368 1106 1151 74
is_linear=0
shrinkage=0.05


Tree=25
num_leaves=63
num_cat=0
split_feature=13 7 17 13 7 17 4 7 2 2 16 7 21 5 12 12 12 21 16 14 25 2 7 5 5 17 21 5 0 11 5 2 25 2 2 5 15 5 2 12 2 2 11 0 12 18 16 14 17 6 25 12 11 11 8 17 2 11 20 12 17 18
split_gain=2.94912e+07 6.77484e+06 2.25772e+06 1.61051e+06 602898 582430 559182 537702 281995 277080 275999 259091 254677 234452 209038 185141 180260 168227 161624 159814 148133 134075 127322 116507 115008 114587 113639 111171 109784 133901 100273 90191.7 112679 86035.4 87644.6 107348 104589 96049.5 84679 84429.3 82282.9 105808 82275.9 91962.2 80097.2 83174.5 68333.6 67623.9 144809 127973 87711.3 65095.2 61190.9 61054 59762.9 59589.3 59434.9 57202.1 55549.2 54328.5 70807 53031.4
threshold=550.16666666666686 344.50000000000006 248.33375000000004 924.41666666666686 446.75000000000006 601.66666666666686 2.5000000000000004 205.14000000000001 2023.5000000000002 2020.5000000000002 59.676064961572308 295.28000000000003 0.14292857142857143 0.68301270189221941 521.50000000000011 1006.0000000000001 285.35500000000008 0.026310387868493382 127.47311425479465 115.47005383792528 8.5000000000000018 2021.5000000000002 174.08500000000001 -0.5 -0.24999999999999994 857.58333333333348 0.44445555555555555 -0.6830127018922193 13.280000000000003 1241.5000000000002 -0.24999999999999994 2019.5000000000002 12.500000000000002 2020.5000000000002 2022.5000000000002 0.25000000000000011 285.07666666666671 -0.5 2020.5000000000002 187.64000000000001 2021.5000000000002 2023.5000000000002 692.00000000000011 15.190000000000001 299.58500000000009 48.471133192420666 59.676064961572308 73.425628358914906 897.87500000000011 -0.24999999999999994 2.5000000000000004 439.00000000000006 317.25000000000006 412.75000000000006 1155.0000000000002 346.93750000000006 2010.5000000000002 206.46000000000001 0.20777684563758395 374.37500000000006 386.45833333333343 125.04685269203033
decision_type=2 2 2 2 2 2 2 2 2 2 2 2 2 2 2 2 2 2 2 2 2 2 2 2 2 2 2 2 2 2 2 2 2 2 2 2 2 2 2 2 2 2 2 2 2 2 2 2 2 2 2 2 2 2 2 2 2 2 2 2 2 2
left_child=1 2 7 5 16 -2 8 22 14 23 17 -4 28 15 -5 47 31 -8 -16 20 -10 26 -1 39 44 -17 -6 -11 61 -30 38 -3 52 -13 35 36 -35 -36 -24 -9 -29 -42 -15 -44 58 -46 -39 48 50 -49 -7 -26 57 -47 -14 -18 -41 -33 -23 -57 -61 -12
right_child=3 4 11 6 21 13 10 9 19 27 12 33 54 42 18 25 55 -19 -20 -21 -22 24 30 -25 51 -27 -28 40 29 -31 -32 32 -34 34 37 -37 -38 46 -40 56 41 -43 43 -45 45 53 -48 49 -50 -51 -52 -53 -54 -55 -56 59 -58 -59 -60 60 -62 -63
leaf_value=-1.9135776284846004 3.9663248234461941 -0.56457796002325844 -0.38989337485529907 11.413352038193377 1.9912332487180717 7.7772221931157874 7.8063606270850601 -1.8321330565428082 7.175369927366865 1.2705894135216296 11.630796816887983 -0.039532313183313079 10.432835452642466 11.397806255125895 13.35313183883736 6.5497985441938811 0.87974388312533292 2.2948455160584191 19.414348207906897 14.023975517636252 11.801268204078797 -0.10798975126988108 -1.782825309254259 -0.79404344217280576 2.540376167629169 10.178444972746654 -1.2639122070304225 -0.73124044502605112 5.6171909049233015 9.9292129192844953 -1.2107386029437175 -0.0051915724425492735 4.3546413502986958 3.5796780317596895 -0.85893395499192593 0.20392750490125422 1.1008130457348557 0.25728619312256401 1.1490981439195307 -1.8987639003363239 2.0134610990347914 -1.3748759008922184 8.6151383950657543 5.023002974003977 2.6248605321929843 1.9883539182969221 2.4434641657069598 2.3678827997626062 9.1687348143828782 5.8340881955404225 4.6836761894207761 3.5928001660891518 0.17612349531836163 -0.53149413679008761 13.512038449002176 1.7047539712303224 -0.97150055953886971 1.1430444241727904 2.0185232104303217 -0.38592469625363501 1.3659747784944578 8.0836040212147271
leaf_weight=1674 203 151 5374 35 64 33 33 507 41 169 26 2559 36 23 22 44 490 24 25 23 31 71 1406 3348 426 45 46 272 56 27 2616 132 21 49 204 345 321 579 25 198 71 34 140 21 336 60 38 35 39 114 78 226 409 40 33 1014 1363 608 54 75 249 20
leaf_count=1674 203 151 5374 35 64 33 33 507 41 169 26 2559 36 23 22 44 490 24 25 23 31 71 1406 3348 426 45 46 272 56 27 2616 132 21 49 204 345 321 579 25 198 71 34 140 21 336 60 38 35 39 114 78 226 409 40 33 1014 1363 608 54 75 249 20
internal_value=-0.0017689 -0.361555 -0.735383 7.63569 1.40658 6.2705 10.0828 -1.20043 12.2469 -0.868128 8.57646 -0.161587 9.46062 7.08739 14.4095 6.38605 1.03022 5.49389 16.6117 10.3669 9.18075 2.30224 -1.54672 -0.976353 2.45382 8.39393 0.630034 0.205374 8.13529 7.03022 -1.39493 0.585139 0.733561 0.138027 0.43383 0.83851 1.42999 0.0813324 -1.73152 -1.27145 -0.272333 0.915974 8.56201 8.15004 1.92822 2.24811 0.392311 5.78576 6.5405 5.02205 5.6096 2.90568 0.667002 0.980841 11.923 1.35181 -1.08923 0.938244 0.811503 1.5246 0.960433 10.1095
internal_weight=26831 25624 21152 1207 4472 775 432 11683 177 5962 255 9469 198 572 82 388 3149 57 47 95 72 1323 5721 5416 1213 89 110 546 129 83 4047 1321 1170 4095 1536 715 370 821 1431 2068 377 105 184 161 561 436 617 299 150 149 111 652 1149 100 69 1828 1561 740 125 1338 324 46
internal_count=26831 25624 21152 1207 4472 775 432 11683 177 5962 255 9469 198 572 82 388 3149 57 47 95 72 1323 5721 5416 1213 89 110 546 129 83 4047 1321 1170 4095 1536 715 370 821 1431 2068 377 105 184 161 561 436 617 299 150 149 111 652 1149 100 69 1828 1561 740 125 1338 324 46
is_linear=0
shrinkage=0.05


Tree=26
num_leaves=63
num_cat=0
split_feature=13 7 17 7 7 21 7 17 17 3 0 2 7 16 23 25 5 22 22 10 3 16 18 7 10 5 13 21 23 23 5 2 5 17 2 22 5 2 7 10 10 22 0 16 21 18 17 18 0 0 2 3 2 17 16 2 2 17 22 2 22 13
split_gain=2.66223e+07 6.11444e+06 2.03762e+06 1.45768e+06 544147 523612 485275 330765 260070 257804 253922 250072 236522 217493 214247 199045 171351 158784 142529 127793 131108 125474 120438 118650 112802 109844 109707 127476 107064 106294 105152 100078 100625 93386.6 86697.5 83528.2 83018.2 79098.9 78587.6 76531 75429.4 69641.8 68191.3 82026.2 67817.2 65954.1 65006.4 62770.4 60936.6 60790.4 57715.7 113683 109343 63551.6 57786.9 57353.8 77806.9 59385.2 57341.5 56372.9 78809 60601.6
threshold=550.16666666666686 344.50000000000006 248.33375000000004 794.00000000000011 446.75000000000006 0.12361593462717059 205.14000000000001 601.66666666666686 1120.041666666667 7.5000000000000009 13.280000000000003 2020.5000000000002 281.34000000000009 64.66056269440098 33.500000000000007 8.5000000000000018 0.68301270189221941 8.5000000000000018 6.5000000000000009 968.50000000000011 3.5000000000000004 91.74239296348577 69.109898164837674 159.50000000000003 1105.5000000000002 -0.24999999999999994 1064.5000000000002 0.57948407215884434 30.500000000000004 41.500000000000007 -0.5 2021.5000000000002 -0.5 312.52083333333343 2019.5000000000002 4.5000000000000009 -0.6830127018922193 2020.5000000000002 1077.5000000000002 726.00000000000011 1441.5000000000002 4.5000000000000009 13.280000000000003 33.714487489307608 -0.11875550774365322 14.502288352563195 303.65291666666673 7.4082547798347429 14.255000000000001 14.805000000000001 2022.5000000000002 7.5000000000000009 2021.5000000000002 296.65625000000006 59.676064961572308 2009.5000000000002 2011.5000000000002 334.2095833333334 8.5000000000000018 2022.5000000000002 8.5000000000000018 355.83333333333343
decision_type=2 2 2 2 2 2 2 2 2 2 2 2 2 2 2 2 2 2 2 2 2 2 2 2 2 2 2 2 2 2 2 2 2 2 2 2 2 2 2 2 2 2 2 2 2 2 2 2 2 2 2 2 2 2 2 2 2 2 2 2 2 2
left_child=1 2 6 7 31 8 23 22 10 14 21 30 -4 -11 26 -15 28 36 -6 -16 -21 29 -2 -1 -10 37 27 -7 39 -5 45 46 41 -20 55 -32 -13 -25 -12 -9 48 -33 43 -43 49 -8 -3 -34 -26 -18 52 54 -36 -54 -52 -14 -57 -58 -44 60 -49 -61
right_child=3 4 12 5 18 9 11 16 24 13 38 17 34 15 19 -17 44 -19 33 20 -22 -23 -24 25 40 -27 -28 -29 -30 -31 35 32 47 -35 50 -37 -38 -39 -40 -41 -42 42 58 -45 -46 -47 -48 59 -50 -51 51 -53 53 -55 -56 56 57 -59 -60 61 -62 -63
leaf_value=-2.0000393013845801 4.0339987688394716 -0.81619072695633577 -0.40500867398811335 9.3445302166386099 1.5447755687301963 5.4767416899803125 -0.76598312573402205 2.3351086821682587 12.26519953106855 3.7507811717133026 6.5326396078742297 0.84838764212978068 -1.1169569758643354 12.182623640967909 17.132852632061564 6.0660194667486049 10.601947773876962 2.221992086928597 -0.3992359379848161 15.131080783980776 10.122838331456991 11.324526352327396 0.11312413038980906 -1.7379340753727481 9.8535246495706623 -1.1962895012852135 12.284261753106042 10.717931024306814 6.8647573421166461 4.9150599309222187 -1.0450031121123149 0.016169994795763101 2.7986240191801697 2.7039138937247156 0.32413833805827463 -0.5396968288232723 -0.60532403235897059 1.0918721675872802 3.5050874654682844 5.2153377832150625 11.503159590384259 1.300436634049265 0.92904269569982345 4.1561074834746368 6.4147436324897633 -1.3884344679117091 0.61360422040163631 1.6882094875828981 6.6152645138617885 7.0509651699337343 0.27463332371136207 -0.7962566395169165 2.4643537678185603 0.79746289315276053 2.2154456413575332 0.54637559738636698 -0.21370484980405247 2.1430003785339227 -0.38410554768234706 0.62904077779766843 4.7231828461605243 1.3746530477181056
leaf_weight=890 179 101 4704 37 523 21 600 31 34 20 236 141 132 35 21 22 32 82 25 25 30 42 22 1669 25 3137 32 27 79 22 1422 265 71 775 1055 1926 323 25 24 93 20 117 546 32 39 1468 372 147 38 21 575 290 101 132 41 450 1962 27 98 375 25 1000
leaf_count=890 179 101 4704 37 523 21 600 31 34 20 236 141 132 35 21 22 32 82 25 25 30 42 22 1669 25 3137 32 27 79 22 1422 265 71 775 1055 1926 323 25 24 93 20 117 546 32 39 1468 372 147 38 21 575 290 101 132 41 450 1962 27 98 375 25 1000
internal_value=-0.00163513 -0.343473 -0.698614 7.25483 1.33628 8.7065 -1.14042 5.17257 7.75519 10.6539 7.08645 -0.824725 -0.153505 8.2629 11.828 9.83667 6.23894 0.195116 2.18718 13.7451 12.4227 9.21936 3.60514 -1.46939 9.81073 -1.37158 9.99188 8.44117 5.42187 7.70406 -0.92754 0.978725 1.09723 2.6069 0.0947819 -0.754342 -0.163473 -1.69611 6.25465 4.49778 8.79168 0.717946 0.952423 1.91614 8.03392 -1.20789 0.308181 1.34518 7.91395 9.21098 0.325649 0.019868 0.540718 1.52079 0.404158 -0.102235 -0.0472721 -0.181605 0.729179 1.27829 2.13186 1.17137
internal_weight=26831 25624 21152 1207 4472 711 11683 496 478 233 361 5962 9469 77 156 57 295 546 1323 76 55 101 201 5721 117 4831 80 48 203 59 5416 3149 2676 800 4765 3348 464 1694 260 124 83 1058 793 149 92 2068 473 1618 63 53 2194 906 1288 233 616 2571 2439 1989 644 1547 172 1375
internal_count=26831 25624 21152 1207 4472 711 11683 496 478 233 361 5962 9469 77 156 57 295 546 1323 76 55 101 201 5721 117 4831 80 48 203 59 5416 3149 2676 800 4765 3348 464 1694 260 124 83 1058 793 149 92 2068 473 1618 63 53 2194 906 1288 233 616 2571 2439 1989 644 1547 172 1375
is_linear=0
shrinkage=0.05


Tree=27
num_leaves=63
num_cat=0
split_feature=13 7 7 13 15 3 22 15 10 13 25 10 21 7 16 22 3 11 13 7 12 10 3 12 11 20 0 12 22 12 12 5 22 18 1 6 1 9 0 21 5 22 22 11 1 14 22 0 18 18 22 10 3 20 12 20 3 20 22 3 25 20
split_gain=2.40324e+07 5.51841e+06 1.83622e+06 1.32979e+06 493390 473437 470850 322037 279958 266742 234428 221152 191162 187177 155322 141350 139625 131636 155026 132232 130513 167289 127837 124559 107900 106724 104369 102038 93035.1 92568.6 79014.1 71623.7 71182.9 66118.3 65817.1 63217.2 62633 61381.9 60270.6 74055.7 65989.7 73377.8 60013 58501.4 76668.2 95099.7 55312.2 54662.2 53154.4 55519.1 52347.1 67032.2 51601.5 50797.3 50528.5 50323.2 113687 81611.9 48051.7 65231 60675.3 45603.9
threshold=550.16666666666686 344.50000000000006 234.66000000000003 924.41666666666686 425.04166666666669 7.5000000000000009 1.5000000000000002 282.12500000000006 1441.5000000000002 180.07000000000002 7.5000000000000009 579.00000000000011 0.085801928133216424 1358.5000000000002 61.481865506277082 6.5000000000000009 5.5000000000000009 855.00000000000011 1093.8333333333335 1190.5000000000002 1006.0000000000001 779.00000000000011 9.5000000000000018 248.87500000000003 468.00000000000006 0.14309523809523808 14.735000000000001 247.64000000000001 8.5000000000000018 183.38500000000002 217.68000000000004 -0.24999999999999994 5.5000000000000009 77.511455718277873 -16.049999999999997 -0.24999999999999994 -15.579999999999998 702.00000000000011 12.870000000000003 0.3333266666666666 -0.5 2.5000000000000004 6.5000000000000009 394.50000000000006 -14.635 30.41381265149111 8.5000000000000018 14.690000000000001 15.995799749656795 20.449494325821743 1.0000000180025095e-35 994.50000000000011 7.5000000000000009 0.025084905660377358 389.00000000000006 0.054695739874841783 8.5000000000000018 0.15668539756217817 5.5000000000000009 5.5000000000000009 11.500000000000002 0.085756551141166551
decision_type=2 2 2 2 2 2 2 2 2 2 2 2 2 2 2 2 2 2 2 2 2 2 2 2 2 2 2 2 2 2 2 2 2 2 2 2 2 2 2 2 2 2 2 2 2 2 2 2 2 2 2 2 2 2 2 2 2 2 2 2 2 2
left_child=1 2 9 6 23 8 11 30 10 -1 26 -2 -12 14 22 43 37 -16 -19 -20 55 -22 -7 33 -8 -14 53 46 36 31 -4 -11 35 -3 -23 -31 -17 -13 39 42 54 -42 -25 58 47 -46 61 -45 -34 -50 51 -39 -30 -5 -40 56 -18 -57 60 -60 -6 -9
right_child=3 4 7 5 15 13 24 27 -10 29 12 16 25 -15 17 28 20 18 19 -21 21 34 -24 38 -26 -27 -28 -29 52 32 -32 -33 48 -35 -36 -37 -38 50 40 -41 41 -43 -44 44 45 -47 -48 -49 49 -51 -52 -53 -54 -55 -56 57 -58 -59 59 -61 -62 -63
leaf_value=-1.6541432002609389 11.575216602686032 0.020853358377388276 -0.75485580558295973 7.7917854370411561 1.985438478493891 1.6730476598604029 1.1375868689402979 -0.66982360865340485 15.955714796390769 -1.6824766937868914 9.1575488098226785 5.8405161350545756 11.955030287389071 11.923238653726706 10.922133800336177 2.4215352069583931 1.2670632865156195 5.4364565386973016 11.256423615029387 6.3700075869359276 4.0086210101043589 7.2911237657983641 6.6709672178746704 0.94412982120248956 4.1472741427135125 16.631148321919849 5.4052470048268635 0.17426210021131416 2.2109441114422967 -0.78366466363237197 -0.36950743496914673 -1.0833084659557657 -0.96503852387682165 1.1236722474678558 11.13920784538956 -1.1975367328154862 3.5035778682516638 9.6901293047927251 0.76877901290786288 2.9715124137052884 3.8756815796354376 1.1428950014417036 2.8048692604579495 0.83166819823237226 1.1491546706416795 4.7622605021069155 0.40045832525148062 -1.1263308429426673 0.47478770086733163 -0.55686650543523941 6.4886755964886182 7.1636876601411092 0.63735163262037453 10.625075700019568 -0.41310998973650215 7.0056613537603738 4.932913589802328 3.6844379048806886 -0.54738193291376169 1.8483059971302325 4.3611333051877015 0.55601664645493254
leaf_weight=2302 20 504 1811 31 107 21 36 777 24 804 37 78 32 22 29 432 27 64 31 26 26 26 33 237 175 22 23 3925 124 1612 5013 1317 495 186 21 2161 195 47 649 84 25 1197 53 130 75 24 186 49 178 487 75 65 90 37 105 50 99 30 36 134 36 84
leaf_count=2302 20 504 1811 31 107 21 36 777 24 804 37 78 32 22 29 432 27 64 31 26 26 26 33 237 175 22 23 3925 124 1612 5013 1317 495 186 21 2161 195 47 649 84 25 1197 53 130 75 24 186 49 178 487 75 65 90 37 105 50 99 30 36 134 36 84
internal_value=-0.00150958 -0.326295 -0.663683 6.89297 1.26949 9.11659 5.65246 -0.248788 10.8539 -1.18677 10.1727 6.40659 11.9765 7.52891 7.04938 2.03469 6.21446 7.87913 7.14136 9.04268 5.42839 7.24994 4.73411 0.90898 3.63458 13.8874 8.3577 0.0572731 2.45121 -1.03423 -0.471784 -1.3105 -0.915415 0.318262 9.03059 -1.02074 2.75857 7.03968 1.0824 1.66454 0.972137 1.19912 1.28506 1.44165 0.913248 2.02903 -0.381266 0.295322 -0.572779 -0.280687 7.53645 8.23163 1.54978 9.34684 0.604153 4.77967 4.14904 5.76642 1.91051 1.34093 2.58618 -0.550173
internal_weight=26831 25624 21152 1207 4472 432 775 11796 206 9356 182 564 91 226 204 1432 544 150 121 57 279 73 54 3040 211 54 91 4972 841 7054 6824 2121 4933 690 47 3773 627 265 2350 374 1976 1222 290 591 278 99 1047 179 1160 665 187 112 214 68 754 206 126 80 313 170 143 861
internal_count=26831 25624 21152 1207 4472 432 775 11796 206 9356 182 564 91 226 204 1432 544 150 121 57 279 73 54 3040 211 54 91 4972 841 7054 6824 2121 4933 690 47 3773 627 265 2350 374 1976 1222 290 591 278 99 1047 179 1160 665 187 112 214 68 754 206 126 80 313 170 143 861
is_linear=0
shrinkage=0.05


Tree=28
num_leaves=63
num_cat=0
split_feature=13 2 17 13 7 3 22 22 22 17 2 25 7 3 16 0 0 11 11 25 11 1 0 22 13 17 7 12 1 17 1 21 23 12 14 2 17 1 17 5 2 3 17 2 2 14 0 2 11 21 2 22 25 7 23 22 22 2 8 5 23 7
split_gain=2.1695e+07 5.00972e+06 1.4432e+06 1.20085e+06 977613 432765 426614 332243 275722 248756 229408 215320 214426 201810 198203 187876 172521 160548 157377 155395 145940 217159 141141 134331 127306 127084 123669 122040 113420 105726 104868 130799 96854.8 92121 91223.5 90931.1 90907.9 88805.8 86580.1 73018.9 70685.3 94918.2 70462.1 67383.8 64130.7 63990 72669.2 60715.5 59159 59148.9 56411.3 67687.8 56083.4 100025 66536.3 57215.1 48787.6 48343.1 47863.7 68631.4 47830.8 46276.1
threshold=550.16666666666686 2020.5000000000002 237.3366666666667 924.41666666666686 424.50000000000006 6.5000000000000009 4.5000000000000009 5.5000000000000009 1.0000000180025095e-35 274.9862500000001 2010.5000000000002 4.5000000000000009 1358.5000000000002 5.5000000000000009 61.481865506277082 14.255000000000001 14.115000000000002 298.16500000000002 855.00000000000011 12.500000000000002 1228.5000000000002 -16.284999999999997 13.280000000000003 2.5000000000000004 1093.8333333333335 467.04166666666669 1190.5000000000002 1146.5000000000002 -16.194999999999997 405.58333333333343 -13.709999999999999 0.25026315789473691 23.500000000000004 297.93000000000006 25.458390234524146 2009.5000000000002 346.93750000000006 -15.639999999999999 334.2095833333334 -0.24999999999999994 2024.5000000000002 5.5000000000000009 723.95833333333337 2011.5000000000002 2011.5000000000002 28.867513459480556 14.555000000000001 2015.5000000000002 451.00000000000006 -0.05359959441189726 2018.5000000000002 5.5000000000000009 10.500000000000002 813.25000000000011 38.500000000000007 1.0000000180025095e-35 4.5000000000000009 2024.5000000000002 392.50000000000006 -0.6830127018922193 46.500000000000007 794.00000000000011
decision_type=2 2 2 2 2 2 2 2 2 2 2 2 2 2 2 2 2 2 2 2 2 2 2 2 2 2 2 2 2 2 2 2 2 2 2 2 2 2 2 2 2 2 2 2 2 2 2 2 2 2 2 2 2 2 2 2 2 2 2 2 2 2
left_child=1 2 10 6 7 8 13 11 20 43 39 17 14 32 16 22 -7 58 -16 30 21 -5 -12 -19 -20 40 -26 52 -25 35 31 -13 61 -27 -23 -11 -9 -17 44 -1 41 -6 -34 -4 -37 -44 -47 -45 -8 -43 51 -24 54 -54 55 -15 -32 -38 59 -3 -59 -2
right_child=3 4 9 5 25 12 48 36 -10 29 15 19 -14 27 18 37 -18 23 24 -21 -22 34 50 28 26 33 -28 -29 -30 -31 56 -33 42 -35 -36 38 57 -39 -40 -41 -42 49 45 47 -46 46 -48 -49 -50 -51 -52 -53 53 -55 -56 -57 -58 60 -60 -61 -62 -63
leaf_value=-2.0110411929207599 5.0348769345688575 0.94273852856796025 0.063458030598916471 15.291174234919792 2.3705879439964583 6.6928770341481627 1.3588166036023204 0.68755341734803077 5.0009978384520881 -0.87678353381474716 -0.71923791925150693 -0.092572968131542047 11.560642925839581 4.0855220992100891 10.464472631352054 -0.90623199621746131 1.2795512729220919 1.5830604604857568 5.327725531509488 2.7472127184242825 8.2039983742705012 8.531524632848642 -1.7323346800106838 -0.47987534245212571 10.657073602117482 -0.21837582717900261 6.1035206332649157 7.7737253676249285 -1.8335830335490737 1.6909225798356819 0.73995789358249076 1.1963854440421582 10.353095514447856 2.6273764429639126 11.935065224815411 0.48227951087054238 1.4507168266217911 -0.20993488696577842 1.0583840490906855 -1.3817358647676292 0.1172599419254419 -0.66054974520987597 9.0443390563166641 -0.83225115296329355 -0.12380582595484982 5.0629489618922072 7.8669799695393952 -0.4431908024454928 3.7420804992096546 1.446236885837914 -1.0079217103552096 -1.1051909083206455 1.4492569510439104 5.3760568748428028 7.2134637492661016 6.2059920016700429 1.8939143786256389 -0.30634949466095207 1.2943400420658251 -0.20191384260812192 2.3322010119036851 6.9921209998056923
leaf_weight=851 67 171 406 37 329 34 31 1379 20 315 792 873 27 108 40 3498 26 53 67 77 32 33 1765 378 32 30 29 38 262 88 269 254 24 540 55 501 834 527 186 1009 79 35 41 1771 3383 42 54 2313 168 670 531 570 32 33 33 46 139 77 89 558 22 58
leaf_count=851 67 171 406 37 329 34 31 1379 20 315 792 873 27 108 40 3498 26 53 67 77 32 33 1765 378 32 30 29 38 262 88 269 254 24 540 55 501 834 527 186 1009 79 35 41 1771 3383 42 54 2313 168 670 531 570 32 33 33 46 139 77 89 558 22 58
internal_value=-0.00138821 -0.309975 -0.743561 6.54923 0.817293 8.6623 5.37039 0.4912 10.5658 -0.287946 -1.17148 0.154827 7.33739 6.06019 6.83239 -1.05083 4.35322 -0.273984 7.71467 0.556766 11.271 12.049 -1.3102 -0.83388 6.84781 1.87027 8.50588 5.12644 -1.03426 -0.0240339 0.446712 0.198005 7.00487 2.47758 10.6699 -0.0584893 0.945536 -0.815073 0.00486181 -1.66976 1.55905 1.66918 7.82123 -0.550851 -0.0456147 7.37043 6.64681 -0.611922 3.37171 1.34156 -1.47348 -1.5793 4.7243 3.44814 5.16578 4.72256 1.13348 1.32672 0.200391 0.0666705 0.281706 5.94794
internal_weight=26831 25624 18506 1207 7118 432 775 5435 177 8963 9543 3123 255 576 228 7683 60 1511 168 1612 157 125 3658 693 128 1683 61 290 640 4473 1535 1127 286 570 88 4385 2312 4025 4070 1860 1113 1034 161 4490 3884 137 96 4084 199 705 2866 2335 252 65 187 154 408 933 818 729 99 125
internal_count=26831 25624 18506 1207 7118 432 775 5435 177 8963 9543 3123 255 576 228 7683 60 1511 168 1612 157 125 3658 693 128 1683 61 290 640 4473 1535 1127 286 570 88 4385 2312 4025 4070 1860 1113 1034 161 4490 3884 137 96 4084 199 705 2866 2335 252 65 187 154 408 933 818 729 99 125
is_linear=0
shrinkage=0.05


Tree=29
num_leaves=63
num_cat=0
split_feature=13 7 7 7 17 7 3 11 11 10 22 7 3 13 20 16 12 10 11 7 19 1 0 11 0 17 12 12 6 12 15 11 3 12 3 12 11 0 20 0 12 9 11 12 22 3 16 16 12 0 1 22 0 3 10 3 0 25 10 6 14 22
split_gain=1.95843e+07 4.51261e+06 1.10498e+06 1.09381e+06 855732 388104 265155 254877 245316 231490 188258 182094 165908 165385 150628 125842 213095 177845 107869 106139 102577 101217 101181 100225 98523.1 85911 82250.8 80539.7 79201.1 78413.7 77431.4 72704.8 69809.9 67374.8 65539 86685 64666.4 77995.5 72038.5 64524.4 64412.6 62352.4 61544.4 57964.5 58163.2 52488.9 90508.6 53501.9 51921.9 49762.4 48925.3 52898.5 46957.1 46803.1 43647.4 39994.3 42665.7 44364.8 38600.9 43443.9 44077.7 40696
threshold=550.16666666666686 295.28000000000003 392.50000000000006 794.00000000000011 210.17000000000002 1206.5000000000002 6.5000000000000009 527.50000000000011 627.50000000000011 488.50000000000006 5.5000000000000009 1053.0000000000002 3.5000000000000004 341.75000000000006 0.14309523809523808 61.481865506277082 493.37500000000006 941.50000000000011 827.50000000000011 159.50000000000003 0.17443693424729514 -14.424999999999999 12.870000000000003 468.00000000000006 13.810000000000002 781.86125000000004 853.00000000000011 293.54000000000002 0.25000000000000017 216.83500000000001 239.50666666666669 1155.0000000000002 6.5000000000000009 449.00000000000006 5.5000000000000009 280.38500000000005 928.50000000000011 14.690000000000001 -0.1666708333333333 14.610000000000001 285.35500000000008 743.50000000000011 905.00000000000011 340.50000000000006 6.5000000000000009 8.5000000000000018 22.360679774997887 15.149718849157617 246.83500000000001 14.555000000000001 -15.264999999999999 4.5000000000000009 14.255000000000001 2.5000000000000004 1258.5000000000002 7.5000000000000009 13.895000000000001 10.500000000000002 346.33500000000009 1.0000000180025095e-35 28.867513459481604 6.5000000000000009
decision_type=2 2 2 2 2 2 2 2 2 2 2 2 2 2 2 2 2 2 2 2 2 2 2 2 2 2 2 2 2 2 2 2 2 2 2 2 2 2 2 2 2 2 2 2 2 2 2 2 2 2 2 2 2 2 2 2 2 2 2 2 2 2
left_child=1 4 13 8 19 6 7 -5 23 22 28 20 -7 29 54 16 -8 21 41 -1 24 42 43 -2 -9 -20 33 49 30 55 -6 52 53 -19 -11 -36 -27 38 -38 -34 -15 -10 -17 50 -45 47 -47 -29 -12 -24 -4 -52 -18 -21 -14 56 57 -3 -42 61 -61 -60
right_child=3 2 9 5 10 12 15 11 18 34 48 -13 14 40 -16 17 31 26 25 32 -22 -23 27 -25 -26 36 -28 45 -30 -31 -32 -33 39 -35 35 -37 37 -39 -40 -41 58 -43 -44 44 -46 46 -48 -49 -50 -51 51 -53 -54 -55 -56 -57 -58 -59 59 60 -62 -63
leaf_value=-1.7563019333018723 1.0025483963263295 0.14078346883816123 3.0745123272293187 13.295962714285871 -0.75212736038653538 14.549960042469536 0.12538599041400927 8.8293337706533368 5.6068147642792905 2.868849194397403 -0.51098538633694834 10.860708227425889 5.6120157583435972 0.30930077228937347 11.957624712317161 6.7612833132198205 2.9620683884715655 9.5552511518035441 2.2466307461070096 -1.293583769699016 4.0267012245922169 7.9837170641084274 0.064991531591863855 3.7239922011129596 6.5986683138649926 7.5413830090360525 10.167148879228206 0.95081306083425909 -0.91459266728402955 0.16175306527886579 -0.27459592252086695 7.5508026795652956 -1.5508958729990086 6.1143367845898107 -0.59689789725934628 2.0894380007479119 4.1343166228422188 2.928491467430705 7.825147040621693 -1.040344133941943 0.44165996422053794 8.0394283247093146 3.531198121512408 0.25187430537621536 2.8841542423832038 1.4639078272828074 -0.06076985946136703 1.9162223571152008 -0.16258386475580641 0.94973762503312786 -0.090327364484840467 2.1337776887800728 5.8561753929921867 -0.84070117133602329 8.9114539351398587 -1.0298232314531035 -0.52032710736704457 2.7448050216447175 0.26019245938178898 1.752696088922123 0.48755427359113901 1.7233516090559702
leaf_weight=869 41 63 114 22 1920 20 21 85 62 276 1578 39 20 669 32 20 25 21 31 826 24 26 262 196 125 24 36 218 2414 3903 1522 34 1539 48 33 329 29 40 25 1037 262 48 58 83 28 246 161 422 3318 404 32 162 33 1849 22 210 199 22 184 318 88 64
leaf_count=869 41 63 114 22 1920 20 21 85 62 276 1578 39 20 669 32 20 25 21 31 826 24 26 262 196 125 24 36 218 2414 3903 1522 34 1539 48 33 329 29 40 25 1037 262 48 58 83 28 246 161 422 3318 404 32 162 33 1849 22 210 199 22 184 318 88 64
internal_value=-0.00128275 -0.294474 0.626798 6.22253 -0.772366 7.48002 7.02152 8.10718 4.41881 1.45239 -0.503708 7.6843 10.4788 0.244482 9.36025 6.02468 4.67136 6.75377 5.48313 -1.24435 7.15046 5.27809 1.20224 3.25384 7.50535 4.59953 8.20894 1.03177 -0.69501 0.0866296 -0.540986 5.70771 -1.15959 7.17396 2.28799 1.84444 5.2152 4.61384 5.85443 -1.34542 0.682349 6.6747 4.36709 1.89877 0.917916 1.30522 0.860901 1.58759 -0.274884 0.601754 2.25183 1.76703 4.61605 -0.98059 7.35747 -0.506809 -0.119829 0.817258 0.954736 1.16017 1.47868 0.638344
internal_weight=26831 25624 8752 1207 16872 711 617 295 496 2770 10752 273 94 5982 74 322 113 209 259 6120 234 104 2132 237 210 149 105 1713 5856 4397 3442 92 5251 69 638 362 118 94 54 2576 1585 110 78 419 111 1047 407 640 4896 666 308 194 58 2675 42 494 284 85 916 654 406 248
internal_count=26831 25624 8752 1207 16872 711 617 295 496 2770 10752 273 94 5982 74 322 113 209 259 6120 234 104 2132 237 210 149 105 1713 5856 4397 3442 92 5251 69 638 362 118 94 54 2576 1585 110 78 419 111 1047 407 640 4896 666 308 194 58 2675 42 494 284 85 916 654 406 248
is_linear=0
shrinkage=0.05


Tree=30
num_leaves=63
num_cat=0
split_feature=17 2 17 13 7 2 12 24 5 12 7 7 5 17 3 2 1 17 18 5 2 15 2 17 2 8 6 2 2 21 12 8 1 2 14 1 17 0 2 2 0 3 18 12 2 0 3 2 12 17 20 6 16 7 2 6 3 1 1 15 0 21
split_gain=1.77974e+07 4.30097e+06 1.21667e+06 1.0155e+06 942433 435197 334226 262231 243642 234006 215086 201598 189995 181047 172652 170740 164470 146810 141842 125567 281053 135190 130942 114526 113194 113100 106796 106157 105963 104288 93095.9 87832.9 85007.6 84177.1 75471.6 68545.5 67318.6 67134.6 66639.6 130575 66136.8 64833.6 63348.7 62189.7 60557.3 60406.6 59069.1 60843.2 58986.7 68834.9 58754.1 65282.2 58279.3 59743.8 57329.4 57110.4 54945.5 54223.2 51604.2 50169 47993.4 47560.5
threshold=556.87500000000011 2020.5000000000002 238.0266666666667 1093.8333333333335 433.50000000000006 2022.5000000000002 753.00000000000011 1.0000000180025095e-35 -0.6830127018922193 265.50000000000006 340.50000000000006 182.75000000000003 0.68301270189221941 334.2095833333334 5.5000000000000009 2023.5000000000002 -14.424999999999999 857.58333333333348 209.67937252777904 -0.6830127018922193 2021.5000000000002 291.3341666666667 2022.5000000000002 332.15958333333339 2010.5000000000002 477.50000000000006 0.25000000000000017 2012.5000000000002 2015.5000000000002 0.31613941769316917 248.87500000000003 941.50000000000011 -16.429999999999996 2023.5000000000002 66.143782776615055 -12.889999999999999 297.37833333333339 14.555000000000001 2011.5000000000002 2016.5000000000002 14.170000000000002 6.5000000000000009 44.855998540147574 210.31000000000003 2019.5000000000002 15.190000000000001 6.5000000000000009 2024.5000000000002 360.50000000000006 450.12500000000006 0.21300898995240616 -0.5 25.275151938313304 264.50000000000006 2023.5000000000002 -0.68301270189221952 2.5000000000000004 -16.234999999999996 -16.194999999999997 400.08333333333343 14.555000000000001 0.15006361323155218
decision_type=2 2 2 2 2 2 2 2 2 2 2 2 2 2 2 2 2 2 2 2 2 2 2 2 2 2 2 2 2 2 2 2 2 2 2 2 2 2 2 2 2 2 2 2 2 2 2 2 2 2 2 2 2 2 2 2 2 2 2 2 2 2
left_child=1 2 11 5 10 -2 14 -7 -8 52 15 -1 16 38 -5 19 17 26 -19 22 36 -22 40 41 -13 46 -9 43 -29 -10 42 54 -16 -14 -34 -25 -21 -27 -11 -40 -3 -17 57 60 61 56 47 -6 50 59 -32 -52 53 -4 -18 -30 -35 -12 -43 -50 -26 -15
right_child=3 4 9 6 25 7 8 12 29 13 30 24 33 44 32 23 31 18 -20 20 21 -23 -24 35 27 37 -28 28 55 -31 48 -33 34 45 -36 -37 -38 -39 39 -41 -42 58 -44 -45 -46 -47 -48 -49 49 -51 51 -53 -54 -55 -56 -57 -58 -59 -60 -61 -62 -63
leaf_value=-1.4188199330894822 11.439911833474802 0.68936811362204042 -0.60305361795471102 10.809184453854748 2.22937792856822 2.8885657469271173 8.5176577633415054 1.970796665175059 16.802568039527305 0.41196894188666611 0.51267407735626436 -1.3736419432400282 9.3412862617125612 1.2420991428349166 8.874673621225174 -0.27581411443994663 3.7325307804784735 4.8764442588861971 8.0041216835478721 -0.54166597126778271 2.1527141235398282 0.56781169891714922 -0.92272776367139908 0.1428142902285616 -0.98794106789550828 2.7423903922339714 4.4794491676962647 -1.2858614785993074 -0.38929880004737594 11.998480663792233 0.98843079488146679 8.900325046849046 3.5942828569625251 5.7173292013785986 7.2897305271282411 2.5567385220453378 0.35513691857422519 1.8179163898545516 -0.44398132962833198 0.13906844715290972 2.0022362162457266 -0.54366277038908128 0.58649556284441551 0.16810460823991324 -0.43351106272416678 4.5497326063647492 0.96915630689540577 0.030095113809749358 -0.55741120464852512 2.5930690346519283 3.4067053492650974 1.2628126914059168 -0.82463321405197909 -0.16249069318693474 6.7523265826949057 -0.89815344093082217 7.5520341826204307 -1.3201206887165307 -1.8981652876666286 0.73094908139952874 -0.33151071164280976 3.0285001222567747
leaf_weight=2712 30 154 1690 33 249 99 32 66 22 610 68 1109 29 156 26 327 23 193 45 686 203 399 64 351 503 438 120 1500 741 27 1673 35 29 70 27 32 301 358 1908 1933 255 125 397 317 41 36 331 36 143 31 54 104 1110 1413 53 2158 106 99 161 160 624 49
leaf_count=2712 30 154 1690 33 249 99 32 66 22 610 68 1109 29 156 26 327 23 193 45 686 203 399 64 351 503 438 120 1500 741 27 1673 35 29 70 27 32 301 358 1908 1933 255 125 397 317 41 36 331 36 143 31 54 104 1110 1413 53 2158 106 99 161 160 624 49
internal_value=0.00347415 -0.262482 -0.6646 6.22863 0.775009 5.52076 9.49261 5.31653 11.9596 -0.243148 0.492404 -1.05316 5.62586 -0.000467646 7.74608 0.204432 5.09826 4.64724 5.47095 0.464085 0.251167 1.10253 1.17915 -0.333111 -0.9105 1.93313 3.59085 -0.822572 -0.944681 14.1853 0.815073 6.81531 6.50164 6.79447 5.38592 0.345128 -0.26816 2.3269 -0.0734594 -0.150562 1.50821 -0.756867 0.242841 -0.450539 1.31968 6.44182 1.42399 1.9517 0.964124 0.3529 1.07559 1.99726 -0.513701 -0.40245 5.84461 -0.768107 6.82601 -0.573943 -1.30658 0.122911 -0.624553 1.67039
internal_weight=26874 25773 18574 1101 7199 905 196 875 81 8910 5787 9664 776 4697 115 3058 535 424 238 2062 1589 602 473 996 6952 1412 186 5843 4399 49 2729 111 82 241 56 383 987 796 4451 3841 409 613 564 1444 246 212 616 285 2165 334 1831 158 4213 3103 76 2899 176 167 286 303 1127 205
internal_count=26874 25773 18574 1101 7199 905 196 875 81 8910 5787 9664 776 4697 115 3058 535 424 238 2062 1589 602 473 996 6952 1412 186 5843 4399 49 2729 111 82 241 56 383 987 796 4451 3841 409 613 564 1444 246 212 616 285 2165 334 1831 158 4213 3103 76 2899 176 167 286 303 1127 205
is_linear=0
shrinkage=0.05


Tree=31
num_leaves=63
num_cat=0
split_feature=22 7 7 13 15 12 5 17 11 12 13 3 5 0 8 12 11 20 12 1 21 10 8 22 22 17 12 11 14 14 11 21 23 0 23 12 23 22 3 17 12 3 0 6 18 12 22 17 6 15 23 12 18 23 11 22 5 13 13 0 1 20
split_gain=1.61085e+07 4.06304e+06 1.13223e+06 743997 708521 301784 220017 205918 192200 167618 164992 155849 150419 163488 149285 137336 122792 96016.9 87927.3 85738.8 84896.5 104833 82051.2 75357.9 72634.5 72052.6 182959 69826.8 74775.2 63703.8 74214.1 61097 58023.7 71131.6 57065.8 54793.8 52992.6 52871 100280 52351.2 52007.1 81802.2 51550.1 51180.9 50929.6 50218.7 49363.5 56212 46956 44523.7 79813.1 50090.1 53181 48601.1 44170.7 55796.1 43491.1 45918.2 41438.4 40726.4 38852.5 37751
threshold=1.5000000000000002 319.22000000000008 233.54000000000005 1093.8333333333335 447.25000000000006 753.00000000000011 -0.6830127018922193 190.375 502.00000000000006 425.50000000000006 274.62500000000006 5.5000000000000009 0.93301270189221952 12.870000000000003 941.50000000000011 283.54000000000002 1005.0000000000001 0.23442680776014105 868.50000000000011 -14.459999999999999 0.2096676640491231 338.50000000000006 1206.5000000000002 5.5000000000000009 5.5000000000000009 992.66666666666686 827.50000000000011 784.35500000000013 107.65630945640935 31.754264805429138 806.50000000000011 0.033341666666666721 41.500000000000007 14.485000000000001 25.500000000000004 305.28000000000003 35.500000000000007 5.5000000000000009 7.5000000000000009 935.33333333333337 246.83500000000001 7.5000000000000009 12.740000000000002 -0.68301270189221952 74.503101439747425 177.64000000000001 8.5000000000000018 336.1733333333334 0.6830127018922193 511.08333333333343 23.500000000000004 297.93000000000006 101.15387231777609 43.500000000000007 502.00000000000006 7.5000000000000009 -0.6830127018922193 399.83333333333343 378.77833333333342 14.255000000000001 -16.049999999999997 0.24963768115942034
decision_type=2 2 2 2 2 2 2 2 2 2 2 2 2 2 2 2 2 2 2 2 2 2 2 2 2 2 2 2 2 2 2 2 2 2 2 2 2 2 2 2 2 2 2 2 2 2 2 2 2 2 2 2 2 2 2 2 2 2 2 2 2 2
left_child=3 2 7 8 15 11 -7 31 14 49 45 -5 13 18 -1 32 -8 19 29 34 21 58 -13 43 35 27 60 -15 -29 -10 -31 59 33 56 -14 61 -28 38 -23 -20 41 -12 -34 -9 -44 -4 47 -26 -39 51 -51 52 53 -6 55 -11 -3 -58 -17 -2 -27 -22
right_child=1 4 10 5 9 6 16 23 12 54 40 22 17 25 -16 20 -18 -19 39 -21 24 37 -24 -25 46 26 36 28 -30 30 -32 -33 42 -35 -36 -37 -38 48 -40 -41 -42 -43 44 -45 -46 -47 -48 -49 -50 50 -52 -53 -54 -55 -56 -57 57 -59 -60 -61 -62 -63
leaf_value=5.8587130430325942 -1.6512574095449672 -0.76261848905096274 -0.95495115400857911 10.270358152475962 1.0861130168766981 8.0931017292205052 11.314666676603231 -0.6254146862195884 8.0276743866256055 0.34682781734585405 0.027095167380300041 4.613970809651101 7.2839392114750696 5.475941375782992 12.018385508523057 0.3106976247104557 16.545174286495985 4.0778462214256406 10.394083213806152 5.1059886505354699 0.87606340501901581 1.3197756826100819 7.804020321161075 -0.4844225776609512 -0.27897080823965131 5.0299539781934222 6.4984069544284502 4.4672612364009288 2.6038605875271457 7.0065639635397936 3.1154465531193933 -1.0496284583118443 1.8791491671534051 0.53469431376716303 10.450309858842486 4.2343830320570204 10.103434142405852 0.93290429431599931 -0.80091961145566426 6.9217335909961228 0.058029729576665093 -0.86268548717078475 0.31082886563050005 -0.99868620399880381 1.6446051444892142 -0.37055763763855176 2.281344463595596 1.2086025639486231 1.6843316725172368 2.2803859260483708 -1.0932713295867384 1.9050147949649039 3.062580599980953 -0.94808602020887744 3.2853220066975135 2.4820601740896047 -0.17784930109019498 0.9522476590675697 -1.3683206020394709 -1.1426485423349939 2.4425549030303952 3.5247621656946877
leaf_weight=20 1233 220 396 33 97 32 29 1252 21 33 640 42 29 117 20 611 20 20 21 20 41 115 40 1426 76 56 20 230 71 21 30 1411 88 682 31 35 23 750 108 25 4198 433 382 3454 88 5124 84 385 288 29 44 350 23 42 165 427 398 116 39 580 20 20
leaf_count=20 1233 220 396 33 97 32 29 1252 21 33 640 42 29 117 20 611 20 20 21 20 41 115 40 1426 76 56 20 230 71 21 30 1411 88 682 31 35 23 750 108 25 4198 433 382 3454 88 5124 84 385 288 29 44 350 23 42 165 427 398 116 39 580 20 20
internal_value=0.00333122 -0.23621 -0.570472 6.25907 0.937835 9.01972 11.3639 -0.973018 5.5774 2.01254 -0.221451 7.36011 5.39697 5.11933 8.96096 0.650479 13.479 7.20856 6.80837 7.98511 0.892712 0.725616 6.17776 -0.802904 1.39067 4.74697 5.83794 4.43505 4.02875 5.70052 4.72835 -1.29653 0.337286 0.167087 8.93465 2.65859 8.44576 0.991483 0.292791 8.52615 -0.0213733 -0.332011 0.769074 -0.899396 0.560865 -0.412499 1.16688 0.963345 1.14154 1.40384 0.248166 1.56853 0.840794 0.471187 2.58196 2.329 -0.174497 0.0773179 0.209754 -1.48862 4.35323 1.74892
internal_weight=26874 25883 20147 991 5736 196 81 9356 795 1210 10791 115 755 655 40 4526 49 100 118 80 2552 1911 82 6132 641 537 119 418 301 72 51 3224 1974 1416 60 96 43 1261 223 46 5271 1073 558 4706 470 5520 545 461 1038 585 73 512 162 139 625 460 734 514 650 1813 76 61
internal_count=26874 25883 20147 991 5736 196 81 9356 795 1210 10791 115 755 655 40 4526 49 100 118 80 2552 1911 82 6132 641 537 119 418 301 72 51 3224 1974 1416 60 96 43 1261 223 46 5271 1073 558 4706 470 5520 545 461 1038 585 73 512 162 139 625 460 734 514 650 1813 76 61
is_linear=0
shrinkage=0.05


Tree=32
num_leaves=63
num_cat=0
split_feature=22 2 17 7 7 2 0 22 10 12 2 22 2 0 17 22 5 1 12 12 2 2 5 0 16 11 18 14 9 11 5 1 2 1 10 3 17 10 7 11 1 3 18 5 1 12 10 2 2 10 15 0 3 2 14 3 20 22 16 10 15 2
split_gain=1.45421e+07 3.78542e+06 993212 895328 678824 426745 252061 249699 213083 198589 181598 181465 177026 165664 152034 149319 140324 194338 169811 139946 143158 206019 131949 130088 121195 117362 115179 115146 113741 97414 96926.7 107477 88632.8 87360.9 84524.4 84243.7 83460.7 85197.3 77748.7 75394.2 71522.1 67381.8 90378 65862.1 63585.9 62041.3 59665.8 57833.5 112245 57518.6 64043.2 68730.2 67254.8 59600.6 56080.5 55664.7 54661 53468.1 59376.5 53336.2 49885.6 44949.9
threshold=1.5000000000000002 2020.5000000000002 238.0266666666667 433.50000000000006 1105.5000000000002 2022.5000000000002 16.005000000000003 5.5000000000000009 1039.5000000000002 265.50000000000006 2023.5000000000002 2.5000000000000004 2010.5000000000002 14.255000000000001 326.23250000000002 6.5000000000000009 0.68301270189221941 -14.424999999999999 1146.5000000000002 248.87500000000003 2021.5000000000002 2022.5000000000002 -0.24999999999999994 13.280000000000003 127.47311425479465 1077.5000000000002 179.80921828599855 66.143782776615055 953.25000000000011 383.66500000000002 -0.5 -12.889999999999999 2023.5000000000002 -15.639999999999999 954.00000000000011 8.5000000000000018 1120.041666666667 654.00000000000011 552.50000000000011 317.25000000000006 -16.234999999999996 8.5000000000000018 39.124308369362829 -0.6830127018922193 -16.049999999999997 182.75000000000003 172.75000000000003 2011.5000000000002 2016.5000000000002 338.50000000000006 279.01416666666677 12.740000000000002 7.5000000000000009 2024.5000000000002 39.825138458736781 7.5000000000000009 0.034491676729265904 3.5000000000000004 25.275151938313304 442.50000000000006 283.02750000000009 2019.5000000000002
decision_type=2 2 2 2 2 2 2 2 2 2 2 2 2 2 2 2 2 2 2 2 2 2 2 2 2 2 2 2 2 2 2 2 2 2 2 2 2 2 2 2 2 2 2 2 2 2 2 2 2 2 2 2 2 2 2 2 2 2 2 2 2 2
left_child=4 2 12 7 5 -1 8 10 27 57 19 35 46 23 47 29 17 18 22 39 43 -22 44 -14 25 -10 -24 -6 32 -5 60 -32 -19 -15 -20 54 37 -18 -17 45 -39 -31 -43 -21 -7 -3 -2 -11 -49 50 51 -9 -53 -51 -12 -25 -44 -4 -59 -55 -13 -16
right_child=1 3 9 15 6 16 -8 49 24 14 11 30 13 33 61 38 36 28 34 20 21 -23 26 55 -26 -27 -28 -29 -30 41 31 -33 -34 -35 -36 -37 -38 40 -40 -41 -42 42 56 -45 -46 -47 -48 48 -50 53 -52 52 -54 59 -56 -57 -58 58 -60 -61 -62 -63
leaf_value=11.10920086688934 -1.8540142766258343 -0.38651237686185991 -1.0470286036647536 1.6320174432809147 2.3714734592247959 3.682137944545405 13.729133445772773 -1.1920271239340057 10.450477045512269 0.38369309667395057 3.7590219936455433 -2.3135895484395692 -0.53673660239772192 -0.72250751970566363 1.4426080904174505 1.9549599813188114 8.7962308725316856 2.800786355666784 5.0836788374697246 1.5331754404386497 3.0389329302618147 0.72020900721547032 3.8997771848456453 -1.0743786783096299 12.340312722816321 6.3648071926096916 6.5607660386320239 7.4308246386005514 8.8125490424446653 1.1394881486826547 -0.36551097030543461 1.8472427042204314 6.4870518475924825 -0.046102642692724211 8.6831727017335787 -0.16468059534726243 8.9786233632891008 6.8122215894274936 3.0726022282963399 -0.85583294993272441 4.7437911099290568 1.5483280049524273 0.11471917785670423 -0.5337431348392403 1.7778736497539844 0.50260588170128295 -1.2188968324548994 -0.41547227764704053 0.12687659318090133 1.1428779557541522 0.37720526333954851 0.97054918840073889 2.9359404946239205 -0.24845131646324883 0.62720070269435491 -1.526974310918549 -3.0000746291616691 -0.29819272904945743 -0.74217943442603507 2.2993729729622725 -0.8709124452038346 -0.20091746245345027
leaf_weight=31 506 249 369 320 20 95 23 24 34 605 45 80 813 3573 225 830 22 23 43 52 159 241 139 1713 26 38 58 26 37 90 768 59 58 551 27 39 24 66 192 156 119 28 22 148 82 924 1380 1895 1921 1285 942 128 66 139 21 1128 39 2816 1028 24 239 51
leaf_count=31 506 249 369 320 20 95 23 24 34 605 45 80 813 3573 225 830 22 23 43 52 159 241 139 1713 26 38 58 26 37 90 768 59 58 551 27 39 24 66 192 156 119 28 22 148 82 924 1380 1895 1921 1285 942 128 66 139 21 1128 39 2816 1028 24 239 51
internal_value=0.00320181 -0.224395 -0.603706 0.739524 5.94701 5.35657 8.85531 0.455824 8.06783 -0.222918 0.158404 -0.31077 -0.954777 -0.849377 0.000642524 1.81901 5.13031 4.70161 4.22027 0.462677 1.09644 1.64244 3.79521 -1.09453 9.3879 8.30604 4.68617 5.24113 6.50763 1.10965 -0.493095 -0.207438 5.44514 -0.632139 6.48253 1.67771 6.17079 5.84104 2.16521 0.17649 5.48503 0.175395 -0.799659 0.00412835 2.80147 0.313846 -1.38939 -0.0704431 -0.142453 0.818453 0.556017 1.32813 1.64038 1.02864 2.76507 -1.25413 -1.87828 -0.472157 -0.416946 0.127838 -1.23334 1.13893
internal_weight=26874 25883 18574 7309 991 824 167 5788 144 8910 3180 1251 9664 7778 4697 1521 793 562 444 1929 600 400 374 3654 98 72 197 46 118 499 1146 827 81 4124 70 105 231 207 1022 1329 185 179 89 200 177 1173 1886 4421 3816 2608 1160 218 194 1448 66 2841 61 4213 3844 163 319 276
internal_count=26874 25883 18574 7309 991 824 167 5788 144 8910 3180 1251 9664 7778 4697 1521 793 562 444 1929 600 400 374 3654 98 72 197 46 118 499 1146 827 81 4124 70 105 231 207 1022 1329 185 179 89 200 177 1173 1886 4421 3816 2608 1160 218 194 1448 66 2841 61 4213 3844 163 319 276
is_linear=0
shrinkage=0.05


Tree=33
num_leaves=63
num_cat=0
split_feature=22 2 17 10 13 2 0 21 22 4 17 10 22 16 22 9 0 25 2 4 1 21 1 2 9 16 10 14 19 21 18 22 2 4 15 2 2 2 22 2 11 22 2 23 23 2 1 2 11 0 1 22 23 1 2 0 2 20 2 11 22 1
split_gain=1.31274e+07 3.41643e+06 896382 788909 612596 351729 247893 240217 191860 168305 166206 161869 152512 151024 145992 136862 121288 120555 114488 113813 140183 142532 131336 173150 164278 107753 106986 93415 87369.8 139432 103287 85353.2 77593.5 139669 116247 74092.1 94759.5 81041.9 73754.7 73273.9 72437.3 69582.1 68675.2 64493.9 64421.7 64318 63191.9 58655.6 58251.9 55254.9 51641.2 48505.1 82838.6 47471 46497.7 45093.9 43879.4 41490.1 40274.7 49025.6 39615.3 39443
threshold=1.5000000000000002 2020.5000000000002 238.0266666666667 449.00000000000006 1093.8333333333335 2022.5000000000002 16.005000000000003 -0.030296969696969652 4.5000000000000009 1.5000000000000002 289.77083333333343 189.67000000000004 5.5000000000000009 39.97540907298049 6.5000000000000009 1412.5000000000002 12.870000000000003 7.5000000000000009 2009.5000000000002 2.5000000000000004 -14.079999999999998 0.41508098992792236 -15.854999999999999 2023.5000000000002 868.00000000000011 98.29996420654858 392.50000000000006 49.999999999999581 -0.10000899982000354 1.0010810810810813 179.80921828599855 8.5000000000000018 2021.5000000000002 2.5000000000000004 304.19416666666672 2010.5000000000002 2012.5000000000002 2015.5000000000002 2.5000000000000004 2022.5000000000002 706.25000000000011 5.5000000000000009 2010.5000000000002 23.500000000000004 20.500000000000004 2011.5000000000002 -13.709999999999999 2018.5000000000002 319.22000000000008 14.145000000000001 -15.904999999999999 5.5000000000000009 40.500000000000007 -16.194999999999997 2023.5000000000002 12.870000000000003 2015.5000000000002 0.15668539756217817 2023.5000000000002 577.50000000000011 4.5000000000000009 -17.154999999999998
decision_type=2 2 2 2 2 2 2 2 2 2 2 2 2 2 2 2 2 2 2 2 2 2 2 2 2 2 2 2 2 2 2 2 2 2 2 2 2 2 2 2 2 2 2 2 2 2 2 2 2 2 2 2 2 2 2 2 2 2 2 2 2 2
left_child=4 2 11 7 5 -1 9 12 38 -6 41 42 17 32 48 28 25 39 -12 22 21 57 23 -18 -25 27 -20 -7 -11 30 -30 49 33 -10 -34 -13 -37 -38 -9 43 -24 47 50 -3 -19 61 53 -4 -5 -16 -2 52 -15 -44 55 -40 -47 -21 -50 -60 -41 -43
right_child=1 3 10 14 6 16 -8 8 13 15 18 35 -14 51 31 -17 19 44 26 20 -22 -23 40 24 -26 -27 -28 -29 29 -31 -32 -33 34 -35 -36 36 37 -39 54 60 -42 45 46 -45 -46 56 -48 -49 58 -51 -52 -53 -54 -55 -56 -57 -58 -59 59 -61 -62 -63
leaf_value=10.251153072590229 -1.2406463963265777 -0.48909339905548344 -0.72819828813780574 2.2464488960773941 11.101633294306119 6.3590955749054965 12.816565650440305 2.93929001758625 -0.28358276866187632 8.9427570045768441 -0.77955598961986694 -1.1258181049289795 0.71673860037506754 1.51990921428217 2.8808768228859187 10.626753681097457 9.1593973299624984 2.8507308799696167 0.15221937486242643 4.057883226752903 6.9020216290684262 -0.31626505748534101 1.6107218460528712 6.0720199035806681 2.5862316557068947 7.9962040135819255 1.7073386102170396 2.5803559715263691 5.6972424149072545 8.9268224319854337 1.7462277994116311 1.1969885900990931 2.5699480216608723 1.1756119449668054 0.78578292909823022 -0.24976640687736107 -1.0831210298204872 -0.61591561066971467 1.1032330526014091 -0.59837526335419067 4.5122013954382245 2.1999127109568435 -0.77264353855023382 1.7823839415515454 0.1958291906594041 -0.53259268818380634 0.16686799824237825 -0.1170450324918082 -0.093638078054678789 2.0080287544362898 -2.0606166593537587 1.2143194401731165 3.5050510936200072 -1.2447203085997227 -0.62409851403394745 0.096338024605394507 -0.16637863176145823 2.1403821708932749 0.87084816755526107 3.4538577715555827 -1.3850916769056114 0.17213340209236608
leaf_weight=31 450 78 1663 78 27 45 25 23 438 23 320 1100 498 171 319 20 34 24 2334 211 33 23 29 149 44 52 116 26 54 23 24 191 97 262 1535 1049 1446 2594 127 462 85 25 751 52 441 1371 101 514 103 424 336 347 76 1837 193 889 2028 33 216 20 245 539
leaf_count=31 450 78 1663 78 27 45 25 23 438 23 320 1100 498 171 319 20 34 24 2334 211 33 23 29 149 44 52 116 26 54 23 24 191 97 262 1535 1049 1446 2594 127 462 85 25 751 52 441 1371 101 514 103 424 336 347 76 1837 193 889 2028 33 216 20 245 539
internal_value=0.00307025 -0.213173 -0.573523 0.702561 5.65037 5.03183 8.15538 0.455182 0.664067 7.4668 -0.211772 -0.907042 -0.0273489 0.88445 1.7934 6.778 4.81873 -0.311991 0.109737 4.541 3.82746 3.445 5.16742 5.8641 5.27911 6.26121 0.225918 4.98098 6.14913 5.50469 4.4854 2.14072 0.703097 0.262656 0.891981 -0.753681 -0.673221 -0.783162 0.140625 -0.670572 3.77621 -0.356818 -1.18015 0.420131 0.333451 -0.232053 -1.05989 -0.583916 1.01513 2.38312 -1.59139 1.59618 2.13191 -1.10777 0.0871405 0.222301 -0.314105 3.79955 0.731226 1.09114 -0.871164 0.2624
internal_weight=26874 25883 18574 7309 991 795 196 5958 4158 171 8910 9664 1800 2926 1351 144 764 1302 2770 641 300 267 341 227 193 123 2450 71 124 101 78 934 2332 700 1632 6189 5089 4040 1232 837 114 6140 3475 130 465 3963 2689 2177 417 743 786 594 247 2588 1209 1016 3399 244 339 236 707 564
internal_count=26874 25883 18574 7309 991 795 196 5958 4158 171 8910 9664 1800 2926 1351 144 764 1302 2770 641 300 267 341 227 193 123 2450 71 124 101 78 934 2332 700 1632 6189 5089 4040 1232 837 114 6140 3475 130 465 3963 2689 2177 417 743 786 594 247 2588 1209 1016 3399 244 339 236 707 564
is_linear=0
shrinkage=0.05


Tree=34
num_leaves=63
num_cat=0
split_feature=22 2 17 7 7 2 3 18 22 12 12 12 2 22 10 17 12 22 12 5 1 12 8 7 5 21 18 20 11 5 1 5 0 3 17 10 10 11 2 2 2 7 6 1 0 2 1 18 1 10 17 9 2 2 2 2 20 10 22 3 18 2
split_gain=1.18501e+07 3.08344e+06 808998 729200 566872 350736 220136 250174 203448 186411 288938 166225 148674 155815 146090 128155 125878 124600 121416 118463 161178 152185 121276 141819 109099 130984 97632.7 95909.3 109621 85866.8 91893.2 85796.2 84458.3 73004.9 72583.5 78036.2 72075 71847.8 66868.9 85520.7 73141 66795.7 64937.7 62920 62800.9 63185.3 62520.1 53100.7 50935 50583.2 58529.7 69206.1 54085.3 50413.4 98131.3 48580.4 48326.8 46958.9 46473.9 46663 74103.1 65770.2
threshold=1.5000000000000002 2020.5000000000002 238.0266666666667 433.50000000000006 1105.5000000000002 2022.5000000000002 7.5000000000000009 247.46463367108854 5.5000000000000009 977.50000000000011 627.50000000000011 265.50000000000006 2023.5000000000002 2.5000000000000004 189.67000000000004 334.2095833333334 220.28000000000003 6.5000000000000009 705.00000000000011 0.68301270189221941 -14.424999999999999 1146.5000000000002 941.50000000000011 995.00000000000011 -0.24999999999999994 0.23139511677146576 179.80921828599855 0.11498275862068964 257.75000000000006 -0.5 -12.889999999999999 -0.5 12.870000000000003 8.5000000000000018 1120.041666666667 654.00000000000011 954.00000000000011 463.50000000000006 2010.5000000000002 2012.5000000000002 2015.5000000000002 518.50000000000011 0.25000000000000017 -14.079999999999998 14.255000000000001 2010.5000000000002 -16.234999999999996 50.505548678375341 -14.635 338.50000000000006 238.0266666666667 205.14000000000001 2024.5000000000002 2011.5000000000002 2016.5000000000002 2019.5000000000002 -0.099995499954999498 442.50000000000006 3.5000000000000004 7.5000000000000009 18.953097559581341 2019.5000000000002
decision_type=2 2 2 2 2 2 2 2 2 2 2 2 2 2 2 2 2 2 2 2 2 2 2 2 2 2 2 2 2 2 2 2 2 2 2 2 2 2 2 2 2 2 2 2 2 2 2 2 2 2 2 2 2 2 2 2 2 2 2 2 2 2
left_child=4 2 14 8 5 -1 7 18 12 10 -8 58 16 33 44 53 47 31 -6 20 21 24 -22 -24 25 -7 -26 32 -29 -15 -31 37 -18 56 35 -21 -23 43 -16 -40 -41 -19 -42 -5 45 -2 -37 48 -3 50 51 -10 -51 -13 -55 -17 -14 -54 -4 61 -61 -60
right_child=1 3 11 17 6 19 9 -9 49 -11 -12 15 13 29 38 55 27 41 -20 34 22 36 23 -25 26 -27 -28 28 -30 30 -32 -33 -34 -35 -36 46 -38 -39 39 40 42 -43 -44 -45 -46 -47 -48 -49 -50 52 -52 -53 57 54 -56 -57 -58 -59 59 60 -62 -63
leaf_value=10.044096008987673 -1.8962635423888159 -0.070033191479012366 -0.96516285127993184 0.10094108862052587 6.1442884404638285 3.0372328816707945 4.9210936387786477 14.427749753052291 0.2506176416324401 2.1007761077293288 12.002279967766302 0.36415462186405856 1.3322233649667279 -1.147241290542494 -1.0695323151932403 1.4281745053134833 1.6424980113739425 1.6669125531188744 10.632393147003608 8.0983847005334919 4.6715463226555842 4.6414537322735567 5.2265910463635201 11.083357553636255 3.475688740737485 -0.86489911554344145 5.9251412282712286 0.84723518320331781 3.031065218072885 -0.32781088815097725 1.7182362088898921 1.4946303338456755 0.29187512418020123 -0.15405787707823318 8.1968738085996069 6.1723591256249879 7.9647776445339522 -1.5254303134544105 -0.23727927898767792 -1.0289687224982522 -0.37378410038900389 2.5208407779464741 -0.88131740256673552 2.5820446698197177 -0.84454314966239785 -1.1661870722211465 4.2396664113582032 0.59923673321719617 -1.2614129030081684 1.0446794179427692 0.3730367941568285 2.6776753141838476 -0.2752749326287372 -0.37948914716620286 0.12596280253761849 -0.45609309249840807 4.0529650483812603 2.1153786971855957 -0.31106985721408437 -0.21421371441245776 -0.9047090347317126 0.6948661016646196
leaf_weight=31 354 505 369 102 34 152 39 22 55 21 23 610 36 319 1100 205 139 674 28 22 76 43 22 20 139 25 58 159 90 768 59 315 690 39 24 66 27 48 1049 1446 1514 348 1080 34 1291 1830 119 237 109 1285 1042 63 139 1908 1933 41 30 24 2103 718 847 176
leaf_count=31 354 505 369 102 34 152 39 22 55 21 23 610 36 319 1100 205 139 674 28 22 76 43 22 20 139 25 58 159 90 768 59 315 690 39 24 66 27 48 1049 1446 1514 348 1080 34 1291 1830 119 237 109 1285 1042 63 139 1908 1933 41 30 24 2103 718 847 176
internal_value=0.00294431 -0.202509 -0.544848 0.667454 5.36848 4.82895 8.02611 9.83536 0.411423 6.18536 7.56316 -0.201183 0.142957 -0.28156 -0.861695 0.00335087 0.41827 1.64166 8.18511 4.62383 4.23 3.79167 5.87466 8.03535 3.38941 2.48588 4.19951 0.777111 1.63749 -0.450509 -0.181645 0.993676 0.518513 1.56103 5.57971 5.27244 5.93291 0.13569 -0.715999 -0.639562 -0.744006 1.95791 -0.585121 0.722695 -1.12115 -1.28461 4.93216 -0.0363234 -0.281711 0.73875 0.492649 1.54763 0.935852 -0.0580584 -0.12512 1.11405 2.57326 0.0777737 -0.42921 -0.377736 -0.587957 -0.233355
internal_weight=26874 25883 18574 7309 991 824 167 84 5788 83 62 8910 3180 1251 9664 4697 1929 1521 62 793 562 444 118 42 374 177 197 1078 249 1146 827 499 829 105 231 207 70 184 6189 5089 4040 1022 2594 136 3475 2184 185 851 614 2608 1160 118 1448 4451 3841 246 66 163 4213 3844 1565 2279
internal_count=26874 25883 18574 7309 991 824 167 84 5788 83 62 8910 3180 1251 9664 4697 1929 1521 62 793 562 444 118 42 374 177 197 1078 249 1146 827 499 829 105 231 207 70 184 6189 5089 4040 1022 2594 136 3475 2184 185 851 614 2608 1160 118 1448 4451 3841 246 66 163 4213 3844 1565 2279
is_linear=0
shrinkage=0.05


Tree=35
num_leaves=63
num_cat=0
split_feature=17 2 17 9 7 0 3 1 0 22 2 0 20 1 22 2 7 22 2 12 20 11 17 2 25 1 20 2 10 10 11 11 7 10 2 3 1 22 12 0 5 3 2 3 12 3 7 25 12 11 2 7 22 2 23 18 20 9 1 10 17 18
split_gain=1.01987e+07 2.49867e+06 739744 573974 477673 330571 225350 220843 188737 179110 219036 188588 145895 153997 144686 147756 144329 128080 116979 107183 110395 122688 104322 106954 104206 103073 100594 124073 99560.6 98676.1 91813.1 90751.3 90597 79819.6 79781.5 71959.3 70067.7 69056.8 68611.1 68265.8 65656.6 65436.5 63017.1 90768.6 67248.5 61635.6 60273 57199.5 54896.4 50431.9 49227.8 52905.9 47257.8 46725.6 45798.7 44066.8 41666.8 41312.3 40302 38922.1 49529.7 36729.5
threshold=536.62500000000011 2020.5000000000002 245.00041666666672 702.00000000000011 400.62500000000006 16.005000000000003 5.5000000000000009 -17.154999999999998 13.280000000000003 1.0000000180025095e-35 2024.5000000000002 13.950000000000001 -0.25775792914422696 -14.079999999999998 5.5000000000000009 2023.5000000000002 204.58500000000001 2.5000000000000004 2023.5000000000002 212.25000000000003 0.18913240972064507 266.83500000000009 289.77083333333343 2009.5000000000002 7.5000000000000009 -14.424999999999999 0.058829757858743011 2023.5000000000002 340.50000000000006 927.50000000000011 1136.5000000000002 827.50000000000011 518.50000000000011 968.50000000000011 2023.5000000000002 6.5000000000000009 -16.224999999999998 4.5000000000000009 425.50000000000006 12.790000000000001 -0.24999999999999994 7.5000000000000009 2024.5000000000002 6.5000000000000009 294.12500000000006 8.5000000000000018 157.75000000000003 12.500000000000002 753.00000000000011 193.45000000000002 2011.5000000000002 350.50000000000006 4.5000000000000009 2015.5000000000002 54.500000000000007 15.517341228054283 0.33334234234234233 360.50000000000006 -16.224999999999998 215.31000000000003 346.93750000000006 11.743148453567036
decision_type=2 2 2 2 2 2 2 2 2 2 2 2 2 2 2 2 2 2 2 2 2 2 2 2 2 2 2 2 2 2 2 2 2 2 2 2 2 2 2 2 2 2 2 2 2 2 2 2 2 2 2 2 2 2 2 2 2 2 2 2 2 2
left_child=1 2 16 33 14 6 9 -8 25 12 -11 -12 -5 18 15 19 40 45 -14 36 47 -22 50 -24 58 48 31 -28 54 -15 -7 -10 37 38 -27 52 -3 -6 -2 -30 -1 -26 43 -39 -45 57 -42 -21 -9 -16 -4 53 -18 -52 56 -37 -25 -17 -19 -51 -61 -62
right_child=3 4 22 5 32 30 7 8 26 10 11 -13 13 29 49 17 35 24 -20 20 21 -23 23 28 41 34 27 -29 39 -31 -32 -33 -34 -35 -36 55 -38 42 -40 -41 46 -43 -44 44 -46 -47 -48 -49 -50 59 51 -53 -54 -55 -56 -57 -58 -59 -60 60 61 -63
leaf_value=-1.2101040139733867 -0.29555922963874254 0.76313793865942692 0.15384385813658813 3.0218681446249556 -0.21973782884005658 7.0902644178878633 8.9499505276501914 5.2073425743412711 4.4297327990836921 0.76396942458048789 9.5743078654707823 3.8257235168540569 9.7316357535960911 7.426743685174312 -1.630746786821927 3.8025777569751149 -0.66397166350241565 -0.39461442463068547 6.8501866647656149 0.41328039044487541 1.097639087334463 4.1367541823527709 -0.77683415513038478 0.077602784073754011 0.56678472780850642 1.9884281394016221 6.4569194307940485 3.2141504062757478 3.0183838725090029 3.0643195339452443 11.846038985365375 2.2127399786905495 2.2255535082999551 5.3699700012418177 5.8221608339354054 -0.47726635037202236 -0.36626523735883476 1.8199802174991586 2.7267488016225632 0.75934472641931661 -1.289653576537555 -0.7758094659188246 0.15722031219921292 0.15796860484102715 1.2280454698609027 -0.11869621033587169 -0.75210121126078355 2.5001128283829108 8.1442638614681719 1.7882698629254827 -0.52041112524034172 -2.9020910213242717 -0.20237340043901286 -0.19821278324514569 2.2032638045421158 -0.90558336229817427 -2.1048509003754652 1.1301423704910933 -1.1533829988985036 0.43783216772683348 1.6495468177129267 0.77740180428370798
leaf_weight=1900 20 185 560 24 88 21 24 27 64 32 22 41 59 22 24 29 949 309 92 891 135 44 315 2097 300 25 52 69 38 32 21 167 219 27 30 872 532 548 302 275 633 130 128 187 684 38 2966 34 42 75 1916 20 1334 2727 25 1932 22 29 404 1303 147 677
leaf_count=1900 20 185 560 24 88 21 24 27 64 32 22 41 59 22 24 29 949 309 92 891 135 44 315 2097 300 25 52 69 38 32 21 167 219 27 30 872 532 548 302 275 633 130 128 187 684 38 2966 34 42 75 1916 20 1334 2727 25 1932 22 29 404 1303 147 677
internal_value=-0.00357258 -0.215037 -0.520525 4.47267 0.579956 5.16269 4.94095 4.27331 4.03567 5.96962 4.13631 5.84524 6.728 7.16018 0.33774 0.11462 -0.794693 -0.306576 7.98178 0.401204 0.710321 1.8466 -0.157499 0.0904175 -0.453944 5.71446 3.44281 4.61196 0.201633 4.85214 9.49076 2.82864 1.27049 2.75949 4.08642 -0.602716 -0.0747844 1.14243 2.53898 1.0345 -0.972271 0.160787 1.21993 1.31577 0.998355 1.44662 -0.846682 0.490253 7.00431 0.644434 -0.289076 -0.342272 -0.394274 -0.331182 0.0799988 -0.772407 0.0548434 2.47069 -0.824656 0.669307 0.629766 0.933178
internal_weight=26936 25721 18581 1215 7140 866 824 500 476 324 95 63 229 205 5286 3060 10586 1239 151 1821 1104 179 7995 2772 1143 124 352 121 2457 54 42 231 1854 349 55 5087 717 1635 322 313 5499 430 1547 1419 871 96 3599 925 69 2226 5223 4663 2283 4643 2144 2804 2119 58 713 2202 2127 824
internal_count=26936 25721 18581 1215 7140 866 824 500 476 324 95 63 229 205 5286 3060 10586 1239 151 1821 1104 179 7995 2772 1143 124 352 121 2457 54 42 231 1854 349 55 5087 717 1635 322 313 5499 430 1547 1419 871 96 3599 925 69 2226 5223 4663 2283 4643 2144 2804 2119 58 713 2202 2127 824
is_linear=0
shrinkage=0.05


Tree=36
num_leaves=63
num_cat=0
split_feature=17 2 9 17 7 0 3 1 2 1 0 0 2 0 22 2 2 5 22 3 6 25 7 1 1 12 3 17 2 1 10 2 11 10 22 7 2 0 0 10 0 12 14 0 2 1 5 22 2 2 3 18 0 18 11 2 13 2 6 18 12 3
split_gain=9.20773e+06 2.15375e+06 714422 667624 378194 296121 214677 199435 172349 181173 170433 147000 137513 140745 130963 135838 220813 285511 204028 182262 143631 111575 108349 100980 98197.4 169786 96722 94155.4 96530.7 93039.5 89865.5 84506.6 82900.9 81096.3 77413.6 73549.9 72024.6 70310 66929.9 69394.2 61631.6 56151.6 54681.5 54341.1 52727.8 51929.1 51709.4 48441.3 49560.3 48419.7 69155.7 47201.6 47000.3 46103.6 45529.4 44429.1 48839.6 43934.4 43585.4 42157.2 60965.8 41999.4
threshold=522.95833333333337 2020.5000000000002 702.00000000000011 245.00041666666672 400.62500000000006 16.005000000000003 5.5000000000000009 -17.154999999999998 2023.5000000000002 -15.904999999999999 13.280000000000003 13.810000000000002 2010.5000000000002 14.890000000000002 5.5000000000000009 2022.5000000000002 2021.5000000000002 -0.6830127018922193 4.5000000000000009 6.5000000000000009 -0.68301270189221952 9.5000000000000018 794.00000000000011 -16.224999999999998 -14.079999999999998 753.00000000000011 6.5000000000000009 289.77083333333343 2009.5000000000002 -14.424999999999999 340.50000000000006 2023.5000000000002 1136.5000000000002 968.50000000000011 4.5000000000000009 468.00000000000006 2023.5000000000002 13.690000000000001 14.555000000000001 449.00000000000006 12.790000000000001 425.50000000000006 38.188130791298782 14.665000000000001 2018.5000000000002 -15.994999999999999 -0.24999999999999994 8.5000000000000018 2013.5000000000002 2024.5000000000002 6.5000000000000009 125.04685269203033 12.870000000000003 17.928615596150546 193.45000000000002 2011.5000000000002 327.72166666666675 2015.5000000000002 0.25000000000000017 101.15387231777609 868.50000000000011 7.5000000000000009
decision_type=2 2 2 2 2 2 2 2 2 2 2 2 2 2 2 2 2 2 2 2 2 2 2 2 2 2 2 2 2 2 2 2 2 2 2 2 2 2 2 2 2 2 2 2 2 2 2 2 2 2 2 2 2 2 2 2 2 2 2 2 2 2
left_child=1 3 33 12 14 6 8 -8 9 -4 29 22 46 23 15 16 17 43 61 21 -20 31 -10 58 26 -26 -12 55 -29 42 -30 -17 -7 41 -6 49 -31 -25 39 -21 -32 -2 -9 -3 -39 47 53 -15 -49 50 -36 -24 -19 -1 -16 -5 57 -57 -14 -13 -61 -18
right_child=2 4 5 27 34 32 7 10 11 -11 24 59 13 45 54 19 18 52 20 38 -22 -23 51 37 25 -27 -28 28 30 36 40 -33 -34 -35 35 -37 -38 44 -40 -41 -42 -43 -44 -45 -46 -47 -48 48 -50 -51 -52 -53 -54 -55 -56 56 -58 -59 -60 60 -62 -63
leaf_value=-1.0822425425034945 0.11219382343343143 0.77725934314228728 9.7218646359291796 0.1461530387579332 -0.23755001133161768 6.7374312084433035 8.5043098657457659 8.8778932305710825 3.6357533670658442 4.6697907077487804 5.5872849172928012 2.9981985003710245 -0.4107699730900386 -0.59304127010002006 -1.5495477779277627 0.76859118684724814 1.4178755281943864 0.4384951179434845 5.268351855894335 -1.2100966099344499 1.9204152236264402 1.1907271016716769 8.8817579677724456 -0.55364631224134297 2.2413825785761832 7.6725764503049696 2.5904347597018011 -0.73800477530016328 0.07599930950625898 1.8894028348276812 2.8678608422047827 -0.35208524438035654 11.25654416095589 5.102462241834381 1.6375752568439059 1.6508306261304253 5.5320199086816606 -1.168352545201804 -0.1817731532197816 1.6583611164697154 0.72139129406108671 2.4316535581284411 5.7314455260570085 2.3984612222516453 -0.59905194170641296 0.051758030856458442 -0.90200626308321485 -0.12246260576777988 2.510667707150676 -0.037211512855160195 0.73836454547697494 6.1401540461274768 -0.82758964839645166 -1.8132757653482487 0.63585226339465306 -0.49576728275592308 -2.4417126427717317 -0.18329532772171528 -0.78956833666055659 3.9458194048998361 6.5686681499362356 0.11707105329287289
leaf_weight=463 28 105 47 560 93 21 24 20 22 29 30 53 1862 1007 24 243 97 88 44 465 118 258 38 858 27 31 264 315 2144 25 38 546 21 27 353 668 30 2357 361 22 275 386 49 102 492 719 1053 62 25 106 543 29 437 405 2202 1921 27 2715 1283 75 32 172
leaf_count=463 28 105 47 560 93 21 24 20 22 29 30 53 1862 1007 24 243 97 88 44 465 118 258 38 858 27 31 264 315 2144 25 38 546 21 27 353 668 30 2357 361 22 275 386 49 102 492 719 1053 62 25 106 543 29 437 405 2202 1921 27 2715 1283 75 32 172
internal_value=-0.0033693 -0.212222 4.08844 -0.4945 0.532063 4.92191 4.71228 4.06011 5.71405 7.80283 3.83428 5.07362 -0.754961 -0.670094 0.320472 0.108087 0.533444 0.00473956 1.43116 -0.152975 2.83245 0.288318 6.7052 -0.77375 3.2709 5.15256 2.89805 -0.149625 0.0859024 5.42959 0.191559 -0.00687395 9.01848 2.44911 1.16618 1.24436 3.88281 -0.950557 -0.6978 -1.08019 0.982834 2.27486 6.65506 1.57691 -1.07007 -0.278316 -1.13771 -0.495237 0.63614 0.973242 1.09278 7.70609 -0.615317 -1.42351 0.612219 -0.274626 -0.325162 -0.312782 -0.565322 4.1624 4.73567 0.586506
internal_weight=26936 25628 1308 18581 7047 867 825 500 325 76 476 249 10586 8665 5284 3058 1163 732 431 1895 162 1047 89 6852 352 58 294 7995 2772 124 2457 789 42 441 1763 1670 55 3707 848 487 313 414 69 207 2849 1813 1921 1094 87 1002 896 67 525 868 2226 5223 4663 4636 3145 160 107 269
internal_count=26936 25628 1308 18581 7047 867 825 500 325 76 476 249 10586 8665 5284 3058 1163 732 431 1895 162 1047 89 6852 352 58 294 7995 2772 124 2457 789 42 441 1763 1670 55 3707 848 487 313 414 69 207 2849 1813 1921 1094 87 1002 896 67 525 868 2226 5223 4663 4636 3145 160 107 269
is_linear=0
shrinkage=0.05


Tree=37
num_leaves=63
num_cat=0
split_feature=17 2 17 9 7 0 5 1 0 20 14 10 7 2 0 17 25 1 1 1 17 2 2 2 24 10 7 18 10 1 0 0 1 21 5 19 13 1 5 11 5 2 2 9 21 25 18 23 2 7 7 0 2 18 14 16 20 5 13 2 11 1
split_gain=8.31585e+06 2.03443e+06 602537 465240 388381 269745 192619 202659 205961 159252 144733 144638 125384 124110 127027 95365.2 94933.3 96521.5 91458.4 91134.7 84979.4 87122.8 83327.9 82224.1 106206 81114.4 76697.3 76187.8 64786.1 64767.8 63454.5 55642.2 55528.8 49836.7 49713.7 48619.7 48377.2 46864.7 46669.9 46527.9 45136.7 79019.2 44925.9 61737.1 44915.7 42212.5 41609.5 41351.9 40098.2 45414.4 39686.1 39448 38076.2 37657.5 82725.6 42610.1 37621 36955.1 136220 112415 36859.8 34332.1
threshold=536.62500000000011 2020.5000000000002 245.00041666666672 702.00000000000011 400.62500000000006 16.005000000000003 0.68301270189221941 -17.154999999999998 13.280000000000003 0.058829757858743011 28.867513459481057 994.50000000000011 939.00000000000011 2010.5000000000002 14.890000000000002 1204.1666666666667 12.500000000000002 -13.709999999999999 -16.194999999999997 -16.224999999999998 289.77083333333343 2009.5000000000002 2023.5000000000002 2023.5000000000002 1.0000000180025095e-35 340.50000000000006 518.50000000000011 179.80921828599855 968.50000000000011 -15.554999999999998 13.690000000000001 12.790000000000001 -15.014999999999999 0.090901157140193659 -0.5 -0.099995499954999498 787.33333333333337 -15.994999999999999 -0.24999999999999994 280.50000000000006 -0.24999999999999994 2024.5000000000002 2022.5000000000002 394.50000000000006 -0.096340919232485486 7.5000000000000009 17.928615596150546 54.500000000000007 2011.5000000000002 350.50000000000006 350.50000000000006 13.280000000000003 2015.5000000000002 108.57016622814818 40.505143497288067 73.569122819006964 0.33334234234234233 -0.6830127018922193 301.80500000000006 2021.5000000000002 205.14000000000001 -16.244999999999994
decision_type=2 2 2 2 2 2 2 2 2 2 2 2 2 2 2 2 2 2 2 2 2 2 2 2 2 2 2 2 2 2 2 2 2 2 2 2 2 2 2 2 2 2 2 2 2 2 2 2 2 2 2 2 2 2 2 2 2 2 2 2 2 2
left_child=1 2 13 28 16 6 7 -5 10 15 -9 -11 32 38 19 -10 17 18 35 51 48 -22 -12 60 -25 47 40 -7 53 -14 -21 -27 36 -18 -32 -3 -8 -16 46 -35 42 -42 45 -44 -45 -6 -1 56 -4 52 -37 -15 -50 55 -55 -2 -23 58 -19 -59 -20 -28
right_child=3 4 20 5 26 27 12 8 9 11 22 -13 29 14 37 -17 33 57 23 30 21 25 -24 24 -26 31 61 -29 -30 -31 34 -33 -34 39 -36 50 -38 -39 -40 -41 41 -43 43 44 -46 -47 -48 -49 49 -51 -52 -53 -54 54 -56 -57 -58 59 -60 -61 -62 -63
leaf_value=-1.0281420979771905 2.3508769049945442 -0.33641339741380538 0.13884669328575672 7.980019042959551 0.90861166479188249 6.2786500350752874 7.106640173053461 8.0053394931051738 2.8465915704593314 3.922291543519945 2.9406064913464154 8.241392058005065 8.8049282043959902 0.58762252504659551 -0.4704671478440674 -0.50705572980822944 0.95347890537211732 3.5225393837348813 -0.39202187964570806 -0.52596722168961008 -0.70111624717911014 0.069923044810930743 5.5709886911388402 -0.73622255471815823 1.6860672246657178 2.7248441273771871 1.0689635661113643 10.614404743936806 4.8482805251195424 5.5783516098256314 -1.3185978542073631 0.6853348378913009 3.4024647311756562 1.402441483601186 -0.87198958979587027 0.33342527319064452 4.6008180533245104 0.049170488538900464 -0.85691023004737343 4.6983763084592409 1.4852403074243921 0.13672926556304457 -1.5024730870276253 -1.1653496136619346 0.7866496704799788 2.6278220016705363 -1.7226343573592704 2.0897546620008005 -0.46945251869966598 -2.680573405080767 0.82352280173395043 -0.56492929056978602 -0.17859978749976535 -1.337601843377425 2.3191816048090721 4.3392127561032581 -2.0038673624733452 -0.35955822317960728 0.52233796884954975 1.1280915254817241 0.28155340738778106 2.4358640282859532
leaf_weight=463 212 215 560 31 102 20 34 39 266 125 51 23 42 76 1094 23 91 54 252 858 315 2097 75 578 49 38 66 22 27 26 922 275 42 22 1927 1737 47 719 1053 21 719 128 34 31 566 55 405 25 1916 20 542 3069 2727 21 58 31 22 197 126 357 1045 153
leaf_count=463 212 215 560 31 102 20 34 39 266 125 51 23 42 76 1094 23 91 54 252 858 315 2097 75 578 49 38 66 22 27 26 922 275 42 22 1927 1737 47 719 1053 21 719 128 34 31 566 55 405 25 1916 20 542 3069 2727 21 58 31 22 197 126 357 1045 153
internal_value=-0.00317621 -0.194125 -0.469777 4.0388 0.523222 4.66003 4.45973 4.03835 3.83407 3.2643 5.34019 4.59865 5.85338 -0.717216 -0.63659 2.57959 0.304816 0.270624 0.1824 -0.735065 -0.142143 0.0816127 4.50953 -0.0766055 -0.546674 0.181989 1.14588 8.5697 2.49639 7.58131 -0.903033 0.93375 4.89268 1.61821 -1.01656 0.382207 5.66017 -0.264395 -1.08084 3.01937 1.02805 1.2815 0.755498 0.567003 0.685103 1.5122 -1.35235 0.0721995 -0.260898 -0.308908 0.450015 -0.537058 -0.298633 2.29772 1.3466 2.60623 0.0482965 0.801544 1.42388 0.599111 0.150657 2.02462
internal_weight=26936 25721 18581 1215 7140 866 824 633 602 437 165 148 191 10586 8665 289 5286 5152 4418 6852 7995 2772 126 1924 627 2457 1854 42 349 68 3707 313 123 134 2849 2494 81 1813 1921 43 1635 847 788 631 597 157 868 2144 5223 4663 2279 3145 4643 322 79 243 2119 734 180 554 1297 219
internal_count=26936 25721 18581 1215 7140 866 824 633 602 437 165 148 191 10586 8665 289 5286 5152 4418 6852 7995 2772 126 1924 627 2457 1854 42 349 68 3707 313 123 134 2849 2494 81 1813 1921 43 1635 847 788 631 597 157 868 2144 5223 4663 2279 3145 4643 322 79 243 2119 734 180 554 1297 219
is_linear=0
shrinkage=0.05


Tree=38
num_leaves=63
num_cat=0
split_feature=17 13 13 17 17 17 3 10 11 1 6 19 11 23 25 22 12 10 18 3 25 6 12 10 17 20 21 3 21 0 22 11 0 12 23 18 22 0 17 12 0 11 5 5 13 22 6 22 12 6 13 1 5 0 3 13 22 17 18 3 12 20
split_gain=7.50656e+06 1.78214e+06 415765 407311 382682 193686 129411 132560 127273 127996 219822 117818 103016 99301.8 140919 98570.6 88696 97945.4 80315.5 159754 144214 76822.5 76269.8 75306.4 73693.1 103884 73090.9 75447.7 71506 67732.3 66389 65218.6 63468.8 72777 62286 60698.7 60692.2 96104.2 60021.1 59306.8 56214.3 53596.3 49105.6 49093.3 47622.7 46349.5 46184.9 76721.1 45443.3 43416.7 43303.9 42118.1 41673.1 39905.4 37696.3 37264.3 35600.2 35341.3 34817.5 33607.2 41225.9 49561.6
threshold=536.62500000000011 290.05500000000001 408.50000000000006 1046.7083333333337 211.67333333333335 601.66666666666686 4.5000000000000009 1441.5000000000002 905.00000000000011 -16.194999999999997 -0.24999999999999994 -0.039992319877118092 577.50000000000011 35.500000000000007 11.500000000000002 5.5000000000000009 247.64000000000001 338.50000000000006 209.67937252777904 8.5000000000000018 8.5000000000000018 0.25000000000000017 294.12500000000006 442.50000000000006 857.58333333333348 -0.15999327989247827 -0.12477436823104691 7.5000000000000009 -0.066673333333333293 14.555000000000001 7.5000000000000009 1155.0000000000002 13.725000000000001 868.50000000000011 40.500000000000007 116.48902756850808 6.5000000000000009 12.870000000000003 444.20833333333343 425.50000000000006 14.255000000000001 827.50000000000011 -0.5 -0.24999999999999994 249.62500000000003 5.5000000000000009 1.0000000180025095e-35 5.5000000000000009 502.00000000000006 -0.68301270189221952 179.01333333333335 -16.049999999999997 -0.24999999999999994 14.485000000000001 3.5000000000000004 787.33333333333337 4.5000000000000009 418.79166666666669 80.73834155180991 5.5000000000000009 335.50000000000006 0.21633321633321637
decision_type=2 2 2 2 2 2 2 2 2 2 2 2 2 2 2 2 2 2 2 2 2 2 2 2 2 2 2 2 2 2 2 2 2 2 2 2 2 2 2 2 2 2 2 2 2 2 2 2 2 2 2 2 2 2 2 2 2 2 2 2 2 2
left_child=1 4 16 5 40 30 7 11 9 10 -7 -5 -11 14 31 21 34 59 19 -15 -21 44 38 39 35 -26 48 -28 -13 -12 -2 -8 33 -14 43 -10 46 -38 45 54 42 -34 -1 53 -6 52 -19 -48 -27 -36 -44 -37 -4 -3 57 -31 -46 -24 -51 -18 61 -61
right_child=3 2 22 6 15 8 13 -9 24 12 29 28 32 18 -16 -17 17 36 -20 20 -22 -23 23 -25 25 26 27 -29 -30 55 -32 -33 41 -35 49 51 37 -39 -40 -41 -42 -43 50 -45 56 -47 47 -49 -50 58 -52 -53 -54 -55 -56 -57 -58 -59 -60 60 -62 -63
leaf_value=-1.203466682604426 -0.50119204768501369 -1.116283142054366 0.3405337746914382 3.0603575139334711 -0.42278536492533203 9.2996450189736191 0.50165056071920178 10.663311295011148 3.2777155428803511 1.0639179384253941 2.8471110052290918 5.7224314977213275 4.1155225856373923 1.9922087272827569 6.4805004499822978 -0.1318936769731969 -0.04251029493085412 0.097588633309296402 8.0616128290251048 9.919738088436981 4.2000041541587789 -0.65702732482368309 1.0385978506785047 1.5112357766283953 1.3218685225569773 2.6343762624317706 4.61379942212786 1.3449908173833209 9.5528209940880124 6.6570388779539345 2.2990327149713732 4.0845614132722972 3.9109408246623198 7.3171472775981803 1.5283534062981776 2.4008727130605214 3.6237924474596639 0.89962556027115392 -0.71773937180222969 -1.0706254815297234 -0.63234950239621091 1.6348899881161554 -1.0164124012937243 -0.045778444684046737 -0.2897163010118286 0.19438271760163522 0.11120564717078543 1.1450652037316933 5.1689505626423768 0.015232757722639628 -0.57931047696091931 -0.53628215092171416 1.9200604913157724 -0.15381636882107241 1.129667412885748 4.413415782097438 0.2616273624992011 -0.65784610935619903 1.9910782021481961 0.27306740832898513 -0.31869491303978692 1.1428715250976611
leaf_weight=1098 24 266 67 23 2191 30 32 20 37 34 41 29 58 29 25 4828 1330 562 28 20 25 2364 58 875 47 22 30 43 22 33 177 21 111 26 71 20 35 420 86 40 3044 34 1124 649 617 184 315 417 98 298 1144 31 111 181 452 45 557 65 24 1809 259 180
leaf_count=1098 24 266 67 23 2191 30 32 20 37 34 41 29 58 29 25 4828 1330 562 28 20 25 2364 58 875 47 22 30 43 22 33 177 21 111 26 71 20 35 420 86 40 3044 34 1124 649 617 184 315 417 98 298 1144 31 111 181 452 45 557 65 24 1809 259 180
internal_value=-0.00299656 -0.184416 0.395005 3.83727 -0.483365 3.34256 5.53439 7.04232 3.71653 4.30234 5.47514 6.05053 3.63605 4.74342 3.39255 -0.298328 0.211257 0.306615 5.77205 4.89595 6.75858 -0.438582 1.0412 1.2132 2.9796 3.43365 3.94694 2.69288 7.39032 4.50394 1.96457 1.92641 4.01728 5.11408 -0.129889 1.73873 0.613258 1.10994 0.469007 0.788981 -0.788102 3.37878 -0.928931 -0.323532 -0.285102 0.751075 0.438538 0.700249 4.7069 0.410078 -0.795972 0.61789 1.32607 -0.726692 0.918517 5.37001 -0.0281291 0.142256 0.163089 0.156708 0.274571 0.351839
internal_weight=26936 25721 8754 1215 16967 941 274 94 740 412 149 74 263 180 78 10557 6816 5327 102 74 45 5729 1938 1490 328 240 193 73 51 119 201 53 229 84 1489 88 1749 455 448 615 6410 145 3366 1096 3365 362 1294 732 120 393 2268 51 178 447 575 78 1174 123 322 3578 2248 1989
internal_count=26936 25721 8754 1215 16967 941 274 94 740 412 149 74 263 180 78 10557 6816 5327 102 74 45 5729 1938 1490 328 240 193 73 51 119 201 53 229 84 1489 88 1749 455 448 615 6410 145 3366 1096 3365 362 1294 732 120 393 2268 51 178 447 575 78 1174 123 322 3578 2248 1989
is_linear=0
shrinkage=0.05


Tree=39
num_leaves=63
num_cat=0
split_feature=15 2 12 15 0 10 0 23 21 8 14 21 12 5 10 18 20 13 2 0 11 5 25 2 5 23 2 6 5 12 1 4 6 12 11 18 13 15 5 15 12 1 0 0 2 2 2 12 12 25 1 16 14 25 6 23 4 15 12 1 11 11
split_gain=6.73144e+06 1.80021e+06 479361 367001 266930 246546 164390 176053 156801 149673 139032 133774 101390 115190 98043.8 92054.3 101557 121733 85941.4 84361.8 82521.4 82243.5 90812.2 79914.8 248427 94701.4 78200 124736 84885.8 80634.7 76851.4 65595.4 63162.2 62782.3 73099 58269.3 55618.7 54695.7 54466.5 86922.5 60081.3 56700.3 52672 77818.5 51909.1 57523.2 56003.9 51457.8 48966.8 84002.4 67138.7 173015 76425.8 47816.9 47377.8 47267.7 45833.1 45759.7 44569.4 44352.8 43874.7 43063
threshold=586.08333333333337 2020.5000000000002 217.68000000000004 425.04166666666669 16.005000000000003 941.50000000000011 13.280000000000003 49.500000000000007 -0.071788525006346735 266.83500000000009 28.354893757515747 -0.028244705066227279 868.50000000000011 0.68301270189221941 527.50000000000011 95.933840426798213 -0.1666708333333333 1269.3333333333337 2023.5000000000002 15.065000000000001 1136.5000000000002 -0.5 10.500000000000002 2021.5000000000002 -0.6830127018922193 22.500000000000004 2022.5000000000002 -0.68301270189221952 -0.24999999999999994 258.54000000000002 -13.709999999999999 2.5000000000000004 0.25000000000000017 299.58500000000009 394.50000000000006 7.5830591765094422 181.18000000000004 458.41666666666669 0.25000000000000011 271.81916666666672 248.87500000000003 -14.635 12.870000000000003 12.740000000000002 2015.5000000000002 2013.5000000000002 2010.5000000000002 174.69000000000003 360.50000000000006 1.5000000000000002 -14.079999999999998 98.29996420654858 129.23739534397814 11.500000000000002 0.25000000000000017 51.500000000000007 2.5000000000000004 287.31250000000006 602.08500000000015 -15.554999999999998 270.50000000000006 440.50000000000006
decision_type=2 2 2 2 2 2 2 2 2 2 2 2 2 2 2 2 2 2 2 2 2 2 2 2 2 2 2 2 2 2 2 2 2 2 2 2 2 2 2 2 2 2 2 2 2 2 2 2 2 2 2 2 2 2 2 2 2 2 2 2 2 2
left_child=1 2 19 11 5 14 10 15 -9 44 -7 18 13 58 -2 -8 -17 -18 38 31 -6 57 -23 24 25 -13 27 -25 29 -28 -27 36 -24 34 53 -30 -1 -35 39 41 -41 -3 43 -26 45 46 60 -33 -16 55 52 -52 -51 -5 -38 -50 -47 -20 -12 -39 -4 -11
right_child=4 3 9 33 20 6 7 8 -10 61 12 23 -14 -15 48 16 17 -19 21 -21 -22 22 32 26 42 30 28 -29 35 -31 -32 47 -34 37 -36 -37 54 59 -40 40 -42 -43 -44 -45 -46 56 -48 -49 49 50 51 -53 -54 -55 -56 -57 -58 -59 -60 -61 -62 -63
leaf_value=-0.91186187050895073 6.3239409265924973 2.5360899031906476 -0.97122874255583069 0.74595108386451936 5.4944354212661679 8.5461026133231393 0.97486046661630565 3.3247245372529051 8.5588573355828554 -0.041752240511849566 3.9086524440152619 0.28993817041342645 6.9793762228494716 6.489224200778537 0.84124340044264112 2.1601866830537517 4.9614964694545538 0.94967043378234439 -1.9144793888252449 -0.37636419536461008 9.9288940935903245 -0.31346286629514519 1.5550663478982711 2.2117463349166235 -0.36877616970548255 1.5257299147133341 -0.80943647929567875 0.72517327376188345 2.1307682449099801 0.41522838693730257 4.0136546716202792 -1.2390580016379813 -0.23183950900127251 0.91426560713372895 -0.33493591897493141 0.58633049724020037 -0.32028643433883747 1.3602577856933893 -0.24357438836751943 -0.57917302960482242 0.79269998044042911 0.078303567568461102 -0.53141749070153255 2.2219934788288107 -0.2552940337912587 -0.51441454563811184 0.027117276150639948 -0.81333100542480175 6.0568584465906259 2.6948719361992248 2.4325857618081734 6.4051815934424852 0.60374026833914973 2.8549208170641465 -0.80496762393341048 2.9795885151596431 -1.1600773748294466 -0.59480040717351712 0.759959919163675 2.1832702048986539 -0.0054633855258470875 1.0100567939423408
leaf_weight=1199 21 88 392 98 22 37 36 25 34 5396 22 119 41 26 29 74 137 22 87 1511 21 624 132 174 78 128 223 746 64 338 41 1051 79 436 130 1302 1447 528 213 121 234 32 646 46 2697 548 555 2191 32 308 83 41 51 37 774 21 552 268 23 238 168 99
leaf_count=1199 21 88 392 98 22 37 36 25 34 5396 22 119 41 26 29 74 137 22 87 1511 21 624 132 174 78 128 223 746 64 338 41 1051 79 436 130 1302 1447 528 213 121 234 32 646 46 2697 548 555 2191 32 308 83 41 51 37 774 21 552 268 23 238 168 99
internal_value=-0.00282129 -0.166386 -0.427131 0.501834 3.81681 3.6599 4.50439 3.87627 6.35047 -0.202063 5.88355 0.322648 4.99708 3.84409 2.97183 3.33142 3.69493 4.40738 -0.024119 -0.713712 7.67823 -0.281299 -0.010234 0.489414 0.118351 1.37087 0.627297 1.00654 0.446189 -0.0716299 2.13136 -0.790218 0.886219 1.20812 0.511204 0.658845 -0.637419 1.36171 0.420681 0.718546 0.325058 1.88133 -0.350236 0.593292 -0.402614 -0.581971 -0.328835 -0.95138 2.84613 2.95441 2.74593 3.75025 2.39807 1.32569 -0.489225 4.84556 -0.8385 -0.918677 2.30468 1.61623 -0.681561 -0.0227835
internal_weight=26936 25830 18580 7250 1106 1063 477 328 59 10407 149 5783 112 71 586 269 233 159 1878 8173 43 1190 835 3905 1058 288 2847 920 1927 561 169 6662 211 1467 265 1366 3420 1202 688 475 355 120 770 124 4912 2215 1115 3242 565 536 483 124 359 135 2221 53 1100 355 45 766 560 5495
internal_count=26936 25830 18580 7250 1106 1063 477 328 59 10407 149 5783 112 71 586 269 233 159 1878 8173 43 1190 835 3905 1058 288 2847 920 1927 561 169 6662 211 1467 265 1366 3420 1202 688 475 355 120 770 124 4912 2215 1115 3242 565 536 483 124 359 135 2221 53 1100 355 45 766 560 5495
is_linear=0
shrinkage=0.05


Tree=40
num_leaves=63
num_cat=0
split_feature=17 15 9 7 7 17 20 21 3 9 12 3 11 5 0 15 12 12 6 12 1 17 12 3 18 17 12 18 12 12 12 12 1 20 3 25 12 21 18 12 25 11 25 5 1 5 14 8 15 17 17 6 12 23 12 20 23 5 23 1 0 23
split_gain=6.41301e+06 1.35745e+06 558594 318972 261030 253445 185975 166759 123989 106915 89758.2 88947.3 88924 111160 132329 77506.6 76105.7 75656.6 65109.9 64158.4 66979.5 66490.3 62883.4 53672.1 52292.7 51810.8 68887.3 50733.7 70416.4 49936.3 65473.9 54479.7 49891 47525.2 46854.7 46240.7 45984.7 50671.5 50557.5 44744.8 44150.9 42583.2 43833 40617.3 39799 39494.7 35484.6 34165.5 33358.5 33035.8 32810 35666.3 64017.3 32645 30476.4 30772.7 35284.7 30355.2 29390.2 28072.5 27747.1 27317.9
threshold=508.60416666666669 292.9308333333334 702.00000000000011 204.58500000000001 367.50000000000006 1046.7083333333337 0.17496736292428208 1.0010810810810813 3.5000000000000004 987.00000000000011 217.68000000000004 5.5000000000000009 1155.0000000000002 -0.24999999999999994 14.690000000000001 1077.6666666666667 726.00000000000011 295.28000000000003 -0.24999999999999994 804.00000000000011 -16.494999999999994 857.58333333333348 271.83500000000009 1.5000000000000002 56.16118489364127 456.29166666666669 398.75000000000006 108.57016622814818 777.50000000000011 753.00000000000011 1041.0000000000002 627.50000000000011 -16.234999999999996 0.075275537634408654 4.5000000000000009 8.5000000000000018 363.50000000000006 -0.084722608131888463 69.109898164837674 977.50000000000011 9.5000000000000018 265.50000000000006 11.500000000000002 -0.5 -15.579999999999998 0.68301270189221941 76.787585802219681 294.12500000000006 137.21500000000003 258.0866666666667 326.23250000000002 0.6830127018922193 374.37500000000006 16.500000000000004 248.87500000000003 0.23442680776014105 24.500000000000004 -0.6830127018922193 53.500000000000007 -12.889999999999999 14.255000000000001 30.500000000000004
decision_type=2 2 2 2 2 2 2 2 2 2 2 2 2 2 2 2 2 2 2 2 2 2 2 2 2 2 2 2 2 2 2 2 2 2 2 2 2 2 2 2 2 2 2 2 2 2 2 2 2 2 2 2 2 2 2 2 2 2 2 2 2 2
left_child=1 3 16 32 22 7 8 11 15 -9 43 23 13 -10 -15 -7 36 34 47 53 -21 -22 35 44 50 26 58 -14 -29 31 -31 -25 -1 -28 40 -3 -2 45 -39 46 -6 -26 -43 60 -4 -38 -18 -12 -34 -20 -24 59 -53 -13 -36 -56 -57 -50 -19 -52 -5 -55
right_child=2 4 5 10 17 6 -8 9 12 -11 18 19 27 14 -16 -17 39 25 49 20 21 -23 24 29 41 -27 33 28 -30 30 -32 -33 48 -35 54 -37 37 38 -40 -41 -42 42 -44 -45 -46 -47 -48 -49 57 -51 51 52 -54 61 55 56 -58 -59 -60 -61 -62 -63
leaf_value=-0.5156670493228338 -0.21203590078452197 -0.24695820797514689 1.4451478430695854 -0.96484114363843509 0.50244742966792522 4.6160790489608514 8.8388272605273652 8.5664558328005409 0.77816657585296189 3.8691414211795543 -0.070865957298169108 3.1894546386853575 6.8356603754295024 7.426561614122436 1.98667836713593 8.1548030181193916 3.1192527403563135 0.87517627288783262 -0.45600291850500252 1.4150421874174075 2.8759093601582792 5.2036896771787582 0.10510382211895362 4.5084383047690366 3.1861916767525997 1.3562810510633483 0.42797675855315759 2.6831893904558228 6.0397539746722995 6.2066134513571676 2.8736631681818277 1.9249258847793393 -1.8094218468556589 -1.0989659753963676 -0.27850369653402562 0.29125680124316977 2.0795117330676303 1.7781559711669097 -0.51423711868081512 2.1782078226501755 1.7807321255098338 0.25666896332465078 2.2165570975093174 -0.36388004440110677 4.161916613875583 4.5892105380657418 6.0251873604693813 0.49050128760743567 -1.091925905496266 -0.18453308862953907 0.18307048622989361 1.3355665238829317 -0.36011173747650849 0.8736813730958497 0.1615620552009073 -0.020861845274596474 2.0090297708494047 -0.74950987319980888 2.2375487845019415 1.5794039515998421 -0.51472003067091643 2.3202352747589807
leaf_weight=1661 29 1388 31 580 254 27 33 25 35 24 2889 48 31 21 24 38 23 1114 2137 32 65 59 1994 61 22 485 194 32 31 59 20 31 87 69 274 560 38 314 26 42 92 99 40 2499 24 27 20 299 815 2357 653 224 74 60 288 35 55 3158 41 38 837 72
leaf_count=1661 29 1388 31 580 254 27 33 25 35 24 2889 48 31 21 24 38 23 1114 2137 32 65 59 1994 61 22 485 194 32 31 59 20 31 87 69 274 560 38 314 26 42 92 99 40 2499 24 27 20 299 815 2357 653 224 74 60 288 35 55 3158 41 38 837 72
internal_value=-0.00998077 -0.19231 3.2816 -0.441059 0.34667 4.04679 5.31734 3.4804 4.82759 6.2784 -0.290348 3.23536 4.12679 2.89517 4.53624 6.6943 1.9792 0.725219 -0.191031 2.7177 3.46055 3.98682 0.130994 4.00342 0.269299 0.910131 0.757446 5.17073 4.34187 4.44136 5.36759 3.641 -0.746578 0.0270876 0.372564 -0.0922256 1.71049 1.84818 1.60274 3.34752 0.842769 1.14677 0.82189 -0.485166 2.63614 3.12753 4.48181 -0.0182005 -0.84103 -0.313632 0.221901 0.457345 0.914496 2.07229 0.122939 0.413942 1.22042 -0.819778 0.923731 0.260083 -0.69902 1.66391
internal_weight=26714 25312 1402 17319 7993 883 272 611 239 49 11598 562 174 80 45 65 519 2901 7682 336 156 124 5092 226 3144 1903 1418 94 63 171 79 92 5721 263 998 1948 434 405 340 85 346 161 139 3916 55 65 43 3188 4060 4494 2983 989 298 180 652 378 90 3973 1155 691 1417 132
internal_count=26714 25312 1402 17319 7993 883 272 611 239 49 11598 562 174 80 45 65 519 2901 7682 336 156 124 5092 226 3144 1903 1418 94 63 171 79 92 5721 263 998 1948 434 405 340 85 346 161 139 3916 55 65 43 3188 4060 4494 2983 989 298 180 652 378 90 3973 1155 691 1417 132
is_linear=0
shrinkage=0.05


Tree=41
num_leaves=63
num_cat=0
split_feature=17 15 9 7 7 17 20 21 3 9 12 3 22 13 10 12 9 19 1 22 12 1 17 12 21 3 12 18 22 1 22 16 23 3 25 12 21 22 25 3 22 12 3 12 5 22 20 16 25 16 7 20 19 22 5 22 16 14 15 12 22 17
split_gain=5.7892e+06 1.22514e+06 504320 287876 235584 228856 167887 150598 111921 96528.8 81008 80304.9 75951.3 75354.9 68973.4 68736.5 62102.7 71048.2 96106.1 58773.9 57913.7 60453.6 60018.6 56756.8 55660.5 50288 69604.4 47212.8 45141.4 45027.4 43542 67468.9 72926.7 56550.1 45775.6 41911.2 64080.1 46537.3 41732.8 41233.2 46009.5 40411.5 37494.5 37468.6 36658.1 36625.9 42061 36035.6 34608.8 34335.1 34271.2 33980.2 38230.3 33764.9 33506.9 44451.5 40511.2 32043.2 30112.4 29931.6 29727.3 29613.5
threshold=508.60416666666669 292.9308333333334 702.00000000000011 204.58500000000001 367.50000000000006 1046.7083333333337 0.17496736292428208 1.0010810810810813 3.5000000000000004 987.00000000000011 217.68000000000004 5.5000000000000009 6.5000000000000009 1064.5000000000002 392.50000000000006 726.00000000000011 1036.0000000000002 -0.12472222222222222 -14.424999999999999 4.5000000000000009 804.00000000000011 -16.494999999999994 857.58333333333348 271.83500000000009 0.048064171122994666 2.5000000000000004 753.00000000000011 56.16118489364127 8.5000000000000018 -16.234999999999996 4.5000000000000009 40.350547290794744 41.500000000000007 4.5000000000000009 9.5000000000000018 398.75000000000006 -0.14537684537684539 6.5000000000000009 8.5000000000000018 9.5000000000000018 8.5000000000000018 977.50000000000011 8.5000000000000018 627.50000000000011 -0.5 5.5000000000000009 0.04624583189605614 81.487707701097023 11.500000000000002 64.66056269440098 340.50000000000006 0.061956300581402786 -0.040003839969280301 3.5000000000000004 -0.24999999999999994 8.5000000000000018 31.148033480346992 76.787585802219681 137.21500000000003 285.35500000000008 2.5000000000000004 326.23250000000002
decision_type=2 2 2 2 2 2 2 2 2 2 2 2 2 2 2 2 2 2 2 2 2 2 2 2 2 2 2 2 2 2 2 2 2 2 2 2 2 2 2 2 2 2 2 2 2 2 2 2 2 2 2 2 2 2 2 2 2 2 2 2 2 2
left_child=1 3 15 29 23 7 8 11 13 -9 44 25 24 -7 39 35 -10 -18 -19 50 -13 -22 -23 38 42 51 43 61 60 -1 33 59 -33 34 -26 -2 -37 -38 -3 -14 -41 57 53 -27 -5 46 -44 -28 -42 -46 -12 52 -4 -6 55 -16 -57 -17 -31 -32 -29 -25
right_child=2 4 5 10 12 6 -8 9 16 -11 19 20 14 -15 54 41 17 18 -20 -21 21 22 -24 27 30 26 47 28 -30 58 31 32 -34 -35 -36 36 37 -39 -40 40 48 -43 45 -45 49 -47 -48 -49 -50 -51 -52 -53 -54 -55 -56 56 -58 -59 -60 -61 -62 -63
leaf_value=-0.48988524896533986 0.061034628680295036 -0.23461118847045581 0.89964989140572671 -0.66407455970606089 2.2069474523962809 5.0350007806671213 8.3982211245510872 8.1398394229402591 5.8077951549464828 3.6764870479393803 -0.46931739062966926 1.9688584210540374 0.77660737206366581 8.594579748889716 1.1874275585407796 2.9639653238899264 5.597720495331723 3.547513649642978 -0.28623599057173849 -0.10674636439081825 1.3445105122257246 2.7323347311506994 4.943945413837981 0.099848893562592508 0.33538730751472673 4.2416174571433229 4.419205538299761 2.2663378295770551 3.1358909243629096 -1.7190546501996735 -0.09919411817447589 0.82472877950303747 2.3811099115065044 -0.49235992451115246 3.0774655210486368 3.7891047639364679 -0.077400368999621383 1.7726788727452325 0.27669655991000852 1.0254937240687172 -1.679871997776774 2.0695561064677115 -0.31246726343990461 1.7130371055896814 -0.36507986757387156 0.98431320828265356 -2.1858084773823108 7.1935141841423906 0.72335593845713786 1.4244698122260591 1.1092139521894973 4.5376593853714722 3.244472655895291 0.1249153638725089 1.4709005566682962 -0.65684859669401585 1.4933360644858749 5.7254267981989466 -0.77879170975402567 0.65529574077704122 0.39193342128680503 0.43449171547588317
leaf_weight=1661 39 1388 26 1417 22 41 33 25 35 24 1701 180 224 24 276 23 30 89 20 5946 32 65 59 1994 49 50 22 26 23 87 172 234 111 169 22 36 38 321 560 39 59 42 77 21 2472 27 49 27 20 27 35 27 53 164 525 74 31 20 3973 557 112 989
leaf_count=1661 39 1388 26 1417 22 41 33 25 35 24 1701 180 224 24 276 23 30 89 20 5946 32 65 59 1994 49 50 22 26 23 87 172 234 111 169 22 36 38 321 560 39 59 42 77 21 2472 27 49 27 20 27 35 27 53 164 525 74 31 20 3973 557 112 989
internal_value=-0.00945785 -0.182692 3.11794 -0.419008 0.329347 3.84501 5.05235 3.30679 4.58703 5.96575 -0.275832 3.07393 0.688972 6.36057 0.983413 1.88042 3.9212 3.44228 2.84441 -0.18148 2.58205 3.28783 3.78781 0.124453 0.466622 3.80372 4.50686 0.255848 1.08961 -0.709253 0.613983 0.750032 1.32604 0.00508722 1.18825 1.62505 1.77941 1.57687 -0.0876141 0.378248 -0.377935 3.18081 -0.104563 3.49726 -0.46091 -0.684125 -1.04218 5.95955 -1.07125 -0.345687 -0.437427 3.00417 2.47494 0.372258 1.21178 0.854419 -0.0211677 4.25879 -0.798983 0.477286 0.746504 0.210811
internal_weight=26714 25312 1402 17319 7993 883 272 611 239 49 11598 562 2901 65 1248 519 174 139 109 7682 336 156 124 5092 1653 226 120 3144 161 5721 1314 1074 345 240 71 434 395 359 1948 342 118 85 339 71 3916 153 126 49 79 2499 1736 106 79 186 906 381 105 43 4060 729 138 2983
internal_count=26714 25312 1402 17319 7993 883 272 611 239 49 11598 562 2901 65 1248 519 174 139 109 7682 336 156 124 5092 1653 226 120 3144 161 5721 1314 1074 345 240 71 434 395 359 1948 342 118 85 339 71 3916 153 126 49 79 2499 1736 106 79 186 906 381 105 43 4060 729 138 2983
is_linear=0
shrinkage=0.05


Tree=42
num_leaves=63
num_cat=0
split_feature=17 7 9 7 17 20 21 7 4 9 11 18 15 11 5 15 13 12 12 16 10 12 10 12 12 18 25 9 7 20 25 12 21 18 12 9 10 25 25 12 0 15 17 23 20 16 14 5 0 12 21 25 5 4 10 13 17 18 16 5 25 18
split_gain=5.22597e+06 1.10806e+06 455310 374493 206610 151574 136000 129297 101063 87151.4 77887.8 107119 74493.2 73118.8 76964.6 68728 68054.2 64108 62082.6 58683.6 53282.2 59330.8 51514 50812.8 50572.8 52551.4 55402.1 73398.4 49993 44916.8 40541.5 38033.3 43142.3 42065.4 38025.4 37925 42302.1 39567.5 37120.7 36497.8 30837.2 29520.8 29211.9 29284.3 65902.1 47579.7 28935.5 28300.3 26387.7 25811.6 24120.2 23119.1 36783.6 22979.1 34640.9 28353.9 22705.9 24695.7 23666.7 22352.8 21414.9 21795.9
threshold=508.60416666666669 259.30500000000006 702.00000000000011 367.50000000000006 1046.7083333333337 0.17496736292428208 1.0010810810810813 198.87500000000003 1.5000000000000002 987.00000000000011 1155.0000000000002 125.04685269203033 1260.0000000000002 577.50000000000011 0.25000000000000011 299.9641666666667 1064.5000000000002 295.28000000000003 726.00000000000011 77.459666924148308 442.50000000000006 398.75000000000006 676.50000000000011 169.08500000000001 290.35500000000008 57.246807196856352 9.5000000000000018 360.50000000000006 963.50000000000011 -0.12481304347826087 12.500000000000002 363.50000000000006 -0.084722608131888463 69.109898164837674 521.50000000000011 826.00000000000011 726.00000000000011 4.5000000000000009 8.5000000000000018 977.50000000000011 15.190000000000001 137.21500000000003 450.12500000000006 24.500000000000004 0.92200357781753139 28.911647017253127 76.787585802219681 -0.6830127018922193 15.790000000000001 199.72000000000003 0.2096676640491231 3.5000000000000004 -0.24999999999999994 3.5000000000000004 381.12500000000006 378.77833333333342 349.02083333333343 56.16118489364127 10.684880283216417 0.68301270189221941 6.5000000000000009 21.640901055013554
decision_type=2 2 2 2 2 2 2 2 2 2 2 2 2 2 2 2 2 2 2 2 2 2 2 2 2 2 2 2 2 2 2 2 2 2 2 2 2 2 2 2 2 2 2 2 2 2 2 2 2 2 2 2 2 2 2 2 2 2 2 2 2 2
left_child=1 7 18 15 6 8 13 41 16 -8 11 -10 -13 -4 35 49 -6 30 31 -12 21 40 -16 47 38 -26 -27 -28 -24 -21 42 -2 34 -34 59 37 -37 -15 56 46 -19 -1 43 44 -5 -45 -20 -9 50 -3 -43 52 -22 55 -55 -23 57 -17 -58 -33 61 -25
right_child=2 3 4 17 5 -7 9 23 10 -11 19 12 -14 14 22 24 -18 20 39 29 51 53 28 60 25 26 27 -29 -30 -31 -32 32 33 -35 -36 36 -38 -39 -40 -41 -42 48 -44 45 -46 -47 -48 -49 -50 -51 -52 -53 -54 54 -56 -57 58 -59 -60 -61 -62 -63
leaf_value=-1.5637079837106664 -0.20451178362279415 -0.56291846468999696 0.73798715179976992 0.15876241475534697 4.7838633007086688 7.9795786353396494 7.7344689908730562 -1.2552822759912552 -0.22115177316784362 3.4934254302770769 6.1901583984379869 5.3458984253191133 1.6533481123041811 4.3951521565661364 5.8062212758216996 -0.12311279314971496 8.1666339193636954 0.92751012142196732 2.8164085359284372 5.3873744078890766 0.83760741737519773 1.8269736898925915 3.1256686845531316 -0.34237535051764412 0.28145927571693108 0.50937899435273204 4.9204406418224087 0.68867285014385005 5.333169391914196 2.458890036369739 1.6499789804698315 2.4959034885216624 1.6026441284185833 -0.48831278227298197 1.0283712401318905 -0.024387470288063165 2.3977456120762901 2.4739134471677549 0.31241738560745236 1.9663241100990856 0.24933840254026701 -0.76988598183159218 -0.81951730821583024 -0.028869624971649362 -2.7770709747402229 0.93083785754391402 5.4405796810169127 -0.58625239347810409 -0.033576923400956381 -0.084132211698049575 -0.28944397868020072 0.97308408977698113 2.1549537343533678 -2.081876944595233 0.0295876235086194 -0.13883583856083864 0.74596760161111775 0.55797177995803093 -0.64408998512441795 4.7473389331396527 -0.26896293035590974 -0.58029529287360404
leaf_weight=104 29 298 36 390 41 33 25 222 24 24 39 32 24 48 28 1065 24 716 23 22 94 23 155 2511 1886 64 21 20 31 33 56 22 314 26 20 20 182 62 647 42 219 3582 58 206 20 346 20 550 139 5057 282 562 122 33 47 89 34 152 301 23 3834 1562
leaf_count=104 29 298 36 390 41 33 25 222 24 24 39 32 24 48 28 1065 24 716 23 22 94 23 155 2511 1886 64 21 20 31 33 56 22 314 26 20 20 182 62 647 42 219 3582 58 206 20 346 20 550 139 5057 282 562 122 33 47 89 34 152 301 23 3834 1562
internal_value=-0.00896253 -0.173554 2.96241 0.160678 3.65325 4.80041 3.14185 -0.500989 4.35827 5.66867 3.72556 2.57327 3.76923 2.92057 3.06977 0.00789112 6.04359 0.649875 1.78656 4.7024 0.824138 0.604331 3.80111 -0.391603 0.159567 0.342118 1.4303 2.86298 3.49628 3.63803 0.341299 1.54387 1.66909 1.44264 2.84951 2.56707 2.15801 3.31555 -0.00572172 3.02241 0.768715 -0.732129 0.26929 0.335019 0.0148966 0.572737 4.04686 -0.778786 -0.710485 -0.110787 -0.734832 1.14242 1.58234 -0.196141 -0.842841 0.266082 -0.138363 -0.0380042 -0.502814 3.65472 -0.353791 -0.433631
internal_weight=26714 25312 1402 12526 883 272 611 12786 239 49 174 80 56 562 526 9545 65 2981 519 94 1905 1127 214 8679 4190 1991 105 41 186 55 1076 434 405 340 65 312 202 110 2199 85 935 4107 1020 962 410 552 43 772 4003 5355 3864 778 216 192 80 112 1552 1217 335 45 7907 4073
internal_count=26714 25312 1402 12526 883 272 611 12786 239 49 174 80 56 562 526 9545 65 2981 519 94 1905 1127 214 8679 4190 1991 105 41 186 55 1076 434 405 340 65 312 202 110 2199 85 935 4107 1020 962 410 552 43 772 4003 5355 3864 778 216 192 80 112 1552 1217 335 45 7907 4073
is_linear=0
shrinkage=0.05


Tree=43
num_leaves=63
num_cat=0
split_feature=15 15 15 17 7 20 22 4 12 12 0 7 10 10 1 11 11 0 12 22 6 22 14 23 16 23 18 8 12 5 10 12 11 4 22 12 5 25 1 22 16 1 14 4 23 7 15 5 17 14 1 0 17 25 18 20 20 12 23 5 18 20
split_gain=4.71786e+06 1.1536e+06 266428 263372 261022 115791 94039 124260 86140.5 80823.1 75203.3 74198.3 105047 95144.2 69217.7 186110 118569 78102.6 108511 65924.2 62510 65442.7 62004.9 91856.8 66970 108213 61546.3 60840.4 59762.6 53576.4 53430 49084.6 44300.6 83159.8 44146.5 41025.3 59219 42602.2 39471.2 39455 38680.3 38172.8 36902.7 35972.9 33564.4 33395.1 33342.6 33040.2 32922.4 32821.3 32611.5 32550.8 32028.7 31850.2 31814.2 39070.8 30529.6 30054.5 29829.6 29312.9 29289.5 29184
threshold=586.08333333333337 299.9641666666667 425.04166666666669 1046.7083333333337 204.58500000000001 0.17496736292428208 1.0000000180025095e-35 1.5000000000000002 217.68000000000004 297.93000000000006 15.610000000000001 1136.5000000000002 1136.5000000000002 1136.5000000000002 -16.049999999999997 463.50000000000006 476.50000000000006 13.725000000000001 868.50000000000011 6.5000000000000009 -0.24999999999999994 5.5000000000000009 107.65630945640935 25.500000000000004 115.51031486232912 33.500000000000007 88.001784834714414 987.00000000000011 903.25000000000011 0.68301270189221941 346.33500000000009 389.00000000000006 431.12500000000006 3.5000000000000004 6.5000000000000009 977.50000000000011 0.68301270189221941 3.5000000000000004 -16.234999999999996 8.5000000000000018 59.676064961572308 -15.714999999999998 40.505143497288067 2.5000000000000004 29.500000000000004 337.75000000000006 383.52083333333343 -0.24999999999999994 820.14583333333337 63.279141264264105 -15.904999999999999 14.610000000000001 897.87500000000011 7.5000000000000009 69.109898164837674 -0.13332666666666668 0.15668539756217817 553.12500000000011 43.500000000000007 -0.6830127018922193 11.424799885508719 0.66733333333333344
decision_type=2 2 2 2 2 2 2 2 2 2 2 2 2 2 2 2 2 2 2 2 2 2 2 2 2 2 2 2 2 2 2 2 2 2 2 2 2 2 2 2 2 2 2 2 2 2 2 2 2 2 2 2 2 2 2 2 2 2 2 2 2 2
left_child=1 4 9 14 38 6 7 27 47 53 11 13 -13 -9 15 -2 -16 18 40 32 45 49 24 -24 29 28 30 -5 -26 52 -11 34 56 58 -32 36 57 -38 -1 41 -18 -21 -42 50 -31 -10 -28 -6 -20 60 -41 -33 -17 61 55 -55 -4 -19 -34 -40 -22 -3
right_child=3 2 19 5 8 -7 -8 10 20 26 -12 12 -14 -15 16 22 17 35 48 39 21 -23 23 -25 25 -27 46 -29 -30 44 31 51 33 -35 -36 -37 37 -39 59 43 42 -43 -44 -45 -46 -47 -48 -49 -50 -51 -52 -53 -54 54 -56 -57 -58 -59 -60 -61 -62 -63
leaf_value=-0.43616072367989189 7.1460708959246872 -0.067737309953957506 0.71508457280173643 4.2468228416985241 -0.58001751826565173 7.2527236500094006 1.3981830123904762 7.3788019953816644 -0.0029348621055282132 0.16036714681687855 0.95037621660820104 0.14867063890215501 4.3795276847083011 3.6064435823105097 -1.3529100054248249 1.8396394187161431 1.2550044186939 1.0780432318847299 3.9430703986235183 1.1255232498518353 -0.0814926181915476 -0.10012220500398346 4.1795042056043004 0.13537722857151349 1.2157581861550208 7.3911454758086768 3.5908419441853177 7.6395340308742563 4.9487132387463326 3.1072349936824137 0.55577446065781622 -0.6158996583310955 1.1525073796003964 -1.4365868263019961 1.2629160753099056 0.4947706921366784 5.299952956670011 2.4955304321489837 -0.99086034863058559 2.0802460832152638 5.0083497944162856 1.8800945682806782 2.5484836172949352 -0.0053462151487845598 5.6501752275409123 1.1668943649232868 1.0261132440297707 -0.29143698970621412 6.5748606913593184 1.2288451723356688 0.34671716671400571 0.48434767558231395 3.2048818698333812 -0.64601834494840027 0.98318632473140433 0.26628479867731364 2.2984872950527966 2.5073648727163329 -0.59311314997716247 -0.65745548658844255 -0.57748682214681157 -1.8958413242754355
leaf_weight=1661 28 1800 384 21 1845 34 28 31 3465 1380 21 22 44 37 21 106 41 87 24 488 360 2808 21 42 21 23 22 38 22 31 836 121 94 71 300 42 22 36 829 58 20 256 66 112 23 62 30 2146 25 28 51 151 73 134 129 940 33 64 33 3231 1720 22
leaf_count=1661 28 1800 384 21 1845 34 28 31 3465 1380 21 22 44 37 21 106 41 87 24 488 360 2808 21 42 21 23 22 38 22 31 836 121 94 71 300 42 22 36 829 58 20 256 66 112 23 62 30 2146 25 28 51 151 73 134 129 940 33 64 33 3231 1720 22
internal_value=-0.00849524 -0.147111 0.377019 3.17666 -0.362048 4.51676 4.12951 4.48603 -0.233444 0.221764 3.73808 4.17388 2.97168 5.33458 2.7348 3.22253 2.30958 2.48998 3.29801 0.953279 -0.142959 -0.258194 2.91714 1.48799 3.21766 4.62579 0.41332 6.44127 3.13281 2.81695 0.381484 0.598174 0.548564 -0.067251 0.742619 1.92229 2.20876 3.56665 -0.641545 1.21112 2.52331 1.38539 3.12576 0.624063 4.19887 0.0176603 2.1161 -0.424857 5.29658 -0.46874 1.27025 -0.00512868 2.39792 0.0419129 0.24157 0.152405 0.840923 1.68514 0.698772 -0.725556 -0.491652 -0.0899166
internal_weight=26714 25600 7445 1114 18155 276 242 214 12434 5865 155 134 66 68 838 390 448 427 176 1580 8443 4916 362 63 299 66 2840 59 43 233 2788 1408 615 198 1136 251 209 58 5721 965 127 744 86 221 54 3527 52 3991 49 2108 109 272 179 3025 1203 1074 417 151 127 4060 2080 1822
internal_count=26714 25600 7445 1114 18155 276 242 214 12434 5865 155 134 66 68 838 390 448 427 176 1580 8443 4916 362 63 299 66 2840 59 43 233 2788 1408 615 198 1136 251 209 58 5721 965 127 744 86 221 54 3527 52 3991 49 2108 109 272 179 3025 1203 1074 417 151 127 4060 2080 1822
is_linear=0
shrinkage=0.05


Tree=44
num_leaves=63
num_cat=0
split_feature=17 7 9 7 0 21 5 7 11 22 11 5 1 17 21 21 22 11 15 10 12 0 1 12 22 22 11 25 1 1 12 19 12 18 23 9 15 23 4 22 11 12 21 12 22 12 0 0 12 25 4 9 5 22 16 15 22 1 5 21 19 0
split_gain=4.2615e+06 909189 375035 305736 188312 165823 132811 106340 96110 93299.3 116362 103174 90280.6 89244.9 77552.8 76860 62978.7 69001.9 54499.9 52647.9 52215.2 86681.9 65312.5 50610.9 49964.3 59401.1 71652 62591.3 52733.4 45733 43988.5 42323.5 41716.9 45514.3 50013.6 65328.9 39865.5 38070.6 37019.4 37082.9 38678.6 34623.8 53277.9 49083 39542.8 33631.1 63663.3 32115.1 31756.1 31736.6 28885.4 28072.1 27664.8 35668.4 36592.7 26605.5 25849.4 25649.4 24725.4 23537.6 23522.9 23423.4
threshold=508.60416666666669 259.30500000000006 702.00000000000011 367.50000000000006 16.005000000000003 1.0010810810810813 0.25000000000000011 198.87500000000003 1155.0000000000002 1.0000000180025095e-35 827.50000000000011 0.93301270189221952 -16.224999999999998 1204.1666666666667 1.6157894736842109 0.062650966183574922 6.5000000000000009 383.66500000000002 299.9641666666667 392.50000000000006 753.00000000000011 15.190000000000001 -15.264999999999999 726.00000000000011 4.5000000000000009 5.5000000000000009 320.41500000000002 11.500000000000002 -12.639999999999999 -14.079999999999998 169.08500000000001 0.017858686079720746 290.35500000000008 57.246807196856352 44.500000000000007 370.50000000000006 1143.0833333333337 6.5000000000000009 3.5000000000000004 8.5000000000000018 330.50000000000006 398.75000000000006 -0.084722608131888463 521.50000000000011 6.5000000000000009 374.37500000000006 12.835000000000003 13.280000000000003 977.50000000000011 8.5000000000000018 1.5000000000000002 818.00000000000011 -0.24999999999999994 8.5000000000000018 31.148033480346992 137.21500000000003 4.5000000000000009 -16.234999999999996 -0.6830127018922193 0.62550813008130091 0.025210315314544322 15.790000000000001
decision_type=2 2 2 2 2 2 2 2 2 2 2 2 2 2 2 2 2 2 2 2 2 2 2 2 2 2 2 2 2 2 2 2 2 2 2 2 2 2 2 2 2 2 2 2 2 2 2 2 2 2 2 2 2 2 2 2 2 2 2 2 2 2
left_child=1 7 23 18 5 6 8 55 20 10 60 31 14 -12 -7 -6 17 24 59 38 21 -4 -22 41 28 27 -27 -26 50 37 58 -11 49 -34 -35 -36 51 -19 47 -40 -41 -2 43 -43 -44 46 -31 -18 -25 -20 -5 -10 53 -21 -55 -1 -39 -38 -9 -3 -8 -57
right_child=2 3 4 16 15 12 9 30 36 11 13 -13 -14 -15 -16 -17 19 29 32 52 22 -23 -24 48 25 26 -28 -29 -30 45 -32 -33 33 34 35 -37 57 56 39 40 -42 42 44 -45 -46 -47 -48 -49 -50 -51 -52 -53 -54 54 -56 61 -58 -59 -60 -61 -62 -63
leaf_value=-1.4523214851401383 -0.03221568079555736 -0.084571098647887699 1.7304365608693715 1.26912067455208 4.4623802261047452 9.2472016168471001 3.2228807881567434 -1.1597020028523835 4.5044690584401952 0.42966837674841907 5.5507026884048436 4.8683238800038993 3.1902285494177467 2.1606401419742798 4.7985238706294577 8.8323028476677123 2.1536773738904302 0.67205826344385433 -0.12967085467398751 1.0325349243492028 1.7914265840930157 -1.7619496854383554 3.9724186310750818 3.6792262816373822 0.98072984929833251 -0.55687925136592287 0.74754415336700386 2.7917544248016415 -2.3004988713697956 3.4110661015366066 -0.31889509984138659 3.1906369465500561 0.25244280419983817 0.46402049827548225 4.7238522042089439 0.68323583224816098 3.4723988213690156 0.0025667969344625682 0.91418206488994691 -0.041886157295126049 -2.2165410327096273 3.9454286188725618 -0.5122022864657364 0.89432638296440459 1.4486182487751418 -0.55387382377572603 0.44250029690931281 0.47744989465214654 1.7391667556557409 0.28713821608322343 -0.07824842674490827 2.4148706840060434 1.294365243695164 -0.65419175068215651 1.3893586537462339 -0.66528911131857449 -1.0410388280231995 5.8969780325919823 -0.53436261277616703 -0.93775249864819876 1.2701768037044641 -0.0046141003267230283
leaf_weight=104 39 5273 154 50 21 20 48 222 21 45 131 29 25 23 20 20 33 62 1552 276 92 20 55 43 292 135 477 57 23 23 7907 20 1886 65 20 20 22 88 39 49 35 39 28 20 308 44 83 210 42 647 193 71 525 74 31 3864 182 23 550 82 23 139
leaf_count=104 39 5273 154 50 21 20 48 222 21 45 131 29 25 23 20 20 33 62 1552 276 92 20 55 43 292 135 477 57 23 23 7907 20 1886 65 20 20 22 88 39 49 35 39 28 20 308 44 83 210 42 647 193 71 525 74 31 3864 182 23 550 82 23 139
internal_value=-0.00804829 -0.156678 2.67516 0.146079 3.30215 3.14029 2.93659 -0.453278 2.38996 3.72039 4.27359 2.39307 5.56688 5.04616 7.0405 6.61047 0.588091 0.389778 0.00802833 0.85448 1.91567 1.3282 2.60962 1.608 0.588893 0.756742 0.459752 1.27724 -0.0175436 -0.117104 -0.354077 1.28287 0.143095 0.308893 1.3216 2.71041 3.49903 -0.444451 0.348228 -0.358348 -0.94961 1.38887 1.52917 2.9145 1.2851 0.607206 1.08928 0.705899 2.72384 -0.0070256 0.199375 2.89627 1.05893 0.734233 -0.0500624 -0.662896 -0.701007 4.72207 -0.714322 -0.0976539 2.59306 -0.64235
internal_weight=26714 25312 1402 12526 883 842 777 12786 458 319 225 94 65 154 40 41 2981 1709 9545 1272 321 174 147 519 1227 961 612 349 266 482 8679 65 4190 1991 105 40 137 332 366 123 84 434 395 59 336 150 106 243 85 2199 243 92 906 381 105 4107 270 45 772 5355 71 4003
internal_count=26714 25312 1402 12526 883 842 777 12786 458 319 225 94 65 154 40 41 2981 1709 9545 1272 321 174 147 519 1227 961 612 349 266 482 8679 65 4190 1991 105 40 137 332 366 123 84 434 395 59 336 150 106 243 85 2199 243 92 906 381 105 4107 270 45 772 5355 71 4003
is_linear=0
shrinkage=0.05


Tree=45
num_leaves=63
num_cat=0
split_feature=17 2 22 17 22 2 19 9 4 18 2 6 22 2 18 2 17 6 25 22 21 25 19 7 6 2 2 2 11 25 5 0 10 18 0 17 9 22 0 21 14 8 11 22 11 18 2 2 2 17 22 0 2 2 14 10 2 9 2 2 10 22
split_gain=3.56001e+06 1.15024e+06 288852 231718 210387 182226 178437 113865 97993.5 99060.4 93514.1 100052 88684.7 83526.7 83231 79256 76041.4 89273.1 161235 72035.9 70265 71124.7 67975.8 77882.5 63647.1 87908.8 70872 60809.4 56180.4 64787.1 55310.8 65005.1 97448.4 75945.9 51020.4 48817.2 80694.2 51426.4 51181.7 45686.4 45235.9 44233.6 41921.7 49318.9 41829.5 40655.7 39719.2 66296.2 38582.3 37392.7 37217.1 40647.2 36779 36634.8 35633.9 34896.4 48324 34393.5 34032.9 33194.5 33146.4 33402
threshold=536.62500000000011 2020.5000000000002 5.5000000000000009 1120.041666666667 6.5000000000000009 2023.5000000000002 0.036373058022542544 1232.5000000000002 2.5000000000000004 179.80921828599855 2022.5000000000002 -0.5 6.5000000000000009 2018.5000000000002 77.511455718277873 2016.5000000000002 601.66666666666686 -0.5 11.500000000000002 4.5000000000000009 -0.23051619433198375 9.5000000000000018 -0.049986071229589084 939.00000000000011 -0.68301270189221952 2010.5000000000002 2013.5000000000002 2010.5000000000002 497.00000000000006 12.500000000000002 -0.93301270189221919 12.870000000000003 654.00000000000011 88.001784834714414 12.870000000000003 238.0266666666667 205.14000000000001 8.5000000000000018 14.610000000000001 -0.07025910207728385 38.682468035705277 394.50000000000006 412.75000000000006 4.5000000000000009 250.50000000000003 58.262140402699892 2012.5000000000002 2015.5000000000002 2015.5000000000002 409.29166666666674 5.5000000000000009 12.530000000000003 2021.5000000000002 2022.5000000000002 38.188130791298782 367.25000000000006 2011.5000000000002 195.41500000000005 2016.5000000000002 2010.5000000000002 420.50000000000006 8.5000000000000018
decision_type=2 2 2 2 2 2 2 2 2 2 2 2 2 2 2 2 2 2 2 2 2 2 2 2 2 2 2 2 2 2 2 2 2 2 2 2 2 2 2 2 2 2 2 2 2 2 2 2 2 2 2 2 2 2 2 2 2 2 2 2 2 2
left_child=1 2 13 10 14 6 8 -7 -5 -10 11 -2 49 24 20 -14 45 18 22 -15 21 -3 -18 -24 25 -1 27 -26 29 35 39 33 -33 -32 50 36 57 52 -39 -19 -17 -31 43 -36 -16 -12 -27 -48 -28 55 51 -22 -37 -46 -50 56 59 -6 -58 -4 -30 -62
right_child=3 4 12 5 28 7 -8 -9 9 -11 16 -13 15 19 44 40 17 30 -20 -21 34 -23 23 -25 26 46 48 -29 60 41 31 32 -34 -35 42 37 -38 38 -40 -41 -42 -43 -44 -45 53 -47 47 -49 54 -51 -52 -53 -54 -55 -56 -57 58 -59 -60 -61 61 -63
leaf_value=-1.0347042508411473 6.7840542316436769 -0.67083175362991743 0.12480813315745026 7.3307193525599246 1.9180775711439315 3.9664259242004714 9.9328746947483051 0.13872598359822461 5.3499863123968012 1.1462448952207527 1.6094527963716019 2.1063779045553765 -0.45967489394481265 -0.48553140063462846 0.44406404879425665 0.069328437833044376 -1.6272105982809355 2.327075382682819 5.356890166786326 0.18447767748601623 -0.050713104195660275 1.0597496452073061 2.2904781247681072 -0.24572693964128822 -0.78306953704511151 0.22433896300089939 -1.0524194916047176 -0.31074917186263534 3.0799547154965001 4.2225739455341698 1.7656328680871547 5.6918421186298964 2.4825681179920154 4.9333521715950868 -0.0042906698236056546 0.080335737239238855 3.1807693174681693 -0.041808007179269135 0.84154967867781361 -0.4940443898487954 -1.0803457621031092 1.3856001652692722 -0.54020296525075273 0.38794708902049629 2.9571433840314207 -0.7661395835639232 -0.7195528767233913 -0.0039429030244804075 -0.64560653426646475 1.07854998687218 0.18596369034278762 1.210792144276944 0.97938743523980176 1.1546245164517122 -1.642275731837205 -0.58802897488532602 -0.19154589743806161 -0.62931876802012277 0.1297013529776132 0.74665389952143668 1.4866299236423579 0.17841813136680074
leaf_weight=377 24 388 538 24 22 52 20 31 32 25 176 22 2524 901 191 1407 23 41 23 723 80 70 79 49 1075 430 1171 1862 27 20 26 25 433 71 1449 134 49 459 255 22 91 44 196 1793 35 20 594 711 1935 84 260 316 754 145 94 228 1761 33 1550 357 283 59
leaf_count=377 24 388 538 24 22 52 20 31 32 25 176 22 2524 901 191 1407 23 41 23 723 80 70 79 49 1075 430 1171 1862 27 20 26 25 433 71 1449 134 49 459 255 22 91 44 196 1793 35 20 594 711 1935 84 260 316 754 145 94 228 1761 33 1550 357 283 59
internal_value=0.00347945 -0.122784 -0.330854 2.64413 0.419719 4.27929 5.70565 2.53875 4.65087 3.51156 2.35277 4.55644 -0.117919 -0.515036 0.23982 -0.288688 2.24971 2.46802 1.46618 -0.187249 0.181114 -0.406148 0.870371 1.32011 -0.579564 -0.342784 -0.661042 -0.48365 0.833733 0.716653 2.7498 2.90925 2.65896 4.08702 0.246821 0.657968 1.70735 0.589738 0.273744 1.34262 -0.000575699 2.27744 0.169706 0.212642 0.959856 1.36675 -0.192382 -0.329703 -0.823834 0.034105 0.650874 0.955982 0.84375 1.50659 -0.691862 0.0142934 0.0469587 0.391181 -0.0411574 0.372913 1.39498 1.26108
internal_weight=26693 25475 18413 1218 7062 184 101 83 81 57 1034 46 8540 9873 4923 4022 988 792 174 1624 4552 458 151 128 8249 2112 6137 2937 2139 1770 618 555 458 97 4094 1706 104 1602 714 63 1498 64 3438 3242 371 196 1735 1305 3200 4518 656 396 888 180 2029 4434 4206 55 3311 895 369 342
internal_count=26693 25475 18413 1218 7062 184 101 83 81 57 1034 46 8540 9873 4923 4022 988 792 174 1624 4552 458 151 128 8249 2112 6137 2937 2139 1770 618 555 458 97 4094 1706 104 1602 714 63 1498 64 3438 3242 371 196 1735 1305 3200 4518 656 396 888 180 2029 4434 4206 55 3311 895 369 342
is_linear=0
shrinkage=0.05


Tree=46
num_leaves=63
num_cat=0
split_feature=17 2 22 17 22 2 23 25 3 3 2 6 22 2 2 17 6 25 22 1 1 22 21 19 7 6 2 2 2 3 5 21 25 10 21 22 3 5 25 17 15 17 8 5 10 0 20 16 21 14 22 2 2 22 25 2 16 22 17 20 5 10
split_gain=3.21351e+06 1.03815e+06 260693 209264 189897 164560 193431 205719 114023 107369 84461.7 90334.2 80039.7 75383.9 71527.7 68643.1 80564.8 145593 65013.3 62800.9 92638.9 72606.1 69535.9 61367.1 70299.1 57441.4 79340.1 63963.2 54881.1 51028.9 49917 61893.6 59840.6 49215.7 56095.5 53317.2 101139 48410.3 44814.2 49864.5 49275.4 48790.8 67191.4 44507.8 43881.4 42330.6 45304.6 42362.1 41244.4 40829.8 38730.3 35847.4 59833.3 35601.6 35504 34820.1 38328.2 34421.8 33751.1 33442.1 32032.5 31495.5
threshold=536.62500000000011 2020.5000000000002 5.5000000000000009 1120.041666666667 6.5000000000000009 2023.5000000000002 34.500000000000007 9.5000000000000018 4.5000000000000009 8.5000000000000018 2022.5000000000002 -0.5 6.5000000000000009 2018.5000000000002 2016.5000000000002 601.66666666666686 -0.5 11.500000000000002 4.5000000000000009 -13.709999999999999 -16.224999999999998 2.5000000000000004 -0.13000869982600341 -0.049986071229589084 939.00000000000011 -0.68301270189221952 2010.5000000000002 2013.5000000000002 2010.5000000000002 5.5000000000000009 -0.93301270189221919 -0.2351470588235294 11.500000000000002 283.54000000000002 0.41508098992792236 4.5000000000000009 3.5000000000000004 -0.24999999999999994 12.500000000000002 436.62500000000006 450.08333333333343 238.0266666666667 208.54000000000005 0.68301270189221941 654.00000000000011 12.605000000000002 0.095052295823751978 40.350547290794744 -0.07025910207728385 38.682468035705277 5.5000000000000009 2012.5000000000002 2015.5000000000002 4.5000000000000009 6.5000000000000009 2015.5000000000002 17.211142562590819 7.5000000000000009 409.29166666666674 0.09725975975975977 -0.6830127018922193 367.25000000000006
decision_type=2 2 2 2 2 2 2 2 2 2 2 2 2 2 2 2 2 2 2 2 2 2 2 2 2 2 2 2 2 2 2 2 2 2 2 2 2 2 2 2 2 2 2 2 2 2 2 2 2 2 2 2 2 2 2 2 2 2 2 2 2 2
left_child=1 2 13 10 19 6 9 -8 -7 -5 11 -2 58 25 -14 57 17 23 -15 20 33 29 54 -17 -25 26 -1 28 60 -22 48 32 -32 35 -35 -3 -37 -36 39 41 -40 42 -6 45 -33 47 -47 -21 -18 -16 -48 -28 -53 -24 -23 -29 -57 -12 61 -44 -27 -4
right_child=3 4 12 5 38 8 7 -9 -10 -11 15 -13 14 18 49 16 30 -19 -20 43 21 22 53 24 -26 27 51 55 -30 -31 31 44 -34 34 37 36 -38 -39 40 -41 -42 -43 59 -45 -46 46 50 -49 -50 -51 -52 52 -54 -55 -56 56 -58 -59 -60 -61 -62 -63
leaf_value=-0.98298275454650974 6.4462590166147322 0.46255074159112114 0.044611778754410775 5.5337843191569753 0.24824730611392712 4.1121969914489211 10.210677241011711 4.0476050213513624 0.3931063365435663 0.70004149868280552 -0.61175172848724069 2.0015356355123388 -0.43669205956370755 -0.46125752695414129 0.065862260987838803 -1.5462023420251292 2.2110047437848839 5.0902052078412208 0.17525507005759985 0.6139954005336633 3.6548989427033192 -0.97947495537520712 -0.32166971265485567 2.1760990224204084 -0.23346562434116835 -1.0935986618838291 0.21312462366481655 -0.99980300923699839 -0.29521254641531797 0.39694318672728285 2.3327424274899244 5.2661663425184484 -0.38284368910730132 0.12986379899118458 0.014002291693031136 -0.73544821146363515 2.2440174625909588 1.5417108575981784 3.6817768586549726 1.1229109782251128 1.1767733560072797 0.4979866064504897 4.108307777510749 -0.000581006184489011 2.9638701980074207 0.78249137714454775 2.3532097290992495 -1.6103378147579903 -0.46945389091665118 -1.026387772444967 0.11165763838409881 -0.68358128560455211 -0.0037457880986409928 0.19499717145679304 0.062934863873225375 -0.47509667813273504 -0.91662581768492102 1.5279048996923787 1.02468663129455 1.6509274032820895 -0.53072751848080912 -0.55864041491539429
leaf_weight=377 24 370 4206 22 48 45 30 25 38 24 21 22 2524 901 1407 23 41 23 723 74 21 317 513 79 49 407 430 1171 1862 28 130 22 24 1484 82 37 123 141 26 599 80 1330 26 194 379 325 98 30 22 91 24 594 711 952 110 1192 837 175 84 30 668 228
leaf_count=377 24 370 4206 22 48 45 30 25 38 24 21 22 2524 901 1407 23 41 23 723 74 21 317 513 79 49 407 430 1171 1862 28 130 22 24 1484 82 37 123 141 26 599 80 1330 26 194 379 325 98 30 22 91 24 594 711 952 110 1192 837 175 84 30 668 228
internal_value=0.00331995 -0.116642 -0.314313 2.51218 0.39875 4.06609 5.42155 7.4218 2.41206 3.01893 2.23529 4.32958 -0.112023 -0.489287 -0.274256 2.13735 2.34476 1.39304 -0.177888 0.227835 0.152414 -0.100338 -0.149595 0.826863 1.25419 -0.55059 -0.325648 -0.627994 -0.45947 1.79791 2.61244 2.76392 1.90953 0.37172 0.241009 0.792574 1.55496 0.980233 0.792087 0.739751 1.79415 0.57963 1.62219 0.650714 3.09147 0.879994 1.09134 -0.0285217 1.27563 -0.000550123 1.91274 -0.182764 -0.313221 0.0140626 -0.710975 -0.782647 -0.657274 1.29844 0.0324012 2.79723 -0.74392 0.013579
internal_weight=26693 25475 18413 1218 7062 184 101 55 83 46 1034 46 8540 9873 4022 988 792 174 1624 4923 4178 1941 1892 151 128 8249 2112 6137 2937 49 618 555 154 2237 1707 530 160 223 2139 2033 106 1434 104 745 401 551 447 104 63 1498 122 1735 1305 1465 427 3200 2029 196 4518 56 1075 4434
internal_count=26693 25475 18413 1218 7062 184 101 55 83 46 1034 46 8540 9873 4022 988 792 174 1624 4923 4178 1941 1892 151 128 8249 2112 6137 2937 49 618 555 154 2237 1707 530 160 223 2139 2033 106 1434 104 745 401 551 447 104 63 1498 122 1735 1305 1465 427 3200 2029 196 4518 56 1075 4434
is_linear=0
shrinkage=0.05


Tree=47
num_leaves=63
num_cat=0
split_feature=17 2 12 17 22 2 12 23 6 2 12 21 17 0 0 16 18 1 21 0 25 23 6 22 18 25 6 7 15 12 1 15 12 21 23 22 20 4 20 2 12 17 9 17 23 13 23 1 2 9 2 2 17 15 0 25 15 6 2 25 20 22
split_gain=2.90068e+06 936976 253397 188981 171395 148592 190373 200981 101806 76287.1 105868 103799 85327.2 74998.3 73208.1 103497 69970 74493.8 73302.7 69713.6 58064.5 57830.8 74227.1 73263 71785.9 57673.6 62502.9 56093.2 55967.2 60772.7 55831.1 52580.1 48336.8 48320 47625.4 47150.3 42876.6 42539.6 41954.4 41580.5 44065.8 60137.3 59934.3 38967.6 38431.4 50465.6 38293.7 37758.8 56553.9 37630.3 37087.2 61866.1 53304.8 37650.2 37053.3 36523.1 61680.2 34101.7 33260.3 32964.3 31972.6 31194.3
threshold=536.62500000000011 2020.5000000000002 246.83500000000001 1120.041666666667 6.5000000000000009 2023.5000000000002 652.50000000000011 34.500000000000007 -0.5 2022.5000000000002 753.00000000000011 0.24997991107301668 857.58333333333348 15.065000000000001 13.280000000000003 98.29996420654858 77.511455718277873 -13.139999999999999 -0.21625857832754383 12.870000000000003 9.5000000000000018 49.500000000000007 -0.5 1.0000000180025095e-35 95.933840426798213 1.5000000000000002 0.6830127018922193 1105.5000000000002 912.75000000000011 553.12500000000011 -16.224999999999998 812.58333333333337 1041.0000000000002 -0.21625857832754383 52.500000000000007 4.5000000000000009 -1.0000000180025095e-35 2.5000000000000004 0.60071174377224212 2024.5000000000002 281.34000000000009 238.0266666666667 205.14000000000001 390.60416666666669 42.500000000000007 429.50000000000006 2.5000000000000004 -15.264999999999999 2019.5000000000002 195.41500000000005 2016.5000000000002 2012.5000000000002 390.60416666666669 249.98416666666671 14.690000000000001 12.500000000000002 308.37500000000006 -0.24999999999999994 2010.5000000000002 2.5000000000000004 0.20000960015360239 4.5000000000000009
decision_type=2 2 2 2 2 2 2 2 2 2 2 2 2 2 2 2 2 2 2 2 2 2 2 2 2 2 2 2 2 2 2 2 2 2 2 2 2 2 2 2 2 2 2 2 2 2 2 2 2 2 2 2 2 2 2 2 2 2 2 2 2 2
left_child=1 2 13 9 16 6 36 -8 -7 12 21 14 -2 19 15 32 17 18 20 47 -3 22 28 54 -25 31 -27 -10 29 -11 -21 -16 -12 -19 -23 -4 -5 -32 50 40 41 42 49 -41 -35 -46 -18 48 -1 -6 51 58 -53 57 -24 60 -57 -52 -37 -43 -20 -48
right_child=3 4 35 5 39 8 7 -9 27 10 11 -13 -14 -15 25 -17 46 33 55 30 -22 34 23 24 -26 26 -28 -29 -30 -31 37 -33 -34 44 -36 38 -38 -39 -40 43 -42 59 -44 -45 45 -47 61 -49 -50 -51 53 52 -54 -55 -56 56 -58 -59 -60 -61 -62 -63
leaf_value=0.12963518797499129 6.3580009104439581 -0.71919016782513734 -0.4334114323898926 4.5263384897089516 2.1884356989789366 -0.7144594246742284 3.8902730137250998 10.548371178980368 2.0641627021234314 0.21527944874977178 0.86615001565855809 6.0681409573667988 2.0389941181879321 -0.20169443599180986 4.9622677892496023 5.8914763520540028 2.5001908942651898 2.975965104887496 0.083410921219651393 -0.43825923141612116 0.72194076687912612 4.9472311360803669 2.8613982485973257 1.5997868167478901 -0.71826756025472049 2.321307152222881 0.61933889762393945 5.1369618911667176 -1.6121693229763272 2.9276281490656828 -0.54045231170516028 1.911525110521 3.9185607127459399 0.41126056347357753 1.898292879429661 -0.17137523959652176 1.7255415923481057 -0.87887522755406633 -2.3081640266660433 -1.4686007808482231 0.99098623805691166 0.8153610077488429 2.9701022701576321 0.41863549112500653 0.92749157021484985 3.7678575537097987 0.14943531924722719 -0.37319713537496502 2.7943145967349059 -0.57066977863371182 1.1451827456395693 -0.32417070005487447 1.038718250496929 0.045661898123359551 1.1898768201159216 2.8599744465492227 0.42776367377669244 0.15741136632916408 0.34939276445547596 0.064189996814605479 0.58736695941188533 1.1236414160830819
leaf_weight=354 22 414 802 28 20 21 21 25 37 78 27 21 24 2383 30 34 33 23 3039 4028 84 22 148 162 42 162 81 25 27 28 1888 27 25 379 31 497 27 1829 20 37 1259 225 46 104 71 20 141 541 21 32 157 2259 74 2563 43 32 139 197 800 416 351 197
leaf_count=354 22 414 802 28 20 21 21 25 37 78 27 21 24 2383 30 34 33 23 3039 4028 84 22 148 162 42 162 81 25 27 28 1888 27 25 379 31 497 27 1829 20 37 1259 225 46 104 71 20 141 541 21 32 157 2259 74 2563 43 32 139 197 800 416 351 197
internal_value=0.00316651 -0.110807 -0.298599 2.38678 0.378828 3.86347 5.1515 7.52395 2.29173 2.12365 2.03057 2.64918 4.11403 -0.450111 2.46163 3.74841 0.216453 0.162626 0.0921237 -0.518457 -0.476002 1.59684 1.43826 1.7822 1.1224 2.09162 1.75449 3.30955 0.416152 0.93388 -0.567241 3.52315 2.33846 0.742947 3.17092 -0.071523 3.15712 -0.706998 -0.0273204 0.752512 0.811072 0.504462 1.6574 -0.0772511 0.633051 1.55525 0.876641 -0.105953 0.279576 0.492592 -0.0203169 -0.126994 -0.280897 0.112434 2.48593 0.171588 0.884349 0.595705 0.149837 0.327955 0.135608 0.717421
internal_weight=26693 25475 18413 1218 7062 184 101 46 83 1034 988 407 46 11044 386 86 4923 4552 4059 8661 498 581 528 395 204 300 243 62 133 106 7745 57 52 493 53 7369 55 3717 6567 2139 1998 739 98 141 470 91 371 916 375 52 6547 3630 2333 2917 191 3561 171 354 1297 641 3390 338
internal_count=26693 25475 18413 1218 7062 184 101 46 83 1034 988 407 46 11044 386 86 4923 4552 4059 8661 498 581 528 395 204 300 243 62 133 106 7745 57 52 493 53 7369 55 3717 6567 2139 1998 739 98 141 470 91 371 916 375 52 6547 3630 2333 2917 191 3561 171 354 1297 641 3390 338
is_linear=0
shrinkage=0.05


Tree=48
num_leaves=63
num_cat=0
split_feature=17 2 17 22 17 2 12 3 22 3 11 12 25 2 2 6 22 10 21 5 2 13 10 22 7 17 12 23 19 19 22 0 13 0 3 2 23 2 2 2 6 17 0 22 10 5 12 2 25 12 6 0 20 5 0 22 2 16 8 17 20 19
split_gain=2.62474e+06 657203 378675 212922 128888 134167 171893 184574 101067 97487.1 74878.1 88873.6 83511 72539.3 160362 190219 109212 91090.9 85594.5 81001 139198 119090 79902.6 73814.8 72004.6 70785.6 70508.8 69055.4 62997.2 69543.5 62838.5 62457.9 60854.9 60145.8 57609.9 55824.5 55773.6 51962.4 86670 60696.9 86618.7 51529.2 51218.9 49538.8 46643.3 45999 57427.1 52526.7 45260.6 45230.7 44314 39244.6 38709.7 37377.8 44667.4 41293.1 37306.9 36735.9 36558.6 37261.1 36020.2 33678.6
threshold=467.04166666666669 2019.5000000000002 601.66666666666686 5.5000000000000009 1120.041666666667 2023.5000000000002 652.50000000000011 8.5000000000000018 4.5000000000000009 4.5000000000000009 877.50000000000011 1146.5000000000002 1.5000000000000002 2021.5000000000002 2022.5000000000002 -0.24999999999999994 5.5000000000000009 338.50000000000006 0.3333266666666666 -0.6830127018922193 2020.5000000000002 276.80500000000006 257.75000000000006 6.5000000000000009 1053.0000000000002 820.14583333333337 217.68000000000004 29.500000000000004 0.21221445221445226 -0.041688194444444375 8.5000000000000018 13.725000000000001 897.16666666666674 13.725000000000001 5.5000000000000009 2020.5000000000002 46.500000000000007 2010.5000000000002 2012.5000000000002 2015.5000000000002 1.0000000180025095e-35 409.29166666666674 14.835000000000003 4.5000000000000009 238.16500000000005 -0.6830127018922193 264.50000000000006 2024.5000000000002 12.500000000000002 167.64000000000001 0.6830127018922193 14.690000000000001 -1.0000000180025095e-35 -0.24999999999999994 14.255000000000001 2.5000000000000004 2022.5000000000002 27.857524417411447 195.41500000000005 297.37833333333339 -0.07691952659990868 -0.019238313493401878
decision_type=2 2 2 2 2 2 2 2 2 2 2 2 2 2 2 2 2 2 2 2 2 2 2 2 2 2 2 2 2 2 2 2 2 2 2 2 2 2 2 2 2 2 2 2 2 2 2 2 2 2 2 2 2 2 2 2 2 2 2 2 2 2
left_child=1 3 36 37 10 6 52 -8 48 -7 12 24 42 19 15 16 22 34 23 20 -10 51 -15 -17 25 -12 -5 -23 29 31 -18 -14 -31 -13 -16 50 56 -1 -39 44 43 -28 -4 -41 -40 46 -19 -47 53 -42 -21 -22 -6 54 -3 61 -2 -36 -37 -60 -27 -55
right_child=2 8 4 26 5 9 7 -9 13 -11 11 33 28 14 17 18 30 45 -20 35 21 27 -24 -25 -26 60 41 -29 -30 32 -32 -33 -34 -35 57 58 -38 38 39 40 49 -43 -44 -45 -46 47 -48 -49 -50 -51 -52 -53 -54 55 -56 -57 -58 -59 59 -61 -62 -63
leaf_value=-0.7449347117788665 3.1017573710219324 -0.67864352586040155 5.7187135735564922 -0.38987382888085376 4.3008269880165839 3.7495572762848797 10.177017818150183 3.8150452130520507 -0.14787741986165537 0.31084863958083431 -0.0152057529597538 5.0127009416316488 3.6417385736784613 2.2229699985300155 0.28611459452501675 -0.58819705100989295 0.9341655339522843 -1.1860530831241287 1.3363047540101909 0.55952067118383819 2.0720950880577647 -0.4175564446441839 5.2308467874617586 1.0795815171198748 -0.98473176226497117 1.1766584929796811 -0.049744065224195888 1.626380901140664 0.22354074019530287 2.5204917109576375 3.0486797351103565 0.72733987770360053 4.3602956073846562 2.1807093918571354 -0.32310614019231415 1.5762279857288706 0.098294355296020042 -0.09973424612371018 -0.88566508340090366 -0.36963919788513222 -1.3680909198775102 1.2949770108010008 2.7192749801859915 0.15328965136105896 -0.43590796734616905 0.68352514176558943 0.27096909554650056 -0.14157901177817153 1.1774234585277983 -0.54045487561458638 -0.2238307926552725 4.1774809400990325 1.6395828704552458 0.16299370601005161 -5.0280174460530691e-05 0.04897821152548603 1.1351854053722896 -1.5397825296126331 -0.82652316105442469 -0.094256777360776089 2.3508572262926299 2.5324611995764488
leaf_weight=1452 25 430 34 1804 28 45 24 22 265 38 54 31 25 47 225 186 131 81 208 438 56 77 42 103 28 99 5977 89 30 131 48 69 69 48 156 23 136 1667 1418 1016 184 72 25 817 972 1514 407 221 76 1604 307 37 27 29 556 1303 643 103 334 362 194 31
leaf_count=1452 25 430 34 1804 28 45 24 22 265 38 54 31 25 47 225 186 131 81 208 438 56 77 42 103 28 99 5977 89 30 131 48 69 69 48 156 23 136 1667 1418 1016 184 72 25 817 972 1514 407 221 76 1604 307 37 27 29 556 1303 643 103 334 362 194 31
internal_value=0.00302659 -0.131291 1.83319 -0.306434 2.47231 3.67104 4.89495 7.14932 0.245936 2.17754 2.20838 1.77319 2.72362 0.365232 0.503135 1.1423 2.21576 0.322467 0.563119 0.124373 0.657782 1.48186 3.64675 0.00635207 1.45137 1.64819 -0.115538 0.678579 2.40712 2.62977 1.5026 1.50555 3.15711 3.29699 -0.299079 -0.0665756 1.02137 -0.470626 -0.418742 -0.507207 -0.378104 -0.0337162 4.4546 -0.136562 -0.702779 0.457802 0.0289236 0.57842 -0.0226669 -0.6257 0.236723 2.91336 2.99984 -0.0615454 -0.296032 0.108089 1.20925 -0.807385 -0.380838 -0.445736 1.95467 1.38948
internal_weight=26693 24868 1825 16983 1021 184 101 46 7885 83 837 454 383 5460 3472 765 268 2707 497 1988 524 259 89 289 375 347 7853 166 324 294 179 94 200 79 484 1464 804 9130 7678 6011 3621 6049 59 1833 2390 2223 488 1735 2425 1788 745 93 55 2349 986 1363 668 259 719 696 293 60
internal_count=26693 24868 1825 16983 1021 184 101 46 7885 83 837 454 383 5460 3472 765 268 2707 497 1988 524 259 89 289 375 347 7853 166 324 294 179 94 200 79 484 1464 804 9130 7678 6011 3621 6049 59 1833 2390 2223 488 1735 2425 1788 745 93 55 2349 986 1363 668 259 719 696 293 60
is_linear=0
shrinkage=0.05


Tree=49
num_leaves=63
num_cat=0
split_feature=17 2 17 12 0 12 1 22 0 16 15 2 6 25 8 0 2 2 6 22 15 21 10 22 12 6 17 22 0 1 7 23 12 2 25 4 2 15 2 0 2 2 2 4 2 22 0 23 22 4 2 14 10 0 17 22 23 6 14 4 17 22
split_gain=2.36922e+06 593162 341872 194266 122512 113270 104769 91218.4 71507.7 73153.1 99680.9 70687.6 79480.6 183945 73973.2 70203.6 65465.1 144760 171716 98593.3 94525.3 77251.9 72130.9 66623.6 63640.2 60354.8 58617.1 56727.4 53816.3 68579.7 53168.2 50338.2 47499.9 47476.9 40852.7 39485.5 73141.4 75051.7 55477.2 44314.1 38010.6 59580.4 39892.2 37397.2 36487.8 53090.3 40492.6 33980.6 33700.5 44680.6 33691.2 31590.9 28493.9 27845.5 27681.2 27508.8 27163.3 24852.1 42288 24293 24190.7 23288.2
threshold=467.04166666666669 2019.5000000000002 601.66666666666686 246.83500000000001 16.005000000000003 977.50000000000011 -17.414999999999996 4.5000000000000009 13.280000000000003 91.74239296348577 1143.0833333333337 2022.5000000000002 -0.5 11.500000000000002 1241.5000000000002 15.065000000000001 2021.5000000000002 2022.5000000000002 -0.24999999999999994 5.5000000000000009 327.19416666666672 0.3333266666666666 257.75000000000006 6.5000000000000009 804.00000000000011 0.6830127018922193 334.2095833333334 8.5000000000000018 13.280000000000003 -16.224999999999998 358.16500000000002 46.500000000000007 698.00000000000011 2010.5000000000002 12.500000000000002 2.5000000000000004 2020.5000000000002 272.56250000000006 2020.5000000000002 14.400000000000002 2011.5000000000002 2016.5000000000002 2010.5000000000002 2.5000000000000004 2024.5000000000002 5.5000000000000009 14.610000000000001 43.500000000000007 2.5000000000000004 3.5000000000000004 2022.5000000000002 28.354893757515747 255.31000000000003 13.895000000000001 231.26375000000004 6.5000000000000009 35.500000000000007 -0.24999999999999994 14.433756729741418 2.5000000000000004 298.73250000000002 5.5000000000000009
decision_type=2 2 2 2 2 2 2 2 2 2 2 2 2 2 2 2 2 2 2 2 2 2 2 2 2 2 2 2 2 2 2 2 2 2 2 2 2 2 2 2 2 2 2 2 2 2 2 2 2 2 2 2 2 2 2 2 2 2 2 2 2 2
left_child=1 3 31 15 6 -6 -4 34 9 10 24 -10 13 -13 -14 28 25 18 19 22 59 23 -18 -20 -8 35 30 -21 -1 -30 40 50 -11 -28 48 38 52 -38 61 -40 42 -42 54 -31 45 -22 -46 -34 49 -3 -2 -43 -37 -35 -5 -52 -23 -33 -59 -19 -44 -9
right_child=2 7 4 26 5 -7 8 16 11 32 -12 12 14 -15 -16 -17 17 20 21 27 44 56 -24 -25 -26 -27 33 -29 29 43 -32 57 47 53 -36 36 37 -39 39 -41 41 51 60 -45 46 -47 -48 -49 -50 -51 55 -53 -54 -55 -56 -57 -58 58 -60 -61 -62 -63
leaf_value=-0.1771441493880635 2.9472873360987206 1.6563974890551993 5.5654765318998534 -1.0034440091303918 7.4617832869965568 2.2519216831643782 0.24590084686636288 1.0747818745260493 4.4183594633292449 2.3515085305165089 4.9877551735221566 0.12451752841599356 1.9971251564968597 4.4909246670831111 5.0935949743090578 -0.18013712336035451 2.1120574604933431 -0.13081795542642768 -0.55880300565985574 0.88749288226315137 0.053707646245047529 0.83486081216255892 4.9699256826749609 1.025654799098765 2.8954515164918475 -0.37895860468051185 -0.35170150959735291 2.8965626720145439 -0.40208134970593684 -0.54776257090200564 -1.8806678157520975 1.037575443622347 3.9014711496059959 2.8064180426336645 1.1186296367653099 -0.64294772804763023 2.1304511986812451 0.55220807889838264 0.1826698951884195 -0.78244108514474986 -0.30060225118578149 0.075737820409280621 0.3901279949707171 -0.88964443923471159 -0.93973022918672877 0.61625304209017173 0.43171175359954639 6.3270314306762092 -0.097574191947957578 -0.59690896894924794 0.23438073329352879 -0.74302113358191046 0.33909932049102426 0.84371828282766459 0.053660692132458714 1.205196038934087 2.0223040475168621 0.43492976143669121 -1.8113975030057743 -1.0395771153107638 1.4295056003485436 0.21984212604814413
leaf_weight=1153 25 62 23 75 22 20 56 121 27 37 23 141 509 29 20 2286 47 166 186 131 565 132 42 103 38 467 88 48 3797 1624 42 46 56 20 76 106 112 230 231 245 2903 2325 367 1578 101 1628 115 20 2253 34 84 124 243 182 353 559 76 57 33 132 66 233
leaf_count=1153 25 62 23 75 22 20 56 121 27 37 23 141 509 29 20 2286 47 166 186 131 565 132 42 103 38 467 88 48 3797 1624 42 46 56 20 76 106 112 230 231 245 2903 2325 367 1578 101 1628 115 20 2253 34 84 124 243 182 353 559 76 57 33 132 66 233
internal_value=0.00288991 -0.124723 1.74169 -0.291113 2.34896 4.99226 2.23506 0.233654 2.15435 2.92325 2.04388 1.91039 1.81289 0.871607 2.11514 -0.425021 0.346989 0.477994 1.08528 2.10519 0.30634 0.534981 3.46483 0.0060421 1.31899 0.118175 -0.0775534 1.42758 -0.493688 -0.54583 -0.109777 0.970324 3.83109 0.617253 -0.0215265 0.27083 0.550007 1.06955 0.0383628 -0.314128 -0.0977747 -0.147379 0.210545 -0.716272 0.410261 0.471331 -0.209679 4.54732 -0.0584635 0.858509 1.14882 0.034251 0.0407141 1.03936 -0.131759 1.07843 1.26952 0.0933832 -0.389764 -0.533586 0.54886 0.512302
internal_weight=26693 24868 1825 16983 1021 42 979 7885 956 230 117 726 699 170 529 10438 5460 3472 765 268 2707 497 89 289 94 1988 6545 179 8152 6999 6255 804 113 290 2425 1521 691 342 830 476 6213 5352 861 3202 2409 2193 216 76 2349 96 668 2449 349 202 428 643 208 136 90 298 433 354
internal_count=26693 24868 1825 16983 1021 42 979 7885 956 230 117 726 699 170 529 10438 5460 3472 765 268 2707 497 89 289 94 1988 6545 179 8152 6999 6255 804 113 290 2425 1521 691 342 830 476 6213 5352 861 3202 2409 2193 216 76 2349 96 668 2449 349 202 428 643 208 136 90 298 433 354
is_linear=0
shrinkage=0.05


Tree=50
num_leaves=63
num_cat=0
split_feature=15 2 12 18 0 7 1 21 21 11 1 10 10 0 1 1 3 9 21 3 12 11 12 6 25 2 2 21 1 13 7 23 2 1 18 2 17 17 18 17 24 21 12 2 0 2 2 7 20 2 2 3 1 25 13 2 17 18 23 2 1 1
split_gain=2.28624e+06 653713 170234 122763 145112 122600 78540 68625.6 68576.7 137625 75716.4 81301.9 76598.7 124155 73733.8 68571.5 65490.8 64527.1 55928.2 54346.9 49748 48943.9 48065.2 42966.6 41792 39758.2 59178.9 46863.3 39589 39215.2 37225.4 35972.8 31851.7 31744.7 31713.5 31303.4 43200.2 32376.4 31101.8 31091.1 30683.9 30613.3 30562.4 29944.4 28596.2 27991.1 27828.4 27745.1 26887.3 25735.1 54914 27741.9 25651.8 25518.8 24503.4 26723.4 23584.1 22413 42635.5 32045.7 32610.2 30136.4
threshold=557.41666666666686 2020.5000000000002 237.75000000000003 69.109898164837674 16.005000000000003 446.75000000000006 -13.139999999999999 -0.20449494949494948 1.0010810810810813 483.50000000000006 -14.424999999999999 1441.5000000000002 1196.5000000000002 15.190000000000001 -16.224999999999998 -16.224999999999998 6.5000000000000009 889.00000000000011 -0.026631205673758814 2.5000000000000004 230.16500000000005 323.16500000000002 174.69000000000003 0.6830127018922193 6.5000000000000009 2016.5000000000002 2012.5000000000002 0.4547859547859549 -17.414999999999996 175.03500000000005 194.27500000000001 51.500000000000007 2016.5000000000002 -16.429999999999996 56.16118489364127 2010.5000000000002 344.34708333333339 229.04166666666671 7.4082547798347429 205.11458333333334 1.0000000180025095e-35 0.21346278317152104 299.58500000000009 2011.5000000000002 15.190000000000001 2022.5000000000002 2012.5000000000002 552.50000000000011 0.23442680776014105 2010.5000000000002 2011.5000000000002 9.5000000000000018 -14.459999999999999 11.500000000000002 353.50000000000006 2014.5000000000002 263.51416666666671 32.95593514696008 2.5000000000000004 2024.5000000000002 -15.714999999999998 -12.404999999999999
decision_type=2 2 2 2 2 2 2 2 2 2 2 2 2 2 2 2 2 2 2 2 2 2 2 2 2 2 2 2 2 2 2 2 2 2 2 2 2 2 2 2 2 2 2 2 2 2 2 2 2 2 2 2 2 2 2 2 2 2 2 2 2 2
left_child=1 2 16 44 8 6 15 -8 9 -5 11 17 13 -12 33 23 19 -11 24 39 21 -20 -18 30 45 26 35 34 56 53 -3 -32 46 -10 -27 37 43 -4 -25 -1 47 -40 -36 -37 52 -17 -31 57 -22 51 -51 -30 -2 -21 -28 -56 -24 59 -59 60 -7 -60
right_child=3 5 25 4 -6 40 7 -9 14 10 12 -13 -14 -15 -16 18 22 -19 20 29 48 -23 28 38 -26 27 54 -29 49 32 31 -33 -34 -35 42 36 -38 -39 41 -41 -42 -43 -44 -45 -46 -47 -48 -49 -50 50 -52 -53 -54 -55 55 -57 -58 58 61 -61 -62 -63
leaf_value=-0.7131044776614649 1.7644376261182892 2.4000708921321698 -1.0743215075792114 -1.9234431143423809 5.4441575858849554 0.84322878537594392 3.1268814812308734 0.63456857904500397 3.7376434895529678 2.3917150913314273 3.0204636122266231 5.0571447580346565 0.90627549836873245 7.0164421903106557 1.6657728345562313 0.14232640166576166 -0.80492509187765826 1.3480428618170039 -0.081838452890267421 -0.53841455919445058 0.28183089799226485 -1.6624517778892303 -0.019265004617322862 1.3706813284418402 0.084430647319465368 0.039768606734860046 -0.34182938198033447 -1.8930567296371585 -1.0908554536953132 -0.0085792506921851253 0.34314067255657243 1.0133856969840829 0.17586100896045767 6.5956377636733938 0.13195930217725657 0.46249091710865625 2.2601764693570776 -0.053658890523641457 -0.29444679441310262 -0.30259189921073898 -1.1877016636269602 0.52098515548211388 2.8299300241233105 -0.12565249234597356 -0.043085916559595122 -0.7844702116542166 -0.38395022912138776 1.7275508763852103 1.4153133142083723 0.20257149082675452 -0.49845688765414248 -0.43926693885403556 0.57758062786770314 0.97171512296314499 1.3306720235083989 -0.50065917408364446 1.7106970778008774 1.622806574959456 0.48211724229437636 -0.12625732931691377 1.7811170706737336 -0.87871992595814796
leaf_weight=864 153 24 92 20 38 324 29 547 20 312 126 21 31 23 24 99 1168 283 631 729 1041 53 297 38 338 3423 2839 31 332 1040 1693 227 872 20 22 477 26 497 483 990 20 151 20 396 40 459 940 73 55 313 2594 322 65 29 46 35 21 78 526 59 130 44
leaf_count=864 153 24 92 20 38 324 29 547 20 312 126 21 31 23 24 99 1168 283 631 729 1041 53 297 38 338 3423 2839 31 332 1040 1693 227 872 20 22 477 26 497 483 990 20 151 20 396 40 459 940 73 55 313 2594 322 65 29 46 35 21 78 526 59 130 44
internal_value=-0.00543646 -0.104704 -0.262027 2.14998 2.42085 0.302077 0.206169 0.760579 2.28969 2.16554 2.26851 2.00422 3.17132 3.64162 3.86668 0.14581 -0.393855 1.89563 -0.0321424 -0.273895 0.130031 -0.204545 -0.523717 0.327841 -0.354302 -0.0867146 -0.186581 0.0392039 -0.439023 -0.160879 0.446974 0.422434 -0.0759113 5.17965 0.0565467 0.0700526 0.255671 -0.213247 -0.0168032 -0.49393 0.750817 -0.100176 1.4205 0.195715 1.18562 -0.620034 -0.186799 0.782333 0.33884 -0.486756 -0.42297 -0.770167 1.41101 -0.480512 -0.317358 0.539653 0.0954639 0.722753 0.527128 0.969698 1.11213 0.376926
internal_weight=26713 25537 18415 1176 918 7122 5868 576 880 816 796 616 180 149 64 5292 10511 595 2676 5464 1780 684 5047 2616 896 7904 4408 3496 3879 3610 1944 1920 2852 40 3465 1488 899 589 672 1854 1254 634 42 873 258 558 1980 1234 1096 3561 2907 654 218 758 2920 81 318 1161 648 513 454 570
internal_count=26713 25537 18415 1176 918 7122 5868 576 880 816 796 616 180 149 64 5292 10511 595 2676 5464 1780 684 5047 2616 896 7904 4408 3496 3879 3610 1944 1920 2852 40 3465 1488 899 589 672 1854 1254 634 42 873 258 558 1980 1234 1096 3561 2907 654 218 758 2920 81 318 1161 648 513 454 570
is_linear=0
shrinkage=0.05


Tree=51
num_leaves=63
num_cat=0
split_feature=7 2 22 22 16 0 2 18 18 23 18 2 1 22 5 2 21 14 14 0 0 14 21 7 25 7 21 2 2 2 22 0 8 17 8 21 0 5 17 16 18 1 17 21 18 23 21 1 2 0 23 23 2 25 0 18 2 7 16 14 3 16
split_gain=2.04778e+06 582024 173009 140916 119305 177105 285945 151907 132811 98814.3 87879 61476.1 60852.5 56366.3 53846.1 65341.3 52312.7 50852.8 62712.3 50129.6 92410.1 48894.3 58059.8 48208.1 47612.1 45075.5 43869.9 45729.3 43057.7 42651.6 45391.8 42519.4 104861 71058.4 64849.9 47321.8 38626.3 37484.2 36965.3 65421.2 35024.6 96571.6 54874.5 49727.3 37322.4 34695.2 33918.5 58916.9 33656.2 31989.6 31059.1 37192.9 29099.6 28311.5 28224.9 28075.8 25866.8 25861.6 24735 23930.8 23584.8 26732.1
threshold=552.50000000000011 2020.5000000000002 5.5000000000000009 6.5000000000000009 115.51031486232912 15.190000000000001 2023.5000000000002 247.46463367108854 247.46463367108854 41.500000000000007 80.73834155180991 2018.5000000000002 -13.324999999999998 4.5000000000000009 -0.5 2023.5000000000002 -0.20449494949494948 38.682468035705277 115.47005383792528 12.870000000000003 14.255000000000001 1.0000000180025095e-35 -0.055405684754521949 306.12500000000006 12.500000000000002 995.00000000000011 -0.25000468744140697 2023.5000000000002 2021.5000000000002 2016.5000000000002 6.5000000000000009 14.735000000000001 1077.5000000000002 897.87500000000011 902.50000000000011 0.099832156499594885 14.610000000000001 0.68301270189221941 258.0866666666667 19.207823536772768 108.57016622814818 -15.014999999999999 897.87500000000011 -0.17704879482657257 69.109898164837674 2.5000000000000004 0.72021505376344097 -14.635 2024.5000000000002 12.835000000000003 10.500000000000002 38.500000000000007 2010.5000000000002 6.5000000000000009 15.790000000000001 61.252763723014709 2010.5000000000002 995.00000000000011 39.97540907298049 36.055512754639636 8.5000000000000018 2.8644618093991525
decision_type=2 2 2 2 2 2 2 2 2 2 2 2 2 2 2 2 2 2 2 2 2 2 2 2 2 2 2 2 2 2 2 2 2 2 2 2 2 2 2 2 2 2 2 2 2 2 2 2 2 2 2 2 2 2 2 2 2 2 2 2 2 2
left_child=1 2 11 10 8 7 -7 9 31 14 12 19 21 -13 -6 -16 -14 -11 -19 -1 59 60 24 52 -23 -9 53 50 -24 30 38 35 33 54 -35 40 -17 55 39 -4 42 43 49 -42 -44 -5 48 58 -47 -2 -28 -52 -22 -12 -33 -18 -32 -8 -48 -21 -3 -62
right_child=4 3 29 45 5 6 57 25 -10 17 26 13 16 -15 15 36 37 18 -20 20 23 22 28 -25 -26 -27 27 -29 -30 -31 56 32 -34 34 -36 -37 -38 -39 -40 -41 41 -43 44 -45 -46 46 47 -49 -50 -51 51 -53 -54 -55 -56 -57 -58 -59 -60 -61 61 -63
leaf_value=-0.12759183801200902 0.60753161155583224 0.15494939135104135 0.12418084662027169 1.4176388047641284 0.4329977240636449 8.1194888071340205 1.0257273104180933 1.398465669926126 4.8622161200192195 1.8419325659285375 3.6367531791531662 -0.37900166981519973 2.8877354290578272 0.217074683502822 4.627755317124933 1.3267013555832972 0.80510314896919155 6.0885566216927982 3.1749878817365653 -0.73147122880985638 -0.60096223975954233 -0.43866635090393818 -0.30666261522633581 -2.2210304511578336 1.5166106333985134 -1.7027857021929105 2.6392398101875032 -0.76476870740860903 0.21490401992964206 0.065299828510187563 -0.63290864573073058 0.35814139402879575 -1.7565423212250715 4.7721355966362822 1.2656605598341102 1.1650142868844475 3.6174378393101989 -0.2221656452162325 -0.078913021775633668 2.3597994206399764 1.7161377359360401 3.466241729124333 1.9231237996217889 -0.5259714148353366 4.4078026545023965 0.68563012650877386 -0.92877825027683025 -2.6587285253108961 -0.10232223432012824 2.3968789996440227 0.19145618668044526 1.5899400021821153 -0.29978112688016484 1.2538343485073535 2.1260797353134944 -0.8302637353910669 -0.24035596858181033 3.4028703258048356 0.87822066850306246 -1.6176558923028062 1.1944643217652804 0.26506452298815164
leaf_weight=1073 34 667 136 130 45 36 24 20 31 23 22 871 23 728 27 79 401 35 40 2128 1008 1038 540 35 32 28 25 45 1480 3067 530 101 31 25 28 209 24 149 2769 43 52 44 22 47 50 1730 28 21 147 95 115 81 3927 29 29 28 2016 22 58 79 140 173
leaf_count=1073 34 667 136 130 45 36 24 20 31 23 22 871 23 728 27 79 401 35 40 2128 1008 1038 540 35 32 28 25 45 1480 3067 530 101 31 25 28 209 24 149 2769 43 52 44 22 47 50 1730 28 21 147 95 115 81 3927 29 29 28 2016 22 58 79 140 173
internal_value=-0.00515483 -0.100142 -0.248473 0.284362 2.01243 2.71392 4.78742 2.18289 1.65787 2.63884 0.139362 -0.391376 0.0846774 -0.107618 1.92506 2.44077 0.554273 3.91013 4.54102 -0.446371 -0.494027 0.0153211 -0.0822758 -0.374453 -0.38005 -0.410273 0.944839 0.686733 0.0754646 -0.0840675 -0.167452 1.52774 0.928558 1.38415 2.92562 1.75939 1.8635 0.460926 -0.0338861 0.662275 2.12005 1.51991 2.54603 0.652195 3.65238 0.626467 0.574555 -0.291066 0.623916 1.92614 0.982522 0.769943 -0.361311 2.28696 0.753897 0.698186 -0.322097 2.16765 0.289442 -0.763267 0.323032 0.681035
internal_weight=26713 25512 18410 7102 1201 403 82 321 798 273 4988 9849 4671 1599 175 130 601 98 75 8250 7177 4070 3090 4970 1070 48 317 266 2020 8561 5494 767 214 183 53 553 103 578 2948 179 344 143 201 99 72 2114 1984 107 1877 129 221 196 4935 51 130 429 2546 46 86 2207 980 313
internal_count=26713 25512 18410 7102 1201 403 82 321 798 273 4988 9849 4671 1599 175 130 601 98 75 8250 7177 4070 3090 4970 1070 48 317 266 2020 8561 5494 767 214 183 53 553 103 578 2948 179 344 143 201 99 72 2114 1984 107 1877 129 221 196 4935 51 130 429 2546 46 86 2207 980 313
is_linear=0
shrinkage=0.05


Tree=52
num_leaves=63
num_cat=0
split_feature=15 2 22 22 16 23 21 12 2 18 10 10 21 0 0 6 2 12 15 22 2 2 2 2 22 2 3 10 5 0 2 22 0 17 17 3 18 5 22 2 12 2 2 3 17 25 12 15 17 3 21 22 5 10 17 16 15 7 0 18 22 9
split_gain=1.86475e+06 532540 154993 145210 118367 133680 163169 158452 250082 120240 106416 85001.4 71468.2 59898.6 57736.5 56463.5 62393.9 45960.1 46982.4 44915.6 45852.5 44579.3 48838.2 47648.5 42336 44340 91495.1 39686.7 48103.4 39643.1 38249.5 68984.9 59343.8 63580.6 56692.1 55618 52652.8 38165.7 56952.4 37735.4 36826.5 49839.9 36611.6 36505.9 35740.9 50236.8 37155 35188.7 56524 35172.4 35104.2 33619.4 42204.7 42517.4 40639.6 35373.5 33002.4 45155.6 35329.4 31582.7 35843.6 29461.7
threshold=557.41666666666686 2020.5000000000002 5.5000000000000009 6.5000000000000009 115.51031486232912 34.500000000000007 0.65266666666666673 753.00000000000011 2023.5000000000002 247.46463367108854 1206.5000000000002 1228.5000000000002 0.92502190665716699 12.870000000000003 14.255000000000001 -0.68301270189221952 2010.5000000000002 590.83500000000015 1077.6666666666667 4.5000000000000009 2016.5000000000002 2018.5000000000002 2013.5000000000002 2010.5000000000002 5.5000000000000009 2022.5000000000002 6.5000000000000009 818.00000000000011 -0.6830127018922193 16.250000000000004 2023.5000000000002 5.5000000000000009 12.705000000000002 336.1733333333334 429.08333333333343 8.5000000000000018 49.440170323921265 -0.24999999999999994 1.0000000180025095e-35 2009.5000000000002 170.35500000000005 2015.5000000000002 2022.5000000000002 9.5000000000000018 436.62500000000006 12.500000000000002 398.75000000000006 601.16666666666674 820.14583333333337 4.5000000000000009 0.020502838359318546 6.5000000000000009 -0.24999999999999994 349.50000000000006 255.29166666666671 41.38849365563005 253.92333333333337 214.64500000000001 14.485000000000001 77.511455718277873 4.5000000000000009 932.50000000000011
decision_type=2 2 2 2 2 2 2 2 2 2 2 2 2 2 2 2 2 2 2 2 2 2 2 2 2 2 2 2 2 2 2 2 2 2 2 2 2 2 2 2 2 2 2 2 2 2 2 2 2 2 2 2 2 2 2 2 2 2 2 2 2 2
left_child=1 2 15 13 9 12 7 11 -9 17 -10 61 37 30 24 16 -1 18 27 -18 -21 22 23 -17 25 49 -27 47 -29 -25 31 32 33 -3 -34 -32 -37 -6 -39 -4 -24 -42 -26 -44 45 46 56 -2 -49 -15 -22 54 55 -54 -41 -53 57 -5 -58 -16 -61 -7
right_child=4 3 39 44 5 6 -8 8 10 -11 -12 -13 -14 14 59 21 19 -19 -20 20 50 -23 40 29 42 26 -28 28 -30 -31 35 -33 34 -35 -36 36 -38 38 -40 51 41 -43 43 -45 -46 -47 -48 48 -50 -51 -52 52 53 -55 -56 -57 58 -59 -60 60 -62 -63
leaf_value=-0.77125729886462635 1.2776939177010167 0.03423057398714021 -0.47549195923062515 0.0078980149131534939 0.30171961627213073 2.2538489865860818 0.096040927913180738 9.5736589227655262 5.4345125312759865 4.6198869961251017 1.3592145751719273 4.7135258221534935 4.4490588485924905 -0.63901140811913881 0.14029411016667054 -0.60799322563304858 -0.2743344038810504 1.7724839420838894 -0.8108648366438298 -0.084349634119516292 -0.028895492536154019 -0.16640155498216636 -1.1017509189009407 -0.21657071858510496 -0.32018586190934423 -0.0487986540369564 -1.1777264779191263 0.61774520543122202 3.3078076739670879 2.0162415691869175 0.52191964806540658 -0.030852463226689636 2.5407772142495735 1.9674346460620371 0.11221166960296142 -0.3185013048716846 -3.2583260498236664 2.3813950578872412 -0.17806389393401764 1.198448193232007 -0.83422581427963027 -0.40457022788771363 0.27707791700996259 1.6818143690882033 0.90872357688023797 2.6479747585866646 -0.48020176270147419 -1.7171398086801322 1.2989726640725061 0.38532055661284892 0.97898312634579665 -0.31265161015754478 -0.058267087248089149 1.3729119169734518 0.02462707035118715 -1.4953754760854727 0.09136983719521502 1.9606071341876952 0.64594947249765222 0.014152041969037348 1.3248457593652727 -0.23994757530248562
leaf_weight=361 135 135 566 46 53 27 29 27 42 31 26 26 22 121 2418 1103 1127 435 33 593 134 1233 367 1814 184 374 345 28 41 20 189 172 107 62 31 63 20 111 27 75 1096 1758 201 60 701 26 103 30 32 272 243 1457 2285 53 4064 66 480 83 715 90 124 21
leaf_count=361 135 135 566 46 53 27 29 27 42 31 26 26 22 121 2418 1103 1127 435 33 593 134 1233 367 1814 184 374 345 28 41 20 189 172 107 62 31 63 20 111 27 75 1096 1758 201 60 701 26 103 30 32 272 243 1457 2285 53 4064 66 480 83 715 90 124 21
internal_value=-0.00488396 -0.0945349 -0.236531 0.272614 1.94174 2.6263 3.56168 4.15594 5.50709 1.57365 3.88067 2.41619 1.7555 0.123946 0.0490708 -0.37181 -0.164202 1.44437 0.966575 -0.0596629 0.189752 -0.44085 -0.495797 -0.348314 -0.192265 -0.357191 -0.590591 1.18732 2.21873 -0.19211 0.526517 0.783099 1.20091 0.643365 1.99574 0.0481265 -1.03002 1.44306 1.88083 -0.0809866 -0.630261 -0.569593 0.219841 0.600545 0.61548 0.473948 0.434151 0.825102 -0.160771 0.0698459 0.620819 -0.0530691 -0.159193 -0.0257643 0.0459267 -0.364004 0.505317 1.26488 0.42322 0.191841 0.773907 1.16448
internal_weight=26713 25537 18415 7122 1176 411 198 169 95 765 68 74 213 4968 4189 9849 2458 734 299 2097 970 7391 6158 2937 1557 1112 719 266 69 1834 779 507 335 197 138 272 83 191 138 8566 3221 2854 445 261 2154 1453 1427 197 62 393 377 8000 3861 2338 4139 1523 1324 129 1195 2632 214 48
internal_count=26713 25537 18415 7122 1176 411 198 169 95 765 68 74 213 4968 4189 9849 2458 734 299 2097 970 7391 6158 2937 1557 1112 719 266 69 1834 779 507 335 197 138 272 83 191 138 8566 3221 2854 445 261 2154 1453 1427 197 62 393 377 8000 3861 2338 4139 1523 1324 129 1195 2632 214 48
is_linear=0
shrinkage=0.05


Tree=53
num_leaves=63
num_cat=0
split_feature=15 15 7 16 23 21 12 10 13 18 15 10 21 20 11 13 3 11 12 0 8 10 16 25 9 20 21 3 3 1 1 0 16 11 12 18 9 21 10 15 10 18 0 0 25 10 3 18 0 12 23 18 16 21 25 11 18 20 12 9 9 18
split_gain=1.68324e+06 393233 110801 106891 120705 147310 143042 213961 177104 108567 98903.2 76745.1 64542.3 60697.9 60473.3 43803.8 38001 46017.9 35177.6 33438.5 85154.3 60031.6 33290 47421.7 62053.7 35493 35102.1 32868.5 31802.8 38643.1 31651.4 31146.5 29983.6 29700.9 28757.8 30070.1 28039.6 26724.5 26434 38899.3 25743.3 25349.2 24521.5 25702.5 24011.5 23780.6 26515.6 23244.9 21855.1 19647.5 26554 20017 23021.2 19957 32095.1 38609.7 29990.1 29876.7 19046.8 17993.8 23356.1 20752.8
threshold=557.41666666666686 299.9641666666667 208.54000000000005 115.51031486232912 34.500000000000007 0.65266666666666673 753.00000000000011 1105.5000000000002 984.41666666666686 247.46463367108854 400.08333333333343 1228.5000000000002 0.92502190665716699 -0.1428620407603505 476.50000000000006 722.50000000000011 6.5000000000000009 941.50000000000011 243.54000000000005 14.735000000000001 987.00000000000011 868.50000000000011 86.038387271123113 3.5000000000000004 727.50000000000011 0.14257481648786 0.027907580477673836 6.5000000000000009 2.5000000000000004 -15.754999999999997 -16.234999999999996 15.790000000000001 86.038387271123113 994.50000000000011 275.50000000000006 88.001784834714414 652.00000000000011 0.60213903743315522 984.50000000000011 836.91666666666686 818.00000000000011 46.155984617407036 14.665000000000001 12.665000000000001 4.5000000000000009 338.50000000000006 3.5000000000000004 26.399609724577122 15.440000000000001 294.12500000000006 45.500000000000007 95.933840426798213 30.778657235569209 0.28572346951895239 10.500000000000002 394.50000000000006 59.761330726575743 -0.059940119760479076 155.35500000000005 400.62500000000006 394.50000000000006 66.904640452616704
decision_type=2 2 2 2 2 2 2 2 2 2 2 2 2 2 2 2 2 2 2 2 2 2 2 2 2 2 2 2 2 2 2 2 2 2 2 2 2 2 2 2 2 2 2 2 2 2 2 2 2 2 2 2 2 2 2 2 2 2 2 2 2 2
left_child=1 2 30 9 12 6 11 8 -8 14 34 33 15 -9 -2 36 17 40 27 22 21 31 25 -24 -25 26 -16 28 -4 -30 58 -21 -22 -6 44 37 -5 45 39 -18 -17 -31 43 -29 -3 -36 -47 -44 49 50 59 52 -52 56 55 -55 -51 -58 -1 60 -12 -61
right_child=3 10 18 4 5 -7 7 13 -10 -11 48 -13 -14 -15 19 16 38 -19 -20 20 32 -23 23 24 -26 -27 -28 42 29 41 -32 -33 -34 -35 35 -37 -38 -39 -40 -41 -42 -43 47 -45 -46 46 -48 -49 -50 53 51 -53 -54 54 -56 -57 57 -59 -60 61 -62 -63
leaf_value=-0.60897160180600307 -0.78684031258058695 -0.18831228146691711 -0.32582780604141925 1.4776692550020865 2.1547792840682738 0.091255377084528869 4.928062605720827 1.1207348833440249 11.214306317514447 4.3896354255185637 -0.20371855985821533 4.4787525005267499 4.2276125135464904 4.6440652402748626 2.0279564840436159 1.8359695980991173 -0.68310420773417702 3.2230830317715871 -0.04257948826664637 0.52293859936051701 0.13020072978604991 3.2726461204878405 0.62628834256073762 0.60846544645408873 3.7209543272612202 -0.28726392416936447 1.0318084211835072 0.20884026873894299 -0.12209625166929786 0.26730758072748367 -0.46346020670006249 2.6236008746052222 -2.3333840298118873 -0.36435996454153491 0.051426071060941582 1.6075635848395782 3.8778787458586006 1.7007701020470192 -1.2057216640487609 2.2521031437498151 -0.63739385035500584 1.4766769977638425 -0.065911275006118694 -0.52829820096957603 0.1270652135167116 0.68284756881238184 0.1807891157309795 -0.47558286409201317 0.16226031742571675 0.66383204496407577 -1.8450517882540378 1.0211754121590608 -0.12466913918185366 0.29992977026671841 2.2859504410234162 2.5819765884638866 0.48722094150596873 -2.0224972254857065 -0.14527952614838466 -0.14372949513286279 1.6239435436759095 0.85008297171668623
leaf_weight=259 31 1145 956 25 28 29 26 24 20 31 24 26 22 25 202 22 22 30 6099 88 32 37 28 21 68 27 158 129 1333 543 4256 22 20 20 1595 38 24 29 25 23 20 47 1152 1412 1276 393 795 495 365 1073 30 20 55 94 48 23 27 21 1526 124 64 91
leaf_count=259 31 1145 956 25 28 29 26 24 20 31 24 26 22 25 202 22 22 30 6099 88 32 37 28 21 68 27 158 129 1333 543 4256 22 20 20 1595 38 24 29 25 23 20 47 1152 1412 1276 393 795 495 365 1073 30 20 55 94 48 23 27 21 1526 124 64 91
internal_value=-0.00463062 -0.0898066 -0.214299 1.84482 2.49536 3.38419 3.94883 5.23261 7.67972 1.49504 0.219418 2.29583 1.66789 2.92425 1.3722 1.37097 0.924958 1.73063 -0.12738 1.46751 0.917911 1.53282 1.68428 2.42395 2.98811 1.46007 1.59118 -0.212625 -0.0901529 0.0270187 -0.389339 0.945118 -0.819896 1.10646 0.104622 0.21226 2.65889 0.193347 0.0949125 0.818669 0.659342 0.36389 -0.323218 -0.466578 -0.0220906 0.177576 0.346922 -0.189061 0.513271 0.588885 0.286452 -0.398475 -0.733376 0.684802 1.19825 0.750402 0.609122 -0.612599 -0.212593 0.523873 1.12577 0.277084
internal_weight=26713 25537 18207 1176 411 198 169 95 46 765 7330 74 213 49 734 191 142 72 12166 703 199 147 504 117 89 387 360 6067 2879 1923 6041 110 52 48 5271 2850 49 2812 70 45 42 590 3188 1541 2421 2783 1188 1647 2059 1694 408 105 85 1286 165 117 1121 48 1785 303 88 215
internal_count=26713 25537 18207 1176 411 198 169 95 46 765 7330 74 213 49 734 191 142 72 12166 703 199 147 504 117 89 387 360 6067 2879 1923 6041 110 52 48 5271 2850 49 2812 70 45 42 590 3188 1541 2421 2783 1188 1647 2059 1694 408 105 85 1286 165 117 1121 48 1785 303 88 215
is_linear=0
shrinkage=0.05


Tree=54
num_leaves=63
num_cat=0
split_feature=7 2 22 22 0 11 18 10 14 1 6 2 1 14 9 6 14 20 10 8 0 22 11 11 9 25 3 22 20 1 25 18 22 22 2 9 0 2 2 2 2 0 22 20 2 12 17 18 11 25 5 12 12 11 17 0 17 2 5 2 2 2
split_gain=1.50955e+06 439445 132252 108941 86734.2 130659 69463.4 52292.6 60264.6 51146.3 49984.9 55597.4 45062.7 44828.4 77484.1 98136.5 77178.8 65832.3 62947.3 50218.9 46731.9 43452.4 85213.3 41670.7 70261.8 58678.6 53206.3 69897.1 67716.5 47275.1 80814.7 59477.9 49488.7 40419.1 41252.5 40009.8 48510.5 39672.5 44664 42435.9 36770.8 35756.7 35171.2 32918.2 32754.4 43989.9 32050.4 55975.3 31919.2 41751.6 30463.1 31117.3 29975.4 28830.7 31738 26834.6 26425.1 26417.9 26277.6 25259.2 24859 24807.8
threshold=552.50000000000011 2020.5000000000002 5.5000000000000009 6.5000000000000009 16.005000000000003 968.50000000000011 80.73834155180991 881.50000000000011 194.40126128946176 -13.324999999999998 -0.68301270189221952 2010.5000000000002 -16.224999999999998 28.867513459481057 1036.0000000000002 -0.5 20.973307639314417 -0.14585992647058818 954.00000000000011 779.00000000000011 13.725000000000001 5.5000000000000009 304.58500000000009 877.50000000000011 652.00000000000011 6.5000000000000009 5.5000000000000009 1.0000000180025095e-35 0.029138106796116506 -16.119999999999997 3.5000000000000004 125.04685269203033 1.0000000180025095e-35 4.5000000000000009 2016.5000000000002 300.31000000000006 13.280000000000003 2018.5000000000002 2013.5000000000002 2010.5000000000002 2016.5000000000002 16.250000000000004 6.5000000000000009 -0.20572172619047616 2015.5000000000002 167.64000000000001 258.0866666666667 22.769761677718154 527.50000000000011 8.5000000000000018 0.68301270189221941 385.50000000000006 439.00000000000006 627.50000000000011 479.29166666666674 13.280000000000003 857.58333333333348 2014.5000000000002 -0.6830127018922193 2012.5000000000002 2024.5000000000002 2024.5000000000002
decision_type=2 2 2 2 2 2 2 2 2 2 2 2 2 2 2 2 2 2 2 2 2 2 2 2 2 2 2 2 2 2 2 2 2 2 2 2 2 2 2 2 2 2 2 2 2 2 2 2 2 2 2 2 2 2 2 2 2 2 2 2 2 2
left_child=1 2 10 6 7 -6 9 23 13 12 11 -1 35 16 17 -16 18 19 -9 -15 -17 22 -14 24 -2 26 -25 28 -28 30 -26 32 -31 59 57 36 -3 38 39 58 42 -41 46 -11 -40 -46 47 -4 61 -50 51 -45 -37 54 -8 -20 -27 -35 -12 -13 -23 -5
right_child=4 3 40 48 5 -7 53 8 -10 43 37 33 21 14 15 20 -18 -19 55 -21 -22 60 -24 25 29 56 27 -29 -30 31 -32 -33 -34 34 -36 52 -38 -39 44 41 -42 -43 -44 50 45 -47 -48 -49 49 -51 -52 -53 -54 -55 -56 -57 -58 -59 -60 -61 -62 -63
leaf_value=-0.71747547510347998 1.0747796508359062 2.2717901908434355 0.10436254741205908 0.5649971713551003 1.2713849819402925 6.0613734024699468 0.82317043330119677 -0.50238833830724305 3.9657763108900053 2.2753224982445936 -0.87602449857759002 0.24514253661142882 -0.0071575083449599885 2.5810510725499842 -2.1256606869313912 2.5978249580729891 5.0170283614929314 2.7402597231552512 3.8487115416227748 -0.051217812906927479 0.51020612851810843 0.26166465477490941 -0.80607441064871022 3.619562054918958 2.0395230015002386 -1.0934432765946231 -1.6501791459777426 3.1605238112136451 1.3618494586886314 4.3832234604332276 5.8823670812499476 0.36367422136303362 1.3511194947900806 0.16444569504895842 0.59971755769299351 0.059372919777344414 0.36984899069669003 -0.14582651198167404 -0.79698986961546214 -0.19134588797072227 0.067601174629447605 1.9291919390360512 -0.28463585786280382 0.7772368599319297 -1.0662607022018358 -0.37607421336668412 -0.072865316282849604 2.1409502826614548 0.14755998600073375 2.9053874925103891 -0.19019508268671659 -0.68628471795460233 -0.99815321596949769 2.2338138280678375 -1.1927618797356483 1.9841626029530961 0.61862356766185633 -0.54577621214057415 -0.37167815849737762 -0.36267314251451765 -1.1459405291116489 -0.10896430828138162
leaf_weight=361 231 35 134 1911 29 28 263 20 36 25 413 210 879 29 26 42 27 151 29 48 74 599 538 23 34 44 30 27 49 27 23 42 27 398 377 1164 751 1233 1165 1814 3067 20 2546 387 265 1791 2769 45 24 32 149 40 71 33 21 59 46 195 690 917 33 147
leaf_count=361 231 35 134 1911 29 28 263 20 36 25 413 210 879 29 26 42 27 151 29 48 74 599 538 23 34 44 30 27 49 27 23 42 27 398 377 1164 751 1233 1165 1814 3067 20 2546 387 265 1791 2769 45 24 32 149 40 71 33 21 59 46 195 690 917 33 147
internal_value=-0.00438633 -0.0859409 -0.214829 0.248164 1.72788 3.63094 0.120672 1.63274 1.98984 0.0720534 -0.339771 -0.144437 0.00846849 1.84821 1.56282 0.645285 2.62865 2.13371 2.02741 0.942153 1.2677 -0.156758 -0.310526 1.31208 1.626 0.761119 1.44433 0.969337 0.217338 2.45697 3.59782 1.7765 2.87256 -0.0457559 0.190845 0.175986 0.454826 -0.404729 -0.456564 -0.315525 -0.0710868 -0.168115 -0.148509 0.502572 -0.585153 -0.465083 -0.0309384 0.617291 0.548962 1.72592 0.425239 0.639999 -0.00149597 0.836796 0.67372 2.60234 -0.218616 -0.0691454 -0.560589 -0.249399 0.187989 0.516852
internal_weight=26713 25512 18410 7102 1201 57 4988 1144 541 4671 9849 2458 4070 505 370 142 135 228 108 77 116 2049 1417 603 384 219 129 106 79 153 57 96 54 2097 970 2021 786 7391 6158 2937 8561 1834 5494 601 3221 2056 2948 179 2114 56 576 427 1235 317 284 88 90 593 1103 1127 632 2058
internal_count=26713 25512 18410 7102 1201 57 4988 1144 541 4671 9849 2458 4070 505 370 142 135 228 108 77 116 2049 1417 603 384 219 129 106 79 153 57 96 54 2097 970 2021 786 7391 6158 2937 8561 1834 5494 601 3221 2056 2948 179 2114 56 576 427 1235 317 284 88 90 593 1103 1127 632 2058
is_linear=0
shrinkage=0.05


Tree=55
num_leaves=63
num_cat=0
split_feature=17 2 2 22 6 22 0 22 25 6 20 2 16 22 18 6 2 9 15 8 2 22 22 0 11 0 22 22 22 12 25 23 22 25 6 2 11 2 22 22 2 2 2 7 6 2 2 2 17 2 16 12 0 23 12 2 17 11 9 22 2 17
split_gain=1.42028e+06 436182 134670 185311 131939 124171 118605 89466.4 83394.1 132233 80965.6 76213.6 71806.2 70361.6 67396.5 65660.5 80088.2 65936.2 63228.5 121831 76775.4 62564.8 94157.6 55527.7 54568.5 49530.6 48981.7 89428.1 48723.3 47083.2 43481.5 78139.6 42158.3 40151.1 37931.6 44061.4 42986.4 37689.3 45855.7 37667.1 37254.5 36698.1 34961.5 34149.6 33099.6 51726.3 42566.3 36578.3 32350.2 34178.3 32261.9 31963.2 31440 31431.3 35792.5 30040.6 29729.6 29237.5 28983.5 28729.8 28403.6 24249.5
threshold=601.66666666666686 2021.5000000000002 2022.5000000000002 5.5000000000000009 -0.68301270189221952 5.5000000000000009 16.005000000000003 8.5000000000000018 1.0000000180025095e-35 0.25000000000000017 0.054695739874841783 2018.5000000000002 143.04170995981593 3.5000000000000004 50.505548678375341 0.25000000000000017 2023.5000000000002 360.50000000000006 1260.0000000000002 1206.5000000000002 2022.5000000000002 5.5000000000000009 4.5000000000000009 12.665000000000001 577.50000000000011 15.610000000000001 7.5000000000000009 5.5000000000000009 8.5000000000000018 262.25000000000006 1.5000000000000002 51.500000000000007 6.5000000000000009 11.500000000000002 0.25000000000000017 2023.5000000000002 262.75000000000006 2016.5000000000002 6.5000000000000009 4.5000000000000009 2024.5000000000002 2023.5000000000002 2024.5000000000002 308.16500000000002 -0.68301270189221952 2010.5000000000002 2013.5000000000002 2010.5000000000002 409.29166666666674 2012.5000000000002 35.251713905531467 451.00000000000006 14.555000000000001 37.500000000000007 241.83500000000001 2015.5000000000002 386.45833333333343 1155.0000000000002 270.50000000000006 3.5000000000000004 2012.5000000000002 479.29166666666674
decision_type=2 2 2 2 2 2 2 2 2 2 2 2 2 2 2 2 2 2 2 2 2 2 2 2 2 2 2 2 2 2 2 2 2 2 2 2 2 2 2 2 2 2 2 2 2 2 2 2 2 2 2 2 2 2 2 2 2 2 2 2 2 2
left_child=1 5 4 14 13 11 8 15 9 -2 -8 43 37 -3 23 16 50 -17 19 20 -10 22 -15 41 52 -26 27 29 -23 -6 31 -9 -29 61 36 -36 -32 38 48 -25 -18 -4 -19 44 45 -1 47 -46 49 -7 -5 -35 -22 54 -28 -48 -41 -20 -24 -13 -47 -16
right_child=6 2 3 7 26 12 10 30 18 -11 -12 59 -14 21 33 17 40 42 57 -21 24 28 58 39 25 -27 53 32 -30 -31 34 -33 -34 51 35 -37 -38 -39 -40 56 -42 -43 -44 -45 46 60 55 -49 -50 -51 -52 -53 -54 -55 -56 -57 -58 -59 -60 -61 -62 -63
leaf_value=-0.72504441707270439 1.2242366667603215 -0.65453653248591648 2.5591795232560903 -0.23375592736105669 0.62000828571098199 0.15544150413076649 2.2545238261848555 2.7649443678027206 3.7949570872965133 6.2714594282477023 6.6058786591082388 -0.36948920256447321 -2.7677945010394973 1.3460656920049197 0.11263686486511233 1.7780677792654818 0.91461493546069716 0.92253710819448509 -1.2567705903985844 5.2040330787911948 -1.0340250168726823 0.72892817302118096 3.5081006864448647 -0.23942643380419973 1.7335480111279304 0.3564177130032512 -0.81748960305051677 -0.69626236014417908 3.3188958099638799 2.0447048681098625 -0.96872144709078789 -0.84882588066817244 0.5712060716720897 1.2171803286678067 0.2011549664408627 -1.1746193594232868 0.51168395669508371 0.088721368418578209 -0.27375446100371453 -1.2263862478322238 -0.31873088884888445 0.032617349110288407 0.017828730498821912 -1.8787251540713232 -0.50924960819282505 0.28726096181501232 -0.74563091455333463 -0.14357251376916993 0.97636743390322034 -0.18870755468971245 1.1596385139963892 -0.72230707725205745 1.3555353813646245 2.3994871413279437 1.3842811217463276 -0.42663530238919151 -0.34743996830998947 1.2599376900279107 6.0265683463005608 0.051393992060385724 -0.18626192109724679 -1.3862608122231697
leaf_weight=364 27 22 26 420 337 1476 22 35 38 25 21 521 24 34 679 200 540 542 27 24 32 66 23 933 708 72 24 198 25 70 62 26 98 139 95 150 233 3689 2540 211 69 32 133 37 1086 422 1162 1847 85 1411 46 25 24 50 79 2025 177 20 24 1827 1268 28
leaf_count=364 27 22 26 420 337 1476 22 35 38 25 21 521 24 34 679 200 540 542 27 24 32 66 23 933 708 72 24 198 25 70 62 26 98 139 95 150 233 3689 2540 211 69 32 133 37 1086 422 1162 1847 85 1411 46 25 24 50 79 2025 177 20 24 1827 1268 28
internal_value=0.00952077 -0.0639683 0.315281 0.20309 0.828191 -0.17613 1.82079 0.494818 1.70954 3.65826 4.39012 -0.293213 -0.0421144 2.00523 -0.12767 0.659197 0.39737 0.980781 1.60193 1.69549 1.59856 2.34564 3.35621 -0.345145 1.49827 1.6065 0.561224 0.384653 1.44337 0.865496 -0.0385367 1.2257 -0.276559 0.216637 -0.181558 -0.641271 0.200308 -0.0349742 -0.117761 -0.411657 0.774839 1.16776 0.744313 -0.365046 -0.35817 -0.184477 -0.416461 -0.278986 0.0155617 -0.0127578 -0.0959805 0.921236 -0.00924778 1.37171 0.870903 -0.542964 -0.825629 -0.185323 4.8043 -0.0420058 -0.0680083 0.0530799
internal_weight=26675 25635 5851 4801 1050 19784 1040 2551 997 52 43 10559 9225 194 2250 1950 1075 875 945 898 874 172 81 1379 836 780 856 703 91 407 601 61 296 871 540 245 295 9201 5512 1321 609 58 675 8211 8174 2054 6120 2933 2972 2887 466 164 56 153 103 3187 388 47 47 2348 1690 707
internal_count=26675 25635 5851 4801 1050 19784 1040 2551 997 52 43 10559 9225 194 2250 1950 1075 875 945 898 874 172 81 1379 836 780 856 703 91 407 601 61 296 871 540 245 295 9201 5512 1321 609 58 675 8211 8174 2054 6120 2933 2972 2887 466 164 56 153 103 3187 388 47 47 2348 1690 707
is_linear=0
shrinkage=0.05


Tree=56
num_leaves=63
num_cat=0
split_feature=10 2 8 0 12 3 0 1 9 2 11 14 25 18 0 9 5 2 12 12 0 0 2 5 2 3 2 2 0 23 12 2 2 2 2 16 8 21 3 3 15 2 15 2 5 14 9 9 18 3 13 11 18 12 2 2 23 21 21 3 14 25
split_gain=1.27894e+06 273026 221052 99496.2 97506.1 79503.3 74399.1 55272.9 60151.9 91629.3 87741.2 72796 64386.2 54198.5 53791.3 67180.4 51220.9 58032.9 73427.8 44987.2 42658.2 37468.1 38325.1 133683 142749 53965.1 67826.4 42499.6 41519.9 39238.4 34830 33730.7 85078.5 73316.1 42978.4 40445.4 40135.3 36137.9 33249.3 32995.8 32604.1 30121.1 56074.4 50113.4 47542.9 46508.4 33683 29056.5 29217.9 28753.9 37340.4 45040 30978.1 30962.7 28163.8 27690.8 27679.2 27294.4 26315.1 26263.7 26072.7 25279.6
threshold=488.50000000000006 2019.5000000000002 677.50000000000011 16.005000000000003 199.72000000000003 7.5000000000000009 12.870000000000003 -17.414999999999996 1341.5000000000002 2022.5000000000002 527.50000000000011 194.40126128946176 12.500000000000002 209.67937252777904 12.705000000000002 264.50000000000006 -0.5 2022.5000000000002 230.16500000000005 322.55000000000007 15.065000000000001 14.555000000000001 2021.5000000000002 -0.6830127018922193 2020.5000000000002 8.5000000000000018 2022.5000000000002 2020.5000000000002 15.610000000000001 50.500000000000007 449.00000000000006 2010.5000000000002 2012.5000000000002 2015.5000000000002 2008.5000000000002 14.657549249448225 350.50000000000006 -0.30768964494993151 6.5000000000000009 2.5000000000000004 210.84750000000005 2022.5000000000002 476.25000000000006 2021.5000000000002 -0.24999999999999994 17.017148213885172 306.37500000000006 464.00000000000006 64.877777885082125 4.5000000000000009 691.91666666666674 655.00000000000011 95.933840426798213 280.38500000000005 2021.5000000000002 2021.5000000000002 42.500000000000007 0.4547859547859549 -0.11555366521023201 5.5000000000000009 86.602540378443891 11.500000000000002
decision_type=2 2 2 2 2 2 2 2 2 2 2 2 2 2 2 2 2 2 2 2 2 2 2 2 2 2 2 2 2 2 2 2 2 2 2 2 2 2 2 2 2 2 2 2 2 2 2 2 2 2 2 2 2 2 2 2 2 2 2 2 2 2
left_child=1 4 49 7 20 -5 14 -4 9 10 -9 12 -11 -10 15 -3 55 18 -18 31 38 41 23 24 -23 26 39 -25 -28 -26 -27 34 -33 40 35 -6 -35 -36 -1 -24 -34 43 44 -8 45 -43 57 48 56 60 51 52 53 -51 -20 -16 -17 -45 -21 -49 -2 -32
right_child=2 6 3 5 19 -7 21 8 13 11 -12 -13 -14 -15 16 47 17 -19 54 58 -22 22 25 27 29 30 28 -29 -30 -31 61 32 33 36 37 -37 -38 -39 -40 -41 -42 42 -44 46 -46 -47 -48 59 -50 50 -52 -53 -54 -55 -56 -57 -58 -59 -60 -61 -62 -63
leaf_value=-0.31514421109536106 0.97284709884759923 -0.8297753532320189 3.9326222583376613 6.1716423042924893 -0.034420151151959136 1.8521358395097267 -0.06007810003362684 6.3885803089806101 1.6715094997811673 1.3733733159341914 1.8985382759224825 3.8607085864914477 3.3685654522371404 -1.9162994243440583 -0.76268193039619281 0.25419339478390318 4.2819321776583434 0.66306233811785298 1.0780660133464433 1.0962084392429645 -0.038597870845312889 -0.21042110176557577 -0.021316570881992347 0.0037085764605994248 1.2546522646582787 0.090926916196688065 0.52080452493313689 -0.63847906352262374 -0.13112708402351256 2.8076792777125501 -0.1680178529686398 0.22133844636901123 -0.80660277334990305 -0.054361791908410818 0.24640730605326563 2.4939780361919484 -2.0585788049545899 -0.53311391296184263 -0.59414452135260509 1.5787423951570438 -0.31140180390250882 -0.27992277946666316 2.3087792533285478 1.6287689302593167 -0.00685614339639571 -1.2359919781759905 0.21098970715720111 0.39242025311313461 -1.1982969315450809 -0.79492572748436119 -1.5368154944966754 2.5222204991632311 -0.97973809847298698 0.70391890094077147 2.9662239492651956 0.6532819241151202 1.1531466942599076 0.25779525286056598 0.15810813572955473 2.869944393686402 2.6402850719087154 -2.1115194097114873
leaf_weight=2299 366 120 27 23 46 20 964 20 20 670 24 34 43 22 50 374 29 164 94 86 761 197 39 528 157 750 982 503 325 55 35 1602 381 5197 170 24 25 1182 1995 185 2605 407 22 107 940 185 217 20 28 37 21 29 33 486 25 111 111 55 568 23 25 32
leaf_count=2299 366 120 27 23 46 20 964 20 20 670 24 34 43 22 50 374 29 164 94 86 761 197 39 528 157 750 982 503 325 55 35 1602 381 5197 170 24 25 1182 1995 185 2605 407 22 107 940 185 217 20 28 37 21 29 33 486 25 111 111 55 568 23 25 32
internal_value=0.00905338 -0.0868251 1.2592 1.82587 -0.199697 4.17164 0.157259 1.70811 1.63554 1.73343 3.94944 1.60239 1.49416 -0.207788 0.528909 0.242669 0.937847 1.31152 2.02912 -0.121467 -0.383635 0.0933735 0.196891 -0.00619076 0.75858 0.321435 0.496532 -0.309626 0.358693 1.65872 -0.00669798 -0.144941 -0.111949 -0.177001 -0.372517 0.834709 -0.0639971 -0.435083 -0.44478 1.30025 -0.374614 -0.0419816 -0.191857 0.131439 -0.227919 -0.578861 0.618469 0.474248 0.369394 0.745817 0.529968 0.604419 0.503945 0.597741 1.47694 0.21331 0.460139 1.16379 0.281623 1.72131 1.08012 -1.0981
internal_weight=26675 24775 1900 903 16941 43 7834 860 833 791 44 747 713 42 1149 676 473 312 148 11886 5055 6685 3788 1440 409 2348 1531 1031 1307 212 817 11232 9810 8208 1422 70 5222 1352 4294 224 2986 2897 1554 1343 1532 592 379 556 513 997 606 585 556 523 119 161 485 162 654 43 391 67
internal_count=26675 24775 1900 903 16941 43 7834 860 833 791 44 747 713 42 1149 676 473 312 148 11886 5055 6685 3788 1440 409 2348 1531 1031 1307 212 817 11232 9810 8208 1422 70 5222 1352 4294 224 2986 2897 1554 1343 1532 592 379 556 513 997 606 585 556 523 119 161 485 162 654 43 391 67
is_linear=0
shrinkage=0.05


Tree=57
num_leaves=63
num_cat=0
split_feature=17 2 8 22 0 11 23 25 1 5 8 13 8 2 16 16 10 13 25 22 11 1 2 2 22 18 25 10 0 2 22 5 0 22 8 18 6 2 5 2 25 2 2 17 18 6 2 21 14 21 8 16 21 16 11 22 16 10 18 4 8 20
split_gain=1.1594e+06 239007 197699 107341 90989.9 78744.8 54314.4 61845.5 50574.9 54776.2 71744 69127.1 70380.8 54382.1 47804.5 47180.1 43099.8 42901.4 39817.9 38959.3 85465.7 49729.4 48803.6 49994.6 43225.4 42188.1 41233.7 37911 36375 36118.6 87325.5 39404.7 35883.3 34199.3 75153.7 58892.4 33336.4 58079.7 41613.4 33713 31652.1 31506.9 30612.5 29734.3 29430 26893.4 32670.2 25936.2 25410.3 25046.3 48212.2 48720.1 35878.6 26867.7 26639.9 39374.4 26633.3 24571.6 24250.5 23998.2 27279.4 24144.2
threshold=456.29166666666669 2019.5000000000002 677.50000000000011 5.5000000000000009 16.005000000000003 1136.5000000000002 41.500000000000007 12.500000000000002 -17.414999999999996 0.68301270189221941 987.00000000000011 1269.3333333333337 1206.5000000000002 2022.5000000000002 105.56806440609648 127.47311425479465 676.50000000000011 404.50000000000006 11.500000000000002 5.5000000000000009 317.25000000000006 -12.639999999999999 2024.5000000000002 2023.5000000000002 3.5000000000000004 35.811268752963251 1.5000000000000002 198.87500000000003 14.765000000000002 2021.5000000000002 4.5000000000000009 -0.6830127018922193 12.740000000000002 8.5000000000000018 400.62500000000006 24.282921678758623 -0.24999999999999994 2010.5000000000002 0.25000000000000011 2013.5000000000002 6.5000000000000009 2018.5000000000002 2009.5000000000002 330.20125000000002 64.877777885082125 0.25000000000000017 2022.5000000000002 0.065044378698224894 38.188130791298782 -0.051974025974025999 627.50000000000011 67.565252910969278 -0.11240349394195547 49.159604012509398 577.50000000000011 6.5000000000000009 127.47311425479465 198.87500000000003 21.772940729526219 2.5000000000000004 489.00000000000006 0.0139374514374514
decision_type=2 2 2 2 2 2 2 2 2 2 2 2 2 2 2 2 2 2 2 2 2 2 2 2 2 2 2 2 2 2 2 2 2 2 2 2 2 2 2 2 2 2 2 2 2 2 2 2 2 2 2 2 2 2 2 2 2 2 2 2 2 2
left_child=1 3 28 36 8 -6 7 19 -4 11 16 12 13 -10 -12 17 -11 42 -18 20 29 24 23 27 -22 -24 -25 -21 49 31 -31 -3 33 -8 35 -35 37 38 57 47 58 48 -5 -44 -34 46 -9 -38 -41 50 51 52 -2 -51 55 -55 -53 -1 -39 61 -61 -30
right_child=2 6 4 15 5 -7 32 45 9 10 14 -13 -14 -15 -16 -17 18 -19 -20 22 21 -23 25 26 -26 -27 -28 -29 59 30 -32 -33 44 34 -36 -37 39 40 -40 41 -42 -43 43 -45 -46 -47 -48 -49 -50 53 -52 56 -54 54 -56 -57 -58 -59 -60 60 -62 -63
leaf_value=-1.283066062914705 0.26545959130191987 0.41636625434965158 3.7367166787056032 -0.42953714632303214 1.6569042227161466 5.9540938596188759 0.56828778699964611 2.7956970175056508 3.2348503003347973 3.7910398866892994 2.184718298546656 -0.76243923017046267 4.2058518623874201 1.2012331295816816 5.1263962923094288 -2.2631892485737306 0.88359723497185694 0.84252703647660343 2.8741828529496209 1.8892691662221432 -0.06744668823381697 0.78823755491314695 -1.2089677480118777 1.7454257452206872 -0.85581943895490264 0.91237310697866025 0.47239669415205743 0.069730891494456534 0.16285669322863844 -0.033035077506331507 0.95309805232281219 -0.29855693714251935 0.18249378708124137 1.2937956673274107 -0.17043931514946456 5.0888048247911444 -0.38873666895570835 -0.12284814260366284 -0.1096853423996296 -0.53439663742561816 0.062922672880477468 -0.12770236278910466 -0.050559357459842851 0.66531571142481127 0.80582748221892475 0.35925964541047983 0.44975048951588231 -0.045437427086761684 -1.2631244201848284 0.88254844541768307 -0.52792787350914028 4.1982233175372716 2.2650794907401033 -2.2281447956572364 1.5124756326722861 0.34114209648549132 1.7582899169542303 -0.47195102795436839 -0.51620965680825681 -1.6255359515932655 0.11825960263850413 1.5196397997478752
leaf_weight=231 51 258 27 530 20 23 353 39 35 21 26 38 22 530 30 24 105 133 33 29 253 69 106 72 556 30 542 1765 79 653 342 761 1584 21 29 20 1298 1199 233 2357 1455 477 7047 148 215 51 24 955 126 501 26 26 40 23 20 42 20 157 582 27 130 56
leaf_count=231 51 258 27 530 20 23 353 39 35 21 26 38 22 530 30 24 105 133 33 29 253 69 106 72 556 30 542 1765 79 653 342 761 1584 21 29 20 1298 1199 233 2357 1455 477 7047 148 215 51 24 955 126 501 26 26 40 23 20 42 20 157 582 27 130 56
internal_value=0.00860997 -0.0839902 1.18203 -0.189252 1.72035 3.964 0.145602 0.0619635 1.60862 1.53978 2.22844 1.30255 1.43634 1.32777 3.76704 -0.054283 1.68449 -0.0475071 1.36138 0.0377807 -0.0877607 -0.499402 0.180495 0.232551 -0.609315 -0.740662 0.621945 0.0992502 0.71133 0.091707 0.305974 -0.117518 0.354495 0.768829 1.77781 3.15302 -0.30654 -0.195089 -0.637961 -0.388995 -0.110081 -0.49993 -0.0628421 -0.0358242 0.257032 1.21401 1.90421 -0.24323 -0.571427 0.89586 1.44415 1.81856 1.14599 0.74312 -0.0786992 -0.56994 3.14361 -0.955076 -0.251416 0.237837 -0.182441 0.726416
internal_weight=26675 24724 1951 16952 910 43 7772 5550 867 840 215 625 587 565 56 7882 159 7858 138 5436 2892 878 2544 2408 809 136 614 1794 1041 2014 995 1019 2222 423 70 41 9070 3857 621 5213 3236 2960 7725 7195 1799 114 63 2253 2483 749 163 137 91 586 85 65 46 388 1781 292 157 135
internal_count=26675 24724 1951 16952 910 43 7772 5550 867 840 215 625 587 565 56 7882 159 7858 138 5436 2892 878 2544 2408 809 136 614 1794 1041 2014 995 1019 2222 423 70 41 9070 3857 621 5213 3236 2960 7725 7195 1799 114 63 2253 2483 749 163 137 91 586 85 65 46 388 1781 292 157 135
is_linear=0
shrinkage=0.05


Tree=58
num_leaves=63
num_cat=0
split_feature=17 2 2 13 6 17 0 3 1 6 5 15 8 14 13 25 16 2 1 5 14 10 10 10 15 2 21 5 2 2 2 3 1 17 0 3 25 3 6 11 2 18 18 0 2 3 1 1 18 0 21 2 11 25 25 17 2 15 11 13 2 14
split_gain=1.04695e+06 325059 108772 114799 112838 91113.5 87225.5 71347.3 66580 117736 84462.6 84379 72050.2 80121.7 70891.4 65103 58263.5 56829.3 69483.1 54414.6 48523.6 45804.8 43093.2 40768.8 39840.3 39592.6 37839.9 36764 35654.1 42671.4 61403.5 41685.2 34654.3 34343.9 34556.8 33866.3 32740.3 36205.8 32667.6 53994.3 32378 57092.9 47982 31750.5 31379.7 35140.7 31010.4 30364.9 30144.2 28709.1 27915.2 28649.4 26789.6 26592.9 25838.6 25125.1 24766.7 24426.4 31369.4 23994.1 23012.7 22423.2
threshold=601.66666666666686 2021.5000000000002 2022.5000000000002 344.83333333333343 -0.68301270189221952 211.67333333333335 16.005000000000003 7.5000000000000009 -17.154999999999998 0.25000000000000017 0.68301270189221941 1260.0000000000002 1155.0000000000002 76.787585802219681 1001.1666666666669 11.500000000000002 143.04170995981593 2022.5000000000002 -14.424999999999999 -0.6830127018922193 31.192947920965064 294.12500000000006 676.50000000000011 449.00000000000006 400.08333333333343 2009.5000000000002 -0.024851851851851899 -0.5 2010.5000000000002 2012.5000000000002 2015.5000000000002 2.5000000000000004 -14.079999999999998 330.20125000000002 14.255000000000001 5.5000000000000009 11.500000000000002 8.5000000000000018 0.25000000000000017 193.45000000000002 2024.5000000000002 13.988114219173603 35.811268752963251 15.610000000000001 2014.5000000000002 8.5000000000000018 -14.635 -13.709999999999999 135.98687856752832 14.765000000000002 0.37525790921595609 2012.5000000000002 371.50000000000006 9.5000000000000018 5.5000000000000009 307.60416666666669 2020.5000000000002 404.25000000000006 285.35500000000008 353.50000000000006 2023.5000000000002 28.354893757515747
decision_type=2 2 2 2 2 2 2 2 2 2 2 2 2 2 2 2 2 2 2 2 2 2 2 2 2 2 2 2 2 2 2 2 2 2 2 2 2 2 2 2 2 2 2 2 2 2 2 2 2 2 2 2 2 2 2 2 2 2 2 2 2 2
left_child=1 5 4 27 26 28 8 -8 9 -2 11 12 17 61 15 22 21 -10 -19 20 24 50 -12 40 -5 43 -3 33 46 31 44 -30 -33 34 -4 56 47 -38 39 -6 41 -21 -42 -23 45 -31 -1 -32 -24 -25 -7 -52 -37 -29 -28 -41 -27 58 -40 -57 -26 -14
right_child=6 2 3 19 38 16 7 -9 10 -11 14 -13 13 -15 -16 -17 -18 18 -20 23 -22 25 48 49 60 35 54 53 29 30 36 32 -34 -35 -36 52 37 -39 57 55 42 -43 -44 -45 -46 -47 -48 -49 -50 -51 51 -53 -54 -55 -56 59 -58 -59 -60 -61 -62 -63
leaf_value=-0.4174124168692962 0.91338082943455312 3.8788807413471278 -1.4850286265283223 -0.35488187645440278 -1.4869572866530645 -0.11415773690517216 5.6609928905189815 1.5706614128985807 3.1669926610103873 5.6746061093303792 3.1598954955604786 -1.1692447837966176 2.6180639323903554 5.0938233896904466 4.5772143156326122 3.5633126270876758 -2.5346049893817466 0.63843786802813596 1.9752088075392038 1.2584763440394835 -0.99220615375212129 -0.80235755172949375 0.45869341558742471 0.87983772617178513 -0.038940876181409123 0.049354507054494887 0.93616226978972117 -0.18201855217467255 -0.56587629354650104 -0.20861722290239088 -0.26716450724160978 -0.0010317150861775353 0.81893146382907944 -0.0017037589264476589 -0.25626177461866828 0.22751601301479113 1.1516223561280055 -0.98052238303582784 0.46304014448118036 1.3952505593585691 -0.78563629842691407 0.25867729856594684 1.2413168488808397 0.33625333384631267 -1.0075251800996339 -0.96497859672232578 -1.0179312897474422 1.0171736639667295 1.8992727002004011 0.26603086283705912 0.17982287373844449 -0.8653710169689085 1.197311804378242 0.46973553784124439 2.1585836845875828 -0.038114177879891964 -0.46700108764350451 1.1052065668652238 -0.396406178741119 1.2553675009227003 0.69366056492111028 0.25165758417613471
leaf_weight=1178 27 20 144 270 23 9509 23 20 30 25 30 39 20 24 27 45 24 437 125 160 112 212 84 666 174 1118 82 808 297 479 2012 1151 145 136 95 1833 84 26 242 188 137 1322 37 86 396 226 263 47 64 267 90 241 74 194 92 83 293 68 189 63 279 20
leaf_count=1178 27 20 144 270 23 9509 23 20 30 25 30 39 20 24 27 45 24 437 125 160 112 212 84 666 174 1118 82 808 297 479 2012 1151 145 136 95 1833 84 26 242 188 137 1322 37 86 396 226 263 47 64 267 90 241 74 194 92 83 293 68 189 63 279 20
internal_value=0.00818953 -0.054906 0.272489 0.171661 0.73345 -0.151732 1.56329 3.76669 1.46789 3.20903 1.37175 1.08795 1.2223 2.81517 2.15994 1.86532 -0.0783524 1.04965 0.93607 0.326709 -0.0242652 -0.0739523 1.43426 0.439903 0.125788 0.078223 1.82195 -0.213869 -0.308638 -0.243898 -0.347272 -0.0316882 0.0907602 -0.63611 -0.996939 0.127811 -0.192886 0.647183 0.486568 0.851692 0.29094 0.366699 -0.354123 -0.473746 -0.651368 -0.451192 -0.527081 -0.237797 1.08254 0.704235 -0.129874 -0.581196 0.265212 -0.0557914 1.5834 1.01315 -0.0578908 0.225218 0.0861438 0.520475 0.412306 1.43856
internal_weight=26675 25635 5851 4801 1050 19784 1040 43 997 52 945 695 656 64 250 223 13480 592 562 3424 835 13456 178 2589 723 3616 194 1377 6304 4863 3270 1593 1296 375 239 3318 2169 110 856 357 1656 1482 174 298 1101 705 1441 2059 148 933 9840 331 1907 1002 174 334 1411 499 431 146 453 40
internal_count=26675 25635 5851 4801 1050 19784 1040 43 997 52 945 695 656 64 250 223 13480 592 562 3424 835 13456 178 2589 723 3616 194 1377 6304 4863 3270 1593 1296 375 239 3318 2169 110 856 357 1656 1482 174 298 1101 705 1441 2059 148 933 9840 331 1907 1002 174 334 1411 499 431 146 453 40
is_linear=0
shrinkage=0.05


Tree=59
num_leaves=63
num_cat=0
split_feature=17 2 17 22 0 20 1 6 5 15 2 1 11 17 0 0 13 5 17 6 16 21 10 0 16 13 22 18 25 0 17 22 1 2 5 22 22 2 6 2 3 2 13 18 1 1 2 25 13 2 13 2 22 2 20 11 2 15 14 19 18 18
split_gain=946299 198060 155242 92325.5 79489.2 120259 61108.7 106301 73690.5 61555.9 61995.5 80831.4 72219.9 52679.8 47109.2 49430.9 53735.8 47711 70066.9 61847.5 75060.9 44498 43932.2 42078.6 38709.6 37603.3 36798 38484.1 58525.2 35102.4 52494.4 46666.9 33708.8 31827.4 39218.6 64785.6 54952.2 39157.4 28929.5 49468.5 37470.7 30724.3 28694.6 28602.9 33784 28432.7 27944 27308.4 26628.8 25429.5 30332.2 62564.2 26608 26704.7 23492.5 23036.5 22973.2 22862.8 22839.6 22687.7 30176.7 22329.9
threshold=456.29166666666669 2019.5000000000002 601.66666666666686 5.5000000000000009 15.950000000000001 0.089932673038940161 -17.154999999999998 0.25000000000000017 0.68301270189221941 1260.0000000000002 2022.5000000000002 -14.424999999999999 577.50000000000011 1046.7083333333337 12.870000000000003 12.705000000000002 253.45166666666668 -0.5 300.02000000000004 0.25000000000000017 30.276503540974527 0.3333266666666666 676.50000000000011 14.555000000000001 127.47311425479465 404.50000000000006 4.5000000000000009 69.109898164837674 11.500000000000002 14.485000000000001 479.29166666666674 6.5000000000000009 -16.224999999999998 2022.5000000000002 -0.24999999999999994 5.5000000000000009 8.5000000000000018 2021.5000000000002 -0.24999999999999994 2010.5000000000002 5.5000000000000009 2013.5000000000002 235.43000000000004 37.43681545638119 -17.154999999999998 -13.324999999999998 2018.5000000000002 6.5000000000000009 984.41666666666686 2016.5000000000002 243.70833333333334 2018.5000000000002 6.5000000000000009 2011.5000000000002 -0.059940119760479076 239.64500000000001 2012.5000000000002 276.97250000000003 38.188130791298782 0.047623809523809631 30.920049232805052 18.031182788917189
decision_type=2 2 2 2 2 2 2 2 2 2 2 2 2 2 2 2 2 2 2 2 2 2 2 2 2 2 2 2 2 2 2 2 2 2 2 2 2 2 2 2 2 2 2 2 2 2 2 2 2 2 2 2 2 2 2 2 2 2 2 2 2 2
left_child=1 3 29 38 6 -6 7 -4 9 10 12 -12 -8 22 15 16 -3 -17 19 20 -19 -20 -10 33 25 49 -25 43 55 30 -2 54 -24 37 35 -35 -37 -16 39 40 -1 -40 -39 44 -28 -45 58 -41 -15 52 51 -51 53 -5 -32 -29 -49 -52 -43 -36 -61 -42
right_child=2 14 4 24 5 -7 8 -9 13 -11 11 -13 -14 48 23 17 -18 18 21 -21 -22 -23 32 26 -26 -27 27 28 -30 -31 31 -33 -34 34 59 36 -38 42 41 47 61 46 -44 45 -46 -47 -48 56 -50 50 57 -53 -54 -55 -56 -57 -58 -59 -60 60 -62 -63
leaf_value=-0.084085561934713129 1.9603665477942205 -0.96088913590132119 0.86788027295327275 0.19002745364443743 1.558851736087745 6.4181198233692207 5.1560234724585694 5.3920062391406516 3.406878331313179 -1.017510845314743 0.70156111698313861 2.1030854567760371 1.0471316671990729 2.1689189521827505 -0.050799573054862712 0.11194489012092333 0.33520356663736778 5.3810565122699376 0.325715748133665 0.69830208240639757 1.5386036057871175 1.9264989107693329 2.2493807878728656 -0.032839344162152694 -2.0473344049513091 0.79288558178069812 0.93346530513257042 1.8961171885073442 2.3703512144176884 0.22259671099876105 0.55336171070375062 0.82488197563112908 0.79444367032855845 -0.98283762127309116 -0.13251774095766511 0.57376333822777648 -1.0640004923177322 2.1875819721069947 -0.21812548238072615 -0.22947004511960245 -0.49862791609395302 -0.49540847651328951 0.43582233987581409 -0.21303555704013122 0.25733178163560161 1.1460200341750211 -0.11263274951109647 0.41813754826715244 4.613720567564398 0.92345613899246559 -0.2012131480708711 -0.59937522596437964 -0.23226416705779079 -0.12755815529294715 -1.5402349253204213 0.17610343536429596 -0.048473664909837885 0.14405706027189366 -1.1862855169198327 1.6139492672655376 0.10345188250088289 -1.2578121116769427
leaf_weight=233 89 93 27 1054 35 20 20 25 31 35 479 131 23 20 964 157 567 26 172 32 25 58 65 1228 24 133 208 23 54 378 22 388 103 342 779 171 73 25 2253 1781 190 2357 343 448 1649 42 477 346 26 252 791 92 2540 1779 34 124 1109 1217 126 45 124 198
leaf_count=233 89 93 27 1054 35 20 20 25 31 35 479 131 23 20 964 157 567 26 172 32 25 58 65 1228 24 133 208 23 54 378 22 388 103 342 779 171 73 25 2253 1781 190 2357 343 448 1649 42 477 346 26 252 791 92 2540 1779 34 124 1109 1217 126 45 124 198
internal_value=0.00778859 -0.0758697 1.0679 -0.171691 1.48532 3.33439 1.38174 3.04921 1.28849 1.02304 1.13256 1.00285 2.96589 2.03317 0.133132 0.431565 0.152447 0.823393 1.18009 2.42467 3.5043 0.730075 1.67908 0.082353 -0.046518 -0.0403805 0.191992 0.300348 0.964201 0.591248 0.852594 0.630137 1.3584 -0.0620984 -0.217358 -0.538878 0.083521 0.116705 -0.280467 -0.176643 -0.585368 -0.357278 0.555403 0.243454 0.333113 -0.0963248 -0.463182 -0.0981904 3.55788 -0.0547374 0.0823723 0.516117 -0.114758 -0.00939811 -0.718141 0.446361 0.0625045 0.008041 -0.530515 -0.0185709 0.506401 -0.886284
internal_weight=26675 24724 1951 16952 1040 55 985 52 933 688 653 610 43 245 7772 1130 660 470 313 83 51 230 199 6642 7882 7858 3776 2548 201 911 533 444 168 2866 1534 586 244 1332 9070 3857 621 5213 368 2347 1857 490 2960 3236 46 7725 2352 344 5373 2833 56 147 1455 2008 2483 948 169 388
internal_count=26675 24724 1951 16952 1040 55 985 52 933 688 653 610 43 245 7772 1130 660 470 313 83 51 230 199 6642 7882 7858 3776 2548 201 911 533 444 168 2866 1534 586 244 1332 9070 3857 621 5213 368 2347 1857 490 2960 3236 46 7725 2352 344 5373 2833 56 147 1455 2008 2483 948 169 388
is_linear=0
shrinkage=0.05


Tree=60
num_leaves=63
num_cat=0
split_feature=15 17 2 21 19 23 15 12 19 12 5 5 21 18 15 22 23 18 25 17 11 2 18 22 14 18 21 12 12 14 9 12 19 21 3 21 0 7 3 3 2 17 10 14 25 22 3 10 25 22 2 13 12 25 9 14 25 3 2 2 21 3
split_gain=901980 183947 170560 112258 144930 101827 94728.3 72460.9 65316.6 53910.4 52008.7 51938.1 49421 53784.2 49012.9 48246 48232.7 48341.2 46576.4 64396.3 76748.1 44816.5 60672.9 42916.2 44525.8 42721.5 50213.9 41086.5 50463.3 38714.4 38273.2 35710.8 36980.8 34111.6 32612.7 31724.7 31473.9 30050.7 29514.3 35078.8 31172.6 28826.1 27561.4 26997.7 26981.4 26775.8 46418.9 26333.7 24701.5 23527.5 29270.8 23017.2 22618.3 22135.2 36058.3 21808.6 21633.4 21569.2 21370.7 39682.9 19351.3 18071.9
threshold=466.75000000000006 1046.7083333333337 2019.5000000000002 -0.11110555555555555 0.057181782794861864 35.500000000000007 1260.0000000000002 217.68000000000004 0.0080808410604675824 777.50000000000011 -0.6830127018922193 -0.24999999999999994 0.92502190665716699 209.67937252777904 960.91666666666686 4.5000000000000009 25.500000000000004 62.946030461061376 11.500000000000002 857.58333333333348 692.00000000000011 2008.5000000000002 14.635728388246884 1.0000000180025095e-35 80.363756341608379 69.109898164837674 -0.2351470588235294 977.50000000000011 1055.0000000000002 60.135957075058968 920.50000000000011 977.50000000000011 -0.057047584715212644 0.75055555555555564 9.5000000000000018 0.80090090090090105 15.065000000000001 310.31000000000006 3.5000000000000004 10.500000000000002 2023.5000000000002 405.58333333333343 726.00000000000011 28.867513459482378 12.500000000000002 2.5000000000000004 8.5000000000000018 704.00000000000011 7.5000000000000009 4.5000000000000009 2009.5000000000002 897.16666666666674 726.00000000000011 1.5000000000000002 370.50000000000006 20.973307639314417 12.500000000000002 3.5000000000000004 2010.5000000000002 2012.5000000000002 -0.21093977752205598 5.5000000000000009
decision_type=2 2 2 2 2 2 2 2 2 2 2 2 2 2 2 2 2 2 2 2 2 2 2 2 2 2 2 2 2 2 2 2 2 2 2 2 2 2 2 2 2 2 2 2 2 2 2 2 2 2 2 2 2 2 2 2 2 2 2 2 2 2
left_child=2 9 7 8 5 11 -7 36 31 10 16 -5 13 23 -14 44 29 -18 19 20 42 22 -9 24 -12 26 -17 57 -29 43 -20 32 -3 41 51 38 37 56 40 -40 -28 49 -11 -2 45 46 55 -25 53 -23 -51 -21 -6 54 -27 -4 58 -22 -1 -60 -48 -46
right_child=1 3 15 4 52 6 -8 21 -10 18 12 -13 14 -15 -16 25 17 -19 30 34 27 33 -24 47 -26 48 35 28 -30 -31 -32 -33 -34 -35 -36 -37 -38 -39 39 -41 -42 -43 -44 -45 61 -47 60 -49 -50 50 -52 -53 -54 -55 -56 -57 -58 -59 59 -61 -62 -63
leaf_value=-0.52504632953176245 0.76675335181635551 1.9208937937596879 2.5700208698761013 -0.40939230060313214 4.4502253864685342 6.4220616515778817 2.1920947716837116 -0.40476222502720821 -1.2394226108414244 4.402087734024323 2.2460294830810663 2.3557507816690526 3.9070457364407538 -1.0640345951938885 0.61355872673181755 -0.49632273457409326 0.07564654589815932 -1.862991163735908 1.0968726280983796 2.921958127456513 0.61445678483666921 -0.26546501652820315 3.1484969667229521 0.77218896098236045 0.6309060395314332 -0.47845487604925641 -0.1818469845825994 -1.6136346124134455 0.91187637281265987 2.7988637369070481 -1.5451029879475071 2.9491463505609516 -0.77480143709770299 -1.8867568975607096 4.0082870950580016 -1.345983775216647 -0.067445824589076719 -1.768163117543482 0.36920693557469536 -0.031851890756957484 0.32544959091182379 0.91235309645187046 1.7650463540162613 -1.0352299768373785 1.7647643000537361 -0.13315707344909444 0.5944045882583795 -0.65382164919044261 1.1626269762215276 -0.53269769756973129 -0.028827911052199062 1.0303079434803555 6.8322774253970948 0.086096600982284763 1.9434249917235136 0.67544235938063291 0.43116566251872329 2.2477561912977495 -0.059522496724131062 -0.37512361085148693 -1.4603812900434927 0.1882913429351997
leaf_weight=1170 121 32 29 36 22 21 36 23 25 20 103 32 26 37 20 277 112 45 36 35 40 1500 25 648 73 23 820 34 47 20 22 33 21 26 32 33 1401 36 2641 687 480 73 20 25 32 2298 21 34 164 300 7288 30 20 183 46 32 94 41 1379 3587 25 42
leaf_count=1170 121 32 29 36 22 21 36 23 25 20 103 32 26 37 20 277 112 45 36 35 40 1500 25 648 73 23 820 34 47 20 22 33 21 26 32 33 1401 36 2641 687 480 73 20 25 32 2298 21 34 164 300 7288 30 20 183 46 32 94 41 1379 3587 25 42
internal_value=0.00192582 1.05203 -0.0786982 2.24018 3.05909 2.20212 3.75911 -0.16808 1.00643 0.848132 0.694784 0.893327 0.882676 0.800323 2.47964 0.114167 0.147279 -0.480814 1.39072 1.64218 1.13271 -0.0737481 1.44849 0.880842 1.57689 0.198604 0.1576 0.647452 -0.148836 0.741281 0.0937233 1.66004 0.853246 -0.0817177 2.70081 0.196473 -0.2817 -0.329602 0.207501 0.286416 0.0054693 -0.0765737 3.09138 0.457663 -0.0681927 -0.0971446 0.675637 0.701005 0.685162 -0.0845278 -0.0487564 2.05189 5.59819 0.374073 1.13654 1.57896 -0.32126 1.443 -0.332794 -0.287489 -0.522964 0.871538
internal_weight=26634 1899 24735 278 167 125 57 16902 111 1621 1264 68 941 895 46 7833 323 157 357 299 202 9235 48 858 176 5354 4938 162 81 166 58 86 53 9187 97 4661 7667 6266 4628 3328 1300 9161 40 146 2479 2405 107 682 416 9088 7588 65 42 252 69 61 6230 81 6136 4966 46 74
internal_count=26634 1899 24735 278 167 125 57 16902 111 1621 1264 68 941 895 46 7833 323 157 357 299 202 9235 48 858 176 5354 4938 162 81 166 58 86 53 9187 97 4661 7667 6266 4628 3328 1300 9161 40 146 2479 2405 107 682 416 9088 7588 65 42 252 69 61 6230 81 6136 4966 46 74
is_linear=0
shrinkage=0.05


Tree=61
num_leaves=63
num_cat=0
split_feature=17 17 2 2 12 11 6 21 12 12 4 23 23 2 12 0 21 21 9 18 1 1 6 22 22 21 2 16 11 16 9 12 2 9 17 7 19 22 2 19 17 12 8 16 4 0 6 7 0 2 22 23 16 6 14 12 10 17 19 2 1 12
split_gain=795595 163734 160209 102174 192992 167762 81952.4 102281 73358.3 64922.3 63855.5 83212.1 53785.3 57628.9 66493.6 47235.7 45706.7 44967.1 41602.5 40812.7 56838.6 58113 44525.7 44599.4 43190 45593.4 39818.9 60668.2 39321.5 39837.3 37664.6 33914.2 33035.2 32410.7 30214.8 29585.7 29014.9 28398.6 33204.4 28362.5 26831.6 26149.7 25902.7 25898.7 24922 30246.9 29797.8 26593.5 24766.5 28290.9 24493.6 34713 28361.2 24213.7 23535.1 23485.4 23344.3 21868.3 21268.7 20195.8 21255.3 19058.1
threshold=467.04166666666669 1046.7083333333337 2020.5000000000002 2023.5000000000002 698.00000000000011 979.00000000000011 1.0000000180025095e-35 -0.039992319877118092 217.68000000000004 1006.0000000000001 2.5000000000000004 17.500000000000004 53.500000000000007 2022.5000000000002 753.00000000000011 14.665000000000001 0.24997991107301668 0.87760349978659846 1005.0000000000001 69.109898164837674 -13.709999999999999 -16.194999999999997 1.0000000180025095e-35 7.5000000000000009 5.5000000000000009 0.41508098992792236 2008.5000000000002 13.485794995722975 304.58500000000009 20.412414523193171 239.64500000000001 408.16500000000002 2022.5000000000002 451.00000000000006 405.58333333333343 442.50000000000006 0.13006849315068494 4.5000000000000009 2016.5000000000002 0.023629205440229065 336.1733333333334 443.87500000000006 1206.5000000000002 67.565252910969278 2.5000000000000004 14.610000000000001 0.6830127018922193 150.41500000000005 15.610000000000001 2023.5000000000002 4.5000000000000009 53.500000000000007 24.819766984345495 0.6830127018922193 56.558225262767188 977.50000000000011 224.50000000000003 422.79166666666669 -0.094097151055544156 2010.5000000000002 -17.414999999999996 360.50000000000006
decision_type=2 2 2 2 2 2 2 2 2 2 2 2 2 2 2 2 2 2 2 2 2 2 2 2 2 2 2 2 2 2 2 2 2 2 2 2 2 2 2 2 2 2 2 2 2 2 2 2 2 2 2 2 2 2 2 2 2 2 2 2 2 2
left_child=2 12 8 4 10 -6 15 9 43 -8 -3 -12 13 17 18 -5 36 39 48 20 21 22 23 32 28 30 27 -10 29 -23 -26 -30 -4 61 35 37 53 -28 -39 -2 -37 58 -13 44 46 -46 47 -1 49 -15 52 -52 -21 -16 -49 -38 -25 -43 -24 -47 -61 -22
right_child=1 3 19 6 5 -7 7 -9 26 -11 11 42 -14 14 16 -17 -18 -19 -20 50 33 24 41 56 25 -27 34 -29 31 -31 -32 -33 -34 -35 -36 40 55 38 -40 -41 -42 57 -44 -45 45 59 -48 54 -50 -51 51 -53 -54 -55 -56 -57 -58 -59 -60 60 -62 -63
leaf_value=-0.58995050684597705 2.4459648426841287 3.6876333543624003 0.56352254941152891 1.0175056522111017 2.0512526528659838 7.6226218588042478 -0.46646571541120641 5.0831983686058448 -0.12755328230162108 2.7719682719699299 -1.9163754885469502 0.85228704397114474 -0.58553981116653031 0.34358373311831092 1.4516091044977057 -2.0819054844963105 3.7222488303682697 3.7734571083304811 -1.1390704593989784 1.4226049684661199 0.4805422462017907 -0.54822042508187352 -0.61939341352664068 2.7353220232683633 1.5339671188858666 -1.5655092870802656 -0.25209204003427138 3.4722074024712861 -0.89248220035155235 0.23046273588222169 0.079088601911965428 0.63334372375076842 0.037535982373046811 2.076382350921631 0.9269441410997068 -2.6293159890513849 3.7285022199450442 -0.11364367689835807 0.087872906585532026 -0.15189392314621464 -0.35803472177723639 -1.1832810128337883 3.2906687897829272 -1.656104947360981 -0.46988232054925788 -0.44085293801151232 -0.47072772694139692 -0.085545549193336595 -0.093567570108278583 0.933642007942872 0.5994931344349882 2.4426777262020707 -0.19268562202397072 0.50110798003346579 1.3427687863304032 1.3270594820733317 0.92008603115190746 0.43861364431652733 0.10160509876514182 0.55464897692494053 -0.14185602860899055 -0.33808709505120255
leaf_weight=269 22 26 539 25 23 33 33 21 28 29 20 24 66 301 172 24 20 29 33 32 795 315 111 20 47 40 1716 20 399 343 802 40 669 30 76 21 20 4858 3529 20 34 80 20 33 2168 526 693 3238 98 626 450 27 177 110 29 21 152 28 1289 123 994 78
leaf_count=269 22 26 539 25 23 33 33 21 28 29 20 24 66 301 172 24 20 29 33 32 795 315 111 20 47 40 1716 20 399 343 802 40 669 30 76 21 20 4858 3529 20 34 80 20 33 2168 526 693 3238 98 626 450 27 177 110 29 21 152 28 1289 123 994 78
internal_value=0.00183936 1.01205 -0.0720838 2.12862 3.03982 5.34221 1.11919 2.07557 -0.147466 1.05023 1.60284 0.751379 0.810094 0.872709 0.802155 -0.50162 1.4071 2.26175 0.605915 0.142001 0.0986979 0.0311871 0.174357 0.379574 -0.177003 0.0820042 -0.0588927 1.37634 -0.386893 -0.14233 0.159807 -0.753331 0.272258 0.463042 -0.0656381 -0.073074 1.26262 -0.0667711 -0.0288509 1.21135 -1.22854 -0.0134515 1.9657 -0.260273 -0.254523 -0.347257 -0.170947 -0.112182 0.662206 0.742111 0.506594 0.704325 0.0551698 1.08117 -0.0728247 2.50484 1.13266 -0.762727 0.0443965 -0.185427 -0.0651122 0.407364
internal_weight=26634 1816 24818 278 146 56 132 83 18355 62 90 64 1538 1472 1401 49 343 71 1058 6463 5777 4874 2888 1380 1986 889 10282 48 1097 658 849 439 1208 903 10234 10158 323 10103 8387 42 55 1508 44 8073 8040 3811 4229 3536 1025 927 686 477 209 282 3267 41 172 108 1400 1643 1117 873
internal_count=26634 1816 24818 278 146 56 132 83 18355 62 90 64 1538 1472 1401 49 343 71 1058 6463 5777 4874 2888 1380 1986 889 10282 48 1097 658 849 439 1208 903 10234 10158 323 10103 8387 42 55 1508 44 8073 8040 3811 4229 3536 1025 927 686 477 209 282 3267 41 172 108 1400 1643 1117 873
is_linear=0
shrinkage=0.05


Tree=62
num_leaves=63
num_cat=0
split_feature=15 2 7 12 12 10 9 12 20 9 25 5 21 7 11 10 23 6 12 25 21 20 5 16 7 2 2 2 6 2 16 12 2 2 10 23 25 14 13 1 2 5 1 4 16 2 5 2 23 2 2 25 23 6 25 18 25 9 13 15 25 18
split_gain=735556 139699 134125 121065 239856 69890.3 66033.2 59399.4 56082.7 69787.4 72323.8 56975.4 52984.9 51302.9 50404.1 49831.2 48752.7 44165.7 42460.3 51851.8 39031.2 39420.7 36873.4 35547 30285.6 30004.1 67088.2 44622.4 44647.6 33390.4 29893.8 35105.3 48976.5 48838.9 36599.5 32388.6 30939.2 28450.7 28250.1 28097.6 27179.4 25419.6 29716 29544.2 25199.8 24763.9 51869.2 117399 47912.7 36067.7 23890.8 23744 23542.3 23258.1 24749.8 21994.7 21825.2 33542.1 24312.2 24093.8 27897.2 22442.7
threshold=466.75000000000006 2019.5000000000002 1105.5000000000002 977.50000000000011 753.00000000000011 1341.5000000000002 1258.5000000000002 272.75000000000006 0.083341666666666661 767.50000000000011 11.500000000000002 0.68301270189221941 0.48991894630192506 1031.5000000000002 577.50000000000011 704.00000000000011 27.500000000000004 -0.24999999999999994 1077.5000000000002 10.500000000000002 -0.028244705066227279 0.025084905660377358 -0.24999999999999994 98.29996420654858 995.00000000000011 2010.5000000000002 2012.5000000000002 2015.5000000000002 -0.24999999999999994 2014.5000000000002 29.934999007464111 231.46000000000001 2022.5000000000002 2021.5000000000002 431.12500000000006 28.500000000000004 12.500000000000002 52.041649986653404 353.50000000000006 -16.234999999999996 2011.5000000000002 -0.24999999999999994 -16.854999999999997 3.5000000000000004 127.47311425479465 2021.5000000000002 -0.6830127018922193 2020.5000000000002 22.500000000000004 2020.5000000000002 2014.5000000000002 6.5000000000000009 1.0000000180025095e-35 0.25000000000000017 6.5000000000000009 31.168347871802105 1.5000000000000002 370.50000000000006 429.50000000000006 247.52833333333336 7.5000000000000009 26.023226643703371
decision_type=2 2 2 2 2 2 2 2 2 2 2 2 2 2 2 2 2 2 2 2 2 2 2 2 2 2 2 2 2 2 2 2 2 2 2 2 2 2 2 2 2 2 2 2 2 2 2 2 2 2 2 2 2 2 2 2 2 2 2 2 2 2
left_child=1 7 6 4 5 37 8 23 11 15 16 13 -6 18 -13 -10 -11 30 51 -20 21 -19 55 25 -18 41 52 29 -29 -28 36 35 33 -33 -34 -32 -3 -4 40 -38 -9 42 -1 -44 -17 46 47 -22 -49 -48 -42 -2 -27 54 -16 -23 57 61 -59 -58 -61 -47
right_child=2 17 3 -5 12 -7 -8 38 9 10 -12 14 -14 -15 53 44 24 20 19 -21 45 22 -24 -25 -26 26 27 28 -30 -31 31 32 34 -35 -36 -37 39 -39 -40 -41 50 -43 43 -45 -46 56 49 48 -50 -51 -52 -53 -54 -55 -56 -57 59 58 -60 60 -62 -63
leaf_value=-0.040999964291229048 0.64990790344480154 0.13256744747577917 -0.25452061739294701 -0.46717041883141824 8.0238935660366995 4.1334374762259385 3.668797912052022 0.30755430492079561 1.2759607542969773 2.5444144413040437 4.2467778835828005 0.59819922964786676 4.34045196371292 -1.8228431720456642 3.4014646581562382 -1.3173113332414195 1.5802582415359279 -0.081872329442693959 2.3192497609186105 -0.25887230095914249 -0.39017886598796181 -0.45150239007538917 0.041583457173139146 -2.1617163987257779 -1.1318638370738396 1.3201736004044102 -0.26743472306117033 0.03275741469793262 -0.26553191322089964 -0.61552001984639082 -0.46533001843537092 0.41028915063582638 0.15222494379942905 2.2997118316971354 1.4600923113298487 0.64861898960781617 0.42473500412030224 1.7126413596478529 0.78468609998770744 2.4556412944164663 -0.26394490803817722 -0.21255211009841468 -0.91689769127814236 -0.30619544786746211 0.63387058597857138 0.93242854774570283 -0.0058739511606208696 0.38308634856950141 2.0158508508184463 -0.62978697017032326 0.035605830259995475 0.14029329737326129 0.050762870678036413 1.2072435161664608 1.6578954671830779 -1.612441290050515 1.5179585745863591 1.5008706628957251 0.29064751182670134 -0.076097214161306242 0.33231515910162701 -0.31498180291369676
leaf_weight=233 483 2187 32 32 20 21 20 596 170 54 34 158 20 24 37 33 21 1181 64 28 210 65 95 23 20 37 2211 2188 2940 1001 134 56 237 88 69 127 46 43 118 27 986 1329 510 324 33 52 564 77 108 393 2048 434 2358 72 46 110 31 112 66 901 780 117
leaf_count=233 483 2187 32 32 20 21 20 596 170 54 34 158 20 24 37 33 21 1181 64 28 210 65 95 23 20 37 2211 2188 2940 1001 134 56 237 88 69 127 46 43 118 27 986 1329 510 324 33 52 564 77 108 393 2048 434 2358 72 46 110 31 112 66 901 780 117
internal_value=0.00175615 -0.071051 0.950046 2.29859 2.94926 1.59064 0.819037 -0.151943 0.78551 1.33522 2.27007 0.636351 6.19771 0.457198 1.22726 0.823461 1.55884 0.103496 0.511611 1.53512 0.0106844 -0.206514 -0.751455 -0.201976 0.257615 -0.198527 -0.162816 -0.229798 -0.13826 -0.375931 0.255374 0.538125 0.805647 1.56577 0.447533 0.0767281 0.166398 0.874031 0.0236541 1.17829 -0.00110428 -0.358509 -0.540263 -0.679718 -0.342162 0.103083 -0.0631683 0.418813 1.33687 -0.262133 -0.0617471 0.408763 0.0704302 1.86767 2.43837 -1.18177 0.212249 0.573782 1.05258 0.138938 0.113416 0.0691316
internal_weight=26634 24735 1899 168 136 96 1731 16902 1711 365 129 1346 40 1033 313 236 95 7833 1009 92 4862 1451 270 13154 41 13131 10735 8340 5128 3212 2971 711 450 144 306 261 2260 75 3748 73 3630 2396 1067 834 66 3411 1352 395 185 957 3034 917 2395 155 83 175 2059 347 178 1712 1681 169
internal_count=26634 24735 1899 168 136 96 1731 16902 1711 365 129 1346 40 1033 313 236 95 7833 1009 92 4862 1451 270 13154 41 13131 10735 8340 5128 3212 2971 711 450 144 306 261 2260 75 3748 73 3630 2396 1067 834 66 3411 1352 395 185 957 3034 917 2395 155 83 175 2059 347 178 1712 1681 169
is_linear=0
shrinkage=0.05


Tree=63
num_leaves=63
num_cat=0
split_feature=15 17 2 2 12 11 6 21 12 12 3 23 20 21 25 25 12 25 6 23 18 18 6 22 21 25 17 21 20 21 20 10 21 15 5 1 12 8 25 6 23 18 3 23 21 3 13 2 18 2 2 2 17 17 23 5 18 22 2 2 11 3
split_gain=663972 137420 126087 90076 166266 145063 75978.5 88696.3 60313.6 57327.4 57082.3 73614.2 49186.7 55497 57552 46383.7 46220.6 46273.1 91408.7 59083.3 43994.1 41385.6 39862.8 38675.7 39503.9 53667 59626 37430.1 36992.6 35229.4 35581.3 34664.5 34606.8 33914.4 33282 33219.5 31782.3 36476.1 31502 40378.9 50981.1 35467.9 37010.3 29796 29551.2 28375 27644.1 27241 58308.3 37195 75319.4 44399.4 41982.7 26784 26170.5 25450.8 23481.2 23456.6 41428.3 86117.9 33547.3 27888.5
threshold=466.75000000000006 1046.7083333333337 2019.5000000000002 2023.5000000000002 698.00000000000011 979.00000000000011 1.0000000180025095e-35 -0.039992319877118092 1006.0000000000001 199.72000000000003 6.5000000000000009 17.500000000000004 0.10348397229956453 -0.14285269012071364 11.500000000000002 9.5000000000000018 753.00000000000011 11.500000000000002 0.6830127018922193 38.500000000000007 101.15387231777609 62.946030461061376 -0.24999999999999994 7.5000000000000009 0.77778888888888897 8.5000000000000018 299.97916666666669 0.72021505376344097 -0.077337819185645237 -0.028244705066227279 0.025084905660377358 417.50000000000006 -0.021826121476776535 1143.0833333333337 -0.24999999999999994 -16.284999999999997 627.50000000000011 741.00000000000011 6.5000000000000009 0.6830127018922193 33.500000000000007 179.80921828599855 3.5000000000000004 27.500000000000004 -0.42449999999999999 5.5000000000000009 316.83333333333343 2008.5000000000002 20.549799370118702 2010.5000000000002 2012.5000000000002 2015.5000000000002 344.34708333333339 820.14583333333337 30.500000000000004 -0.24999999999999994 17.236537432620999 3.5000000000000004 2022.5000000000002 2021.5000000000002 400.62500000000006 6.5000000000000009
decision_type=2 2 2 2 2 2 2 2 2 2 2 2 2 2 2 2 2 2 2 2 2 2 2 2 2 2 2 2 2 2 2 2 2 2 2 2 2 2 2 2 2 2 2 2 2 2 2 2 2 2 2 2 2 2 2 2 2 2 2 2 2 2
left_child=2 12 9 4 10 -6 33 8 -8 55 -3 -12 16 -14 20 -13 36 19 -19 32 21 -15 23 31 25 46 -27 -16 -21 30 -24 57 53 -5 -32 -28 38 -38 39 40 -2 42 -40 -22 -11 -45 -25 48 -46 -49 52 -52 -51 -18 -41 56 -1 60 59 -59 -4 -60
right_child=1 3 22 6 5 -7 7 -9 -10 44 11 15 13 14 27 -17 17 18 -20 28 43 -23 29 24 -26 26 35 -29 -30 -31 34 -33 -34 -35 -36 -37 37 -39 41 54 -42 -43 -44 45 47 -47 -48 49 -50 50 51 -53 -54 -55 -56 -57 -58 58 61 -61 -62 -63
leaf_value=-0.21945284742301824 0.88445101210629229 3.4224684090449893 -0.33118191732220925 0.56022499277922611 1.8621512022369353 7.0426214856323517 -0.51369495625942496 4.7035284435579561 2.607550769982879 1.0033205538556196 -1.8625499701618555 3.5607089626255326 2.6441937077455164 0.78957792699066509 1.2376596533374868 0.30318661626443827 0.059944664300149532 1.7704857652214754 -2.5994370154126201 4.5699878279066768 0.86379493369981497 3.212571761191386 -0.077779055484676632 -0.025231297528000369 -1.0365927366818304 0.75172704864580986 1.7857613181593406 4.1995192271559985 1.8445120791530305 0.097936958315901379 -1.1227400407288703 0.87083647437191825 2.2343323650679081 -2.0926742483654293 0.03950647754059982 4.6131889494296114 1.0970709818799349 -1.422059239305044 1.0289836038808855 1.0540024762538394 -0.4903287337576292 -1.4604961878655294 0.051139328908599714 0.061496368251239268 0.047722312475797939 -2.1100821146826525 0.9901819462051753 -0.33887784074480987 3.1594497419708407 0.20596890572529378 -0.27488830330392172 -0.038749755978226191 2.3990654204226192 1.5697798986497 2.5099256318712992 -0.1983898971495901 -0.57755604667258764 0.14641093717962889 0.17577354313052421 1.1637931104206423 1.7168501895750869 -0.39435138982658602
leaf_weight=776 238 26 382 28 23 33 33 21 29 62 20 20 61 66 23 24 81 26 22 21 51 24 1181 133 30 53 20 20 31 3411 175 166 44 21 95 22 21 45 137 104 94 29 329 40 60 24 135 1395 20 1745 3137 5447 22 46 44 3121 1117 853 512 275 21 369
leaf_count=776 238 26 382 28 23 33 33 21 29 62 20 20 61 66 23 24 81 26 22 21 51 24 1181 133 30 53 20 20 31 3411 175 166 44 21 95 22 21 45 137 104 94 29 329 40 60 24 135 1395 20 1745 3137 5447 22 46 44 3121 1117 853 512 275 21 369
internal_value=0.00167699 0.902642 -0.0674967 1.9296 2.78513 4.92213 0.981891 1.90278 0.94801 -0.144347 1.4514 0.646487 0.726409 1.29393 0.960852 1.78871 0.592656 1.17424 -0.233532 1.47725 0.611297 1.43861 0.0983285 0.242619 0.704607 0.848767 1.86932 2.62193 2.95194 0.0101537 -0.196196 0.172165 1.02731 -0.578576 -0.71392 3.27435 0.441152 -0.619995 0.513045 0.801629 0.495161 0.233091 0.338787 -0.0368119 -0.0845421 -0.754789 0.486424 -0.0902542 0.82869 -0.0965204 -0.0638546 -0.125049 0.233411 0.607658 1.48828 -0.286135 -0.43078 0.124044 0.193881 0.394529 -0.224049 -0.0630308
internal_weight=26634 1899 24735 278 146 56 132 83 62 16902 90 64 1621 309 248 44 1312 271 48 223 205 90 7833 2971 393 363 95 43 52 4862 1451 2578 171 49 270 42 1041 66 975 480 332 495 466 115 11888 64 268 11826 80 11746 10351 8584 1767 127 148 5014 1893 2412 2009 1128 403 881
internal_count=26634 1899 24735 278 146 56 132 83 62 16902 90 64 1621 309 248 44 1312 271 48 223 205 90 7833 2971 393 363 95 43 52 4862 1451 2578 171 49 270 42 1041 66 975 480 332 495 466 115 11888 64 268 11826 80 11746 10351 8584 1767 127 148 5014 1893 2412 2009 1128 403 881
is_linear=0
shrinkage=0.05


Tree=64
num_leaves=63
num_cat=0
split_feature=17 2 17 5 2 12 20 2 6 6 12 10 23 23 2 2 5 2 20 22 0 19 9 22 14 16 0 18 19 25 0 16 3 2 2 2 0 0 0 16 1 22 22 23 20 25 6 12 17 18 3 20 23 20 14 23 18 18 3 17 5 1
split_gain=587455 122180 121995 89882.5 81321.3 150100 139055 77550 77730.2 69608.3 61265.1 59732.3 54749.3 46500.3 48393.2 52790 63051 43062.6 77507.3 43373.7 41644.8 38479.5 38466.5 38187.2 37935.4 39646.3 35869.5 34564.5 33876.6 33661.9 46023.4 37188.7 31755.1 35352.3 43607.5 65131.4 31724.7 29578.5 29084.3 28558.9 27602.5 27488.8 26905.9 25809.2 25955.2 25520 44110 28194.1 24977.3 24786.7 24577.5 24534.6 24092.8 23703.8 24896.9 23547.2 23250.6 22762.7 22466.4 22082.5 21811.6 28099.2
threshold=467.04166666666669 2021.5000000000002 1046.7083333333337 -0.5 2023.5000000000002 698.00000000000011 0.045121628767847761 2022.5000000000002 0.25000000000000017 -0.5 266.83500000000009 1105.5000000000002 47.500000000000007 53.500000000000007 2022.5000000000002 2023.5000000000002 -0.6830127018922193 2022.5000000000002 0.12500803582908329 5.5000000000000009 12.665000000000001 -0.049986071229589084 349.50000000000006 8.5000000000000018 53.865087334767438 127.47311425479465 14.610000000000001 135.98687856752832 0.032332735961768229 4.5000000000000009 14.115000000000002 86.038387271123113 1.5000000000000002 2010.5000000000002 2012.5000000000002 2015.5000000000002 15.440000000000001 13.795000000000002 12.740000000000002 26.011315603240693 -13.709999999999999 8.5000000000000018 5.5000000000000009 49.500000000000007 0.0095333333333332843 11.500000000000002 0.6830127018922193 1077.5000000000002 857.58333333333348 45.443938156277014 9.5000000000000018 -0.030294372294372315 43.500000000000007 0.42863392075990508 25.000000000000394 1.0000000180025095e-35 44.855998540147574 61.252763723014709 1.5000000000000002 338.20833333333343 -0.24999999999999994 -16.264999999999997
decision_type=2 2 2 2 2 2 2 2 2 2 2 2 2 2 2 2 2 2 2 2 2 2 2 2 2 2 2 2 2 2 2 2 2 2 2 2 2 2 2 2 2 2 2 2 2 2 2 2 2 2 2 2 2 2 2 2 2 2 2 2 2 2
left_child=1 10 13 17 5 12 -7 8 21 -6 32 -11 24 14 26 16 57 37 19 20 -19 -5 40 50 -4 -26 28 -13 -2 30 -18 -31 -1 60 55 38 45 52 -36 -37 -9 42 -23 44 56 47 -47 -17 -38 -25 -21 -22 53 54 -3 -35 -24 -16 -10 -42 61 -34
right_child=2 3 4 7 9 6 -8 22 58 11 -12 27 -14 -15 15 36 29 18 -20 23 51 41 43 49 25 -27 -28 -29 -30 31 -32 -33 33 34 35 39 48 -39 -40 -41 59 -43 -44 -45 -46 46 -48 -49 -50 -51 -52 -53 -54 -55 -56 -57 -58 -59 -60 -61 -62 -63
leaf_value=-0.41171252633492311 2.4630476549074252 0.29484206364579396 -0.84190387345880147 3.3148468107603399 -1.276460302936649 2.8066308551547934 8.0122036468923383 -0.12934430203124944 -0.88696610074843807 3.6539677213387662 0.025303294024304326 2.3852015385114815 3.679733213559905 -0.60228322114508026 -0.29380121849948643 1.000062282809443 2.739733984808284 1.4825939743797441 -1.3463569422678205 0.022864823560295958 -0.16856466340116175 1.4944469651919885 -0.055625226088810042 -1.220439172834805 2.9676300211071478 -0.0040619574451898509 3.4585461025308422 0.13916986951545957 -0.31019360750772379 0.63525530575601263 0.43179444319711707 -1.1506487442752507 -0.16485967370659463 1.3931737589696285 0.15827398746188795 -0.017551139613504567 -0.22277242016423121 0.014880666398331899 -0.40734159626277971 -0.31615849490803022 2.0829617782342482 2.4946379330922976 0.41629301776031324 0.78212314512976289 0.5498342450855116 0.96450409509183843 -0.78672738693039612 2.0177088537448031 1.5702224220972338 0.39662132983062404 0.80495030302468895 -0.87348457641796939 2.178318841431913 -0.71683103147350602 2.1090526436650476 0.068715228691374586 0.41146564509644251 -1.7661236561854896 0.40346089659465689 0.023909848129155534 -0.18096583767221625 -0.69518136808742104
leaf_weight=1262 23 51 25 24 28 36 20 868 41 25 5407 25 20 66 90 656 38 26 155 206 219 134 700 69 24 21 27 54 21 124 50 38 402 34 249 4901 100 377 2598 957 26 37 102 272 517 116 52 76 24 36 196 283 28 28 30 2117 430 37 188 26 1162 660
leaf_count=1262 23 51 25 24 28 36 20 868 41 25 5407 25 20 66 90 656 38 26 155 206 219 134 700 69 24 21 27 54 21 124 50 38 402 34 249 4901 100 377 2598 957 26 37 102 272 517 116 52 76 24 36 196 283 28 28 30 2117 430 37 188 26 1162 660
internal_value=0.00160418 -0.0619175 0.869668 0.157056 1.83347 2.64637 4.67682 0.30688 0.864473 0.932995 -0.118123 1.52855 1.37913 0.695346 0.753568 0.688919 0.183009 -0.138808 -0.303997 -0.147775 -0.464913 1.39806 0.203543 0.182516 0.717438 1.5838 2.02641 0.852119 1.14164 0.643811 1.43044 0.215857 -0.172195 -0.149082 -0.111874 -0.161688 0.875136 0.243607 -0.357867 -0.0663389 -0.0622589 1.22838 1.02886 0.330972 0.256419 0.978429 0.422281 1.10599 0.125204 -0.666121 0.404298 -0.566065 0.872514 0.535343 0.968606 0.0897165 0.122134 -0.723837 0.172116 1.05555 -0.330691 -0.494477
internal_weight=26634 24818 1816 5069 278 146 56 3365 526 132 19749 104 90 1538 1472 1401 377 1704 1190 1035 528 297 2839 507 70 45 71 79 44 250 88 162 14342 13080 10856 8705 1024 514 2847 5858 920 273 236 1919 1647 900 168 732 124 105 402 502 137 109 81 2151 1130 127 229 52 2224 1062
internal_count=26634 24818 1816 5069 278 146 56 3365 526 132 19749 104 90 1538 1472 1401 377 1704 1190 1035 528 297 2839 507 70 45 71 79 44 250 88 162 14342 13080 10856 8705 1024 514 2847 5858 920 273 236 1919 1647 900 168 732 124 105 402 502 137 109 81 2151 1130 127 229 52 2224 1062
is_linear=0
shrinkage=0.05


Tree=65
num_leaves=63
num_cat=0
split_feature=9 2 5 0 17 19 22 2 12 11 19 6 14 18 1 10 12 1 21 20 11 20 1 23 14 14 3 2 2 3 2 17 3 0 18 2 0 21 18 18 6 1 6 23 2 5 0 22 23 5 21 12 1 3 19 20 1 22 1 18 10 12
split_gain=592276 170412 88491.1 72184.8 57985.1 56588.6 54983.8 103163 63068.7 57511.9 53913.9 69273.9 105898 63551 52838.6 48182.1 46102.7 49093.3 45164.4 43087.4 41397.9 40523.8 41965.7 38438 36839.7 35001.9 34546.9 37616.9 37768.3 57198.9 34073.6 36636 30598 28148.3 47874 68109.9 27102.2 26757.1 26409.7 25169.4 25520.4 24861.9 24041.4 21721.1 20976 37363.8 25646.7 20879.1 23968.8 20124.4 20920.9 20061.1 19415.8 19183.5 25912.1 18657.3 18435.3 18142.7 19526.6 17749.7 16783.6 16670.3
threshold=727.50000000000011 2021.5000000000002 -0.5 16.005000000000003 1120.041666666667 0.2865444875813497 5.5000000000000009 2022.5000000000002 224.50000000000003 274.50000000000006 0.19998356209418924 -0.68301270189221952 86.602540378443891 209.67937252777904 -13.709999999999999 189.67000000000004 398.75000000000006 -16.224999999999998 -0.37992248062015499 0.13641711229946532 577.50000000000011 0.026365441906653467 -17.154999999999998 21.500000000000004 33.857544703261198 33.857544703261198 2.5000000000000004 2010.5000000000002 2011.5000000000002 6.5000000000000009 2022.5000000000002 336.1733333333334 6.5000000000000009 12.870000000000003 49.440170323921265 2011.5000000000002 12.665000000000001 0.55688004613610165 51.491209873433938 6.8365660731776758 0.25000000000000017 -14.079999999999998 0.6830127018922193 23.500000000000004 2016.5000000000002 -0.6830127018922193 14.890000000000002 3.5000000000000004 14.500000000000002 0.68301270189221941 -0.20449494949494948 214.14500000000001 -14.079999999999998 5.5000000000000009 -0.16667333333333326 -0.12095092601297357 -16.194999999999997 5.5000000000000009 -16.234999999999996 39.124308369362829 363.50000000000006 208.16500000000005
decision_type=2 2 2 2 2 2 2 2 2 2 2 2 2 2 2 2 2 2 2 2 2 2 2 2 2 2 2 2 2 2 2 2 2 2 2 2 2 2 2 2 2 2 2 2 2 2 2 2 2 2 2 2 2 2 2 2 2 2 2 2 2 2
left_child=1 14 6 5 -5 10 7 9 -8 61 11 12 13 24 15 -1 17 -13 -18 36 -20 22 32 -15 -2 33 -16 -28 29 -29 42 52 60 34 -17 -36 -9 49 39 40 -24 -41 47 -11 46 -46 -30 -23 -49 50 -27 -33 -32 56 -55 -38 -40 58 -35 -44 -4 -3
right_child=3 2 21 4 -6 -7 8 19 -10 43 -12 16 -14 23 26 25 18 -19 20 -21 -22 30 38 -25 -26 37 27 28 44 -31 31 51 -34 57 35 -37 55 -39 53 41 -42 -43 59 -45 45 -47 -48 48 -50 -51 -52 -53 -54 54 -56 -57 -58 -59 -60 -61 -62 -63
leaf_value=-0.31607833503262828 1.0298357133344347 -0.43050035680057513 -0.17568515595892764 1.3912469167021375 5.1586015289993652 3.6783016645530773 -1.8047100690395936 1.0040077794868103 0.24038625780656608 0.77299019749631581 -1.3242716776299801 0.93680951547781088 -0.41596094573042397 2.9087986303206108 -0.30846758486856474 0.058353745391347994 3.0821191383023985 -2.0579033655949326 -0.84624612642727348 -1.536467727550292 1.0916200353035099 0.063726831487312161 -0.079428724335636358 6.0337903752255793 3.30413778403181 0.17851293884322905 -0.34752379578753068 -0.0070543594988046509 0.5217093060793444 1.8507892462368265 -0.24131934661315643 -0.48658609712210882 2.6338980824291376 -0.10250955379927949 -0.11189155330905665 3.8717300339421232 0.010474782301797544 -1.5688561343849328 0.91159434064775269 -0.068938364356545642 1.3655717755818999 0.43960187588425104 -0.42291962387006904 2.6145658392655222 0.7808917220819791 0.13024930557140027 -0.16531846738786418 2.6682163277550428 1.2367489538638903 0.067915660250825849 -0.64692033290898499 0.64790669305383108 1.0877190041005418 1.2595660508080635 -0.18259844471945674 -0.70057385412397088 0.30224837417040273 -0.055080493415531777 -0.29895072454526833 0.97018202347731641 1.2942040085792543 0.50201220818636649
leaf_weight=3413 42 88 33 20 21 22 39 29 1052 29 22 30 31 20 460 1720 27 25 29 116 529 26 53 20 31 92 309 79 174 87 236 41 27 3080 23 20 115 48 243 1401 72 290 39 36 316 731 618 39 118 207 462 759 31 37 194 466 254 5862 2147 55 47 105
leaf_count=3413 42 88 33 20 21 22 39 29 1052 29 22 30 31 20 460 1720 27 25 29 116 529 26 53 20 31 92 309 79 174 87 236 41 27 3080 23 20 115 48 243 1401 72 290 39 36 316 731 618 39 118 207 462 759 31 37 194 466 254 5862 2147 55 47 105
internal_value=-0.0011997 -0.0442527 0.187583 1.28271 3.32885 1.181 -0.0773089 -0.348308 0.167117 0.510342 1.11238 1.18092 2.17165 2.88131 -0.115154 -0.148038 0.957695 -0.425597 1.08781 -0.653483 0.990764 0.325167 0.211764 4.48257 1.9989 -0.106053 0.0872379 0.165912 0.245056 0.967133 0.548814 0.420462 1.18133 -0.0859702 0.0996037 1.74552 -0.485339 -0.425031 0.170937 0.0689246 0.753278 0.0182922 1.04288 1.79547 0.179825 0.326683 -0.0143274 1.37663 1.59384 -0.352681 -0.509828 0.589704 -0.0866433 0.425357 0.048821 -0.559847 0.600312 -0.115475 -0.183203 0.392305 0.68835 0.0767965
internal_weight=26787 25918 6070 869 41 828 2075 984 1091 258 806 784 144 113 19848 17074 640 55 585 726 558 3995 2651 40 73 13661 2774 2314 2005 166 1344 1067 107 12852 1763 43 610 809 2544 1816 125 1691 277 65 1839 1047 792 183 157 761 554 800 267 728 231 581 497 11089 5227 94 80 193
internal_count=26787 25918 6070 869 41 828 2075 984 1091 258 806 784 144 113 19848 17074 640 55 585 726 558 3995 2651 40 73 13661 2774 2314 2005 166 1344 1067 107 12852 1763 43 610 809 2544 1816 125 1691 277 65 1839 1047 792 183 157 761 554 800 267 728 231 581 497 11089 5227 94 80 193
is_linear=0
shrinkage=0.05


Tree=66
num_leaves=63
num_cat=0
split_feature=7 2 5 5 7 10 21 11 7 1 20 9 18 22 11 23 10 10 22 2 20 11 22 2 23 21 15 7 16 21 11 9 16 1 13 15 1 23 14 3 2 2 2 23 18 20 23 18 6 10 23 2 14 7 3 22 18 22 16 1 23 20
split_gain=540776 151172 69116.1 61137.8 93632.8 79234.1 75473.1 61540 50627.6 48031.3 47806.4 59912.2 51875.4 49512.2 62983.8 48429.2 74601.3 43626.7 42732.9 84904.9 64389.6 51921.2 43132.3 50802.9 42105.8 41773.3 40006.7 39428.1 37284.9 36676.9 35177.5 46661 47134.8 49392.1 39045.7 38740.6 35067.6 31842.8 31567.6 31212.4 35036.2 55090.2 34716 29650.8 28298.4 27778.5 27457.9 27319.5 32599.4 27234.9 26378.7 25787.5 25290.8 24972.9 24168.5 23782.2 23525.2 22750 27199.8 25796.9 23619.4 21177.8
threshold=677.50000000000011 2021.5000000000002 -0.5 -0.5 1031.5000000000002 941.50000000000011 0.92502190665716699 1241.5000000000002 1358.5000000000002 -13.709999999999999 -0.17711309523809524 779.00000000000011 209.67937252777904 1.0000000180025095e-35 928.50000000000011 43.500000000000007 676.50000000000011 189.67000000000004 5.5000000000000009 2022.5000000000002 -0.12095092601297357 274.50000000000006 8.5000000000000018 2022.5000000000002 2.5000000000000004 -0.20449494949494948 213.61833333333337 426.00000000000006 26.011315603240693 0.54653679653679665 1155.0000000000002 1196.5000000000002 115.51031486232912 -15.579999999999998 897.16666666666674 1260.0000000000002 -16.524999999999995 42.500000000000007 50.212880153734524 4.5000000000000009 2010.5000000000002 2011.5000000000002 2016.5000000000002 34.500000000000007 179.80921828599855 0.50111111111111117 37.500000000000007 7.5830591765094422 0.25000000000000017 323.16500000000002 23.500000000000004 2023.5000000000002 20.207259421636923 145.50000000000003 6.5000000000000009 2.5000000000000004 59.761330726575743 5.5000000000000009 25.275151938313304 -14.079999999999998 54.500000000000007 0.031753968253968264
decision_type=2 2 2 2 2 2 2 2 2 2 2 2 2 2 2 2 2 2 2 2 2 2 2 2 2 2 2 2 2 2 2 2 2 2 2 2 2 2 2 2 2 2 2 2 2 2 2 2 2 2 2 2 2 2 2 2 2 2 2 2 2 2
left_child=1 9 18 30 6 -6 10 8 44 17 12 15 -5 14 -13 16 -12 53 19 21 27 -3 49 46 52 -15 -26 -21 -22 57 31 32 34 -34 61 36 -32 47 -36 -11 -41 54 -43 -30 -7 -31 -24 48 -28 -20 -44 -49 -4 -1 -42 -39 -25 58 59 -19 -59 -2
right_child=3 2 24 4 5 7 -8 -9 -10 39 11 13 -14 25 -16 -17 -18 29 22 20 28 -23 23 56 26 -27 37 -29 43 45 35 -33 33 -35 38 -37 -38 55 -40 40 41 42 50 -45 -46 -47 -48 51 -50 -51 -52 -53 -54 -55 -56 -57 -58 60 -60 -61 -62 -63
leaf_value=-0.73457450566316185 1.5409277882798715 0.072957213069415966 0.51380672015795026 0.69849038553684262 5.6093800397654672 2.6670822820930837 4.0991224918320279 -0.1722893140974088 0.84568972897219963 -0.15099958143879208 2.2382345578924485 1.0762068036501258 -2.1106855586643132 -1.1237889068386566 3.2105823775478637 2.3600363458178646 -0.68585263691868237 -0.096586609935212495 -0.47789958133477284 -0.090185380219025724 -0.48513554668955194 1.7059567951753214 -0.057141588523889043 -1.1580441934663797 2.3785798744378588 1.5067034274732551 -0.16430449825858839 1.850123864263721 -1.7799823220200688 -0.53738453454665247 -0.76737125958644503 -1.4623048606595965 0.37028737633149206 3.8400002223342216 -1.6621582839190197 3.1284647708117221 1.4444518989060986 1.8911759433877429 0.77696498885973175 -0.33201686147655846 0.21737261181723047 -0.07597815689789944 -0.071353924829351975 -0.61531022301165816 4.9839476742269682 -2.2342851295027621 1.9410293704249324 0.28980829862884111 1.6351285917601464 0.42878439406325097 0.5817779055368284 -0.028907614273073069 1.5583875999545773 -0.25908518294656485 1.7583560155912055 0.44063640346977045 0.38070348750713262 -0.041455171046100733 -0.38383600602409274 -0.83182746200730018 0.74379453148642982 -0.096131419016818501
leaf_weight=303 47 193 142 64 20 32 21 22 23 942 29 58 22 21 86 28 87 5215 93 103 368 65 47 143 22 53 41 35 133 122 24 33 21 20 39 24 70 29 20 262 36 622 206 93 23 30 27 1196 65 751 619 1352 98 3111 87 992 30 6948 1126 122 97 34
leaf_count=303 47 193 142 64 20 32 21 22 23 942 29 58 22 21 86 28 87 5215 93 103 368 65 47 143 22 53 41 35 133 122 24 33 21 20 39 24 70 29 20 262 36 622 206 93 23 30 27 1196 65 751 619 1352 98 3111 87 992 30 6948 1126 122 97 34
internal_value=-0.00113188 -0.0435259 0.175992 1.18936 1.49522 2.74129 1.17586 2.16259 2.82059 -0.110085 1.03794 1.28963 -0.0216947 1.81228 2.35228 0.497654 0.0464243 -0.141437 -0.0570714 -0.294912 -0.569797 0.484893 0.158754 -0.422264 0.299183 0.759636 0.257503 0.402869 -0.795808 -0.101479 0.646445 0.263993 0.579394 2.06818 0.142193 1.33919 0.879463 0.244739 -0.835337 0.0828803 0.203144 0.29247 0.206065 -1.30122 3.64333 -0.873581 0.673489 0.153439 0.939575 0.328827 0.418698 0.120697 0.940836 -0.301308 1.30792 0.482023 -0.891115 -0.092784 -0.16053 -0.11341 -0.0306322 0.854434
internal_weight=26787 25866 6018 921 589 120 469 100 78 19848 448 362 86 218 144 144 116 17074 2081 990 732 258 1091 247 3937 74 3697 138 594 13660 332 214 181 41 140 118 94 3675 59 2774 1832 1570 1447 226 55 152 74 2654 106 844 825 2548 240 3414 123 1021 173 13508 6463 5337 7045 81
internal_count=26787 25866 6018 921 589 120 469 100 78 19848 448 362 86 218 144 144 116 17074 2081 990 732 258 1091 247 3937 74 3697 138 594 13660 332 214 181 41 140 118 94 3675 59 2774 1832 1570 1447 226 55 152 74 2654 106 844 825 2548 240 3414 123 1021 173 13508 6463 5337 7045 81
is_linear=0
shrinkage=0.05


Tree=67
num_leaves=63
num_cat=0
split_feature=24 2 17 19 19 8 12 10 18 11 11 21 21 4 5 12 1 18 0 18 9 2 6 15 21 2 2 0 23 25 6 25 10 18 25 18 12 18 1 1 2 11 9 2 8 21 6 1 9 10 10 18 4 2 2 4 21 9 9 2 17 6
split_gain=483830 119376 76381.5 98917.6 81943.2 94905.7 63494.3 100480 143395 71382.2 83117.7 65178.5 61738.8 90256.7 56982.9 46451.9 43375.7 41398.7 39883.6 38851.6 60607.8 36811.4 47525.8 39435.6 36748.7 38683.2 44240.7 36476.3 35705.2 58310.6 70214.1 49656.4 44465.8 41430.3 42780.5 43353.6 38439.9 45573.8 38324.1 35030.6 36867.8 36969.7 33837.3 38651.8 31996.1 31918.4 30733.5 30282.5 41890.5 32619.1 29049.6 28549.3 28190.8 32014.4 38670.2 35559.2 26798.7 32874.7 30455.7 26574.8 27643 26431.5
threshold=1.0000000180025095e-35 2021.5000000000002 992.66666666666686 -0.039992319877118092 -0.10000899982000354 1105.5000000000002 521.50000000000011 1055.0000000000002 209.67937252777904 1241.5000000000002 1077.5000000000002 0.39673809523809528 0.75055555555555564 2.5000000000000004 -0.5 233.16500000000005 -13.709999999999999 135.98687856752832 12.870000000000003 52.584707997207282 306.37500000000006 2022.5000000000002 0.6830127018922193 291.3341666666667 0.363648760555977 2015.5000000000002 2012.5000000000002 14.690000000000001 40.500000000000007 10.500000000000002 0.6830127018922193 5.5000000000000009 803.00000000000011 108.57016622814818 6.5000000000000009 69.109898164837674 1077.5000000000002 135.98687856752832 -16.234999999999996 -16.194999999999997 2022.5000000000002 224.50000000000003 349.50000000000006 2024.5000000000002 287.75000000000006 -0.058237324703344077 0.6830127018922193 -14.459999999999999 868.00000000000011 676.50000000000011 1196.5000000000002 58.262140402699892 1.5000000000000002 2010.5000000000002 2011.5000000000002 2.5000000000000004 -0.028244705066227279 298.47000000000008 253.16500000000005 2016.5000000000002 212.50041666666672 0.25000000000000017
decision_type=2 2 2 2 2 2 2 2 2 2 2 2 2 2 2 2 2 2 2 2 2 2 2 2 2 2 2 2 2 2 2 2 2 2 2 2 2 2 2 2 2 2 2 2 2 2 2 2 2 2 2 2 2 2 2 2 2 2 2 2 2 2
left_child=1 16 12 4 5 -4 27 8 45 10 11 -9 28 -14 15 39 17 18 19 -1 -21 22 23 44 25 26 -20 -5 33 31 -31 32 -30 34 35 61 47 -38 -37 -3 41 -41 -23 -44 -16 -8 -27 49 -49 -35 -6 -24 -18 -54 55 -55 57 -17 -58 -56 -61 -2
right_child=2 14 3 6 50 -7 7 9 -10 -11 -12 -13 13 -15 21 56 52 -19 24 20 -22 42 51 -25 -26 46 -28 -29 29 30 -32 -33 -34 36 -36 38 37 -39 -40 40 -42 -43 43 -45 -46 -47 -48 48 -50 -51 -52 -53 53 54 59 -57 58 -59 -60 60 -62 -63
leaf_value=0.043401478453438253 1.708026055848918 -0.026918712297595116 -0.81131886045587542 1.9993916611537301 -2.0756914759961123 3.3302919892287961 1.3159407326538639 -0.59008083565410585 7.7864542870972286 -0.11395420622615871 4.6225534572478661 3.3052384566311819 4.1869547801160341 0.20431259355861764 1.2534796312474814 -1.0624642134938724 -0.19824717010179349 -2.3478270331830209 -0.11176727694136018 3.5787640094460542 0.053367978736901966 -0.054667315155756784 -0.44173599395784263 0.48825116039136418 -0.5241815163798087 0.0019762496290402758 -0.35636854445767008 -0.22201232611283961 2.6070174381603883 1.4032157376786105 -1.2211782355378145 4.1363172348443564 -0.064149607479360174 0.6599965242970911 -0.21731827129962242 0.30359989490705669 2.6092781079651246 -0.49171144114851384 2.4193793678399853 -1.045367769400279 -1.513157669065708 0.94270637612093111 0.38700306495192577 -0.19715239020470282 3.0695282785599414 4.0816551806321781 -0.2429262080988453 -0.52091162595036189 2.3539209931443783 -0.95507133315139725 0.079152037585606738 0.79042177165210958 -0.32182232992470744 0.08843463730693063 -0.050575137166576349 1.6705391554450608 1.7274800840298081 -0.032000037985750567 0.14140556568102008 2.0258610246587092 0.31010501834742921 -0.19297438461924926
leaf_weight=1925 26 184 22 39 26 37 22 23 20 34 31 20 30 27 127 102 690 21 4116 20 31 901 118 161 660 5254 3356 35 35 67 41 23 28 40 71 29 27 21 82 56 128 40 2030 329 30 20 1694 28 23 142 39 78 285 60 714 87 31 320 1132 24 914 61
leaf_count=1925 26 184 22 39 26 37 22 23 20 34 31 20 30 27 127 102 690 21 4116 20 31 901 118 161 660 5254 3356 35 35 67 41 23 28 40 71 29 27 21 82 56 128 40 2030 329 30 20 1694 28 23 142 39 78 285 60 714 87 31 320 1132 24 914 61
internal_value=-0.00106775 -0.0464626 0.993651 1.58992 0.439468 1.78712 2.17413 2.70618 4.30984 1.78238 2.65271 1.22504 0.719542 2.30419 0.153785 -0.0624905 -0.104638 -0.134427 -0.131687 0.0795279 1.44027 0.267997 0.661234 1.0386 -0.159365 -0.142663 -0.221632 0.949778 0.597837 1.18093 0.406664 2.1516 1.42153 0.391979 0.835389 1.21282 -0.0326236 1.25429 1.86742 -0.538199 -0.957957 -0.216833 0.205976 0.305526 1.60226 2.63963 -0.0577356 -0.298185 0.777553 -0.599916 -0.784573 0.04874 0.0787396 0.170456 0.248459 1.02532 0.0599862 -0.281274 0.183832 0.179272 0.354222 0.376392
internal_weight=26787 25618 1169 368 124 59 244 170 62 108 74 43 801 57 5767 1993 19851 17077 17056 1976 51 3774 514 318 15080 14420 7472 74 744 194 108 86 63 550 269 198 281 48 111 408 224 96 3260 2359 157 42 6948 233 51 182 65 196 2774 2084 1799 147 1585 422 1163 1652 938 87
internal_count=26787 25618 1169 368 124 59 244 170 62 108 74 43 801 57 5767 1993 19851 17077 17056 1976 51 3774 514 318 15080 14420 7472 74 744 194 108 86 63 550 269 198 281 48 111 408 224 96 3260 2359 157 42 6948 233 51 182 65 196 2774 2084 1799 147 1585 422 1163 1652 938 87
is_linear=0
shrinkage=0.05


Tree=68
num_leaves=63
num_cat=0
split_feature=7 2 0 17 17 22 12 17 10 10 9 10 9 0 22 21 0 14 23 11 0 2 19 19 23 13 7 7 12 22 2 22 13 19 19 10 2 21 4 22 25 18 2 11 7 0 0 11 13 23 21 21 18 12 0 2 17 18 13 23 2 0
split_gain=440668 123158 59566.5 50470.9 44188.1 71582.9 66646.3 150850 91816.2 86754.1 50547.5 50489.9 55723 49593.6 43130.6 42448.6 96229.9 42051.3 40167.1 37998.6 37616 96051.6 36586.1 37979 36695.9 34900.1 32413.1 32341.6 62500.5 65363.5 33340 58546.5 36091.5 27358 27258.2 40118 25520.4 27042.2 26861.7 27000.1 36608.3 33110.2 24309.1 24244.1 23311.2 22899.8 38204.5 30586.5 29117.5 21118.6 27043.5 20189.6 24460.3 17879.6 17590 16472.3 16245.4 15989.6 15595.3 15033.2 14975.7 14947.5
threshold=677.50000000000011 2021.5000000000002 16.005000000000003 1120.041666666667 992.66666666666686 1.0000000180025095e-35 521.50000000000011 1204.1666666666667 1341.5000000000002 1341.5000000000002 1036.0000000000002 676.50000000000011 727.50000000000011 14.255000000000001 5.5000000000000009 -0.24044547224926968 15.190000000000001 73.425628358914906 2.5000000000000004 968.50000000000011 13.280000000000003 2023.5000000000002 0.16666458333333348 0.095683229813664519 29.500000000000004 204.17666666666668 652.00000000000011 552.50000000000011 627.50000000000011 6.5000000000000009 2022.5000000000002 5.5000000000000009 299.99833333333339 -0.083338095238095253 0.052068027210884445 881.50000000000011 2018.5000000000002 -0.25000468744140697 1.5000000000000002 4.5000000000000009 4.5000000000000009 26.399609724577122 2009.5000000000002 692.00000000000011 349.50000000000006 12.870000000000003 14.255000000000001 181.58500000000001 283.34833333333336 54.500000000000007 -1.0000000180025095e-35 0.363648760555977 27.832438862418261 698.00000000000011 14.665000000000001 2020.5000000000002 386.45833333333343 74.503101439747425 142.29166666666671 44.500000000000007 2017.5000000000002 15.950000000000001
decision_type=2 2 2 2 2 2 2 2 2 2 2 2 2 2 2 2 2 2 2 2 2 2 2 2 2 2 2 2 2 2 2 2 2 2 2 2 2 2 2 2 2 2 2 2 2 2 2 2 2 2 2 2 2 2 2 2 2 2 2 2 2 2
left_child=1 14 4 -4 11 6 8 15 10 -9 -6 12 -2 -7 36 -8 -17 42 33 -12 21 -13 23 24 -22 -20 27 30 29 -29 32 -32 -27 56 35 -23 45 -38 55 40 -40 -41 -16 -30 -19 60 47 58 61 51 -51 52 -44 -24 -25 -39 -3 -35 -47 -53 -1 -48
right_child=2 18 3 -5 5 13 7 9 -10 -11 19 20 -14 -15 17 16 -18 44 25 -21 22 34 53 54 -26 26 -28 28 43 -31 31 -33 -34 57 -36 -37 37 38 39 41 -42 -43 49 -45 -46 46 48 -49 -50 50 -52 59 -54 -55 -56 -57 -58 -59 -60 -61 -62 -63
leaf_value=0.071301341020261991 0.56943522331651708 0.79242646483814005 1.1283018631128527 4.6416684550696639 1.5898316870283145 1.1769449858303884 5.0977095299241952 2.0170216831333962 3.7819089756676214 -2.0219024327894055 0.87048524920620141 -0.74213013684647722 3.4536587088489821 -2.2938571317872003 -0.32638727323060324 2.0063756526208785 5.7110881285430075 -0.48089409134931255 2.1554616619625362 -1.8429811990162013 0.80057071812071401 3.2557379193974842 -2.0666624674969669 0.87998899753432791 -0.32223779476967107 0.92008754355880318 -1.6069068625404386 2.9019598015662655 0.33349450962238403 0.62622604070822696 -0.14787613234051378 0.21899978792843561 0.19916039132337374 0.37051692890333404 3.8812037404997528 0.23816487616543319 1.2972968301004937 -0.13550290856800792 0.23897965439989505 0.47490287476768533 -0.38594914795733359 -0.25649627542367071 -0.020547042090438155 -1.9282998535465934 -2.1896701399782366 -0.76366356772060684 -0.1772130424015963 -0.62314037579580117 -1.0563013777351804 -0.52590542047350242 1.5133974353710336 -0.644750155910638 0.21404221164621792 -0.028851091918222146 2.9557218460301264 -0.67084259773812882 2.6591026441509507 1.4612958156217744 -0.18381866370741995 0.39969967743846413 -0.51440449262130183 0.12210854482900785
leaf_weight=962 34 22 20 21 33 21 24 27 20 26 20 35 33 20 567 86 22 53 21 36 155 22 22 21 137 224 27 39 21 164 2115 2238 771 286 23 22 38 404 406 565 554 213 6883 27 32 130 4463 982 90 24 50 190 1325 21 20 223 25 38 1069 42 123 460
leaf_count=962 34 22 20 21 33 21 24 27 20 26 20 35 33 20 567 86 22 53 21 36 155 22 22 21 137 224 27 39 21 164 2115 2238 771 286 23 22 38 404 406 565 554 213 6883 27 32 130 4463 982 90 24 50 190 1325 21 20 223 25 38 1069 42 123 460
internal_value=-0.00100501 -0.0392744 1.07366 2.93487 0.986617 1.43856 1.71144 2.28913 0.729697 0.0354922 0.0402757 0.708598 1.99313 -0.517469 -0.0993511 3.19325 2.76567 -0.0197817 0.158862 -0.873973 0.528159 1.37931 0.296944 0.474249 0.273826 0.125745 0.118129 0.126477 0.681064 1.06467 0.100436 0.0407447 0.361541 0.662763 2.48705 1.75103 -0.167627 -0.0241735 -0.0454624 0.0557497 -0.121654 0.274648 -0.00941373 -0.940025 -1.12607 -0.209263 -0.241557 -0.416244 -0.165548 0.0116985 0.852117 0.0043193 0.0173237 -1.07394 1.89739 -0.325987 1.78898 0.498875 -0.24675 -0.455556 0.00485746 -0.149242
internal_weight=26787 25866 921 41 880 335 294 185 109 53 89 545 67 41 19848 132 108 9166 6018 56 478 102 376 333 292 5647 5626 5599 251 203 5348 4353 995 371 67 44 10682 2403 2365 1738 960 778 9081 48 85 8279 7194 2181 5013 8514 74 8440 8208 43 41 627 47 324 1199 232 1085 4923
internal_count=26787 25866 921 41 880 335 294 185 109 53 89 545 67 41 19848 132 108 9166 6018 56 478 102 376 333 292 5647 5626 5599 251 203 5348 4353 995 371 67 44 10682 2403 2365 1738 960 778 9081 48 85 8279 7194 2181 5013 8514 74 8440 8208 43 41 627 47 324 1199 232 1085 4923
is_linear=0
shrinkage=0.05


Tree=69
num_leaves=63
num_cat=0
split_feature=22 12 25 20 19 5 8 21 10 25 16 18 12 10 19 10 3 18 3 13 19 20 12 21 12 22 15 8 11 22 9 15 23 12 17 7 16 13 7 13 21 25 17 18 12 23 17 23 16 17 15 14 17 20 13 13 20 3 15 21 22 18
split_gain=399597 91971 59862.8 81623.2 65684.9 126305 88799.2 87768.8 84684.8 72230.1 64784.4 63072.8 64883.2 50747 42819.3 42100.6 38801.9 49865.4 48342.6 39063.9 35976.8 43326.3 49268.1 34825.3 34524.4 32869.5 31208.6 29811.2 40349.5 28739.3 27033.7 34685.5 22975.9 22699.7 40715.1 17803.3 17296.1 36181 16033.6 34540.8 15876.2 15765.8 15678.3 15294 15253.5 17692.9 16823.8 16305.4 14291.6 12668.4 22369.8 16397.1 13602.1 12626.7 13695.8 18535.3 13375.1 15388 12474.9 12691.8 11890 11834.3
threshold=2.5000000000000004 243.54000000000005 1.0000000180025095e-35 0.016956047206385553 -0.041688194444444375 -0.5 919.00000000000011 0.15006361323155218 1077.5000000000002 11.500000000000002 127.47311425479465 247.46463367108854 1077.5000000000002 349.50000000000006 0.032332735961768229 941.50000000000011 6.5000000000000009 21.900147822410307 2.5000000000000004 408.50000000000006 -0.016385380141948066 -0.27495551601423485 493.37500000000006 -0.37992248062015499 753.00000000000011 3.5000000000000004 158.86083333333337 1196.5000000000002 1005.0000000000001 1.0000000180025095e-35 1036.0000000000002 836.91666666666686 44.500000000000007 299.58500000000009 304.39583333333343 552.50000000000011 51.639777949431611 466.83333333333343 231.12500000000003 226.29166666666671 -0.21093977752205598 1.0000000180025095e-35 349.02083333333343 71.781053555286704 178.39500000000004 31.500000000000004 239.5866666666667 20.500000000000004 6.8287510680331076 450.12500000000006 400.08333333333343 26.102362600602426 356.29166666666669 0.92200357781753139 424.83333333333343 391.83333333333343 0.28572346951895239 8.5000000000000018 257.52750000000009 0.090919008444781527 3.5000000000000004 80.73834155180991
decision_type=2 2 2 2 2 2 2 2 2 2 2 2 2 2 2 2 2 2 2 2 2 2 2 2 2 2 2 2 2 2 2 2 2 2 2 2 2 2 2 2 2 2 2 2 2 2 2 2 2 2 2 2 2 2 2 2 2 2 2 2 2 2
left_child=2 16 3 -1 11 10 20 8 -8 14 24 12 23 53 -9 -14 18 41 19 38 29 -22 -23 -4 30 -20 -27 28 -25 -7 31 -6 40 48 -35 36 42 -38 -2 -40 -26 58 -36 -41 45 46 47 -19 -15 50 52 -52 -50 54 55 56 61 -58 59 -18 -43 -3
right_child=1 13 4 -5 5 6 7 9 -10 -11 -12 -13 15 33 -16 -17 17 44 25 -21 21 22 -24 27 32 26 -28 -29 -30 -31 -32 -33 -34 34 35 -37 37 -39 39 43 -42 60 -44 -45 -46 -47 -48 -49 49 -51 51 -53 -54 -55 -56 -57 57 -59 -60 -61 -62 -63
leaf_value=3.972287633004691 -0.3647288809449436 -0.017750099348170786 1.7605924841259766 0.031002147276819599 -0.99057451146447362 3.8624928220587584 6.2859418114817949 1.7523720958065283 2.3932984492117746 4.1597577808592554 2.2103830917140259 -2.112023709651611 0.93837097657681223 0.63410024748953253 -0.83527357435796368 3.8454419345404975 -0.084803012585630971 -0.31889699373409236 -0.28550654392915958 1.2893086093475641 -1.016403313614856 2.1414450242200913 0.70342090221052211 0.023059006065448175 1.8977159378864514 -0.3936447346744677 0.14094100017226127 1.4585826412214502 -1.8780219269167984 1.2086039106992748 -2.1518839201604227 0.97798744770657275 -0.82208716848711938 2.5270011194309783 -0.071433667638806139 0.73058716354593611 0.22016677714132526 -1.5126018160042243 1.3818971098877315 -0.22450539443486661 0.4162011440479334 0.080201558103737566 0.31456148159537078 0.60596040018125996 -0.31508854885430759 -0.26963885725839809 -1.7576813164494578 -0.96432849765688333 0.04140866958280414 -0.78991076644644675 0.69089333825288091 -0.1441322148321954 -0.50953150112743806 -1.1515783692791253 0.64947699341550957 -0.74575148207320463 0.68331165648009173 -0.12528622358217154 1.3321415065170883 0.54326200786248691 -0.18214498209687302 1.0485255538275415
leaf_weight=35 1467 8716 29 21 65 20 25 44 32 21 34 26 33 77 25 20 232 174 650 41 26 83 211 178 29 296 3501 28 33 21 25 34 23 20 302 193 100 43 38 715 48 523 2038 60 2058 276 40 224 226 58 149 97 222 24 79 85 147 98 23 123 2477 26
leaf_count=35 1467 8716 29 21 65 20 25 44 32 21 34 26 33 77 25 20 232 174 650 41 26 83 211 178 29 296 3501 28 33 21 25 34 23 20 302 193 100 43 38 715 48 523 2038 60 2058 276 40 224 226 58 149 97 222 24 79 85 147 98 23 123 2477 26
internal_value=-0.000947355 -0.0422019 0.903045 2.49708 0.82262 1.08113 1.53861 2.57442 4.1087 1.59917 0.180075 0.25181 0.443887 0.053345 0.814895 2.04065 -0.136136 -0.227041 -0.0535292 -0.238494 1.11622 0.936951 1.11 0.127448 -0.128923 0.0430106 0.0992561 -0.071349 -0.274992 2.50955 -0.686135 -0.314148 0.561964 0.214591 0.284948 0.268095 0.232116 -0.301534 -0.266025 -0.0878924 0.975977 -0.0980618 0.264742 -0.160135 -0.384207 -0.583351 -0.780915 -0.682318 -0.0142168 -0.0806825 -0.0212973 0.36169 -0.231643 -0.00860627 -0.00559554 -0.0113076 -0.00435241 0.359933 0.206203 0.132886 -0.136406 -0.0145663
internal_weight=26787 25618 1169 56 1113 766 508 147 57 90 258 347 321 12700 69 53 12918 6150 6768 2321 361 320 294 268 224 4447 3797 239 211 41 124 99 100 3525 2696 2676 2483 143 2280 813 77 3378 2340 775 2772 714 438 398 829 752 694 246 448 9175 9151 9072 8987 245 378 355 3000 8742
internal_count=26787 25618 1169 56 1113 766 508 147 57 90 258 347 321 12700 69 53 12918 6150 6768 2321 361 320 294 268 224 4447 3797 239 211 41 124 99 100 3525 2696 2676 2483 143 2280 813 77 3378 2340 775 2772 714 438 398 829 752 694 246 448 9175 9151 9072 8987 245 378 355 3000 8742
is_linear=0
shrinkage=0.05


Tree=70
num_leaves=63
num_cat=0
split_feature=22 2 22 23 2 0 14 3 21 3 21 17 21 8 12 16 14 21 9 12 0 22 0 11 17 1 13 20 0 21 18 9 12 1 2 5 12 1 1 17 22 11 17 23 18 11 3 11 13 25 16 25 22 18 2 2 17 2 13 3 11 2
split_gain=309262 92658.2 60317.9 58768 59271.5 168594 53964.4 81105.1 93765.9 51325.5 80692 115264 69743.8 51601.1 42480.8 39573.7 37891.9 34659.6 33020 31903 38029.7 42909 36818.3 65235.5 41377.5 34274.4 30577.3 30153.5 29846.2 32913.3 41108.5 31484.7 32367.7 29994.7 75847.8 29759.6 29272.3 28542.3 27372.6 39710.1 29180.4 26501.2 31951.8 42925.7 31159.7 24146.5 23767.5 23714 26123.8 25666.9 38719.1 23524.2 21880 21346 21299.8 53240.8 45594.6 38401.7 43532.2 27588.1 24013.8 23619.3
threshold=2.5000000000000004 2020.5000000000002 6.5000000000000009 30.500000000000004 2023.5000000000002 14.965000000000002 115.47005383792528 7.5000000000000009 -0.049896551724137976 4.5000000000000009 -0.18181074366641373 1046.7083333333337 1.0000000180025095e-35 767.50000000000011 199.72000000000003 59.676064961572308 49.999999999999581 -1.0000000180025095e-35 826.00000000000011 360.50000000000006 12.870000000000003 5.5000000000000009 12.705000000000002 320.41500000000002 229.04166666666671 -16.234999999999996 204.17666666666668 0.14257481648786 15.645000000000001 1.0010810810810813 247.46463367108854 779.00000000000011 466.83500000000009 -14.424999999999999 2023.5000000000002 -0.24999999999999994 527.50000000000011 -15.754999999999997 -14.079999999999998 248.33375000000004 5.5000000000000009 193.45000000000002 238.0266666666667 14.500000000000002 19.418953355139934 383.66500000000002 1.5000000000000002 527.50000000000011 522.83333333333348 1.5000000000000002 46.34801550848325 2.5000000000000004 8.5000000000000018 15.285419359349595 2010.5000000000002 2012.5000000000002 344.34708333333339 2015.5000000000002 416.83333333333343 8.5000000000000018 375.83500000000009 2008.5000000000002
decision_type=2 2 2 2 2 2 2 2 2 2 2 2 2 2 2 2 2 2 2 2 2 2 2 2 2 2 2 2 2 2 2 2 2 2 2 2 2 2 2 2 2 2 2 2 2 2 2 2 2 2 2 2 2 2 2 2 2 2 2 2 2 2
left_child=3 14 19 28 5 6 7 -5 -9 12 -11 17 15 -14 35 -6 -17 -12 -18 20 21 22 24 -24 -3 26 -22 -21 29 30 31 32 37 -33 -35 53 -30 -1 40 -40 -27 -4 43 -43 -45 -28 -37 49 -49 50 -44 -34 -51 -2 61 56 -56 59 60 -57 -59 -16
right_child=1 2 41 4 9 -7 -8 8 -10 10 11 -13 13 -15 54 16 18 -19 -20 27 25 -23 23 -25 -26 38 45 -29 36 -31 -32 33 51 34 -36 46 -38 -39 39 -41 -42 42 47 44 -46 -47 -48 48 -50 52 -52 -53 -54 -55 55 57 -58 58 -60 -61 -62 -63
leaf_value=-0.071848273226338563 -0.10994154089859093 -1.7452043948235527 -1.0822045441480561 3.402070553026431 -0.98359292132920939 4.8923263567326263 -0.90761397316007164 2.2354668799488024 -2.308122313200538 1.2819584028803899 -0.3778622944715801 -3.8676353825702927 1.4382835517742243 4.3772360674704061 0.65179119681692332 2.5653195190888187 -0.62638655002243426 2.001800068338119 1.5780996878102547 -0.28156259272700551 1.7524747691479239 -0.15235836242087175 1.9554743831831254 0.16166570893138416 0.47423841133230127 -0.36548931742041385 0.22616601646037063 -2.0013552897970617 -1.9685986788193715 2.2902540884141263 -1.2931790860136223 0.65320522602514142 0.66035008355388491 -0.61606498239052243 3.1506140106039453 -0.45186080696914055 0.61643733290297476 1.9316551558528912 -1.3233934954068907 0.31565036358593684 0.086724879326559701 -0.29291153310615325 0.44683500565834572 3.4709013649780829 1.1816358716200852 -0.34328739352452547 -0.067982691442110749 2.0290784017106245 0.46115871726637697 0.33390317068551839 1.9845317591654017 -0.81936084216748883 -0.026814236963874145 -0.4695788288542071 0.19341107640732813 -0.11001006103758369 2.2600494078164615 -0.0030683958888980873 -2.1701819399218536 -0.42120157974444528 1.2558011819684287 -0.26942982189287407
leaf_weight=35 577 23 33 37 25 38 27 26 20 109 64 22 31 29 73 35 32 20 36 430 30 237 116 90 231 1192 1271 27 24 26 31 254 38 20 40 471 20 36 40 471 509 32 314 22 46 218 2799 40 79 1012 47 91 719 1449 1765 2134 27 6635 23 1069 38 1446
leaf_count=35 577 23 33 37 25 38 27 26 20 109 64 22 31 29 73 35 32 20 36 430 30 237 116 90 231 1192 1271 27 24 26 31 254 38 20 40 471 20 36 40 471 509 32 314 22 46 218 2799 40 79 1012 47 91 719 1449 1765 2134 27 6635 23 1069 38 1446
internal_value=-0.00156523 -0.0376525 0.114144 0.794855 1.16986 2.02546 1.0315 1.66269 0.259163 0.855203 0.327276 -0.654661 1.45843 2.86378 -0.0969496 0.797907 1.23089 0.190371 0.541225 0.0140955 0.0551488 0.39414 0.675688 1.17225 0.272638 -0.00818666 0.174681 -0.383596 0.458734 0.555455 0.47228 0.578997 0.0885629 0.891233 1.89604 -0.216592 -0.794736 0.94523 -0.133768 0.187106 -0.230171 0.322639 0.342748 1.21656 1.92636 0.142773 -0.123289 0.303171 0.989494 0.264083 0.647542 -0.383264 0.184077 -0.367168 -0.0489824 -0.0260956 0.224676 -0.0714947 -0.00338171 -0.213882 0.00411831 -0.225115
internal_weight=26901 25735 7229 1166 551 148 110 83 46 403 215 106 188 60 18506 128 103 84 68 4885 4428 697 460 206 254 3731 1519 457 615 571 545 514 200 314 60 5296 44 71 2212 511 1701 2344 2311 100 68 1489 3270 2211 119 2092 361 129 1731 2026 13210 11691 1792 9899 6696 3203 6673 1519
internal_count=26901 25735 7229 1166 551 148 110 83 46 403 215 106 188 60 18506 128 103 84 68 4885 4428 697 460 206 254 3731 1519 457 615 571 545 514 200 314 60 5296 44 71 2212 511 1701 2344 2311 100 68 1489 3270 2211 119 2092 361 129 1731 2026 13210 11691 1792 9899 6696 3203 6673 1519
is_linear=0
shrinkage=0.05


Tree=71
num_leaves=63
num_cat=0
split_feature=22 2 22 23 2 0 3 9 12 0 16 3 18 7 12 0 23 9 9 16 12 0 22 0 11 23 1 3 13 16 2 13 9 9 22 17 5 0 0 11 18 22 6 5 12 11 1 12 22 10 7 9 22 2 2 11 3 18 3 18 9 9
split_gain=279166 83628.3 54444.3 53053.3 53507.2 152200 46342.4 67698 90391.2 74111.3 49389.2 48864.4 39963.5 47730.5 38422.1 34643.1 31487.2 29400.7 80001.5 53866.4 28796.1 34322.6 38726.7 33234.5 58880 38407.4 31766.8 28257.9 50554.3 37197.6 34439.2 38815.3 73534.8 46454 33404.9 38098.7 37738.7 32276.5 31742.5 30584.5 26287.9 24819.7 30235.8 24525.6 24149.6 41330.9 23616.3 23437.5 21870 21818.9 24955.2 23356 20881.6 37512.6 30879.4 20687.4 20326.9 20276.1 42338.8 19400.7 19119.3 18665.1
threshold=2.5000000000000004 2020.5000000000002 6.5000000000000009 30.500000000000004 2023.5000000000002 14.965000000000002 4.5000000000000009 854.00000000000011 903.25000000000011 14.665000000000001 59.676064961572308 6.5000000000000009 88.001784834714414 1053.0000000000002 169.08500000000001 14.765000000000002 38.500000000000007 1232.5000000000002 1005.0000000000001 86.038387271123113 360.50000000000006 12.870000000000003 5.5000000000000009 12.705000000000002 320.41500000000002 41.500000000000007 -16.524999999999995 5.5000000000000009 1064.5000000000002 40.824829046386419 2022.5000000000002 1064.5000000000002 1196.5000000000002 767.50000000000011 1.0000000180025095e-35 897.87500000000011 0.68301270189221941 14.255000000000001 14.555000000000001 784.35500000000013 2.0207259421637764 5.5000000000000009 -0.68301270189221952 -0.6830127018922193 180.31000000000003 192.75000000000003 -14.635 868.50000000000011 1.0000000180025095e-35 215.31000000000003 224.50000000000003 237.75000000000003 4.5000000000000009 2015.5000000000002 2014.5000000000002 527.50000000000011 3.5000000000000004 40.596079412759174 5.5000000000000009 135.98687856752832 208.41500000000005 826.00000000000011
decision_type=2 2 2 2 2 2 2 2 2 2 2 2 2 2 2 2 2 2 2 2 2 2 2 2 2 2 2 2 2 2 2 2 2 2 2 2 2 2 2 2 2 2 2 2 2 2 2 2 2 2 2 2 2 2 2 2 2 2 2 2 2 2
left_child=3 14 20 27 5 17 10 11 -9 -10 -6 -8 -12 47 43 16 -13 18 19 -5 21 22 23 25 -25 -3 -23 28 29 -1 -29 33 -33 48 36 -36 38 -34 -31 -38 -28 42 52 46 -4 -46 -2 -14 -32 51 -51 60 -16 54 -54 -52 -42 -45 -59 -43 -47 -35
right_child=1 2 44 4 6 -7 7 8 9 -11 12 15 13 -15 41 -17 -18 -19 -20 -21 -22 26 -24 24 -26 -27 40 30 -30 34 31 32 37 61 35 -37 39 -39 -40 -41 56 59 -44 57 45 49 -48 -49 -50 50 55 -53 53 -55 -56 -57 -58 58 -60 -61 -62 -63
leaf_value=2.5198559325494809 -0.40612241165056179 -0.32735096884402992 1.6476311383290594 -0.59021246913653702 -0.2507965555409537 4.6483520878268667 3.2959760340469146 -2.4862715762749574 2.5750185719851792 -1.0386326206554555 3.8073243030439623 0.5014959878860179 0.55734256857249809 3.6990767199008618 -0.10803603411861762 -0.3756106608210672 3.0077542146235281 2.2000097480687226 -2.1033832237191867 2.6754861023419068 -0.36444185824734304 0.32983923875162824 -0.14474365693394869 1.8577848770786447 0.15359140588229028 0.9032388036595359 0.93943273501143032 1.7505321010006623 3.0551737968023724 -1.1721077691728823 -1.539469495486087 -3.6283877676399197 1.4970535168007237 1.6587215521370746 0.30465232419884142 -2.0661971136742112 -0.13759604144435358 -1.3027159589161803 1.2014533930090794 2.0519360105226698 -0.29268292586206712 -0.00039179265556393036 -0.18212244006543885 -0.23149469808745829 -1.7306578841342395 0.91822318114132517 -1.227576529165614 2.1363752477679436 -0.0025877177841368867 -1.4286429698998329 0.26247218318810001 -0.17163286706282632 0.10961350584657577 0.57668478861105432 -0.90597608251932338 0.94012565522710401 -0.0095222312201388489 -0.72334897402185117 2.33886055389008 -1.5557022898944455 2.9953486368430791 0.44357740566413606
leaf_weight=23 347 133 33 20 37 38 21 40 26 31 21 31 76 20 1096 45 21 34 22 34 457 587 237 116 90 121 63 30 23 32 38 20 20 44 57 24 21 21 25 66 892 8121 6208 1616 25 25 117 34 59 21 2080 21 442 404 90 119 2189 22 23 20 20 112
leaf_count=23 347 133 33 20 37 38 21 40 26 31 21 31 76 20 1096 45 21 34 22 34 457 587 237 116 90 121 63 30 23 32 38 20 20 44 57 24 21 21 25 66 892 8121 6208 1616 25 25 117 34 59 21 2080 21 442 404 90 119 2189 22 23 20 20 112
internal_value=-0.00148195 -0.0357684 0.108442 0.755195 1.1115 1.92443 0.812535 0.310889 -0.667281 0.611235 1.38573 1.1149 1.78667 1.45754 -0.0921021 0.639754 1.51757 0.980031 0.432011 1.46702 0.0133894 0.0523926 0.374438 0.641913 1.11369 0.25898 -0.00777672 0.435835 0.817595 0.60891 0.134922 -0.0199274 -1.15102 0.253113 0.412514 -0.399441 0.869233 0.0632231 -0.130704 1.52382 -0.0708213 -0.0661521 -0.127326 -0.292128 0.306526 0.287303 -0.613487 1.04695 -0.605682 0.309449 0.282777 1.20473 0.0400801 0.213514 -0.0623253 0.299187 -0.0915104 -0.202322 0.843385 -0.0042324 1.8461 0.787185
internal_weight=26901 25735 7229 1166 551 148 403 215 97 57 188 118 151 130 18506 97 52 110 76 54 4885 4428 697 460 206 254 3731 615 271 248 344 314 61 253 225 81 144 41 57 87 3144 16381 8240 2125 2344 2311 464 110 97 2286 2220 66 2032 936 532 2199 3081 1661 45 8141 45 156
internal_count=26901 25735 7229 1166 551 148 403 215 97 57 188 118 151 130 18506 97 52 110 76 54 4885 4428 697 460 206 254 3731 615 271 248 344 314 61 253 225 81 144 41 57 87 3144 16381 8240 2125 2344 2311 464 110 97 2286 2220 66 2032 936 532 2199 3081 1661 45 8141 45 156
is_linear=0
shrinkage=0.05


Tree=72
num_leaves=63
num_cat=0
split_feature=22 22 11 23 25 22 6 6 1 1 11 21 3 19 1 1 21 21 11 7 7 11 9 25 19 21 10 23 9 18 23 18 22 11 21 13 6 3 13 16 22 17 5 21 11 9 13 25 18 19 9 21 17 9 25 16 7 17 18 13 22 18
split_gain=252025 63422.6 58800.5 47905.2 47710.4 43141.7 93368.5 39993 39405.6 56509.1 38920.9 37713.4 36350.6 77969.4 65501.2 59450.9 88616 56116.9 50613.7 50833.6 49122.1 42372.7 36388 47744.2 36232.7 49917.7 34320 32742.4 29887.5 28989.5 60437.9 28282.9 30809.5 29954.6 26898.5 25864.8 25700.9 25512.4 45648.9 33588.9 30156.6 34398.1 34063.7 31959.7 27607.8 26784.7 36777.4 34993.1 52872.8 24943.7 24525.2 24247.3 23710.7 48571.9 22782.5 22699.3 21963.4 21743.4 19980.1 19846.9 19743 19612.6
threshold=2.5000000000000004 5.5000000000000009 325.50000000000006 30.500000000000004 12.500000000000002 8.5000000000000018 -0.68301270189221952 0.6830127018922193 -13.709999999999999 -16.224999999999998 304.58500000000009 0.1163452765105152 7.5000000000000009 -0.076924852064178414 -14.079999999999998 -15.854999999999999 1.0000000180025095e-35 -0.028244705066227279 655.00000000000011 767.50000000000011 1136.5000000000002 692.00000000000011 987.00000000000011 7.5000000000000009 -0.080408456486042709 -0.13888194444444443 954.00000000000011 43.500000000000007 1036.0000000000002 44.223134231870326 10.500000000000002 77.511455718277873 4.5000000000000009 422.00000000000006 -0.034891304347826106 350.16666666666669 1.0000000180025095e-35 5.5000000000000009 1064.5000000000002 40.824829046386419 1.0000000180025095e-35 897.87500000000011 0.68301270189221941 -0.23051619433198375 784.35500000000013 767.50000000000011 1064.5000000000002 11.500000000000002 108.57016622814818 0.022742381433430329 1105.5000000000002 -0.12585097022183109 287.09708333333339 308.16500000000002 5.5000000000000009 1.0206207261578595 358.16500000000002 256.26375000000002 135.98687856752832 466.83333333333343 1.0000000180025095e-35 91.360812399620215
decision_type=2 2 2 2 2 2 2 2 2 2 2 2 2 2 2 2 2 2 2 2 2 2 2 2 2 2 2 2 2 2 2 2 2 2 2 2 2 2 2 2 2 2 2 2 2 2 2 2 2 2 2 2 2 2 2 2 2 2 2 2 2 2
left_child=3 4 58 37 8 7 -7 35 9 31 11 -11 15 18 17 16 24 27 -14 -20 21 -18 23 -17 -5 26 -26 -15 -19 51 -31 33 -33 -2 54 -4 -10 38 39 -1 42 -42 43 -41 -44 60 -47 48 -48 -37 -24 -8 -6 -54 -12 -9 -35 -13 -3 -32 -39 -38
right_child=1 2 5 12 52 6 29 55 36 10 34 57 13 14 -16 22 20 28 19 -21 -22 -23 50 -25 25 -27 -28 -29 -30 30 59 32 -34 56 -36 49 61 45 -40 40 41 -43 44 -45 -46 46 47 -49 -50 -51 -52 -53 53 -55 -56 -57 -58 -59 -60 -61 -62 -63
leaf_value=2.3944086236871165 -0.054123236125990952 -0.008691732463467031 -0.10028121896645353 -0.63868424313691641 0.16407678654668842 1.2739978207219238 -0.026775490101798693 1.1074262466565246 0.27966343532899324 -0.34150292665825643 -0.8656998238225988 -0.14249566101287084 -0.15862801740695906 1.2885741778461313 2.0792813276554614 1.2187000388884468 3.6195840525072676 -0.6256840756171429 4.3280174744556623 1.4221142053604128 5.1675459193985489 0.68893140051602186 2.92021378569342 -1.4542186708001221 3.6376682664864881 0.11819519266857666 1.032794739649846 -0.5761864040222715 -3.2328649676223686 2.3321059135131508 -0.1112724792786632 -0.29081929542521806 1.1708630444186221 -0.22557348276748035 -1.409726015247166 0.2002958580872857 -0.063485873085893069 -1.4626980327245758 2.9030763963632515 -1.6699504172067507 0.28944638556231544 -1.9633158960283048 -0.13074882284724881 0.77953822447652632 1.9494944120769966 0.81510539009317395 -2.9884566319453256 1.2351209188524581 0.12995700483235709 0.73632776822983592 0.44418620209195725 -1.2399913014021138 2.9523995135829662 0.45106705448680473 -0.095102923331235253 0.46979303823894991 -1.5606729313287553 0.29097704156901738 -1.5138312074393707 -1.8363066159761869 -0.0024585708320241694 -1.5717534207650439
leaf_weight=23 5237 9515 512 24 494 83 55 193 881 3167 208 1408 23 41 31 31 30 22 25 38 24 21 20 36 30 36 22 55 22 23 68 58 95 67 106 953 873 38 23 21 57 24 21 36 66 170 23 21 33 281 20 164 24 100 178 505 57 364 22 22 59 22
leaf_count=23 5237 9515 512 24 494 83 55 193 881 3167 208 1408 23 41 31 31 30 22 25 38 24 21 20 36 30 36 22 55 22 23 68 58 95 67 106 953 873 38 23 21 57 24 21 36 66 170 23 21 33 281 20 164 24 100 178 505 57 364 22 22 59 22
internal_value=-0.00140204 -0.0339792 0.047444 0.717552 -0.109646 0.246332 -0.224963 0.326368 -0.13049 -0.165939 -0.280414 -0.238156 1.05613 0.621356 0.00347308 1.43582 1.97347 -0.457291 1.84845 2.58036 3.30271 2.41665 0.495179 -0.217447 1.08116 1.55046 2.5398 0.220682 -1.93376 -0.599989 0.0504122 -0.0531831 0.616901 -0.072319 -0.704474 0.198459 0.0879659 0.414081 0.776822 0.578519 0.391891 -0.379575 0.825837 -0.124162 1.44774 0.128159 0.404629 -0.501436 -1.15377 0.322412 1.68652 -0.935477 0.319341 0.937225 -0.510476 0.646242 -0.840092 -0.0534385 -0.0121802 -0.534573 -0.57548 -0.100738
internal_weight=26901 25735 12396 1166 13339 2859 415 2444 12721 10945 5431 4939 551 257 171 294 187 140 86 63 75 51 107 67 112 88 52 96 44 332 113 5514 153 5361 492 1746 1776 615 271 248 225 81 144 57 87 344 247 77 56 1234 40 219 618 124 386 698 124 1772 9537 90 97 895
internal_count=26901 25735 12396 1166 13339 2859 415 2444 12721 10945 5431 4939 551 257 171 294 187 140 86 63 75 51 107 67 112 88 52 96 44 332 113 5514 153 5361 492 1746 1776 615 271 248 225 81 144 57 87 344 247 77 56 1234 40 219 618 124 386 698 124 1772 9537 90 97 895
is_linear=0
shrinkage=0.05


Tree=73
num_leaves=63
num_cat=0
split_feature=22 2 2 5 20 15 12 23 2 0 21 3 1 3 21 15 21 23 8 7 3 3 20 23 19 21 2 22 2 21 3 19 22 2 2 2 3 7 17 3 1 22 22 22 18 12 15 21 21 2 0 12 10 12 0 10 1 9 18 17 19 19
split_gain=227518 72090.8 57063.4 68146.9 59306.9 43727 55050.6 43259.4 46946.8 138435 47118.4 110366 73734.5 41717.8 70477.6 84726.3 57313.7 57162.4 43921.9 41345.4 39634.3 45808.8 37061.5 36765.3 43773.5 40104.4 34301.2 49213.9 58838.7 53567.1 46368.8 42090.6 41752.2 34113.2 51381.7 50086.4 58130.7 53691.1 43556.9 32477.9 31085.9 30750.5 56656 53125.3 29846.2 27910.3 27695.3 26329.7 25728.7 24858.7 24005.3 43781.6 26321.2 44117.1 36218.7 33612.1 33039 30576.5 29593.8 25251.4 30677.6 22826.3
threshold=2.5000000000000004 2021.5000000000002 2022.5000000000002 -0.6830127018922193 0.12363423079641024 304.19416666666672 224.50000000000003 30.500000000000004 2023.5000000000002 14.965000000000002 -0.028244705066227279 7.5000000000000009 -16.194999999999997 4.5000000000000009 -0.25000468744140697 912.75000000000011 1.0000000180025095e-35 46.500000000000007 767.50000000000011 677.50000000000011 5.5000000000000009 7.5000000000000009 -0.07691952659990868 40.500000000000007 0.012507232246174895 -0.12585097022183109 2024.5000000000002 5.5000000000000009 2023.5000000000002 0.050005250052500567 6.5000000000000009 0.034006802721088476 8.5000000000000018 2010.5000000000002 2012.5000000000002 2015.5000000000002 1.5000000000000002 442.50000000000006 344.34708333333339 8.5000000000000018 -17.154999999999998 6.5000000000000009 5.5000000000000009 4.5000000000000009 17.236537432620999 903.25000000000011 387.54166666666669 0.35417708333333336 0.60213903743315522 2023.5000000000002 15.610000000000001 408.16500000000002 752.50000000000011 420.50000000000006 14.255000000000001 1206.5000000000002 -15.714999999999998 672.00000000000011 125.04685269203033 857.58333333333348 -0.031472764523611967 0.043396723535242827
decision_type=2 2 2 2 2 2 2 2 2 2 2 2 2 2 2 2 2 2 2 2 2 2 2 2 2 2 2 2 2 2 2 2 2 2 2 2 2 2 2 2 2 2 2 2 2 2 2 2 2 2 2 2 2 2 2 2 2 2 2 2 2 2
left_child=7 33 5 4 46 6 48 50 9 10 22 12 -12 16 17 23 -10 19 -18 -15 -8 44 -9 25 -25 -16 27 28 30 32 -5 -31 -29 -2 38 39 -37 47 -35 -36 -28 42 43 -7 -22 -17 -4 -38 -3 -48 52 -52 53 -1 56 57 -55 -54 -58 -59 -61 -53
right_child=1 2 3 26 -6 41 20 8 13 -11 11 -13 -14 14 15 45 18 -19 -20 -21 21 -23 -24 24 -26 -27 40 29 -30 31 -32 -33 -34 34 35 36 37 -39 -40 -41 -42 -43 -44 -45 -46 -47 49 -49 -50 -51 51 61 55 54 -56 -57 58 59 -60 60 -62 -63
leaf_value=1.1762067415395474 -0.24313887667833445 0.62421912637384447 -0.45890668374187754 0.62372160390014519 -1.3043318036104699 -0.24848045823955189 0.52782086570523312 3.3242907403529376 0.66861181465747499 4.3627411078906126 3.4794548710007476 -2.8747764019944553 -0.70761536549572912 1.1167400465082766 -2.105415890794812 -3.5573859153102285 1.2265828968052697 -0.24200015511092557 3.9374180117013937 4.2975096734214171 1.4801108747296989 1.1616900347786601 0.46080517389288 2.6209826302128971 -0.078754689666619249 0.94944026909064283 1.3378337205991 1.0515095531679035 -0.31267523812737885 0.025595898925131966 -0.23477367749131262 0.75804788834675252 0.10942486843217952 0.11892979609688369 -0.13843053589380447 -0.41406686157447947 0.035348729280114247 -2.2978864426631853 2.1326780994879804 -0.42777366151160917 -0.31685780591924695 0.71246529002506909 -0.54453459883504685 1.2692293701538069 3.8741941640859316 -1.0483360691137047 -0.33101153048971299 -0.40956336736476723 -0.68917050749422559 0.38109328427522798 -2.0955769828909658 1.2817059995277136 -0.56332926906157865 -2.9318471577989551 0.56475788800179816 -0.70165432410887396 -1.6485145068256619 1.884961495687858 0.8491973970738631 -0.049819644727587875 1.1939303840577866 -0.79343065121473166
leaf_weight=53 2688 104 432 456 130 110 91 26 128 38 22 22 20 20 23 20 31 26 29 21 21 91 20 29 31 20 30 416 740 860 240 254 164 2951 3112 883 8484 25 27 1409 498 209 245 121 35 25 209 346 58 296 26 31 32 21 43 36 27 71 21 72 159 23
leaf_count=53 2688 104 432 456 130 110 91 26 128 38 22 22 20 20 23 20 31 26 29 21 21 91 20 29 31 20 30 416 740 860 240 254 164 2951 3112 883 8484 25 27 1409 498 209 245 121 35 25 209 346 58 296 26 31 32 21 43 36 27 71 21 72 159 23
internal_value=-0.00132753 -0.0322803 0.122692 0.0475982 -0.303969 0.449674 0.864995 0.681777 1.00352 1.76497 0.864364 -0.0134115 1.48855 0.723495 0.247564 -0.361592 1.26733 1.59177 2.54127 2.75253 1.34878 1.85625 2.08311 0.42934 1.22823 -0.68553 0.150153 0.213039 -0.00229836 0.395573 0.32769 0.192658 0.7852 -0.0774699 -0.0516333 -0.0910848 -0.0272324 0.0113455 0.13726 -0.228615 -0.222596 0.207053 -0.0149537 0.546694 2.98074 -2.169 -0.165048 0.01791 0.153827 0.0863635 0.393396 -0.414004 0.514193 -0.0109692 -0.57335 0.74834 -1.28247 0.904805 -0.556168 1.06052 0.806393 0.397926
internal_weight=26901 25735 5810 4725 1067 1085 400 1166 551 148 110 64 42 403 215 148 188 67 60 41 238 147 46 103 60 43 3658 3130 1436 1694 696 1114 580 19925 17237 14259 9738 8855 2978 4521 528 685 476 231 56 45 937 8830 162 505 615 80 535 165 112 370 69 334 48 302 231 54
internal_count=26901 25735 5810 4725 1067 1085 400 1166 551 148 110 64 42 403 215 148 188 67 60 41 238 147 46 103 60 43 3658 3130 1436 1694 696 1114 580 19925 17237 14259 9738 8855 2978 4521 528 685 476 231 56 45 937 8830 162 505 615 80 535 165 112 370 69 334 48 302 231 54
is_linear=0
shrinkage=0.05


Tree=74
num_leaves=63
num_cat=0
split_feature=22 2 22 5 21 10 20 20 7 25 19 2 1 8 15 25 19 15 22 7 20 25 10 15 9 18 17 23 21 16 8 16 25 25 11 1 14 17 1 20 15 15 25 9 11 17 23 19 18 9 25 21 25 7 5 18 11 15 11 9 25 16
split_gain=205371 65208 43077.7 40473.6 60395.2 40311.8 44210.9 65854.4 40903.6 39590 44380.4 73208.2 41777.9 54503.3 37979.5 36020.7 45605.1 32452.4 29777.3 29418.9 36210.8 36520.8 42722.4 46521.1 36658.6 28957.9 27255 25761.9 25178.4 23661.6 23262.2 22347.4 22036.2 28286.4 21687.1 50887.5 39091 40267.7 33700.3 27812.6 21860.2 30034.2 48919 23432.9 21441.8 28028.2 38663.9 27840.8 28920.2 21402.3 27533 20711.5 25271 20448.8 19775.5 43718.6 29209.9 22093.4 17970.6 22256.8 21713.8 34880.7
threshold=2.5000000000000004 2020.5000000000002 6.5000000000000009 0.25000000000000011 0.75055555555555564 726.00000000000011 0.20000960015360239 0.3333245614035088 752.50000000000011 5.5000000000000009 -0.0055611111111111269 2023.5000000000002 -16.524999999999995 1077.5000000000002 786.75000000000011 4.5000000000000009 0.019396515217812386 1009.2500000000001 5.5000000000000009 1105.5000000000002 -0.16620095770334051 11.500000000000002 676.50000000000011 687.58333333333337 953.25000000000011 135.98687856752832 935.33333333333337 38.500000000000007 -0.25000468744140697 127.47311425479465 876.00000000000011 81.487707701097023 8.5000000000000018 3.5000000000000004 383.66500000000002 -14.079999999999998 33.071891388307392 450.12500000000006 -16.224999999999998 0.083322916666666705 404.25000000000006 304.19416666666672 12.500000000000002 414.00000000000006 193.45000000000002 238.0266666666667 14.500000000000002 0.016520524693191988 20.689831530137536 406.12500000000006 12.500000000000002 -0.21625857832754383 4.5000000000000009 739.00000000000011 -0.5 21.640901055013554 148.50000000000003 158.86083333333337 527.50000000000011 539.00000000000011 1.5000000000000002 46.34801550848325
decision_type=2 2 2 2 2 2 2 2 2 2 2 2 2 2 2 2 2 2 2 2 2 2 2 2 2 2 2 2 2 2 2 2 2 2 2 2 2 2 2 2 2 2 2 2 2 2 2 2 2 2 2 2 2 2 2 2 2 2 2 2 2 2
left_child=3 18 34 5 19 14 8 27 26 12 17 -12 -10 -14 15 28 -17 -11 54 20 29 22 23 -22 -24 -20 32 -8 -1 31 53 -5 33 -7 38 39 37 -37 40 49 41 42 -3 -42 -4 46 -46 48 -48 -36 -51 52 -40 -31 55 -2 -57 -56 60 -60 61 -47
right_child=1 2 44 4 -6 6 7 -9 9 10 11 -13 13 -15 -16 16 -18 -19 25 -21 21 -23 24 -25 -26 -27 -28 -29 -30 30 -32 -33 -34 -35 35 36 -38 -39 51 -41 43 -43 -44 -45 45 58 47 -49 -50 50 -52 -53 -54 -55 57 56 -58 -59 59 -61 -62 -63
leaf_value=1.8143953060413864 -0.099914426320838759 0.31839140011467015 -0.99075996969401658 -0.12057354806581003 2.9820154402160917 1.3520392398489007 1.7315862461109064 -0.35844055450609907 1.6682071802034899 -1.7765573617333694 2.7456019134968219 0.20369351662573268 -0.29806964301774108 -3.0398158436986655 -2.2759470835681213 0.13958584959511564 -2.6633632322926544 0.38516401910551501 -0.0075279445225280156 2.2266559805795341 0.95385797946784745 2.4580418312956347 0.19204564077453104 3.8856657125373588 1.8788539398661663 -1.7802167881102786 -0.17171690333541947 4.2511987378811957 -0.011773554466494404 -0.83520663790985061 -2.0220370580900959 1.9797825869285699 0.57936672049375315 3.9567469805330782 -0.13294177499883883 0.41664944746532334 1.6588374352618442 -1.8644045395768565 -0.9123598063909425 -1.3904125005719365 2.0105985745531587 -0.029800999774149961 2.3509516005347399 0.48684157606415079 -0.3230992387016986 0.3820805961611885 3.9600159051999526 0.5332364278745827 1.2969802110116062 -1.2408636519495881 0.38761405095326928 -0.023987175820271101 0.4884757634862868 1.1410965092041914 -0.43962189542844882 0.60960018731363741 -0.52977572976946663 -0.065277454033265583 1.600612266799659 0.22731129485890614 0.14628448433757033 1.8415260534124518
leaf_weight=31 2098 617 33 28 35 22 20 22 20 24 49 67 101 22 21 39 23 62 8571 35 38 38 183 21 39 23 20 21 48 32 20 23 20 20 368 119 51 23 137 71 29 906 31 191 32 314 20 27 21 109 34 2157 42 22 421 59 1173 6161 54 65 1731 47
leaf_count=31 2098 617 33 28 35 22 20 22 20 24 49 67 101 22 21 39 23 62 8571 35 38 38 183 21 39 23 20 21 48 32 20 23 20 20 368 119 51 23 137 71 29 906 31 191 32 314 20 27 21 109 34 2157 42 22 421 59 1173 6161 54 65 1731 47
internal_value=-0.00125704 -0.0306648 0.0966772 0.647749 0.979512 0.386088 0.61212 1.8476 0.429434 0.19066 0.641195 1.27891 -0.445729 -0.790575 -0.297514 -0.00141388 -0.902752 -0.219412 -0.0804089 0.832589 0.722208 1.00479 0.80744 2.00228 0.489112 -0.0122934 1.43251 3.02944 0.706149 0.000799488 -0.569971 0.828569 1.94953 2.59895 0.0121266 -0.230464 0.472925 0.0460957 0.0578764 -0.463769 0.222166 0.156098 0.415984 0.688545 0.272874 0.290962 1.10936 1.78301 2.60262 -0.334761 -0.853638 -0.0668903 -0.583555 -0.0293327 -0.139466 -0.238756 -0.475162 -0.0892285 0.253897 0.851353 0.21987 0.572563
internal_weight=26901 25735 7229 1166 514 652 490 63 427 345 202 116 143 123 162 141 62 86 18506 479 444 319 281 59 222 8594 82 41 79 125 74 51 62 42 4885 775 193 142 4110 582 1774 1554 648 220 2344 2311 100 68 41 511 143 2336 179 54 9912 3330 1232 6582 2211 119 2092 361
internal_count=26901 25735 7229 1166 514 652 490 63 427 345 202 116 143 123 162 141 62 86 18506 479 444 319 281 59 222 8594 82 41 79 125 74 51 62 42 4885 775 193 142 4110 582 1774 1554 648 220 2344 2311 100 68 41 511 143 2336 179 54 9912 3330 1232 6582 2211 119 2092 361
is_linear=0
shrinkage=0.05


Tree=75
num_leaves=63
num_cat=0
split_feature=24 2 12 11 23 2 20 16 25 16 5 14 20 14 7 1 10 14 12 5 1 1 14 23 23 23 14 21 23 12 21 7 23 1 14 11 16 2 20 1 2 7 21 14 7 23 2 15 20 14 12 5 23 10 20 12 2 5 13 2 23 11
split_gain=256453 84650.6 136777 166343 83727.8 72863.4 62230.8 45044 60681.1 63581.1 50304.8 38915.6 33667.4 31674.5 62278.7 47876.2 30866.5 29300.3 34846.1 34575.9 28466.9 30213.9 26821.8 25278.7 23439.7 46277 33155.2 22974.8 21905.9 20093.1 26962.6 18927.9 18802.9 26896.4 25581.1 57072.8 25972.6 21655.3 19619.9 20635.6 20514 20811.8 18920.2 18625.6 17460.6 17797.2 16473.3 16301.9 16236 16164.3 22159.2 15869.4 15335.3 14277.5 13460.4 27541.3 13198.2 12102.3 20328.2 18626.9 11371.9 11053.1
threshold=1.0000000180025095e-35 2023.5000000000002 753.00000000000011 706.25000000000011 49.500000000000007 2018.5000000000002 0.16667333333333348 51.639777949431611 4.5000000000000009 98.29996420654858 -0.24999999999999994 92.376043070340032 0.77951388888888895 154.07680206045441 1155.0000000000002 -15.579999999999998 189.67000000000004 38.682468035705277 1258.5000000000002 0.68301270189221941 -14.424999999999999 -14.635 37.589892258425074 2.5000000000000004 34.500000000000007 28.500000000000004 28.354893757515747 -0.18181074366641373 37.500000000000007 350.50000000000006 -0.087267018216682632 400.62500000000006 17.500000000000004 -13.324999999999998 29.726529244564077 422.00000000000006 64.66056269440098 2022.5000000000002 0.3333245614035088 -14.424999999999999 2024.5000000000002 308.16500000000002 -0.047609523809523872 19.313207915828063 577.00000000000011 18.500000000000004 2010.5000000000002 182.52000000000001 -0.041658333333333346 28.354893757515747 174.69000000000003 -0.24999999999999994 41.500000000000007 394.50000000000006 -0.11111746031746032 266.83500000000009 2015.5000000000002 -0.24999999999999994 319.38833333333338 2022.5000000000002 7.5000000000000009 224.50000000000003
decision_type=2 2 2 2 2 2 2 2 2 2 2 2 2 2 2 2 2 2 2 2 2 2 2 2 2 2 2 2 2 2 2 2 2 2 2 2 2 2 2 2 2 2 2 2 2 2 2 2 2 2 2 2 2 2 2 2 2 2 2 2 2 2
left_child=5 2 4 -4 6 12 7 10 9 -9 -2 -10 16 14 17 -15 20 22 19 27 21 -1 24 43 25 -3 -26 -19 -21 31 -31 49 38 44 36 37 51 -36 40 60 42 -42 -25 -7 45 61 -23 -48 -33 56 -51 -35 -47 -44 55 -45 -18 59 -59 -56 -40 -34
right_child=1 13 3 -5 -6 23 -8 8 11 -11 -12 -13 -14 15 -16 -17 29 18 -20 28 -22 46 -24 32 26 -27 -28 -29 -30 30 -32 48 33 34 35 -37 -38 -39 39 -41 41 -43 53 54 -46 52 47 -49 -50 50 -52 -53 -54 -55 57 -57 -58 58 -60 -61 -62 -63
leaf_value=-0.20222699704781341 -2.2111583249513496 0.79712895500897807 -0.023693384578571983 5.632969871556984 3.4865891983009285 0.19385263687777082 3.3070009879211884 0.58205105214898267 0.93699680084325454 3.7270732396707915 0.97383976807526507 -1.0203627702220484 -1.817406361429265 0.34642135108627986 -1.5101893317525406 3.0426008591127562 -0.088487890076998921 0.21783468397521891 1.7729850541428858 0.22650659218798236 0.2702596300011042 -1.2979147090423859 2.6323734237780028 -0.23871038425620977 0.71500657754661778 3.3003744893782372 -1.211947045851367 -0.75629416214110023 1.5368863160129631 1.3865284869815506 0.1427138714246233 -0.58303386773998367 -0.23820363946835005 0.57893114458363704 -0.10712166886442608 3.4534915689212173 -1.5242401542948252 1.2467589622625039 -1.2595353413453865 -2.0983694239439465 0.017093470336567555 -1.2681667746532534 0.010345518087163158 0.3211805209452972 0.71771842493483196 -0.034903515648480828 -0.33420555752597991 -1.1775871362914327 0.9483818502759519 -0.81434315231582188 -0.15925311892816987 0.099736563636477232 0.12674576587657824 0.34218673009986267 0.65076025619480871 2.794709168731897 0.027701893509654636 -0.18456567261931642 1.4540513857396205 -0.95033678999686144 0.090402193632356354 0.68442079070879325
leaf_weight=2453 30 149 20 37 29 418 20 36 55 29 21 47 28 38 41 29 6633 119 33 85 266 81 20 587 79 21 31 123 51 51 296 22 40 295 59 20 20 59 23 22 61 65 1386 23 102 3076 280 72 80 146 1110 417 2805 423 55 22 3870 27 63 27 48 171
leaf_count=2453 30 149 20 37 29 418 20 36 55 29 21 47 28 38 41 29 6633 119 33 85 266 81 20 587 79 21 31 123 51 51 296 22 40 295 59 20 20 59 23 22 61 65 1386 23 102 3076 280 72 80 146 1110 417 2805 423 55 22 3870 27 63 27 48 171
internal_value=0.0132417 0.746037 1.43006 3.65152 0.954612 -0.0193492 0.644738 0.399067 0.796196 1.98886 -0.900251 0.0349112 -0.0882721 0.475285 0.38234 1.51629 -0.0851079 0.491677 0.217345 0.0810894 -0.224597 -0.270217 0.867298 0.0834798 0.740308 1.10814 0.171303 -0.277368 0.718704 -0.049091 0.325884 -0.0600642 0.0634275 0.105828 0.36614 0.990353 0.248334 0.570259 -0.0511097 -0.763919 -0.0247932 -0.646378 0.00791798 0.389063 0.0692593 0.0583896 -0.655243 -0.507015 0.61778 -0.0659495 -0.235465 0.29834 0.0421967 0.0879576 0.764804 1.53409 -0.0456756 0.562735 0.962752 0.122993 -0.347988 0.509462
internal_weight=26845 1143 324 57 267 25702 238 218 167 65 51 102 15388 819 752 67 15360 711 411 378 3152 2886 300 10314 280 170 110 242 136 12208 347 11861 9679 7064 870 138 732 118 2615 93 2522 126 2396 635 6194 6092 433 352 102 11759 1256 712 5881 1809 217 45 10503 172 90 82 71 211
internal_count=26845 1143 324 57 267 25702 238 218 167 65 51 102 15388 819 752 67 15360 711 411 378 3152 2886 300 10314 280 170 110 242 136 12208 347 11861 9679 7064 870 138 732 118 2615 93 2522 126 2396 635 6194 6092 433 352 102 11759 1256 712 5881 1809 217 45 10503 172 90 82 71 211
is_linear=0
shrinkage=0.05


Tree=76
num_leaves=63
num_cat=0
split_feature=22 2 12 21 23 2 18 25 20 9 12 16 2 6 22 3 25 22 3 6 20 23 20 16 23 19 19 9 22 17 12 20 5 14 6 25 2 25 3 23 25 10 16 3 22 12 2 3 2 2 22 6 18 17 21 7 5 2 18 7 14 7
split_gain=233520 86054.3 158812 134125 89231.4 76845.7 70763.7 75224.3 39659 39512 52760.2 49917.8 39288.8 84250.2 41059.5 57777.6 49573.3 41876.9 69473.3 62932.3 41521.5 38452 37373.2 36801.2 36059 66720.3 63149.5 32874.9 59374.1 32296 32033.2 31618.9 30577.8 27256.3 27062.3 41288.8 28554.5 37043.7 28138.6 28116 25804.9 30497 23029.9 22909.5 25892.7 21244.8 23900.5 47179.4 31031.7 56005.8 25847.8 20361 19895.7 19503.4 18826.3 18018.1 16877.1 46682.3 16679.8 16663.9 15956 15941.8
threshold=1.0000000180025095e-35 2023.5000000000002 753.00000000000011 0.31613941769316917 11.500000000000002 2021.5000000000002 69.109898164837674 1.5000000000000002 0.16667333333333348 889.00000000000011 726.00000000000011 81.487707701097023 2022.5000000000002 -0.68301270189221952 5.5000000000000009 7.5000000000000009 10.500000000000002 8.5000000000000018 8.5000000000000018 0.25000000000000017 -0.033326666666666664 32.500000000000007 0.77951388888888895 81.487707701097023 43.500000000000007 0.0080808410604675824 0.11110555555555558 306.37500000000006 4.5000000000000009 820.14583333333337 173.45000000000002 -0.15999327989247827 -0.6830127018922193 28.354893757515747 -0.5 5.5000000000000009 2024.5000000000002 7.5000000000000009 8.5000000000000018 33.500000000000007 11.500000000000002 1005.0000000000001 127.47311425479465 1.5000000000000002 5.5000000000000009 310.31000000000006 2015.5000000000002 1.5000000000000002 2012.5000000000002 2010.5000000000002 3.5000000000000004 0.25000000000000017 13.59419299683047 210.8366666666667 -0.10308465824160888 278.87500000000006 -0.24999999999999994 2020.5000000000002 15.995799749656795 149.29000000000005 51.013985673110739 803.00000000000011
decision_type=2 2 2 2 2 2 2 2 2 2 2 2 2 2 2 2 2 2 2 2 2 2 2 2 2 2 2 2 2 2 2 2 2 2 2 2 2 2 2 2 2 2 2 2 2 2 2 2 2 2 2 2 2 2 2 2 2 2 2 2 2 2
left_child=1 2 6 -4 23 22 -1 -8 29 10 12 51 13 27 15 16 -14 19 -19 -16 -17 -13 30 -3 34 40 -27 28 -7 -9 33 -11 -31 56 35 -6 37 42 -39 -38 41 -26 -36 -15 -45 46 48 52 49 -32 -49 -12 -48 -50 55 -47 57 58 -2 -58 -33 -25
right_child=5 4 3 -5 24 9 7 8 -10 31 11 21 14 43 17 20 -18 18 -20 -21 -22 -23 -24 61 25 26 -28 -29 -30 32 45 60 -34 -35 36 -37 39 38 -40 -41 -42 -43 -44 44 -46 54 47 50 53 -51 -52 -53 -54 -55 -56 -57 59 -59 -60 -61 -62 -63
leaf_value=-1.5225429357285518 -0.077056244070294141 3.6081157985069936 6.9817230224609377 1.9080123752262734 -0.053978477719659114 0.37297323807718441 3.5609186545062297 2.3330355667023071 3.017426069458919 -2.5506635699695326 1.2952805765205513 0.96271401787818212 -0.061552323546484169 -0.88483963887149875 0.06332342313628421 -0.018301092325733098 0.61612207890382198 0.17170210109100331 -1.0162709661731348 0.6334677731453654 -0.71871409721437707 3.79584787525082 -1.8208990055857308 2.1622209708529168 3.6962922595886596 -2.459581689710741 1.3734857553273292 0.51412208325853959 2.6228330330622329 -0.74931259381799409 -0.21448996876022047 0.61192848553796031 0.83714578788724114 -0.71799391894662734 -0.76126829911206173 -2.6814757920831322 0.0060702725622048329 2.6651549625214033 0.33942411576194326 -2.3946742309266655 0.50254288085763388 1.071331689369619 0.84157376840834464 0.53229520270317254 -0.025595183959778878 0.18850060034428401 -0.076004826464118103 -0.19804490883791748 -0.44449700390547309 0.16354910763146405 0.080793775272623602 -0.015871494907967933 -0.58938138866036083 -0.15667018585076253 0.10878932991987281 1.3573250745880812 -0.55967583780766805 2.0429406549207014 -0.5448942636064662 -0.0046906594411243252 -1.2076473827678633 0.42475759223686843
leaf_weight=25 281 24 22 32 37 46 31 25 20 23 48 24 1068 47 1077 379 361 452 169 879 479 24 30 25 25 23 20 80 81 42 1825 24 109 250 59 25 31 26 26 20 24 20 36 409 423 68 337 944 728 2115 6944 77 429 3073 755 64 151 20 592 1290 24 28
leaf_count=25 281 24 22 32 37 46 31 25 20 23 48 24 1068 47 1077 379 361 452 169 879 479 24 30 25 25 23 20 80 81 42 1825 24 109 250 59 25 31 26 26 20 24 20 36 409 423 68 337 944 728 2115 6944 77 429 3073 755 64 151 20 592 1290 24 28
internal_value=0.0125849 0.879415 1.52592 3.98426 0.438562 -0.0125028 0.997738 1.27587 0.912805 0.14129 0.154896 1.0154 0.129859 0.401757 0.0691435 -0.0850602 0.109672 0.205994 -0.151698 0.31956 -0.409368 2.38433 -0.060382 1.98668 0.117657 0.867286 -0.677593 1.30901 1.8089 0.672037 -0.057714 -1.03062 0.395642 -0.221908 -0.20545 -1.11615 0.0801121 0.433816 1.50527 -0.938144 1.8297 2.53472 -0.153577 0.187973 0.248681 -0.0331623 -0.0460576 0.0110382 -0.109887 -0.0115576 0.0474209 0.488204 -0.363568 -0.211809 0.205161 0.75584 -0.168741 -0.339524 -0.394339 -0.0628849 -0.298375 1.24694
internal_weight=26845 755 306 54 449 26090 252 227 196 6194 6123 173 5950 1086 4864 2287 1429 2577 621 1956 858 48 19896 77 372 112 43 207 127 176 19866 71 151 2584 260 62 198 147 52 51 69 45 95 879 832 17282 16395 8654 7741 3940 7888 125 766 3801 887 132 2334 893 873 1441 48 53
internal_count=26845 755 306 54 449 26090 252 227 196 6194 6123 173 5950 1086 4864 2287 1429 2577 621 1956 858 48 19896 77 372 112 43 207 127 176 19866 71 151 2584 260 62 198 147 52 51 69 45 95 879 832 17282 16395 8654 7741 3940 7888 125 766 3801 887 132 2334 893 873 1441 48 53
is_linear=0
shrinkage=0.05


Tree=77
num_leaves=63
num_cat=0
split_feature=22 8 9 18 8 2 2 5 22 22 20 2 5 1 18 20 9 10 20 20 20 3 22 25 25 6 2 2 3 16 1 10 22 14 9 25 7 18 20 25 1 19 10 17 1 16 22 25 25 10 8 18 15 17 6 1 1 2 15 17 22 6
split_gain=210858 69099 85874.5 98596.9 81729.3 59278.2 53373.2 42208.8 32673.1 31250.7 31566.4 30274 27460.1 60922.6 98045.1 42752.4 43859.3 42441.6 36270.5 79025.1 38396.9 31375 72954.1 78787.4 30150.9 23582.8 42515.3 27682.5 27974.4 26799.7 23204.4 22389.8 19211 18863.2 27595 27133.5 19520.3 18492.5 18034.8 24856.3 19016.6 18550.4 17320.1 17139.5 16992.6 19758 16611.5 40226.3 53690 25042.8 24120.4 43378.1 15300.8 39420.3 14749.2 17991.5 15190.4 14676.9 74687.4 58776.5 19238.4 23333.2
threshold=2.5000000000000004 1206.5000000000002 1387.5000000000002 209.67937252777904 1450.0000000000002 2018.5000000000002 2022.5000000000002 -0.24999999999999994 4.5000000000000009 5.5000000000000009 0.66733333333333344 2024.5000000000002 -0.24999999999999994 -14.079999999999998 116.48902756850808 -0.1666708333333333 1196.5000000000002 1228.5000000000002 0.23442680776014105 0.3055694444444445 0.15385422281322916 9.5000000000000018 1.0000000180025095e-35 11.500000000000002 1.5000000000000002 -0.24999999999999994 2013.5000000000002 2010.5000000000002 5.5000000000000009 31.604406880573112 -16.244999999999994 818.00000000000011 4.5000000000000009 45.995993576881645 539.00000000000011 4.5000000000000009 363.50000000000006 34.006405249494918 1.0000000180025095e-35 12.500000000000002 -12.639999999999999 -0.021953923269712735 194.27500000000001 297.93041666666676 -13.709999999999999 26.598872156540711 8.5000000000000018 7.5000000000000009 10.500000000000002 497.00000000000006 400.62500000000006 26.399609724577122 500.33333333333343 386.45833333333343 0.6830127018922193 -13.709999999999999 -17.414999999999996 2016.5000000000002 247.52833333333336 246.42000000000002 6.5000000000000009 0.6830127018922193
decision_type=2 2 2 2 2 2 2 2 2 2 2 2 2 2 2 2 2 2 2 2 2 2 2 2 2 2 2 2 2 2 2 2 2 2 2 2 2 2 2 2 2 2 2 2 2 2 2 2 2 2 2 2 2 2 2 2 2 2 2 2 2 2
left_child=1 6 3 -3 -4 9 7 -1 38 25 57 33 13 21 -15 17 18 24 20 -20 -17 22 23 -8 -14 27 -27 28 -2 54 -23 -32 -31 46 35 -35 -37 -13 39 40 -7 -42 -30 -41 45 -29 50 49 -49 -48 51 -10 53 -39 55 -28 -56 60 59 -59 61 -11
right_child=5 2 4 -5 -6 8 12 -9 11 10 -12 37 15 14 -16 16 -18 -19 19 -21 -22 30 -24 -25 -26 26 29 44 42 32 31 -33 -34 34 -36 36 -38 52 -40 43 41 -43 -44 -45 -46 -47 47 48 -50 -51 -52 -53 -54 -55 56 -57 -58 58 -60 -61 -62 -63
leaf_value=0.59582127421649533 0.094331404745497519 1.3107874046577965 -1.8503525207080451 5.5638995216187261 2.5554482946348429 0.036334202832579925 -2.1693878672339699 3.7372071121678214 0.2103246793333009 -0.026305547686486977 -1.9814016786973867 -0.55095759256290666 1.9942383030421054 -0.63311829965902988 3.6010359429045771 0.84100649807468053 3.1059262610129106 -2.1576947313932635 -2.4690160763691149 1.075552839168177 2.4974710042976667 -0.36968252327731754 0.84909728070661394 1.3425481008653024 -0.010363438343636747 -0.059346061902645741 -0.26563715430680479 0.022797058897944308 -0.90271574762031637 -0.43571118972712491 0.15455862987387636 1.6579276771608846 -1.3176367640546203 0.12629856309988113 -1.018484921430804 0.29163274478297757 1.2703249154976077 -0.30163069404841619 -0.22366330503834198 0.040782275091068375 -0.0081017996178192348 -1.4764208093108588 -0.22488216108048525 1.7961324358274571 0.34350623639211897 -0.40460121984433145 -0.34132862571480732 1.0926966216964962 -0.047474604415798961 1.3335852368053418 0.35635744195768226 -0.15282708383804658 -0.84474468977850103 1.741494485900158 0.24491410567591265 0.31086788754677558 -0.52166194492966034 0.66673591735136217 -0.026002613307815777 3.4697604847191581 -0.13686998675416359 0.3063680650525592
leaf_weight=20 220 30 22 25 20 1629 78 23 2984 2274 20 253 22 25 30 336 22 20 25 42 39 67 53 20 124 2236 1228 2263 220 131 55 45 117 186 29 77 151 62 1126 24 44 42 165 33 349 307 660 151 326 23 1313 1135 28 38 70 152 832 271 1292 20 2535 686
leaf_count=20 220 30 22 25 20 1629 78 23 2984 2274 20 253 22 25 30 336 22 20 25 42 39 67 53 20 124 2236 1228 2263 220 131 55 45 117 186 29 77 151 62 1126 24 44 42 165 33 349 307 660 151 326 23 1313 1135 28 38 70 152 832 271 1292 20 2535 686
internal_value=0.0119611 0.676429 1.95247 3.2507 0.248616 -0.017591 0.557916 2.28099 0.0751579 -0.0797575 -0.00275162 0.130789 0.483821 0.143744 1.67867 0.685105 0.931422 -0.00351054 0.822499 -0.248682 1.01391 -0.122159 -0.644255 -1.45198 0.292824 -0.145689 -0.218204 -0.0476126 -0.355401 -0.358592 0.349988 0.832105 -0.852164 0.1543 0.470102 0.574608 0.940096 -0.303254 -0.0671992 0.0322286 -0.00193724 -0.726128 -0.612362 1.05849 0.0161889 -0.0282697 0.13307 -0.0386822 0.313603 -0.284732 0.169748 0.110255 0.186357 0.475671 -0.304915 -0.202117 -0.462145 0.00286657 0.137007 0.860527 -0.0357776 0.0507999
internal_weight=26845 1143 97 55 42 25702 1046 43 10314 15388 7098 7416 1003 373 55 630 464 166 442 67 375 318 151 98 146 8290 4766 3524 605 2530 167 100 248 7035 443 414 228 381 2898 1772 1715 86 385 57 2919 2570 6592 1160 477 683 5432 4119 128 100 2282 1380 902 7078 1583 291 5495 2960
internal_count=26845 1143 97 55 42 25702 1046 43 10314 15388 7098 7416 1003 373 55 630 464 166 442 67 375 318 151 98 146 8290 4766 3524 605 2530 167 100 248 7035 443 414 228 381 2898 1772 1715 86 385 57 2919 2570 6592 1160 477 683 5432 4119 128 100 2282 1380 902 7078 1583 291 5495 2960
is_linear=0
shrinkage=0.05


Tree=78
num_leaves=63
num_cat=0
split_feature=22 0 2 23 2 25 9 1 5 25 23 17 1 3 9 11 25 5 2 6 17 16 0 0 0 23 17 22 19 20 18 22 22 23 1 25 18 25 18 11 13 19 3 18 22 10 23 10 20 14 6 0 17 13 16 11 22 19 8 2 10 2
split_gain=193663 79072.3 63405.3 53967.1 65389.3 73831.7 70450.3 57791.7 53276.3 58620.6 50905.5 39286.7 38337.5 51821.4 37320.5 36283.3 39373.2 33978.7 38179.4 67723 37766.9 32710.8 29534.6 34120 27655.9 30198.5 47783.9 28326.5 27805 27563.8 27025.3 73426.9 26712 26544.5 25527.9 33950.4 26170.2 25299.1 23689 23401.4 23188.2 32014.6 24084.7 23078.5 22715.3 20266.7 18763.9 18189.3 18110.1 17845.3 17674.5 16928.5 16335.2 18242.9 18104.6 17991 16477.4 16221.5 16034.9 13784.7 13748 13494.9
threshold=1.0000000180025095e-35 15.950000000000001 2021.5000000000002 11.500000000000002 2023.5000000000002 1.5000000000000002 1232.5000000000002 -12.889999999999999 -0.24999999999999994 5.5000000000000009 8.5000000000000018 897.87500000000011 -14.079999999999998 6.5000000000000009 889.00000000000011 655.00000000000011 7.5000000000000009 -0.5 2022.5000000000002 0.25000000000000017 307.60416666666669 143.04170995981593 12.870000000000003 15.065000000000001 13.280000000000003 18.500000000000004 338.20833333333343 8.5000000000000018 0.1334731182795699 -0.15999327989247827 40.596079412759174 8.5000000000000018 5.5000000000000009 11.500000000000002 -14.635 2.5000000000000004 116.48902756850808 10.500000000000002 62.946030461061376 527.50000000000011 875.33333333333337 0.044915019299255794 2.5000000000000004 13.240634177707593 5.5000000000000009 868.50000000000011 14.500000000000002 367.25000000000006 -0.054312242615282884 52.041649986653404 0.25000000000000017 12.870000000000003 326.23250000000002 310.37500000000006 23.617323899945607 383.66500000000002 4.5000000000000009 0.1334731182795699 150.41500000000005 2017.5000000000002 283.54000000000002 2019.5000000000002
decision_type=2 2 2 2 2 2 2 2 2 2 2 2 2 2 2 2 2 2 2 2 2 2 2 2 2 2 2 2 2 2 2 2 2 2 2 2 2 2 2 2 2 2 2 2 2 2 2 2 2 2 2 2 2 2 2 2 2 2 2 2 2 2
left_child=1 3 21 8 5 -5 11 12 9 -1 -10 34 13 -7 15 17 33 24 19 20 -19 22 30 43 25 26 -4 32 -27 -16 -2 61 -26 -17 35 -6 -36 44 -21 -39 42 -42 -13 58 -20 50 59 -48 -35 -50 -18 -31 53 56 55 -54 -25 -29 -24 -45 -55 -32
right_child=2 -3 14 4 6 7 -8 -9 10 -11 -12 40 -14 -15 29 16 45 18 37 38 -22 -23 23 52 27 28 -28 57 -30 51 31 -33 -34 48 36 -37 -38 39 -40 -41 41 -43 -44 46 -46 -47 47 -49 49 -51 -52 -53 54 60 -56 -57 -58 -59 -60 -61 -62 -63
leaf_value=-1.265183419377411 0.062027542903807846 2.9905754171064141 -1.5224447084298689 3.9415030872652319 0.52404232267935258 2.031685681586787 -2.7534164080687611 -1.5228238243045229 1.0900889273722287 2.2343835040994358 3.719746079164393 0.4819828856643753 3.1358469117874219 0.24819633272499961 -2.4299935493247333 0.22688495481956458 0.63307129587547717 1.517633290035783 -0.092508900901102711 -0.38352692141177008 0.33422792676145591 -1.8239064333539354 -0.58907502368885811 -0.10169246692956274 -0.27135701373660442 0.44691993020630483 0.37275002118196454 -0.94854363229107652 1.9795453242892045 0.61076850594326659 0.50342196892447355 3.1571551340293156 0.15722537243399448 3.1399862615893985 -0.77318991926772074 -1.0867311081815811 1.457340627157782 0.3094189621204122 0.72074307139521832 1.3830762834072996 1.1109411699529346 -1.0346147939163151 2.7726274879876098 -0.12846314463948522 0.20898470797953039 1.3834604542402293 -0.20960995467984636 -1.0035739055272861 2.2830325598646355 0.31195391564819941 -1.0673094068951618 -1.2634629142729574 1.794037060874359 -1.1743363024259577 0.03377271007554955 0.37745013164680763 0.1102319450587725 0.53676148195402318 -0.0076483631330280452 0.12506263695959796 -0.21779718669046325 -0.76009988378290927
leaf_weight=26 2477 39 49 21 49 63 21 23 35 22 39 20 21 115 23 29 25 192 1206 158 104 26 122 1342 767 225 103 144 34 24 111 26 691 24 20 98 38 824 70 54 52 26 27 1981 1296 21 5537 73 27 20 39 24 40 47 103 51 2897 21 4116 735 186 26
leaf_count=26 2477 39 49 21 49 63 21 23 35 22 39 20 21 115 23 29 25 192 1206 158 104 26 122 1342 767 225 103 144 34 24 111 26 691 24 20 98 38 824 70 54 52 26 27 1981 1296 21 5537 73 27 20 39 24 40 47 103 51 2897 21 4116 735 186 26
internal_value=0.0113675 0.800764 -0.0114791 0.681079 0.484174 1.11449 0.0475969 0.845389 1.63856 0.339991 2.47921 0.226638 1.11975 0.880246 0.128218 0.141442 0.830825 0.11995 0.206281 0.603366 1.10211 -0.0549702 -0.0526462 -0.0765077 -0.0457506 0.320573 -0.238767 -0.138534 0.64882 -1.01073 0.103082 0.726507 -0.0682357 1.50281 -0.199363 -0.549781 0.688099 0.144703 -0.0443074 0.375608 0.924921 0.395283 1.80108 -0.119386 0.0636606 0.0393573 -0.167733 -0.21996 2.02284 1.44682 -0.403069 -0.326922 0.0389488 0.0194569 0.487999 1.00147 0.0431381 -0.759264 -0.0244007 -0.0598504 -0.41119 0.263214
internal_weight=26845 755 26090 716 594 243 351 222 122 48 74 330 199 178 6194 6123 185 5938 3904 524 296 19896 19870 17230 2034 411 152 1623 259 71 2640 163 1458 100 205 147 58 3380 228 878 125 78 47 12564 2502 85 8326 5610 71 47 64 48 4666 4472 194 91 4239 165 4238 2716 233 137
internal_count=26845 755 26090 716 594 243 351 222 122 48 74 330 199 178 6194 6123 185 5938 3904 524 296 19896 19870 17230 2034 411 152 1623 259 71 2640 163 1458 100 205 147 58 3380 228 878 125 78 47 12564 2502 85 8326 5610 71 47 64 48 4666 4472 194 91 4239 165 4238 2716 233 137
is_linear=0
shrinkage=0.05


Tree=79
num_leaves=63
num_cat=0
split_feature=15 8 15 1 2 10 23 19 25 19 14 16 8 10 5 19 21 18 10 1 1 13 11 14 0 0 23 16 17 18 14 21 11 11 18 10 0 13 18 0 2 15 1 1 14 0 13 14 17 2 1 2 6 3 2 3 1 8 21 14 0 13
split_gain=168740 54893.8 61174.7 68044.9 53946 32486.9 82130 34024.2 27385 54902.9 46017.5 68099.2 46324.9 38861.2 35027.8 38206.8 34319.2 33218.3 23555.1 25118.6 27503.3 22225.6 29406.8 20279.4 19970.8 40220.9 46703.6 33364.6 26666 53293.5 24877.4 22585 19639.4 14502.7 18259.2 14000.7 22384.7 15753.5 13847.4 16022.7 13550.7 17885.2 13253.8 16923.3 13195 18631.5 13006.3 12471.2 12253.2 12116 11367.1 11279.9 10796.3 10175.4 13397.8 15764.4 9132.41 8484.87 7724.6 7597.99 7569.94 7233.38
threshold=687.58333333333337 1206.5000000000002 1260.0000000000002 -16.429999999999996 2018.5000000000002 676.50000000000011 32.500000000000007 -0.24999624996249956 5.5000000000000009 -0.1537167988961711 92.376043070340032 105.56806440609648 987.00000000000011 1055.0000000000002 -0.6830127018922193 0.11110555555555558 -0.093326666666666711 135.98687856752832 189.67000000000004 -14.424999999999999 -14.635 651.50000000000011 692.00000000000011 129.23739534397814 12.870000000000003 12.705000000000002 41.500000000000007 42.029553038029739 300.02000000000004 50.505548678375341 31.192947920965064 0.3333266666666666 968.50000000000011 412.75000000000006 83.987980731419142 469.50000000000006 14.735000000000001 416.83333333333343 14.096217992462227 15.645000000000001 2010.5000000000002 182.52000000000001 -13.709999999999999 -16.194999999999997 28.867513459480556 12.665000000000001 399.83333333333343 47.639706103511479 401.70833333333343 2013.5000000000002 -15.904999999999999 2010.5000000000002 0.25000000000000017 10.500000000000002 2010.5000000000002 5.5000000000000009 -16.724999999999998 174.69000000000003 -0.42449999999999999 5.2041649986655623 14.665000000000001 165.02833333333334
decision_type=2 2 2 2 2 2 2 2 2 2 2 2 2 2 2 2 2 2 2 2 2 2 2 2 2 2 2 2 2 2 2 2 2 2 2 2 2 2 2 2 2 2 2 2 2 2 2 2 2 2 2 2 2 2 2 2 2 2 2 2 2 2
left_child=4 5 -3 -4 18 6 -2 -7 9 -9 11 16 -13 17 32 -16 -10 -12 19 20 38 22 24 -15 25 26 30 -28 29 -27 -6 -30 -11 34 44 42 37 -37 61 56 -22 -42 43 -26 46 -46 51 -44 -38 -47 -23 -20 -48 54 -21 -56 -40 -43 -35 -57 -60 -1
right_child=1 2 3 -5 21 7 -8 8 10 14 13 12 -14 23 15 -17 -18 -19 33 53 40 50 -24 -25 35 28 27 -29 31 -31 -32 -33 -34 58 -36 36 48 -39 39 -41 41 57 47 -45 45 49 52 -49 -50 -51 -52 -53 -54 -55 55 59 -58 -59 60 -61 -62 -63
leaf_value=-0.24123888882314889 0.014214818592001154 3.6689535104555149 2.6157594327243316 -0.5702718071278684 -0.13567386186795752 2.0333988340959812 4.2358062745326786 2.6001987537934412 0.037226504784605478 0.11910463076675951 -0.35386254769152081 1.1907460832263921 3.662976133368931 -0.36718352787962583 -0.10749347565200168 1.4554012641401739 1.3263254186729108 1.8170579362138413 -0.15376411330584386 -0.66201173418359249 -1.1873458703040489 -0.23304074388561827 1.4656279792153617 -2.365597263953132 0.062926675787141881 0.71286833727378796 0.20273439525588421 1.383446944011415 0.14160211045422719 3.2587015732219728 -1.019132400842218 0.97882625388818922 -1.5263807919843229 1.1255251920104423 -1.4524994748495357 1.4400582262852415 1.133121754755428 0.41040144238558929 0.088068857236238141 0.41536485201183421 -0.28823223086988364 -2.0430644505059541 0.16156527241518176 -0.095190052101499084 0.58377907206711266 -0.074876574553105743 0.11779472491995167 1.0225811821262851 -0.14617121287021553 -0.39210579477237828 -1.8047572552899778 -0.0095977071172257834 1.5672857186494966 0.96158987772978355 -0.15384082475989297 1.5180512749697581 -0.32671365436896038 -0.83272136026772403 -0.28934504272105116 0.49854911957045528 0.4680445695929647 0.097870229316259827
leaf_weight=219 27 30 32 35 391 33 20 20 129 27 39 43 34 32 192 49 86 32 1595 43 81 23 38 21 4473 188 378 71 382 23 100 102 55 30 23 42 20 318 146 85 280 20 911 2722 72 566 29 44 272 643 23 9083 23 44 90 25 1451 53 46 68 116 557
leaf_count=219 27 30 32 35 391 33 20 20 129 27 39 43 34 32 192 49 86 32 1595 43 81 23 38 21 4473 188 378 71 382 23 100 102 55 30 23 42 20 318 146 85 280 20 911 2722 72 566 29 44 272 643 23 9083 23 44 90 25 1451 53 46 68 116 557
internal_value=0.0108041 0.670298 1.79593 0.952971 -0.0130234 0.539955 1.81592 0.464009 0.395509 0.0647008 0.668174 1.01077 2.28578 -0.138712 -0.0930366 0.210725 0.553266 0.62569 -0.0726804 -0.19432 -0.237382 0.0742303 0.079051 -1.16207 0.0739882 0.23446 0.0212049 0.389717 0.52284 0.991812 -0.315785 0.318218 -0.985029 -0.041219 -0.0480993 0.0441771 0.26711 0.530908 -0.172573 -0.253177 -0.604298 -0.470198 0.0263387 0.00310704 -0.0453975 -0.197065 -0.0272886 0.201343 -0.0581734 -0.243616 -1.02122 -0.0311339 0.760789 0.266815 0.131161 0.317822 -0.288787 -1.16673 0.389794 0.773999 0.252907 0.00214285
internal_weight=26845 936 97 67 25909 839 47 792 759 343 416 292 77 124 323 241 215 71 15388 3162 2892 10521 10475 53 10437 1635 940 449 695 211 491 484 82 12226 12034 8802 652 360 2458 1682 434 353 8150 7195 12011 1281 10730 955 292 1209 46 10678 52 270 226 183 1597 73 192 93 162 776
internal_count=26845 936 97 67 25909 839 47 792 759 343 416 292 77 124 323 241 215 71 15388 3162 2892 10521 10475 53 10437 1635 940 449 695 211 491 484 82 12226 12034 8802 652 360 2458 1682 434 353 8150 7195 12011 1281 10730 955 292 1209 46 10678 52 270 226 183 1597 73 192 93 162 776
is_linear=0
shrinkage=0.05


Tree=80
num_leaves=63
num_cat=0
split_feature=17 2 22 5 7 12 13 0 17 1 17 9 12 15 0 21 22 18 23 13 19 6 6 2 22 2 1 0 15 3 2 0 23 13 15 3 18 12 18 23 18 17 17 19 17 1 15 5 18 2 17 18 17 2 18 0 2 21 2 17 21 17
split_gain=150966 53069.2 43943 44055.6 70077 45630.9 108741 85692.9 56454 37869 51557 48495.3 37467.5 36850.5 34710.9 30488.2 24363.1 25338.4 23538.3 21382.7 21158.6 19477.2 19306.1 21352.1 30599.3 26267.7 19282.4 18625.7 17073.9 38374.2 51872.9 38465.2 31025.8 17743 43857 48541.8 26441.7 24568.7 24883 21637 19918.9 17193.4 16952.8 16936.1 16801.2 18918 17722.3 16420.9 31373 15424.5 15050.5 14975.3 14515.7 14054.6 19644.6 39123.9 52753.6 22092.5 15919.6 35713.6 12982 11182.2
threshold=897.87500000000011 2020.5000000000002 1.0000000180025095e-35 -0.6830127018922193 1387.5000000000002 527.50000000000011 1093.8333333333335 14.255000000000001 935.33333333333337 -15.014999999999999 1204.1666666666667 1036.0000000000002 868.50000000000011 912.75000000000011 13.280000000000003 -0.066673333333333293 5.5000000000000009 135.98687856752832 2.5000000000000004 321.05500000000001 -0.062505859301758768 1.0000000180025095e-35 -0.68301270189221952 2010.5000000000002 4.5000000000000009 2015.5000000000002 -16.234999999999996 16.500000000000004 213.61833333333337 7.5000000000000009 2021.5000000000002 14.665000000000001 33.500000000000007 249.62500000000003 250.02083333333334 8.5000000000000018 13.044646124553658 232.75000000000003 50.505548678375341 8.5000000000000018 7.2168783648716799 228.18041666666667 229.8366666666667 -0.091168831168831163 234.23250000000002 -14.635 251.20833333333334 0.68301270189221941 14.433756729740361 2012.5000000000002 386.45833333333343 18.301429998000337 202.92041666666668 2009.5000000000002 35.040560912903587 13.845000000000001 2017.5000000000002 0.44445555555555555 2011.5000000000002 298.73250000000002 0.35417708333333336 241.13541666666671
decision_type=2 2 2 2 2 2 2 2 2 2 2 2 2 2 2 2 2 2 2 2 2 2 2 2 2 2 2 2 2 2 2 2 2 2 2 2 2 2 2 2 2 2 2 2 2 2 2 2 2 2 2 2 2 2 2 2 2 2 2 2 2 2
left_child=1 16 3 9 5 8 13 -8 -5 10 11 -2 -4 21 -15 20 19 53 43 22 -10 -7 23 42 49 -26 -17 47 29 30 31 32 -20 40 35 36 -35 38 -36 -39 -30 -37 -1 50 45 -42 -46 48 -24 -25 -3 -49 -31 -18 58 56 -56 -57 59 -55 -60 -45
right_child=2 18 12 4 -6 6 7 -9 15 -11 -12 -13 -14 14 -16 26 17 -19 28 -21 -22 -23 27 24 25 -27 -28 -29 33 52 -32 -33 -34 34 37 41 -38 39 -40 -41 44 -43 -44 61 46 -47 -48 51 -50 -51 -52 -53 -54 54 55 57 -58 -59 60 -61 -62 -63
leaf_value=-0.44861598206347342 0.22696775238833325 0.5388002828771109 -1.0575535051510059 2.8776685372766746 -1.2108852975396995 3.6029482247140177 2.0479614664707682 6.1616438635775665 0.51633332950808997 1.7543268456082164 1.5761765833394934 -2.5927075797339896 1.0825460906602069 1.8495449837396905 -0.070961544139415508 2.0622041361265451 -0.22482176112060381 -1.724783525068613 -0.083142266212690413 -1.4863508303818753 -1.5960313629840133 1.4131354361031185 -0.003649524742220077 0.27313553967988158 0.028992140429436347 0.55029639151830023 0.0086133158602420736 1.0567898374201723 -1.7406145733114666 2.8488498668765549 2.5976324873777177 -1.3772316101670543 1.7850507402952596 1.7453890447052682 -0.35749779214158456 1.0028156950876308 -0.12144865720761747 -0.42243671787978343 0.099207213346005074 0.1293525404043975 0.41142184066555176 2.7786788484567775 0.72283998371219349 -0.75652851324815007 -0.73164599869944058 -0.82899936493143933 0.24810447099381788 -0.17130592904457867 -0.28141651424846015 -0.1897920981350629 2.2870836339385261 0.075105890596335267 0.96161720515427429 0.082999024620547673 0.46611323767979151 0.16689560719824192 2.5166318567817476 -0.79972442679794786 -0.02106490366899709 1.0521114099362829 -0.50811889819550915 0.39898737484104591
leaf_weight=328 32 28 51 25 25 21 27 24 21 29 25 29 34 41 55 25 593 21 94 28 27 20 1421 224 494 473 21 32 21 20 20 43 29 24 629 23 89 184 567 5079 159 34 34 22 165 38 64 1200 3572 913 22 1268 21 1096 159 559 39 66 5834 104 140 400
leaf_count=328 32 28 51 25 25 21 27 24 21 29 25 29 34 41 55 25 593 21 94 28 27 20 1421 224 494 473 21 32 21 20 20 43 29 24 629 23 89 184 567 5079 159 34 34 22 165 38 64 1200 3572 913 22 1268 21 1096 159 559 39 66 5834 104 140 400
internal_value=0.00682283 -0.0100002 0.840649 1.03877 1.33085 1.53817 2.02309 3.99218 0.770988 0.195098 -0.332057 -1.1155 -0.201189 1.28766 0.750274 0.208185 -0.0558597 0.00577006 0.0996958 -0.108998 -0.672616 2.54091 -0.10511 0.0162377 0.0772709 0.284019 1.12686 -0.145047 0.0775745 0.504324 0.198657 -0.0917363 0.358378 0.0638766 0.084438 0.87693 0.276196 0.0635657 -0.140989 0.110053 -0.240988 2.0652 -0.338407 0.441867 -0.16666 0.171828 -0.457819 -0.150217 -0.202367 -0.0985705 1.31117 -0.0447054 1.88703 0.0100214 0.0274389 0.258794 0.871095 0.0647009 0.000893884 0.167074 -0.0324881 0.33857
internal_weight=26905 26373 532 447 332 307 188 51 119 115 86 61 85 137 96 94 18598 8611 7775 9987 48 41 9959 2466 2104 967 46 7493 7303 227 186 166 123 7076 6629 170 113 6459 1196 5263 447 57 362 472 426 197 229 7461 4993 1137 50 2468 41 8590 7997 823 198 625 7174 1200 5974 422
internal_count=26905 26373 532 447 332 307 188 51 119 115 86 61 85 137 96 94 18598 8611 7775 9987 48 41 9959 2466 2104 967 46 7493 7303 227 186 166 123 7076 6629 170 113 6459 1196 5263 447 57 362 472 426 197 229 7461 4993 1137 50 2468 41 8590 7997 823 198 625 7174 1200 5974 422
is_linear=0
shrinkage=0.05


Tree=81
num_leaves=60
num_cat=0
split_feature=22 1 8 21 8 20 2 8 2 21 22 22 11 10 21 1 0 0 0 14 23 15 5 14 3 20 7 10 5 12 14 11 0 10 21 23 8 2 21 2 13 15 14 21 21 19 7 2 10 2 11 21 2 12 12 2 21 14 0
split_gain=132910 38490.6 48004.2 55620.7 48976.3 44749.2 34950.2 30454.2 29894.9 27243.1 27161.3 24508.3 28345.2 27230.2 23263.1 48749.6 25280.6 22733.3 27776.2 26393.3 22723.5 22472.9 21861.5 21584.5 31696 30572 19764.5 19109.1 51452.7 21905 20252.8 18767.5 17964.4 17193.1 16237.3 15542.3 21754.7 36396 20566.4 17971.6 28849.8 15785.1 15034.9 14836.9 14786.5 23900.6 13181.4 21121.2 20116.7 12481.4 12067.3 10806.1 10273 24533.3 17999.6 14209.1 10372.2 10163.8 8059.71
threshold=2.5000000000000004 -17.414999999999996 1387.5000000000002 0.35417708333333336 1206.5000000000002 -1.0000000180025095e-35 2020.5000000000002 180.31000000000003 2022.5000000000002 -0.42449999999999999 1.0000000180025095e-35 6.5000000000000009 193.45000000000002 198.87500000000003 0.72021505376344097 -15.014999999999999 13.895000000000001 12.870000000000003 15.065000000000001 107.65630945640935 20.500000000000004 499.91666666666669 -0.24999999999999994 101.03629710818437 6.5000000000000009 -0.17226495726495725 149.29000000000005 204.08500000000001 -0.6830127018922193 180.31000000000003 6.0137768306955222 312.75000000000006 14.665000000000001 392.50000000000006 0.38717583807716643 24.500000000000004 192.75000000000003 2015.5000000000002 -0.28252403440776186 2016.5000000000002 297.95833333333343 404.25000000000006 7.5055534994654423 0.40043103448275869 0.48991894630192506 0.089967302636014282 220.28000000000003 2014.5000000000002 224.50000000000003 2017.5000000000002 189.67000000000004 -0.37992248062015499 2017.5000000000002 322.55000000000007 398.75000000000006 2010.5000000000002 0.12361593462717059 28.867513459481604 13.795000000000002
decision_type=2 2 2 2 2 2 2 2 2 2 2 2 2 2 2 2 2 2 2 2 2 2 2 2 2 2 2 2 2 2 2 2 2 2 2 2 2 2 2 2 2 2 2 2 2 2 2 2 2 2 2 2 2 2 2 2 2 2 2
left_child=1 -1 4 -4 8 -6 17 -8 22 10 -10 21 -13 -14 16 -16 -15 44 19 20 43 27 -3 24 -11 -25 58 28 34 30 -29 -31 -30 -28 -9 38 37 42 -20 41 -41 -38 -37 49 51 -46 47 -40 -48 -19 -45 -2 54 56 55 -53 -54 -23 -22
right_child=6 2 3 -5 5 -7 7 11 9 23 -12 12 13 14 15 -17 -18 18 35 -21 26 57 -24 25 -26 -27 33 29 32 31 -32 -33 -34 -35 -36 36 39 -39 46 40 -42 -43 -44 50 45 -47 48 -49 -50 -51 -52 52 53 -55 -56 -57 -58 -59 -60
leaf_value=2.6007579406462105 1.1235518450435265 0.64445439198570786 0.65794172310710541 -3.0635138504540742 0.71643169733632606 3.8471290803068623 1.7498879333043889 2.4563858102144036 3.0023812023561396 0.80244656244588863 0.48346914801246677 -1.4051241213105261 1.8933811339105313 0.49200869694389504 0.0068570652193912784 -2.7407385277510876 0.1249713417982416 -0.064663978483283396 1.1876977962184108 -1.841151673114138 -0.030553439344526825 -1.7401806842778378 2.9275318918634934 -0.76133252972763543 0.13951003990773578 0.43300131161244082 -0.14906888190957931 0.38027234146264705 0.38400876057135958 0.13337752285170501 -0.81030881514346431 -0.075722483931021337 -0.78555267608578483 -1.1878862694909151 0.73257426967868555 0.84328370841456146 -0.058273534283663858 2.0603733466867129 0.0041867288945623441 0.40179867349515014 -0.17560007073784131 0.86826898511301431 -0.036950773586992364 -0.077253280975313227 0.0060568202402173851 2.2180891062976058 0.57815499445944907 -0.69249651311621396 -0.14402581234165537 0.11553510010136976 -0.90059973721167297 -0.18266108257749139 -0.08551381973146463 1.4216037393091208 -1.207634254921955 0.20377643883660046 -0.65046798135934103 -0.26074991949361648 -0.69580049420150281
leaf_weight=22 24 21 20 20 25 21 27 34 20 402 23 27 24 678 82 20 1523 3919 29 22 56 26 21 91 327 130 6010 47 99 1950 148 2386 49 40 23 78 1912 34 201 700 313 47 128 90 29 21 116 237 569 1273 88 284 526 25 25 1462 96 21 244
leaf_count=22 24 21 20 20 25 21 27 34 20 402 23 27 24 678 82 20 1523 3919 29 22 56 26 21 91 327 130 6010 47 99 1950 148 2386 49 40 23 78 1912 34 201 700 313 47 128 90 29 21 116 237 569 1273 88 284 526 25 25 1462 96 21 244
internal_value=0.0064876 0.534057 0.493264 -1.20566 0.556239 2.15102 -0.0169212 0.0769118 0.485155 0.42977 1.65942 0.0705577 0.202628 0.221344 0.203836 -0.533995 0.238054 -0.0530664 -0.0748111 -0.114841 -0.111584 0.00555424 1.79035 0.373938 0.505147 -0.0588825 -0.175608 0.016363 0.48842 -0.00500382 -0.523275 0.0183144 -0.00344611 -0.155957 1.7634 0.0328938 0.0894042 0.547213 -0.124658 0.0524156 0.223387 -0.0359983 0.296565 -0.0358737 0.0874664 0.937783 -0.158655 -0.372846 -0.0216557 -0.0204795 -0.484606 0.0700164 0.0595113 -0.110982 0.121803 0.14091 -0.172808 -1.08122 -0.571689
internal_weight=26905 1143 1121 40 1081 46 25762 7164 1035 993 43 7137 2354 2327 2303 102 2201 18598 16106 11742 11720 4783 42 950 729 221 6350 4736 205 4531 195 4336 148 6050 57 4364 3212 240 1152 2972 1013 1959 206 5370 2492 50 1123 438 685 5192 178 2442 2418 647 1771 1746 622 47 300
internal_count=26905 1143 1121 40 1081 46 25762 7164 1035 993 43 7137 2354 2327 2303 102 2201 18598 16106 11742 11720 4783 42 950 729 221 6350 4736 205 4531 195 4336 148 6050 57 4364 3212 240 1152 2972 1013 1959 206 5370 2492 50 1123 438 685 5192 178 2442 2418 647 1771 1746 622 47 300
is_linear=0
shrinkage=0.05


Tree=82
num_leaves=63
num_cat=0
split_feature=17 22 8 11 8 5 1 23 5 12 12 8 11 0 8 12 11 0 22 21 1 0 14 22 0 23 19 20 21 12 17 19 11 6 19 12 3 1 15 17 0 17 21 6 17 12 12 22 22 8 23 19 9 17 0 22 1 21 11 9 13 17
split_gain=126872 38916.5 45844.1 75742.7 54319.5 43330.9 45327.9 44363.2 38928.7 38427.3 34891.4 43142.4 33806.1 32632.3 30467.6 35937.2 30534 30300.9 29377.8 36775.6 56197.4 28053.9 36423.4 26003 25744.8 22844.4 28904.1 27805.2 21926.4 21176 20715.1 21672.4 19046.6 18233.9 18166.3 15826.4 15516.9 15381.5 14533.4 15517.6 18492.3 14520.3 14394 14200.9 33469.7 14183.1 13800.9 13575.6 14438.3 30204.9 26016.9 12960.8 13484.3 12844.1 12656.7 14765.6 12609 26904.5 12582.3 27900.3 11847.1 10622.6
threshold=897.87500000000011 1.0000000180025095e-35 1387.5000000000002 1077.5000000000002 1258.5000000000002 -0.6830127018922193 -15.014999999999999 45.500000000000007 0.68301270189221941 308.43000000000001 1146.5000000000002 987.00000000000011 1105.5000000000002 12.870000000000003 972.50000000000011 698.00000000000011 1005.0000000000001 14.255000000000001 5.5000000000000009 0.72021505376344097 -14.635 12.665000000000001 73.425628358914906 8.5000000000000018 12.790000000000001 36.500000000000007 0.1556998556998557 0.42863392075990508 -0.12585097022183109 374.37500000000006 295.01041666666669 -0.13630170918999254 298.16500000000002 -0.5 -0.038361916771752817 777.50000000000011 5.5000000000000009 -16.254999999999999 866.33333333333337 857.58333333333348 14.115000000000002 308.58000000000004 0.10834166666666668 -0.24999999999999994 456.29166666666669 977.50000000000011 232.75000000000003 3.5000000000000004 5.5000000000000009 228.04000000000005 12.500000000000002 -0.0046527276971489165 344.50000000000006 258.0866666666667 12.740000000000002 6.5000000000000009 -15.554999999999998 0.069532666579060778 178.54000000000005 157.75000000000003 205.08333333333334 251.00333333333336
decision_type=2 2 2 2 2 2 2 2 2 2 2 2 2 2 2 2 2 2 2 2 2 2 2 2 2 2 2 2 2 2 2 2 2 2 2 2 2 2 2 2 2 2 2 2 2 2 2 2 2 2 2 2 2 2 2 2 2 2 2 2 2 2
left_child=9 2 4 -4 5 6 12 21 37 13 11 35 -2 24 16 -16 23 18 32 58 41 -7 -23 38 25 27 54 -1 -25 36 31 -26 61 34 -32 -3 -30 -9 39 45 -41 -21 -36 47 51 -11 53 -19 49 -49 -50 -45 -53 -28 55 -27 -34 -58 60 -60 -20 -15
right_child=1 10 3 -5 -6 7 -8 8 -10 14 -12 -13 -14 17 15 -17 -18 43 19 20 -22 22 -24 28 30 26 46 -29 29 -31 33 -33 56 -35 42 -37 -38 -39 -40 40 -42 -43 -44 44 -46 -47 -48 48 50 -51 -52 52 -54 -55 -56 -57 57 -59 59 -61 -62 -63
leaf_value=-0.10838741225300552 -2.243361248908105 -0.86151810991820565 -2.4634869497346683 1.6934768344632429 3.0982671625517613 -0.028365519580999352 1.9108411875245797 1.79488439955652 -1.6671608740684545 0.18031543301906644 1.5539414597913552 -2.6419924116812616 0.15858061462269163 -0.23216773767338716 2.6996351359849911 0.093699653812906181 -1.106472665107179 -0.12040787513655626 -0.14938461050990059 0.58933980260108343 -3.0348188440044566 2.4514364834908364 1.0897258979407449 0.50835891267675481 1.6916802660911872 0.10323556579279564 0.90344076581131605 -1.9443978210196111 0.64737216396582342 -1.2694929655459939 2.5832540870117389 0.07798750624730158 -0.80175827130760879 0.44200137082079716 0.40457566063217565 1.0530314130481011 -0.79023085596692533 -0.080208682658067382 -1.0313846388661054 0.00568864274380812 2.0827123466508213 -1.0519351491890105 1.9945462030257095 -0.14912052127488712 -1.2657644514549009 -0.47319559829635716 0.35127405558043323 0.0085650945052411186 0.26810510012049688 0.39067557968872935 -0.097713965999285821 -0.035153047081474167 0.22306676415785542 2.5080389375370262 -0.1518773487923713 0.5801328449661477 0.35556257228752369 -1.3671646614312383 1.9154073982096429 0.043524009453284981 -1.0112065505050527 0.089923631400135914
leaf_weight=911 23 21 24 20 32 24 22 24 21 3408 21 21 40 2976 25 28 50 1017 296 29 25 100 97 49 22 842 31 21 36 80 22 356 235 158 44 22 39 20 25 20 23 25 21 2333 57 85 44 1165 663 930 1820 4800 565 21 351 201 77 32 20 2069 46 280
leaf_count=911 23 21 24 20 32 24 22 24 21 3408 21 21 40 2976 25 28 50 1017 296 29 25 100 97 49 22 842 31 21 36 80 22 356 235 158 44 22 39 20 25 20 23 25 21 2333 57 85 44 1165 663 930 1820 4800 565 21 351 201 77 32 20 2069 46 280
internal_value=0.00616622 0.770563 0.957012 -0.574289 1.12432 0.953253 -0.0378728 1.24775 0.0991924 -0.00925597 -0.209858 -0.790204 -0.720405 -0.0342778 0.136323 1.32578 0.119763 -0.0580945 -0.150318 -0.019012 -1.08 1.58533 1.78187 0.136078 0.117925 0.0441805 0.165625 -0.149966 -0.412782 -0.704154 0.404557 0.172342 -0.241863 0.762595 1.34359 0.118073 -0.100172 0.944207 0.167533 0.17604 1.11903 -0.170957 0.92061 -0.0158846 -0.0596867 0.164398 1.00435 0.0448269 0.0815366 0.178202 -2.56525e-05 -0.0507393 -0.00795477 1.55512 0.107794 0.195192 -0.595657 -0.150936 0.0155077 0.0615386 -0.265579 -0.204466
internal_weight=26905 532 447 44 403 371 85 286 65 26373 85 64 63 22505 3868 53 3815 19460 6110 2510 79 221 197 3765 3045 2422 1490 932 204 155 623 378 3600 245 87 43 75 44 3561 3536 43 54 65 13350 7755 3493 96 5595 4578 2095 2483 7698 5365 52 1394 1043 344 109 2431 2089 342 3256
internal_count=26905 532 447 44 403 371 85 286 65 26373 85 64 63 22505 3868 53 3815 19460 6110 2510 79 221 197 3765 3045 2422 1490 932 204 155 623 378 3600 245 87 43 75 44 3561 3536 43 54 65 13350 7755 3493 96 5595 4578 2095 2483 7698 5365 52 1394 1043 344 109 2431 2089 342 3256
is_linear=0
shrinkage=0.05


Tree=83
num_leaves=63
num_cat=0
split_feature=17 10 0 3 0 10 1 13 1 7 12 14 6 25 0 0 8 12 0 22 1 1 21 22 5 14 23 21 6 21 12 9 20 8 22 21 21 1 1 1 0 21 20 12 12 3 13 17 6 10 10 19 12 14 16 17 15 3 10 20 15 5
split_gain=114516 62248.3 107750 71580.6 38755.4 49287.8 52678.6 51845.9 101429 42179.1 34681.1 34176.3 60993 31668.2 29478.7 29225.1 27509.9 32446.8 22229.4 22078.5 21560.9 28742.8 33006.7 36723.2 24219.3 26925 21011.6 20452.4 19895.4 19792 19113.7 18599.9 20300.3 25164.5 25068.8 53067.9 33415.2 19703.9 19522.5 21729.1 16530.6 27339.1 15546.6 15716.6 14580.9 14007.9 13504.9 13279.8 38171.3 19910.7 12929.2 12006 11974.3 13118 10730.1 10570.5 8974.26 14502.7 8793.5 8806.82 7951.7 7787.55
threshold=897.87500000000011 902.50000000000011 14.865000000000002 7.5000000000000009 13.725000000000001 1341.5000000000002 -16.429999999999996 1269.3333333333337 -13.709999999999999 1105.5000000000002 308.43000000000001 28.354893757515747 1.0000000180025095e-35 12.500000000000002 14.145000000000001 12.705000000000002 972.50000000000011 698.00000000000011 12.790000000000001 8.5000000000000018 -13.709999999999999 -14.635 0.75055555555555564 8.5000000000000018 -0.6830127018922193 29.726529244564077 28.500000000000004 0.57948407215884434 1.0000000180025095e-35 -0.12585097022183109 374.37500000000006 854.00000000000011 -0.11110555555555555 677.50000000000011 5.5000000000000009 0.25726965342349967 -0.090796160361377762 -12.889999999999999 -14.459999999999999 -16.194999999999997 12.740000000000002 0.4547859547859549 0.073315881326352486 277.64000000000004 274.50000000000006 5.5000000000000009 182.68000000000001 450.12500000000006 -0.24999999999999994 483.50000000000006 827.50000000000011 -0.054274640088593555 204.58500000000001 57.735026918962809 27.19322658028705 297.37833333333339 303.00666666666672 5.5000000000000009 469.50000000000006 -0.20021321961620467 359.41666666666669 0.68301270189221941
decision_type=2 2 2 2 2 2 2 2 2 2 2 2 2 2 2 2 2 2 2 2 2 2 2 2 2 2 2 2 2 2 2 2 2 2 2 2 2 2 2 2 2 2 2 2 2 2 2 2 2 2 2 2 2 2 2 2 2 2 2 2 2 2
left_child=10 2 3 -2 11 7 -7 8 9 14 13 18 -13 20 -6 -14 19 -18 -3 31 21 40 24 -24 25 -23 -17 -26 46 61 45 32 33 37 35 -34 -36 -12 39 -33 41 51 43 -30 -44 -31 -22 49 -49 -42 -35 -1 -15 55 -46 -54 57 -57 59 -48 -58 -21
right_child=1 4 -4 -5 5 6 -8 -9 -10 -11 16 12 15 52 -16 26 17 -19 -20 29 28 22 23 -25 27 -27 -28 -29 42 30 -32 38 34 50 36 -37 -38 -39 -40 -41 47 -43 44 -45 54 -47 58 48 -50 -51 -52 -53 53 -55 -56 56 60 -59 -60 -61 -62 -63
leaf_value=-0.42539219822062829 2.701614224868313 3.5359716140215669 4.7189225854151751 -0.70722529321821548 -0.99846738228181597 3.0889162865951931 -0.092909847051498906 -2.1128066190739268 3.2666776136918503 -1.8347029602422744 0.21756676929355639 -1.4971386306314354 0.096245926106508659 0.86077440407300065 0.5200503182657622 1.1570340872724394 2.5651911480968219 0.089031397317970343 1.3129089808555399 1.0051652460650276 1.0661197530709696 -0.38011194700184076 -0.29011895875693111 -2.8185004970351399 -0.13821249593280791 -1.5222750873129987 3.2882732210001109 1.0851705973814016 -0.26420709923541658 0.61509323335998278 -1.2060975531885836 -0.16291108441481372 -0.26233035481053785 2.3814850603396471 0.84838425265210859 1.171171438442504 0.14289963192575819 1.3661557897819194 0.75874827461785044 -1.9565717578317576 -0.053096741717952693 1.9894396675388197 0.41613471638123284 0.1500568689585258 0.1564359727370076 -0.75082036246119255 0.85106440621310486 0.89020027955959646 -1.3705961317914894 0.84393328919694821 0.7371223168749037 0.31824040739039477 0.05640593740801382 1.3935322899624234 -0.80180312555707145 0.079090993786146271 -0.087954438680079794 1.4588592240392766 1.1463461348504731 0.14135495111860491 0.54170317557147951 -0.27514254341078043
leaf_weight=67 28 20 25 34 44 27 25 29 23 34 331 25 29 71 116 26 25 28 26 29 44 408 32 26 1280 59 21 35 804 36 80 37 702 24 182 71 2146 42 21 31 16018 22 278 320 70 39 45 27 60 62 24 284 690 22 50 33 95 45 23 1429 106 20
leaf_count=67 28 20 25 34 44 27 25 29 23 34 331 25 29 71 116 26 25 28 26 29 44 408 32 26 1280 59 21 35 804 36 80 37 702 24 182 71 2146 42 21 31 16018 22 278 320 70 39 45 27 60 62 24 284 690 22 50 33 95 45 23 1429 106 20
internal_value=0.00585991 0.73208 1.95458 0.834042 0.492678 0.164801 1.56185 -0.131005 0.134672 -0.238114 -0.00879204 1.15676 0.641036 -0.032563 0.102064 1.34549 0.129509 1.25976 2.28514 0.113773 -0.0457632 -0.0662307 -0.253691 -1.42652 -0.215438 -0.524717 2.11436 -0.105567 0.0770517 -0.392164 -0.668992 0.142367 0.160413 0.486167 0.116172 -0.130522 0.19809 0.347243 -0.571086 -0.982355 -0.0453748 0.283664 -0.051168 -0.14626 0.21734 -0.0951692 0.203689 -0.0529683 -0.668696 -0.0496325 1.56265 0.176198 0.233939 0.188942 -0.243124 0.161447 0.421095 0.876024 0.178267 0.163081 0.244183 0.482993
internal_weight=26905 532 87 62 445 298 52 246 217 194 26373 147 101 22505 160 76 3868 53 46 3815 21443 18380 1840 58 1782 467 47 1315 3063 204 155 3611 3522 421 3101 773 2328 373 89 68 16540 373 1522 1124 398 75 1541 16167 87 16080 48 351 1062 991 120 969 279 78 1497 1474 201 49
internal_count=26905 532 87 62 445 298 52 246 217 194 26373 147 101 22505 160 76 3868 53 46 3815 21443 18380 1840 58 1782 467 47 1315 3063 204 155 3611 3522 421 3101 773 2328 373 89 68 16540 373 1522 1124 398 75 1541 16167 87 16080 48 351 1062 991 120 969 279 78 1497 1474 201 49
is_linear=0
shrinkage=0.05


Tree=84
num_leaves=63
num_cat=0
split_feature=22 1 7 7 22 2 2 3 22 18 1 1 11 20 22 20 20 20 12 12 12 2 6 2 2 2 3 22 25 3 2 20 22 25 7 18 15 13 15 20 2 10 13 2 2 2 12 13 19 6 12 23 10 20 22 19 1 20 23 12 11 2
split_gain=102074 32660.1 41133 33539.9 30372.8 32530.5 49823.2 50041.6 107188 28412.3 27569.7 45219.4 34899.4 26987.3 34983 26868.1 52681.4 31195.5 43183.7 26789.9 52021.3 43171.3 24996.6 28089.2 33236.2 38483.3 77627.1 56859.6 24833.3 23422.3 36004.9 32863.3 23147.4 22147.1 21987.9 21475.8 22531.8 20939.4 22554.1 20408.8 43566.6 19192 19912.1 18577.8 25611.3 24673.7 18946.6 24975.8 17133.7 17113.3 16477.4 17478.6 15769.5 15651.1 15602.4 15131 14955 14585.7 14140.5 16620.7 13896.9 13833.5
threshold=2.5000000000000004 -17.414999999999996 1387.5000000000002 1258.5000000000002 5.5000000000000009 2023.5000000000002 2024.5000000000002 3.5000000000000004 8.5000000000000018 56.16118489364127 -16.224999999999998 -13.709999999999999 304.58500000000009 -0.14285269012071364 8.5000000000000018 0.23442680776014105 0.20000960015360239 0.3055694444444445 698.00000000000011 753.00000000000011 705.00000000000011 2023.5000000000002 0.6830127018922193 2020.5000000000002 2022.5000000000002 2021.5000000000002 8.5000000000000018 4.5000000000000009 1.5000000000000002 11.500000000000002 2022.5000000000002 -0.014742103738046906 4.5000000000000009 11.500000000000002 388.50000000000006 80.73834155180991 342.27750000000003 492.33333333333343 425.04166666666669 -0.14285269012071364 2014.5000000000002 425.50000000000006 441.83333333333343 2018.5000000000002 2014.5000000000002 2015.5000000000002 250.50000000000003 265.07000000000011 0.72902097902097918 1.0000000180025095e-35 200.15500000000003 11.500000000000002 195.41500000000005 0.18913240972064507 3.5000000000000004 0.13782819296536356 -16.429999999999996 0.023294573643410924 17.500000000000004 343.16500000000002 199.58500000000001 2010.5000000000002
decision_type=2 2 2 2 2 2 2 2 2 2 2 2 2 2 2 2 2 2 2 2 2 2 2 2 2 2 2 2 2 2 2 2 2 2 2 2 2 2 2 2 2 2 2 2 2 2 2 2 2 2 2 2 2 2 2 2 2 2 2 2 2 2
left_child=1 -1 3 15 10 29 7 8 34 13 22 12 43 -9 -15 16 19 18 -17 20 -3 -21 23 -2 25 26 -25 -27 -8 48 39 -32 50 55 -7 36 -34 38 49 40 -31 -40 -43 44 52 -46 54 -48 -6 61 51 60 -12 -14 -45 -26 -38 -35 -30 -60 -24 -13
right_child=4 2 -4 -5 5 6 28 9 -10 -11 11 37 53 14 -16 17 -18 -19 -20 21 -22 -23 32 24 33 27 -28 -29 58 30 31 -33 35 57 -36 -37 56 -39 41 -41 -42 42 -44 46 45 -47 47 -49 -50 -51 -52 -53 -54 -55 -56 -57 -58 -59 59 -61 -62 -63
leaf_value=2.3716316404385807 -0.0026354663656846474 0.38374494957605815 -1.1630049555502888 2.2249567222111342 -0.014622990997148781 2.2054070392922678 0.77981416922850166 1.943102979600726 -0.61943970634963752 1.1650262752121596 -0.23279475170436015 -0.38436486228278399 -0.54721006674060824 0.24649657772131792 -0.5640645737181571 0.05824630360950455 2.8887501142757799 0.40776899116122234 -3.0273503898981202 2.402006090040798 -1.4306058235345473 0.61149111625852148 1.7788707898604912 -0.17739260143554497 -0.076934664458413571 0.45411272850789203 1.8253365683286855 2.3479248956190051 -1.084603003230695 0.038672217513833727 -0.054264483428918403 1.8669120275447491 -0.3605038182144551 0.71852824546571681 1.1561195939894573 0.71807012305642559 -2.0455901719905714 -1.4802744352422055 2.2521635110909339 0.071716514366851211 2.6836353694564079 1.5127422613256118 -0.56554917606575361 -0.4909790344060736 -0.74377607679011515 -0.27033509728817962 -0.10819182958564021 1.0384420849407148 1.41169771967341 -0.089416519983592596 -0.17526837200036058 0.044026746376201305 0.054041089339863485 -1.8819066371752584 -0.014076178214603094 -1.4801031544433896 -0.49370580746185733 -0.086637011825267923 0.79169782356566365 -0.50938884740167778 0.46399025227743529 0.29508229085507198
leaf_weight=22 3508 474 39 27 9876 74 42 20 81 72 1117 83 457 687 165 26 23 66 20 37 43 366 28 219 436 97 62 67 79 44 35 61 555 166 155 41 35 21 21 769 24 22 24 202 362 1148 98 92 21 852 489 232 839 23 1133 20 28 85 30 133 71 761
leaf_count=22 3508 474 39 27 9876 74 42 20 81 72 1117 83 457 687 165 26 23 66 20 37 43 366 28 219 436 97 62 67 79 44 35 61 555 166 155 41 35 21 21 769 24 22 24 202 362 1148 98 92 21 852 489 232 839 23 1133 20 28 85 30 133 71 761
internal_value=0.00557246 0.467908 0.430334 0.487872 -0.0149418 0.0415551 0.256727 0.392157 0.943238 0.211101 -0.0671113 -0.133098 -0.204379 0.132206 0.0894681 0.443204 0.530162 -0.288724 -1.28687 0.470884 0.232584 0.776448 0.0108712 0.067712 0.281916 0.620381 0.264965 1.22879 -0.34117 0.0109953 0.250468 1.1671 -0.168211 0.0688141 1.49603 -0.388835 -0.462383 0.0854959 0.104232 0.145202 0.974832 1.00332 0.429433 -0.165207 -0.229193 -0.383881 -0.0197723 0.447248 -0.0115818 0.0686543 0.00911575 0.2815 -0.109761 -0.611553 -0.0862719 -0.138799 -1.35782 0.445917 -0.535984 -0.269556 0.837346 0.228221
internal_weight=26905 1143 1121 1082 25762 12368 1538 1254 310 944 13394 7255 5471 872 852 1055 943 112 46 920 517 403 6139 4660 1152 445 281 164 284 10830 933 96 1479 707 229 659 618 1784 1763 837 68 67 46 4991 3466 1510 1525 190 9897 1696 820 331 1956 480 1335 456 63 251 242 163 99 844
internal_count=26905 1143 1121 1082 25762 12368 1538 1254 310 944 13394 7255 5471 872 852 1055 943 112 46 920 517 403 6139 4660 1152 445 281 164 284 10830 933 96 1479 707 229 659 618 1784 1763 837 68 67 46 4991 3466 1510 1525 190 9897 1696 820 331 1956 480 1335 456 63 251 242 163 99 844
is_linear=0
shrinkage=0.05


Tree=85
num_leaves=63
num_cat=0
split_feature=10 0 0 20 25 16 11 9 12 12 20 5 5 14 11 11 14 1 20 0 16 5 18 1 11 12 7 21 17 11 22 22 11 12 1 5 1 21 12 10 16 1 10 17 17 12 18 10 12 12 21 19 16 14 13 5 7 0 21 19 12 21
split_gain=61425.6 34446 32331.3 23349.2 47095.1 65032.4 57153.2 73922 43283.7 42299.1 38107.5 32759.2 29289.2 38453 37800 42219.4 35730.3 29893.2 25821 26094.9 25808.7 24584.1 23212.4 41500 23460 39465.4 30617.2 22910.9 23750.1 22374.4 21487.1 21953.5 29447 24012.9 21478.1 53802.8 21928.2 24310.9 23596 20325.2 20034.4 19922.5 19920.1 19315.5 17908.8 17597.6 16103.1 15788.2 15765.3 18116 15100.2 15471.1 14974.1 18714.9 29004.5 14538 19215.9 14333.9 14695 15548 14205.5 14062.7
threshold=449.00000000000006 12.870000000000003 14.255000000000001 0.057205789804908765 7.5000000000000009 143.04170995981593 1241.5000000000002 972.50000000000011 1077.5000000000002 977.50000000000011 -0.054312242615282884 0.93301270189221952 0.68301270189221941 73.425628358914906 784.35500000000013 655.00000000000011 86.602540378443891 -16.854999999999997 -0.0042239072256913248 13.280000000000003 18.29617441250862 -0.24999999999999994 44.223134231870326 -12.149999999999997 337.75000000000006 283.16500000000002 446.75000000000006 0.80090090090090105 300.02000000000004 784.35500000000013 5.5000000000000009 2.5000000000000004 293.54000000000002 398.75000000000006 -15.554999999999998 -0.5 -16.119999999999997 -0.026631205673758814 652.50000000000011 325.50000000000006 45.532910363824932 -14.459999999999999 627.50000000000011 429.08333333333343 178.34375000000003 350.50000000000006 45.443938156277014 752.50000000000011 229.58500000000001 216.83500000000001 -0.36390151515151509 0.02667333333333333 73.569122819006964 53.865087334767438 245.86000000000004 -0.6830127018922193 902.50000000000011 12.835000000000003 0.24997991107301668 -0.043676105315449569 602.08500000000015 0.41508098992792236
decision_type=2 2 2 2 2 2 2 2 2 2 2 2 2 2 2 2 2 2 2 2 2 2 2 2 2 2 2 2 2 2 2 2 2 2 2 2 2 2 2 2 2 2 2 2 2 2 2 2 2 2 2 2 2 2 2 2 2 2 2 2 2 2
left_child=1 22 27 8 11 6 7 55 9 12 -11 34 14 41 15 16 -2 -16 19 -10 -19 -21 43 24 25 48 -27 30 -29 -13 31 33 -33 -3 36 47 38 -38 45 -25 -37 42 -14 57 -4 -5 -43 -36 49 -24 -46 -52 53 61 -55 60 -57 -1 59 -59 -6 -32
right_child=3 2 44 4 5 -7 -8 -9 18 10 -12 29 13 -15 17 -17 -18 20 -20 21 -22 -23 23 39 -26 26 -28 28 -30 -31 52 32 -34 -35 35 40 37 -39 -40 -41 -42 46 -44 -45 50 -47 -48 -49 -50 -51 51 -53 -54 54 -56 56 -58 58 -60 -61 -62 -63
leaf_value=0.043756072157492533 0.13565435396534017 -0.37569895703994222 -0.3118772484368631 0.94463774374060305 -0.90641462830291397 2.8920550645464829 -1.6192735325251377 3.7581619379362223 3.0518592344499877 -0.19818210663136179 -2.953754299398847 0.00028261426347413209 0.28647609709670518 1.9313044691897947 1.2734745868574386 1.779831208769731 -1.7073666163476191 0.98048332268592864 -0.056611281713706788 0.058916794965634539 -0.85141733815395648 1.9736244103775697 0.5765560949779085 -1.8517262534791255 0.15302941439501638 3.6277623365451763 0.94881410361522445 -0.33678742765048802 -1.8807524810904122 -2.2274985675171854 -0.005717814065522268 -0.16743953389648591 -0.61329586740731623 1.96614562579705 -1.2209694315761441 0.80859721419454988 0.40038098068598887 -1.8144470756632149 1.696768409037495 0.25510940724074554 2.6558578005983686 0.27906022781468992 1.1863900678539394 1.3863277764507036 0.52231181857045172 -0.50856346375590833 -1.0030224412747251 0.61857861229593714 0.066313709604381196 2.0739862526344717 -0.029771401149406376 0.092682630885518952 -1.0334265453663558 2.4146594600001379 0.076198871628097867 1.1546552630887426 -0.45851475707006673 1.4590421690485784 1.6859712470121897 0.0322811350307299 0.86208016753789785 -0.61851902497216815
leaf_weight=2736 888 20 458 31 26 39 24 21 21 31 21 22 237 41 21 38 27 21 37 33 218 34 58 25 116 23 20 76 37 23 2613 3185 419 24 26 26 21 30 25 21 34 55 83 28 140 63 44 21 63 31 10400 3430 36 20 39 113 22 24 24 92 20 97
leaf_count=2736 888 20 458 31 26 39 24 21 21 31 21 22 237 41 21 38 27 21 37 33 218 34 58 25 116 23 20 76 37 23 2613 3185 419 24 26 26 21 30 25 21 34 55 83 28 140 63 44 21 63 31 10400 3430 36 20 39 113 22 24 24 92 20 97
internal_value=0.00141197 -0.0226308 -0.0461148 0.240698 0.515433 1.00898 0.682868 0.95708 0.1535 0.0883632 -1.31464 0.109049 0.13205 0.471728 0.00320333 0.149005 0.081084 -0.531048 1.05156 1.51708 -0.690092 1.03213 0.128552 0.508967 0.716321 1.05113 2.38695 -0.138092 -0.843594 -1.14066 -0.125725 -0.205728 -0.219292 0.903119 0.312428 0.867029 -0.0369198 -0.903362 0.334818 -0.891335 1.85814 0.328467 0.520205 0.0817688 -0.00425593 -0.0287686 -0.291141 -0.399369 0.671882 1.09993 0.0058311 0.000598705 -0.021672 -0.00847943 0.871726 0.63017 0.891586 0.0690184 0.562298 0.328519 -0.137193 -0.0276759
internal_weight=26692 24255 20994 2437 587 265 226 202 1850 1725 52 322 1673 460 1213 953 915 260 125 88 239 67 3261 357 311 195 43 6566 113 45 6453 3648 3604 44 277 107 170 51 119 46 60 419 320 2904 14428 94 99 47 152 89 13970 13830 2805 2769 59 181 135 2876 140 116 46 2710
internal_count=26692 24255 20994 2437 587 265 226 202 1850 1725 52 322 1673 460 1213 953 915 260 125 88 239 67 3261 357 311 195 43 6566 113 45 6453 3648 3604 44 277 107 170 51 119 46 60 419 320 2904 14428 94 99 47 152 89 13970 13830 2805 2769 59 181 135 2876 140 116 46 2710
is_linear=0
shrinkage=0.05


Tree=86
num_leaves=63
num_cat=0
split_feature=10 0 0 23 18 22 8 20 25 16 11 9 12 12 20 6 25 10 8 1 14 6 11 14 14 10 18 3 19 1 21 21 9 19 6 10 11 22 22 11 12 11 6 6 1 18 8 18 16 14 3 18 3 23 9 22 1 12 22 8 14 19
split_gain=55448 31093.9 29179.3 25140.7 45554.3 33173.7 66163.6 21078 42511.7 58708.9 51599.7 66753.7 39080.5 38192.8 34409.3 31039.8 31207.8 28859.1 28172.9 27487.3 35143 30709.6 25191.6 36271 44506.5 21731.5 37419.5 23559.2 21955.2 20948.9 20927.8 20683.2 20506.9 20214.4 20174.3 19994 23777.1 19392.2 19819.6 26576.7 21681.5 16496.7 17529.9 14654.3 14598.3 13997.3 13942.6 13806.3 13518.2 16898.7 20410.4 13429.9 19318.2 17789.1 13704.2 13094.8 12720.1 13652.5 15599.2 12912.3 12339.3 18182.1
threshold=449.00000000000006 12.870000000000003 14.255000000000001 23.500000000000004 40.596079412759174 8.5000000000000018 431.12500000000006 0.057205789804908765 7.5000000000000009 143.04170995981593 1241.5000000000002 972.50000000000011 1077.5000000000002 977.50000000000011 -0.054312242615282884 0.25000000000000017 10.500000000000002 881.50000000000011 1206.5000000000002 -15.554999999999998 69.626676802223258 0.6830127018922193 968.50000000000011 5.7735026918992274 36.84200251273861 654.00000000000011 125.04685269203033 3.5000000000000004 0.011776539931611653 -12.889999999999999 0.088263079321500251 0.80090090090090105 426.00000000000006 0.1612978148729495 -0.24999999999999994 1136.5000000000002 655.00000000000011 5.5000000000000009 2.5000000000000004 293.54000000000002 398.75000000000006 476.50000000000006 0.6830127018922193 -0.5 -12.889999999999999 46.155984617407036 274.50000000000006 19.208010826837363 73.569122819006964 53.865087334767438 6.5000000000000009 20.689831530137536 6.5000000000000009 41.500000000000007 214.64500000000001 8.5000000000000018 -15.639999999999999 439.00000000000006 2.5000000000000004 400.62500000000006 92.376043070340032 0.11110555555555558
decision_type=2 2 2 2 2 2 2 2 2 2 2 2 2 2 2 2 2 2 2 2 2 2 2 2 2 2 2 2 2 2 2 2 2 2 2 2 2 2 2 2 2 2 2 2 2 2 2 2 2 2 2 2 2 2 2 2 2 2 2 2 2 2
left_child=1 3 31 33 32 41 -7 12 19 10 11 60 13 18 -15 -14 17 -17 22 21 29 25 35 43 -25 28 -27 -28 -9 -21 -31 37 51 -1 -33 36 -2 38 40 45 -3 42 -6 -24 -44 -40 -35 -41 49 55 -51 -5 54 -54 -53 -39 57 58 -4 -59 61 -10
right_child=7 2 56 4 5 6 -8 8 9 -11 -12 -13 15 14 -16 16 -18 -19 -20 20 -22 -23 23 24 -26 26 27 -29 -30 30 -32 34 -34 46 -36 -37 -38 48 39 47 -42 -43 44 -45 -46 -47 -48 -49 -50 50 -52 52 53 -55 -56 -57 -58 59 -60 -61 -62 -63
leaf_value=0.01602209872737979 0.11595733494001825 -0.35700746828050756 1.3071694860091576 0.22434440155305674 0.42059910313852678 3.116596405149445 -0.43256327767870317 -0.63466260088979265 0.53137856332670352 2.7478221193298964 -1.5386457817188437 3.5711444467164899 -0.31557246082859103 -0.18830485415803658 -2.8067665470719905 1.0023020298342995 0.11243279389909044 3.1462508323407992 1.3872468969661511 1.0132443312817421 2.2954499908918824 1.1781632066887116 -0.10247205240809501 -2.6039857956014072 -0.39453253627321772 -2.4571295266135587 -1.8025592967941986 0.21820215786973091 1.1051838938113066 -1.6684154919538452 0.48854359878049353 -1.8624937345247681 1.7246121361481017 -0.33384690820960056 -0.38052042397164021 -1.0328212377262955 0.74490884116070799 0.057620764999931601 -0.18301862090466564 -1.4652668822138686 1.8682461900829772 -0.74403421658668578 0.77317723491950818 1.7857553120472982 2.459256217274731 0.29958095757136388 -1.6843554530703724 -0.48910985337999002 -0.9818983514223073 1.5701345461970222 -0.33424563149869185 0.83950335928175557 0.58602468455234147 -0.572280716106077 -0.0035508230336926613 -0.17023853252342988 0.094451604496293681 -0.28150026570210535 -0.022485916706273795 -1.4743056207565364 -0.38600644374685533 2.0032011035903992
leaf_weight=1387 1235 20 22 980 152 38 20 40 129 39 24 21 33 31 21 31 29 32 43 44 27 32 20 28 121 30 20 51 33 21 24 32 20 60 81 34 171 1712 3027 40 24 22 31 21 22 158 28 379 36 36 23 66 39 218 178 998 2671 140 11568 27 27 25
leaf_count=1387 1235 20 22 980 152 38 20 40 129 39 24 21 33 31 21 31 29 32 43 44 27 32 20 28 121 30 20 51 33 21 24 32 20 60 81 34 171 1712 3027 40 24 22 31 21 22 158 28 379 36 36 23 66 39 218 178 998 2671 140 11568 27 27 25
internal_value=0.00134588 -0.0214971 -0.0438092 0.122141 0.248301 0.827703 1.89402 0.228691 0.489722 0.958639 0.648785 0.909335 0.145842 0.0839486 -1.24921 0.999181 1.47066 2.09463 0.125461 0.10362 0.718916 -0.243014 0.0920885 -0.448896 -0.811233 -0.504936 -0.979633 -0.352691 0.152211 0.238546 -0.519394 -0.131188 0.138237 -0.0306219 -0.801514 0.163498 0.192503 -0.119437 -0.195441 -0.208328 0.858138 0.554515 0.694191 0.866539 1.47647 -0.159068 -0.765035 -0.582638 -0.0205869 -0.008052 0.828355 0.116696 -0.0938677 -0.396328 0.224718 -0.0262933 -0.00404302 -0.0264204 -0.0199503 -0.475146 0.598678 0.771488
internal_weight=26692 24255 20994 3261 1786 285 58 2437 587 265 226 202 1850 1725 52 125 92 63 1673 322 116 206 1630 190 149 174 101 71 73 89 45 6566 1501 1475 113 1440 1406 6453 3648 3604 44 227 205 41 53 3185 88 419 2805 2769 59 1481 501 257 244 2710 14428 11757 11590 167 181 154
internal_count=26692 24255 20994 3261 1786 285 58 2437 587 265 226 202 1850 1725 52 125 92 63 1673 322 116 206 1630 190 149 174 101 71 73 89 45 6566 1501 1475 113 1440 1406 6453 3648 3604 44 227 205 41 53 3185 88 419 2805 2769 59 1481 501 257 244 2710 14428 11757 11590 167 181 154
is_linear=0
shrinkage=0.05


Tree=87
num_leaves=63
num_cat=0
split_feature=2 15 12 2 6 3 21 20 20 20 6 1 9 13 17 25 21 15 8 10 21 12 8 0 0 10 2 0 1 12 10 19 14 23 9 2 7 2 7 3 3 21 7 21 0 13 17 13 23 21 8 3 2 14 10 2 13 1 2 7 10 23
split_gain=58715.2 42969.9 29214.8 45610.6 67269.2 41960 49298.1 46248.2 40737.5 69301.9 47676.7 33786.4 72240.2 53075.2 33398.1 37287.4 32356.1 29382.9 25748.7 24908.8 23982.1 23078.8 23048.6 26297.2 20904.8 21234.4 41998 20875.8 20676.7 20387.6 18946.7 18392 18334.7 17450.5 17596.8 30311.2 16671.9 21383.2 18337.8 27882.2 16458.3 29777 15735.3 15686.6 13775.2 13746.6 13540.9 27665.5 16333.4 12954.8 17602.3 14669.2 21381.2 12620.4 12488.9 12471 10620.6 10146.4 10076.7 9262.85 9262.31 9220.83
threshold=2021.5000000000002 213.61833333333337 753.00000000000011 2022.5000000000002 -0.24999999999999994 6.5000000000000009 0.35417708333333336 0.14257481648786 0.24963768115942034 0.14309523809523808 0.25000000000000017 -16.474999999999998 920.50000000000011 1064.5000000000002 352.17708333333343 5.5000000000000009 -0.044777183600712971 268.6808333333334 489.00000000000006 1039.5000000000002 1.2970588235294118 374.37500000000006 1105.5000000000002 15.610000000000001 12.870000000000003 349.50000000000006 2017.5000000000002 15.065000000000001 -16.854999999999997 211.83500000000001 287.75000000000006 -0.030296969696969652 86.602540378443891 24.500000000000004 196.77500000000001 2015.5000000000002 220.28000000000003 2014.5000000000002 232.75000000000003 3.5000000000000004 1.5000000000000002 0.54653679653679665 149.29000000000005 0.23672275189367234 14.965000000000002 378.77833333333342 326.23250000000002 333.38833333333338 31.500000000000004 0.35417708333333336 167.25000000000003 1.5000000000000002 2015.5000000000002 56.558225262767188 394.50000000000006 2018.5000000000002 308.26333333333338 -14.079999999999998 2013.5000000000002 182.75000000000003 191.77500000000001 20.500000000000004
decision_type=2 2 2 2 2 2 2 2 2 2 2 2 2 2 2 2 2 2 2 2 2 2 2 2 2 2 2 2 2 2 2 2 2 2 2 2 2 2 2 2 2 2 2 2 2 2 2 2 2 2 2 2 2 2 2 2 2 2 2 2 2 2
left_child=18 -2 3 4 14 20 7 17 9 11 -10 12 28 19 16 -16 -3 -7 24 -13 22 44 23 -5 25 53 -27 42 -4 -18 40 -14 -15 36 35 60 37 -29 39 -38 -6 -42 57 -9 -8 56 47 -36 -48 51 -51 58 -53 59 -52 -40 -32 61 -44 -1 -35 -26
right_child=1 2 8 5 30 6 21 43 10 -11 -12 13 31 32 15 -17 29 -19 -20 -21 -22 -23 -24 -25 27 26 -28 33 -30 -31 45 -33 -34 34 46 -37 38 -39 55 -41 41 -43 49 -45 -46 -47 48 -49 -50 50 54 52 -54 -55 -56 -57 -58 -59 -60 -61 -62 -63
leaf_value=0.54589027337305784 2.1921315523732705 2.4048726530532556 2.1515716786408308 0.19030151783825042 -0.92829478682436006 -0.88952426963981557 -0.82811836519384574 -0.99660182622778359 -1.8822916417901205 2.8954154790004836 0.95555848267923782 0.6289483421728207 -3.0194225955365308 1.300551190958843 0.63516992039941433 3.5882983164353806 -0.25241299244443088 0.059487884147257412 -1.4799967273446908 -0.89674303830660063 1.8026938128795018 -2.2019299858374617 1.5488633159509639 -0.29108373284344546 -0.0072000139332790486 -0.041876017296700707 2.5362092727445553 0.002873652939537015 0.033181796478609318 0.78810689389450928 0.63880990902762602 -0.87121348214979788 3.3497614483488096 0.61087241321938734 0.048503753753454615 1.895325253053014 1.9934382443326226 -0.6650672203696576 -0.19661760615832499 0.089678125002965611 1.0885752894766287 0.045717280423286023 0.027633431971792213 0.48909150855754735 0.16223205828071993 0.19641038492532215 0.90724482866566181 -1.3253296359971849 -0.15290819626051466 1.1218297360632656 -0.30620145376971741 -0.12721323498465917 0.015435005812390599 1.1036405806484091 -1.5728833026553861 0.33275261126629269 -0.51677944077312621 0.68194052419852258 -0.35098578771351524 0.037726885448569718 -0.024376171219457191 -0.6111039492795638
leaf_weight=93 25 27 20 2436 22 85 173 155 36 32 25 241 20 22 20 23 57 1962 31 30 22 26 29 321 82 40 26 220 27 269 22 20 22 109 2985 33 28 263 488 61 119 161 232 20 44 170 97 37 58 21 620 5156 5355 29 20 144 199 20 724 2441 121 276
leaf_count=93 25 27 20 2436 22 85 173 155 36 32 25 241 20 22 20 23 57 1962 31 30 22 26 29 321 82 40 26 220 27 269 22 20 22 109 2985 33 28 263 488 61 119 161 232 20 44 170 97 37 58 21 620 5156 5355 29 20 144 199 20 724 2441 121 276
internal_value=0.00128066 0.127097 0.119535 0.0907422 0.385319 0.029898 -0.120637 -0.0466741 0.489497 0.659563 -0.719496 0.480896 -0.390941 0.721753 0.905088 2.21953 0.744375 0.020037 -0.0424281 0.459766 0.162047 -0.79664 0.149025 0.134243 -0.0401673 0.0911184 0.975958 -0.0602933 0.937385 0.606139 0.0882129 -1.95029 2.33054 0.0302312 0.0875724 0.480538 -0.13359 -0.360881 0.0186944 0.690235 0.385631 0.48918 -0.0939092 -0.826597 -0.627305 -0.141533 0.0550261 0.0316382 0.510667 -0.0840052 -0.299228 -0.071596 -0.0545388 0.0682936 -0.346033 -0.0759601 -0.401484 -0.411558 -0.259105 0.0563997 0.276789 -0.472834
internal_weight=26692 6882 6857 6362 1089 5273 2465 2222 495 434 61 402 87 315 396 43 353 2047 19810 271 2808 243 2786 2757 19779 2629 66 17150 47 326 693 40 44 4644 3440 263 1204 483 721 89 302 280 12506 175 217 391 3177 3022 155 12128 661 11467 10511 2563 640 632 221 378 956 2534 230 358
internal_count=26692 6882 6857 6362 1089 5273 2465 2222 495 434 61 402 87 315 396 43 353 2047 19810 271 2808 243 2786 2757 19779 2629 66 17150 47 326 693 40 44 4644 3440 263 1204 483 721 89 302 280 12506 175 217 391 3177 3022 155 12128 661 11467 10511 2563 640 632 221 378 956 2534 230 358
is_linear=0
shrinkage=0.05


Tree=88
num_leaves=63
num_cat=0
split_feature=2 5 9 2 6 0 22 11 7 9 10 16 14 2 12 23 0 0 11 9 0 18 22 22 12 18 10 11 0 10 22 0 18 22 0 18 14 20 7 22 23 15 2 12 22 2 2 18 7 12 15 15 2 3 9 21 2 16 16 3 2 16
split_gain=52996.3 41265.9 72391.4 49914.8 52148.5 42120 71565 74786 37688.4 29287.3 41545 34627.1 74074.4 48883.5 35469.8 39158.7 36916.4 29285.6 30531.2 30111.7 25770.2 24110.1 22773 22677.3 22453.7 23348.3 81780.1 47973.9 24127.5 19320.1 22421.8 18591.3 34323.8 71597.6 18642.3 17236 17037.6 16611.7 16012.8 15670.6 15643.4 16151 37380.2 33020.5 16061.6 25461.5 15878.4 22025.9 13215.8 13087.9 12877.9 12396.6 12595.2 11727.3 12146.5 11492.4 16963.8 27604.3 15715.4 12763.8 19163.5 11012.6
threshold=2021.5000000000002 -0.5 1258.5000000000002 2022.5000000000002 0.25000000000000017 14.665000000000001 5.5000000000000009 293.54000000000002 400.62500000000006 1341.5000000000002 779.00000000000011 91.74239296348577 129.23739534397814 2023.5000000000002 804.00000000000011 42.500000000000007 12.790000000000001 13.280000000000003 253.16500000000005 868.00000000000011 13.895000000000001 135.98687856752832 8.5000000000000018 8.5000000000000018 1258.5000000000002 247.46463367108854 1136.5000000000002 1315.0000000000002 15.610000000000001 294.12500000000006 4.5000000000000009 12.870000000000003 42.42664209900348 8.5000000000000018 15.065000000000001 47.764058689172494 50.212880153734524 -0.077337819185645237 342.25000000000006 5.5000000000000009 24.500000000000004 212.29833333333335 2015.5000000000002 224.50000000000003 4.5000000000000009 2014.5000000000002 2015.5000000000002 22.424535848472548 149.29000000000005 293.54000000000002 292.9308333333334 404.25000000000006 2016.5000000000002 1.5000000000000002 274.50000000000006 0.35417708333333336 2014.5000000000002 42.029553038029739 53.002040105051741 1.5000000000000002 2015.5000000000002 9.7986771803226826
decision_type=2 2 2 2 2 2 2 2 2 2 2 2 2 2 2 2 2 2 2 2 2 2 2 2 2 2 2 2 2 2 2 2 2 2 2 2 2 2 2 2 2 2 2 2 2 2 2 2 2 2 2 2 2 2 2 2 2 2 2 2 2 2
left_child=21 9 3 4 5 8 7 -7 22 10 17 14 13 -13 16 -16 -12 18 -2 23 -14 31 -3 39 25 27 -27 28 -5 -20 -31 32 38 49 48 -25 -18 -4 -1 -19 44 42 61 -44 45 -36 -46 -48 -33 50 -34 52 -43 -6 -55 59 57 -57 -58 -50 -61 -42
right_child=1 2 37 24 53 6 -8 -9 -10 -11 11 12 20 -15 15 -17 36 19 29 -21 -22 -23 -24 35 -26 26 -28 -29 -30 30 -32 34 33 -35 40 -37 -38 -39 -40 -41 41 51 43 -45 46 -47 47 -49 55 -51 -52 -53 -54 54 -56 56 58 -59 -60 60 -62 -63
leaf_value=0.060946526544557969 -1.1628283267846207 0.63839568426461557 3.3424674513328139 0.1626965569924676 -0.71785313160828013 1.6851129972453358 0.48133129829178944 5.2853991940010729 -1.0597920131437557 -1.6515836357646141 -2.4758039692741125 3.7757218057121444 1.1195901703137856 0.85450965216333374 2.0052160005283488 -0.52361193452301602 -0.68108422724906537 -0.25421640720398381 1.7394373143099218 -2.11771428976486 -1.1171361579108483 -1.5306597620798652 2.2168960661905719 -1.2039585150871321 1.6814549018810323 3.5373626114632852 -0.65008195312229833 -2.332058387965112 -0.23184321492441004 -0.59557185266391344 0.47617622019862865 -0.3809776307491507 0.55545203901378126 3.6199785403351288 0.063076900350560419 -0.18982428350996286 0.99668850965233902 1.2959522767149987 -0.9003012280784497 0.07083570056670932 0.65231451692704034 -0.064738485132177281 2.7129134988866723 0.45997727482787998 -0.17943421951026842 -0.72952914679182568 0.55614835111079897 -0.33847453248341453 -0.24323391219278223 1.2467203180889608 -0.73770813169509075 0.79476527476265835 0.14693445515858095 1.2574885924973811 0.082477898677786973 -0.20278483871208874 -0.45366702782296714 1.2348102043902456 -1.7406172631800858 -0.12120764326210867 0.013878009784170484 0.043807550219803114
leaf_weight=2464 34 147 20 3355 39 42 56 22 29 28 20 32 23 26 37 26 38 830 25 20 29 27 27 88 23 21 26 20 438 58 305 376 48 20 181 80 25 20 44 670 95 1680 29 37 473 230 220 100 956 31 32 53 1208 25 178 334 263 37 26 5155 5350 341
leaf_count=2464 34 147 20 3355 39 42 56 22 29 28 20 32 23 26 37 26 38 830 25 20 29 27 27 88 23 21 26 20 438 58 305 376 48 20 181 80 25 20 44 670 95 1680 29 37 473 230 220 100 956 31 32 53 1208 25 178 334 263 37 26 5155 5350 341
internal_value=0.00122024 0.120752 0.210173 0.191101 0.63016 1.04585 1.7882 2.9291 0.606332 -0.0468831 -0.0278214 0.573559 1.24307 2.47002 0.0685911 0.962318 -0.610061 -0.100811 0.271692 -0.19395 -0.127469 -0.0403054 0.884497 -0.170755 0.127199 0.117893 1.22434 0.104222 0.117131 0.397677 0.304802 -0.0382633 0.0852758 0.873962 -0.0572806 -0.721467 -0.0146977 2.32512 0.0440453 -0.109028 0.0282209 0.0824708 0.34456 1.45259 -0.126904 -0.380531 0.00457272 0.276545 -0.0890746 0.376326 0.0378503 0.0377228 0.0238009 0.0751104 0.227756 -0.0800161 -0.282887 -0.0591052 -0.570027 -0.0683307 -0.0524111 0.176526
internal_weight=26692 6882 4488 4448 565 323 120 64 203 2394 2366 256 110 58 146 63 83 2110 422 1688 52 19810 174 1668 3883 3860 47 3813 3793 388 363 19783 2639 131 17144 168 63 40 2508 1500 4647 3443 502 66 1204 411 793 320 12497 111 80 2941 2888 242 203 12121 660 371 289 11461 10505 436
internal_count=26692 6882 4488 4448 565 323 120 64 203 2394 2366 256 110 58 146 63 83 2110 422 1688 52 19810 174 1668 3883 3860 47 3813 3793 388 363 19783 2639 131 17144 168 63 40 2508 1500 4647 3443 502 66 1204 411 793 320 12497 111 80 2941 2888 242 203 12121 660 371 289 11461 10505 436
is_linear=0
shrinkage=0.05


Tree=89
num_leaves=63
num_cat=0
split_feature=17 25 21 10 13 11 5 15 16 11 5 9 0 19 0 25 5 21 19 12 21 12 13 16 12 25 22 10 25 16 25 16 11 13 10 11 25 12 7 17 0 11 14 17 17 23 9 23 17 16 21 17 12 22 16 16 16 11 19 6 17 14
split_gain=43004.3 21688.9 20469.8 18447.4 19480.7 29725.8 68115.6 62489.9 60176.2 48159.4 47562.1 38521.2 22230 21184.7 16701.7 16140.4 17064.8 18852.4 21567.4 15956.6 35298.2 32922.6 39084.5 29953.9 28113.1 14719.6 21925.1 53418.3 59405.9 38121.4 30723.8 78605.1 22159.3 14491.3 15293.7 17425.8 13820.1 13148.3 14038.4 12813.6 12515.5 12254.3 11912.9 11149.2 16540.4 10626 20181.1 28511.3 24968.2 17376.6 14574.6 11571.1 10357.2 9665.41 20867.9 10050.9 16415.1 15809.4 18656.8 12979.6 9650.01 8365.82
threshold=379.20833333333343 12.500000000000002 -0.39940476190476187 344.50000000000006 1001.1666666666669 1258.5000000000002 -0.24999999999999994 1260.0000000000002 81.487707701097023 1077.5000000000002 -0.24999999999999994 1232.5000000000002 14.665000000000001 -0.22120285423037714 14.555000000000001 10.500000000000002 -0.5 0.83416666666666672 0.33334234234234233 1077.5000000000002 -0.19964412811387897 977.50000000000011 745.16666666666686 91.74239296348577 868.50000000000011 6.5000000000000009 8.5000000000000018 298.16500000000002 8.5000000000000018 4.5469058291176152 7.5000000000000009 19.207823536772768 225.35500000000005 387.83333333333343 255.31000000000003 304.58500000000009 5.5000000000000009 398.75000000000006 155.50000000000003 361.36125000000004 13.810000000000002 1136.5000000000002 44.35241130720069 266.1733333333334 258.0866666666667 24.500000000000004 250.50000000000003 29.500000000000004 271.98250000000007 1.0000000180025095e-35 0.55688004613610165 300.02000000000004 204.58500000000001 2.5000000000000004 38.630568523398857 42.029553038029739 26.598872156540711 394.50000000000006 0.17443693424729514 0.6830127018922193 361.36125000000004 15.2752523165196
decision_type=2 2 2 2 2 2 2 2 2 2 2 2 2 2 2 2 2 2 2 2 2 2 2 2 2 2 2 2 2 2 2 2 2 2 2 2 2 2 2 2 2 2 2 2 2 2 2 2 2 2 2 2 2 2 2 2 2 2 2 2 2 2
left_child=1 15 14 -4 13 6 7 8 -6 11 12 -8 -7 36 -2 25 33 18 37 21 41 24 -23 -22 -15 53 45 30 29 -29 31 -28 -32 34 43 40 -5 38 -18 -37 -36 -21 52 44 -17 49 48 -48 -47 51 -51 -27 -3 54 -1 56 60 58 -57 -58 -55 -35
right_child=2 42 3 4 5 10 9 -9 -10 -11 -12 -13 -14 19 -16 16 17 -19 -20 20 23 22 -24 -25 -26 26 27 28 -30 -31 32 -33 -34 61 35 39 -38 -39 -40 -41 -42 -43 -44 -45 -46 46 47 -49 -50 50 -52 -53 -54 55 -56 57 59 -59 -60 -61 -62 -63
leaf_value=1.8778039908527735 1.6580827494607355 0.77597011980373831 -0.97638366430419965 -0.12386119165153148 -1.1729537967963726 -0.39462229849136987 0.2832728874392626 -2.5189537780201849 1.7193827549616498 3.6319270053033019 -2.2880942322066611 2.7959333692278183 1.6832050005594887 0.11877039936394247 0.056926768468314876 -0.37289513994029672 -0.45041301060312339 -1.4151201636200228 1.5932785983259652 2.6390736100993633 -0.92942574224447017 -2.6439558693856906 -0.083077100733396858 1.0532363836533754 1.0746723001434288 0.076916287947294396 -0.027137382465666063 2.6362760768117504 3.533527867412154 0.26135228090644863 0.25095148682942053 3.1451018400834974 -0.4440070349692522 -0.51674866193731028 1.1228897787328822 -0.68334237962210709 -1.674778194422923 -0.87869274618772431 -0.0028915421648527386 0.48359943915068898 0.085363571853295295 0.94084363885186795 1.122804351775877 -1.2168400763501375 0.90816490156897167 0.14089199987072507 0.89373841063830961 -0.087605395642516237 0.95979063874176385 -0.1188057426227664 -1.4443824469760695 1.7163979914516068 0.12748301520646188 -0.029643249520230053 -0.34936555160116828 0.28463835662540959 -0.12555024490821126 -0.84823699770425609 -0.33180352801680174 -0.45869110367893295 -0.4961177338416507 -1.7305988033454256
leaf_weight=20 41 66 36 32 29 29 45 20 47 27 21 23 23 2792 27 732 189 25 20 23 38 23 42 38 79 22 64 21 23 85 257 28 207 33 32 123 26 47 2391 29 308 20 34 37 26 1535 77 1849 99 1209 21 21 901 10118 22 654 1168 40 151 390 112 25
leaf_count=20 41 66 36 32 29 29 45 20 47 27 21 23 23 2792 27 732 189 25 20 23 38 23 42 38 79 22 64 21 23 85 257 28 207 33 32 123 26 47 2391 29 308 20 34 37 26 1535 77 1849 99 1209 21 21 901 10118 22 654 1168 40 151 390 112 25
internal_value=0.00116306 -0.0234146 0.165042 0.147909 0.159925 0.572229 0.900109 -0.0393444 0.615571 1.84855 -0.28564 1.13607 0.525787 0.12494 1.02342 -0.033676 -0.124385 -0.0512623 -0.0383263 0.142924 0.710292 0.119903 -0.99198 0.061921 0.145112 -0.0136468 0.0545153 0.31923 1.23548 0.733944 0.106453 0.940639 -0.059102 -0.269632 -0.234737 -0.0156196 -0.820872 -0.0508102 -0.0356932 -0.460498 0.183329 1.85333 0.20424 -0.370316 -0.328833 0.0169893 0.061324 -0.0483251 0.190566 -0.106986 -0.141557 0.879834 0.171825 -0.0433215 0.713014 -0.045842 -0.0577832 0.120722 0.168975 -0.20897 -0.0347556 -1.04212
internal_weight=26692 23211 3481 3413 3377 264 191 96 76 95 73 68 52 3113 68 22210 4017 2672 2647 3055 119 2936 65 76 2871 18193 5518 685 129 106 556 92 464 1345 1287 492 58 2627 2580 152 340 43 1001 795 758 4833 3560 1926 1634 1273 1230 43 967 12675 42 12633 11788 845 805 1558 10230 58
internal_count=26692 23211 3481 3413 3377 264 191 96 76 95 73 68 52 3113 68 22210 4017 2672 2647 3055 119 2936 65 76 2871 18193 5518 685 129 106 556 92 464 1345 1287 492 58 2627 2580 152 340 43 1001 795 758 4833 3560 1926 1634 1273 1230 43 967 12675 42 12633 11788 845 805 1558 10230 58
is_linear=0
shrinkage=0.05


Tree=90
num_leaves=63
num_cat=0
split_feature=8 2 7 0 21 21 14 23 0 20 21 17 21 2 3 0 11 20 1 20 23 20 0 20 16 13 2 20 1 14 16 11 17 15 8 8 3 18 16 3 2 10 16 18 7 21 2 16 2 2 2 3 1 21 10 1 1 23 16 14 14 18
split_gain=95831 43390.2 78409.7 50063.4 108912 42254.7 48803.9 49353.7 62604.5 44585.1 24161.5 24140.8 23901.6 24233.9 33674 23276.5 24252.7 30901.2 30823.6 22721.6 22545.9 21300.9 20903.2 25574 21214.6 23882.9 20521.2 76130.7 41039.7 29630.2 32813.4 27483.9 43883.4 26657.6 32104.4 24801.2 23640.6 21065.4 18285.6 15743.6 20846.3 25510.1 21835 15470.4 15012.3 14113 22093.7 24778.4 16875.4 37108.1 40878.9 15160.5 15077.9 13160.9 12195.6 10257.6 10246 9718.21 19234.1 10904.9 9078.25 11763.3
threshold=677.50000000000011 2022.5000000000002 1155.0000000000002 15.950000000000001 0.057735042735042715 0.099832156499594885 101.03629710818437 21.500000000000004 14.735000000000001 0.15013513513513513 0.056374142289635228 897.87500000000011 1.2970588235294118 2021.5000000000002 7.5000000000000009 15.645000000000001 296.83500000000009 0.090919008444781527 -16.349999999999998 -0.19975520195838428 10.500000000000002 0.13641711229946532 15.440000000000001 0.015242355004576937 18.29617441250862 745.16666666666686 2023.5000000000002 0.13334166666666661 -14.079999999999998 10.408329997330709 45.532910363824932 383.66500000000002 479.29166666666674 408.91666666666669 349.50000000000006 355.50000000000006 10.500000000000002 95.933840426798213 41.38849365563005 1.5000000000000002 2020.5000000000002 317.25000000000006 30.573766634757749 40.124616116608621 355.50000000000006 0.35417708333333336 2012.5000000000002 61.481865506277082 2010.5000000000002 2012.5000000000002 2015.5000000000002 3.5000000000000004 -13.139999999999999 0.4547859547859549 212.25000000000003 -16.854999999999997 -15.579999999999998 48.500000000000007 39.081805203040965 26.457513110646172 13.91941090707506 59.761330726575743
decision_type=2 2 2 2 2 2 2 2 2 2 2 2 2 2 2 2 2 2 2 2 2 2 2 2 2 2 2 2 2 2 2 2 2 2 2 2 2 2 2 2 2 2 2 2 2 2 2 2 2 2 2 2 2 2 2 2 2 2 2 2 2 2
left_child=12 2 -2 5 -5 10 7 20 11 -8 22 -9 13 39 15 16 18 44 21 -20 -7 -15 24 -24 -3 -26 28 33 29 36 -31 35 -33 34 -28 -30 -16 -35 -29 40 41 -1 -43 -17 -18 48 57 55 52 51 -51 -50 54 -19 -41 -48 -40 59 -59 -47 61 -45
right_child=1 3 -4 4 -6 6 9 8 -10 -11 -12 -13 -14 14 26 43 17 53 19 -21 -22 -23 23 -25 25 -27 27 38 31 30 -32 32 -34 37 -36 -37 -38 -39 56 45 -42 42 -44 60 -46 46 47 -49 49 50 -52 -53 -54 -55 -56 -57 -58 58 -60 -61 -62 -63
leaf_value=-0.17927311131113494 3.1153508957084792 2.1373351424487668 -0.73032214012905128 -0.16829814840506804 4.5643118504485392 -0.088063539319963594 -3.4626044479026614 0.91415252809400682 -0.65451723054394395 -0.33976056737253868 2.1697479865562292 3.2084820983213782 -1.5932631198795999 1.3174484586609645 -0.063600775633318937 0.03948301616432371 -0.093398021903159142 0.42760021332445031 1.2701075741356711 0.19787794336430925 -2.4317673792771255 -0.095127421059277129 0.3770761051239111 -1.7944970970240115 1.429975464102984 0.36379130776697349 -0.065939506000836909 -0.95900199181010248 0.92556436537464526 -0.53825245041788394 0.11840142344785654 2.1166804618885555 -0.55400473817264861 0.23359484737535224 -0.9639664655292921 -0.19701652144247406 0.63699492745346153 -1.0886398652632288 -1.5164570520366478 -0.21836424012972755 -0.77609891956826083 0.2189674932038837 2.2018250197913516 -0.8727504093212769 0.19176600762724469 0.13376672274812504 0.43699889214415299 -2.0865793279932632 -0.08288125471043413 -0.16692922367331633 0.026970531189191446 0.23971964477136096 -0.66902209526111145 1.3512582043484027 0.013100760903816408 -0.44082132659311246 -3.0731486334054958 -0.038156712336803046 1.8166695955112511 -0.52551014033305532 -1.0753589546806694 0.62090257458172393
leaf_weight=1511 39 20 20 27 22 20 21 23 39 25 21 23 24 139 282 194 946 370 54 571 21 33 35 22 59 474 288 67 87 449 330 57 21 489 152 113 210 32 22 1258 139 45 20 29 901 224 36 22 448 4016 8411 1945 129 43 1039 428 21 38 22 87 66 24
leaf_count=1511 39 20 20 27 22 20 21 23 39 25 21 23 24 139 282 194 946 370 54 571 21 33 35 22 59 474 288 67 87 449 330 57 21 489 152 113 210 32 22 1258 139 45 20 29 901 224 36 22 448 4016 8411 1945 129 43 1039 428 21 38 22 87 66 24
internal_value=-0.00160103 0.502379 1.81262 0.411438 1.96141 0.316618 -0.377909 0.131252 0.818346 -1.76993 0.505972 2.0659 -0.0193766 -0.0179066 0.0702217 0.17475 0.216799 0.133151 0.453938 0.290715 -1.29161 1.0465 0.44834 -0.462662 0.542317 0.482067 -0.064228 -0.232506 0.0521258 -0.0682472 -0.260095 0.602309 1.3978 -0.0898091 -0.376327 0.2915 0.235492 0.15218 -1.47789 -0.0445439 -0.189329 -0.137528 0.831599 -0.235854 0.0457103 -0.0308264 -0.228857 -0.450634 -0.0209842 -0.000972195 -0.035692 0.179322 -0.143226 0.524084 -0.113668 -0.372624 -2.28218 0.0616945 0.643754 -0.0507548 -0.684421 -0.19639
internal_weight=26743 911 59 852 49 803 172 126 85 46 631 46 25832 25808 5990 3370 3057 2260 797 625 41 172 610 57 553 533 2620 1071 1549 1271 779 278 78 961 440 200 492 521 110 19818 1715 1576 65 313 1847 18103 857 486 17246 14820 12427 2393 2426 413 2297 464 43 371 60 311 119 53
internal_count=26743 911 59 852 49 803 172 126 85 46 631 46 25832 25808 5990 3370 3057 2260 797 625 41 172 610 57 553 533 2620 1071 1549 1271 779 278 78 961 440 200 492 521 110 19818 1715 1576 65 313 1847 18103 857 486 17246 14820 12427 2393 2426 413 2297 464 43 371 60 311 119 53
is_linear=0
shrinkage=0.05


Tree=91
num_leaves=63
num_cat=0
split_feature=8 17 23 23 7 23 9 16 8 1 15 20 18 2 5 20 25 25 18 12 2 11 7 15 14 18 1 22 14 18 14 3 2 17 18 2 20 12 0 20 16 0 23 11 16 3 1 3 22 2 2 2 7 3 23 17 1 16 11 25 23 5
split_gain=87167.5 61807.8 38636.7 31975.8 44654.9 37943.3 51098.5 46563 66133.6 60765 35739.2 32820.7 27760.2 23533.3 33256.1 24611.8 19565.2 32162.3 37525.1 34933.3 30065.7 27329 22712.4 21250.7 19614.9 21139.5 18906.2 15574.3 24339.5 18539.8 15498.1 14437.5 18815.9 17349.9 13198.4 13045.1 45785 20202.4 22535.9 18904.9 19250.1 17422.5 16724.7 17535.5 15144.9 14165.3 18039 13604.7 12794.2 12581.1 38687.6 36393.6 28204.3 17901.8 15209.2 14845.1 13161.5 11565.1 11101.6 10254.8 13191.6 10208.6
threshold=767.50000000000011 723.95833333333337 52.500000000000007 49.500000000000007 995.00000000000011 45.500000000000007 1036.0000000000002 143.04170995981593 1036.0000000000002 -16.284999999999997 1260.0000000000002 -0.14982993197278913 247.46463367108854 2021.5000000000002 -0.5 0.77951388888888895 10.500000000000002 1.5000000000000002 6.8365660731776758 590.83500000000015 2023.5000000000002 527.50000000000011 265.50000000000006 274.97916666666669 73.425628358914906 69.109898164837674 -15.554999999999998 8.5000000000000018 24.716014249231385 25.138964954328923 35.010358821525671 1.5000000000000002 2020.5000000000002 274.17708333333343 36.159578298690825 2022.5000000000002 0.11767636962879492 262.25000000000006 14.040000000000001 -0.25775792914422696 53.002040105051741 13.795000000000002 43.500000000000007 239.64500000000001 25.819888974716307 9.5000000000000018 -16.724999999999998 8.5000000000000018 4.5000000000000009 2010.5000000000002 2012.5000000000002 2015.5000000000002 417.50000000000006 8.5000000000000018 1.0000000180025095e-35 344.34708333333339 -13.139999999999999 37.914377220257741 262.75000000000006 9.5000000000000018 38.500000000000007 -0.24999999999999994
decision_type=2 2 2 2 2 2 2 2 2 2 2 2 2 2 2 2 2 2 2 2 2 2 2 2 2 2 2 2 2 2 2 2 2 2 2 2 2 2 2 2 2 2 2 2 2 2 2 2 2 2 2 2 2 2 2 2 2 2 2 2 2 2
left_child=13 -2 3 5 -5 7 -7 10 11 -10 12 -9 -3 15 35 31 17 19 -19 27 23 22 -18 -20 25 -24 -22 29 -29 -16 34 32 33 -1 -23 41 37 38 58 -39 -41 42 43 -15 -38 46 -43 -45 -40 56 54 53 -53 -52 -51 -56 61 -35 -37 60 -46 -33
right_child=1 2 -4 4 -6 6 -8 8 9 -11 -12 -13 -14 14 16 -17 21 18 20 -21 26 30 24 -25 -26 -27 -28 28 -30 -31 -32 49 -34 57 -36 36 44 39 48 40 -42 45 -44 47 59 -47 -48 -49 -50 50 51 52 -54 -55 55 -57 -58 -59 -60 -61 -62 -63
leaf_value=-0.22366716244906751 2.9205098433512839 0.35001990359226048 -1.1510222811282835 0.18319021538174901 2.9847601765414016 0.44333059247537832 -2.323738780246511 -0.64720144510438971 4.4212670799550979 0.96113614749117005 -1.3079020790540137 1.5836519648695297 2.1340979232416522 -1.0575776994821442 0.66314600845209659 -1.4720533942067346 1.0877749481433012 1.0687095733059482 0.9112846813847908 2.4044355552908367 -0.3453239332534529 0.99243457640997412 0.11965029112252933 0.096328140577868482 -1.190954481807363 0.82093126469011113 0.058699638279855998 -0.23757022936545794 1.9581505002972843 0.055369523287143479 0.55375056380895393 -0.21387534839655223 -0.73732186941514344 0.085060293636483014 2.7503779542389641 -1.9304478338940649 -0.097369749150228613 1.4900147340955776 0.25011682541606678 0.05819023207560621 -1.0099062662411169 1.3434721891011032 1.5188279330565331 1.6869739862414896 -1.1847003364990374 -0.32976085310104786 0.042578847686873367 0.23558107186513166 -0.56176190237873957 1.0521057097775162 -0.095098472093052777 0.014770906213063806 -1.8603436066736627 -0.31487867197782449 0.13438934333844252 1.4075689716256541 -0.61985188903106625 1.1227459197191847 -0.70229934014772122 -1.8060573686613326 0.17681412616849462 -0.0061084351468188147
leaf_weight=1199 26 391 36 27 30 41 28 35 27 24 31 31 23 20 188 30 76 80 87 21 796 22 696 981 25 127 455 20 34 377 49 1130 139 348 21 22 45 22 123 971 44 32 36 21 78 215 157 69 80 47 2740 8740 20 1400 2610 23 131 29 112 42 23 1240
leaf_count=1199 26 391 36 27 30 41 28 35 27 24 31 31 23 20 188 30 76 80 87 21 796 22 696 981 25 127 455 20 34 377 49 1130 139 348 21 22 45 22 123 971 44 32 36 21 78 215 157 69 80 47 2740 8740 20 1400 2610 23 131 29 112 42 23 1240
internal_value=-0.00152002 0.529866 0.443615 0.527218 1.66043 0.424597 -0.681204 0.560468 1.44765 2.79814 0.326926 0.401359 0.449639 -0.0168548 0.0684471 -0.0433889 0.152242 0.0887302 0.00470839 0.403623 -0.0320395 0.342181 0.260276 0.162799 0.185987 0.22796 -0.19838 0.335358 1.14589 0.257694 1.16357 -0.0412161 -0.179858 -0.130644 1.85547 -0.0924342 -0.16617 -0.066005 -0.402265 0.0432948 0.0117887 0.116959 0.584881 0.278079 -0.897778 -0.052232 0.263456 0.575791 -0.0699298 -0.0280646 -0.0113533 -0.0472663 0.0104681 -0.169427 0.161505 0.145566 -0.132161 0.165172 -0.905262 -1.14938 -0.874735 -0.105177
internal_weight=26743 750 724 688 57 631 69 562 117 51 445 66 414 25993 6167 19826 4055 3039 2399 640 2319 1016 924 1068 848 823 1251 619 54 565 92 19796 1715 1576 43 2112 1562 1374 337 1037 1015 550 146 110 188 404 189 90 203 18081 15580 12900 8760 4140 2680 2633 2501 377 134 143 101 2370
internal_count=26743 750 724 688 57 631 69 562 117 51 445 66 414 25993 6167 19826 4055 3039 2399 640 2319 1016 924 1068 848 823 1251 619 54 565 92 19796 1715 1576 43 2112 1562 1374 337 1037 1015 550 146 110 188 404 189 90 203 18081 15580 12900 8760 4140 2680 2633 2501 377 134 143 101 2370
is_linear=0
shrinkage=0.05


Tree=92
num_leaves=63
num_cat=0
split_feature=8 10 23 23 21 8 0 2 10 21 2 5 21 1 2 18 20 6 18 1 15 8 18 2 20 0 21 15 16 23 3 2 10 16 21 2 16 2 2 2 5 22 0 3 22 22 22 0 10 17 23 16 5 0 20 2 15 22 2 10 10 18
split_gain=78689.8 78700.8 41036 28754.8 85695 30093.6 30760.2 26682.9 43787.7 26130.7 22201.7 28122 21425.8 18904.7 17986.2 25140.6 24109.9 22728.5 21016.5 19394.8 17322.3 22296.6 20489.5 13051.4 41892.1 17550.9 17293.2 16800.2 13670.5 13549.8 12827.6 16983.1 22240 19367 12939.3 19119 21291.7 13902.4 30239.5 33318.6 14453.8 16313.7 14118.9 13639.5 12255.6 23371.5 23190.7 9607.63 9501.3 9470.2 8952.34 17491.8 16028.2 8601.81 10734.7 9406.16 8593.56 7694.74 7056.19 4461.63 3801.12 3465.31
threshold=767.50000000000011 602.50000000000011 52.500000000000007 49.500000000000007 -0.039992319877118092 1387.5000000000002 16.005000000000003 2022.5000000000002 927.50000000000011 1.2970588235294118 2021.5000000000002 -0.5 0.29876444245409767 -17.454999999999995 2024.5000000000002 11.198159504399301 0.026365441906653467 1.0000000180025095e-35 11.287577575338073 -16.524999999999995 383.52083333333343 431.12500000000006 43.592247938036579 2022.5000000000002 0.11767636962879492 13.795000000000002 0.35417708333333336 283.36083333333335 25.819888974716307 43.500000000000007 1.5000000000000002 2020.5000000000002 317.25000000000006 30.573766634757749 0.35417708333333336 2012.5000000000002 61.481865506277082 2010.5000000000002 2012.5000000000002 2015.5000000000002 -0.24999999999999994 3.5000000000000004 15.790000000000001 3.5000000000000004 5.5000000000000009 4.5000000000000009 6.5000000000000009 13.810000000000002 287.75000000000006 349.02083333333343 48.500000000000007 39.081805203040965 -0.6830127018922193 12.790000000000001 0.045121628767847761 2013.5000000000002 349.35416666666669 8.5000000000000018 2023.5000000000002 349.50000000000006 449.00000000000006 10.284759006009759
decision_type=2 2 2 2 2 2 2 2 2 2 2 2 2 2 2 2 2 2 2 2 2 2 2 2 2 2 2 2 2 2 2 2 2 2 2 2 2 2 2 2 2 2 2 2 2 2 2 2 2 2 2 2 2 2 2 2 2 2 2 2 2 2
left_child=9 -2 3 5 -5 6 7 8 -3 10 30 23 -9 20 15 17 -17 -15 60 -20 22 -22 -13 25 26 29 27 -25 59 49 31 32 53 56 37 50 48 40 43 -40 41 -32 -42 -39 45 -27 -46 -28 -37 -12 52 -52 -36 54 -1 -55 -34 61 -30 -26 -16 -33
right_child=1 2 -4 4 -6 -7 -8 12 -10 -11 11 13 -14 14 18 16 -18 -19 19 -21 21 -23 -24 24 28 44 47 -29 58 -31 34 57 33 -35 35 36 -38 38 39 -41 42 -43 -44 -45 46 -47 -48 -49 -50 -51 51 -53 -54 55 -56 -57 -58 -59 -60 -61 -62 -63
leaf_value=0.015744124371389237 3.5900942731259478 -0.0025386218926799829 -1.2497886944360541 0.094359474367051915 4.1078157546960909 -0.93785544196358117 2.0252734126002077 0.44511295535069934 3.3016943490327293 -1.5972856128352813 0.079467748657096576 1.0226533030671827 -0.46678875251394142 0.032756782634287655 -1.4616036702628152 0.031431861294504336 0.31772177021673342 1.1214442837998024 0.7534994039744709 -0.14898668928681863 2.7420278008304426 0.66027287816076718 -1.0552892806970677 -0.70307937255004449 0.43848308086112775 -0.24074819667900635 -1.6682882261502234 0.03616676567615134 -0.65226651589500717 1.443096861812877 0.22144428400914432 0.007903144158850307 0.87783056322114283 2.0712390367664506 -0.61716022114708746 -0.43522154620445352 -1.9402066979472992 -0.086149813766705358 -0.15002736306953657 0.025026082891086873 -0.073674490777774798 -0.32536267716509132 0.43513713223211747 0.21983954464742081 -0.89192783853037172 0.86702900783155568 0.17154830746176367 -0.44126236760670406 0.25889146436344496 1.2213413945524207 -0.038749843788897897 1.7300638389803167 0.17401824388155998 -0.026322487484184094 1.1920471002916235 -0.29983765939683277 -0.50142595177322491 -1.5807136207395254 -1.373924671864537 -0.55723180271283224 -0.56744110832982397 -0.67577908777726825
leaf_weight=121 20 20 35 36 21 39 31 453 20 26 85 27 75 77 30 1974 1172 127 68 473 20 36 21 82 21 108 21 1203 56 36 157 23 23 20 90 408 22 448 4016 8411 1077 1036 156 1945 93 85 114 66 56 23 38 22 221 490 23 877 22 21 87 24 20 95
leaf_count=121 20 20 35 36 21 39 31 453 20 26 85 27 75 77 30 1974 1172 127 68 473 20 36 21 82 21 108 21 1203 56 36 157 23 23 20 90 408 22 448 4016 8411 1077 1036 156 1945 93 85 114 66 56 23 38 22 221 490 23 877 22 21 87 24 20 95
internal_value=-0.00144039 0.503444 0.418391 0.502575 1.57769 0.406282 0.493947 0.410021 1.65357 -0.0160104 -0.0144207 0.0685787 0.315508 0.145696 0.128123 0.172988 0.138094 0.71076 -0.126167 -0.0354228 0.810787 1.40741 0.113146 -0.0796784 -0.153216 0.131182 -0.0572727 -0.0110541 -0.852968 0.604313 -0.0401737 -0.170864 -0.124108 0.780772 -0.0277915 -0.217409 -0.423717 -0.0183674 -0.000203564 -0.0315458 -0.12932 -0.253386 -0.00926518 0.162551 -0.0392415 0.247303 -0.306421 -0.739074 -0.351401 0.323596 0.0528762 0.611531 -0.0550489 -0.163087 0.204357 -0.201809 0.2038 -0.700482 -1.09201 -0.092512 -1.10588 -0.542583
internal_weight=26743 750 730 695 57 638 599 568 40 25993 25967 6149 528 4045 3941 3350 3146 204 591 541 104 56 48 2104 1560 544 1372 1285 188 144 19818 1715 1576 65 18103 857 486 17246 14820 12427 2426 1193 1233 2393 400 193 207 87 464 108 371 60 311 1511 144 1367 45 139 143 45 50 118
internal_count=26743 750 730 695 57 638 599 568 40 25993 25967 6149 528 4045 3941 3350 3146 204 591 541 104 56 48 2104 1560 544 1372 1285 188 144 19818 1715 1576 65 18103 857 486 17246 14820 12427 2426 1193 1233 2393 400 193 207 87 464 108 371 60 311 1511 144 1367 45 139 143 45 50 118
is_linear=0
shrinkage=0.05


Tree=93
num_leaves=57
num_cat=0
split_feature=8 2 18 0 21 21 14 19 20 10 4 21 16 18 21 2 2 6 21 4 20 25 18 11 21 10 25 25 21 11 0 18 9 2 14 18 14 10 11 9 15 18 6 17 7 12 10 17 9 15 25 6 18 14 0 25
split_gain=71255 32275.9 73265.5 38132 95372.2 37122.5 42025 50469.3 39138.7 26368.2 32842.6 20773.5 18791.2 21467.7 18706.8 17710 19089.2 41178.9 32313.8 24082.3 32901.8 25263.8 26252 25165.6 22207.5 22005.5 20324.7 18890.6 17885.9 16017.1 12309.5 19725.5 12122.5 11750.7 11722.3 15297.2 20588.5 21515.3 12555.1 14438.7 15427.6 12570.7 9987.11 9903.85 9925.7 9886.6 9333.54 9281.56 14443.7 8248.23 7249.79 7095.75 5816.15 5717.02 5386.31 3316.14
threshold=677.50000000000011 2022.5000000000002 247.46463367108854 15.950000000000001 0.057735042735042715 0.099832156499594885 101.03629710818437 -0.041350812197207147 0.15013513513513513 1105.5000000000002 1.5000000000000002 0.056374142289635228 15.513435037627234 51.491209873433938 1.2970588235294118 2021.5000000000002 2022.5000000000002 0.25000000000000017 -0.12079045215139887 2.5000000000000004 0.20000960015360239 10.500000000000002 4.6019593798357512 527.50000000000011 0.26798692810457519 268.87500000000006 1.0000000180025095e-35 1.5000000000000002 0.35417708333333336 855.00000000000011 13.795000000000002 36.548239055663934 323.16500000000002 2003.5000000000002 33.071891388307392 49.440170323921265 53.865087334767438 205.14000000000001 497.00000000000006 400.62500000000006 420.95833333333337 56.16118489364127 0.6830127018922193 366.70833333333343 269.50000000000006 268.87500000000006 325.50000000000006 296.65625000000006 400.62500000000006 525.16666666666686 9.5000000000000018 0.25000000000000017 44.223134231870326 86.602540378443891 14.485000000000001 5.5000000000000009
decision_type=2 2 2 2 2 2 2 2 2 2 2 2 2 2 2 2 2 2 2 2 2 2 2 2 2 2 2 2 2 2 2 2 2 2 2 2 2 2 2 2 2 2 2 2 2 2 2 2 2 2 2 2 2 2 2 2
left_child=14 2 -2 5 -5 11 7 -7 -8 10 -9 12 -3 -14 15 33 17 18 -17 21 25 22 55 24 -23 54 -20 -24 -27 -15 31 46 -28 51 38 36 42 -38 39 41 -41 -35 -36 44 -37 -22 -19 53 -49 -25 -33 -1 -47 -32 -21 -18
right_child=1 3 -4 4 -6 6 8 9 -10 -11 -12 -13 13 29 -16 16 19 30 26 20 45 23 27 49 -26 28 32 -29 -30 -31 47 50 -34 34 35 43 37 -39 -40 40 -42 -43 -44 -45 -46 52 -48 48 -50 -51 -52 -53 -54 -55 -56 -57
leaf_value=-0.27256312297032126 3.1778925472191561 1.8624106750669072 -0.3548659748696753 -0.28497805612993415 4.1432700769933639 -2.2037700465662562 -3.2566108842596631 1.2901168474851938 -0.33063857564888155 1.5817616275602127 -0.95208474887838612 1.9922081921902877 -0.93519037045849862 0.93455911703617733 -1.4090775363178174 2.3839190342209555 0.77362446804248275 -0.78699037770083413 1.9572217729296619 -0.85576530714401011 -0.3700842929637338 0.12036054761571435 0.30628308935177806 2.1002379288236459 0.7994495320368552 0.023694365609088285 0.59592198977961741 -0.078342171825840079 -0.50445000610401014 0.27655878140728535 0.21144827523820733 0.48736632236122113 0.08825360971305346 -0.033387225610043307 -0.10215647669152111 -0.17436358558299009 -0.5921833204473177 0.64483569980543032 -1.275324635007488 1.4837637599102458 0.18189928063074376 0.32143090813499281 -0.47525052058548356 0.13277542280688512 -1.0676245093021384 -0.7066279910541885 0.5123742087757418 -0.67217115349628265 0.23084458632672084 0.82384195645050751 1.4856051491707871 -1.4398422553941801 -1.7607560735167294 -0.6122242390871997 -0.023774027394679573 1.6607732223741936
leaf_weight=30 32 21 27 27 22 20 21 27 25 38 41 21 31 117 24 23 20 40 22 103 38 460 405 25 163 1897 317 1506 175 441 131 49 187 18173 564 45 46 148 20 31 85 253 263 36 101 20 21 161 61 26 29 23 39 25 24 23
leaf_count=30 32 21 27 27 22 20 21 27 25 38 41 21 31 117 24 23 20 40 22 103 38 460 405 25 163 1897 317 1506 175 441 131 49 187 18173 564 45 46 148 20 31 85 253 263 36 101 20 21 161 61 26 29 23 39 25 24 23
internal_value=-0.00136628 0.433212 1.56326 0.354777 1.7075 0.272024 -0.378952 0.0935434 -1.67068 0.528714 -0.0611383 0.449509 0.396073 0.343477 -0.0166941 -0.0153936 0.0599442 0.251771 0.5533 0.0184103 -0.0998868 0.121764 0.0307061 0.385701 0.298143 -0.0601091 0.472807 0.00318096 -0.0209322 0.414678 -0.0684578 0.333707 0.407626 -0.0381649 -0.0361689 -0.187417 -0.112104 0.351342 -0.0263653 -0.025011 0.530833 -0.0285134 -0.220856 -0.609596 -0.792646 -1.00061 -0.33948 -0.216406 -0.42403 1.45251 0.859997 -0.78097 -1.40531 0.0791098 -0.69872 1.25101
internal_weight=26743 911 59 852 49 803 172 126 46 106 68 631 610 589 25832 25808 5990 1066 549 4924 2296 2628 1954 674 623 2199 526 1911 2072 558 517 139 504 19818 19765 1203 1021 194 18562 18542 116 18426 827 182 146 97 61 378 222 51 78 53 59 156 127 43
internal_count=26743 911 59 852 49 803 172 126 46 106 68 631 610 589 25832 25808 5990 1066 549 4924 2296 2628 1954 674 623 2199 526 1911 2072 558 517 139 504 19818 19765 1203 1021 194 18562 18542 116 18426 827 182 146 97 61 378 222 51 78 53 59 156 127 43
is_linear=0
shrinkage=0.05


Tree=94
num_leaves=63
num_cat=0
split_feature=8 15 23 22 0 20 3 20 25 20 12 0 5 16 0 3 25 2 5 20 0 11 0 11 16 2 11 13 25 11 14 1 19 20 2 16 9 16 12 1 22 23 19 15 7 23 12 11 20 14 3 2 15 16 2 2 2 7 8 23 16 1
split_gain=64815.8 37488.4 37351.1 25125.1 35592.6 34727.6 30762.4 41864.6 41391.7 40262.4 53042.7 43865.7 34196.1 27906.9 26923.4 38574.3 19543.2 17297.2 25511.5 20534.1 17418 26361.4 24601.1 37708.7 23453.8 21549 29126.3 22029.9 21004 20933.9 21025.6 16419.4 15666.8 15321 31177.8 21283.8 14439.2 24697.3 13872.8 17883.7 13750.3 13619.2 13472.9 12722.8 16286.2 12991.5 12631.8 15555.6 12563.2 15269.3 11661.3 15329.8 14156.3 11380.5 10429.5 31653.9 29819.9 24638.9 16787.4 13810.1 13059.6 11656.7
threshold=767.50000000000011 746.25000000000011 52.500000000000007 1.0000000180025095e-35 12.665000000000001 -0.17711309523809524 4.5000000000000009 0.0139374514374514 10.500000000000002 0.083341666666666661 977.50000000000011 13.280000000000003 0.93301270189221952 91.74239296348577 12.790000000000001 5.5000000000000009 7.5000000000000009 2021.5000000000002 -0.5 0.77951388888888895 15.610000000000001 706.25000000000011 14.555000000000001 577.50000000000011 86.038387271123113 2024.5000000000002 330.50000000000006 303.37166666666673 4.5000000000000009 273.16500000000002 39.825138458736781 -16.224999999999998 0.3059027777777778 0.11767636962879492 2023.5000000000002 41.38849365563005 779.00000000000011 115.51031486232912 231.46000000000001 -16.194999999999997 4.5000000000000009 34.500000000000007 -1.0000000180025095e-35 370.95833333333343 406.12500000000006 50.500000000000007 360.50000000000006 260.31000000000006 -0.25000468744140697 60.135957075058968 1.5000000000000002 2020.5000000000002 260.86083333333335 64.66056269440098 2010.5000000000002 2012.5000000000002 2015.5000000000002 417.50000000000006 383.16500000000002 1.0000000180025095e-35 6.1549436634479919 -13.139999999999999
decision_type=2 2 2 2 2 2 2 2 2 2 2 2 2 2 2 2 2 2 2 2 2 2 2 2 2 2 2 2 2 2 2 2 2 2 2 2 2 2 2 2 2 2 2 2 2 2 2 2 2 2 2 2 2 2 2 2 2 2 2 2 2 2
left_child=17 -2 3 4 13 -5 7 8 -6 11 -11 -8 -9 -3 -7 42 -17 19 32 50 22 43 25 29 -25 36 27 -27 -28 31 -31 -24 33 38 -35 -36 37 -20 39 -19 -41 53 -16 46 45 -45 47 -22 -40 -50 51 52 -1 -34 61 59 58 -58 -57 -56 -61 -52
right_child=1 2 -4 5 6 14 9 12 -10 10 -12 -13 -14 -15 15 16 -18 18 20 -21 21 -23 23 24 -26 26 28 -29 -30 30 -32 -33 41 34 35 -37 -38 -39 48 40 -42 -43 -44 44 -46 -47 -48 -49 49 -51 54 -53 -54 -55 55 56 57 -59 -60 60 -62 -63
leaf_value=-0.2242561177179043 2.5348357298927855 -1.3884222747216264 -1.1947435468690009 -1.9219775660275333 2.8496118457920581 1.7699511647740485 1.5938728657952193 1.3970776782707035 0.3417011698603114 1.8636047228500168 -0.50128442535519224 -0.2164146829336501 -1.06363623003742 0.86794178685451517 -0.40276956806355479 1.6211863518990193 -0.1208365970980015 0.040351728544370774 0.12467470333032352 -1.3422251103526335 -0.58086631473543571 -1.8344908729397873 0.98516676635149425 2.8117093759181699 0.77776768220402803 -0.005882543750619456 -1.1802822805308439 1.817622230572723 -0.17239582913985996 0.25537119216198206 -0.50248426624622589 0.1320155036539428 0.77385960496219752 -0.13888183172525276 -0.62791259449993198 -2.1458887440717818 -0.99548060278875539 1.673730631258296 1.0714055327758245 -0.44161885349851676 -1.6018733492287833 1.3156072676016684 -2.1737838909241822 -1.2571160927510876 -0.016546825149274223 0.20699063468335283 -0.93106471903912424 0.49668634135557899 0.028202667955519435 -1.1500688671323329 -0.092847312977099763 -0.66306254449323909 0.090918860294214421 -0.68899125504767755 0.99675672502274715 -0.16352913281179449 0.015549665815077213 -1.7370450470578018 0.67826022276664144 0.38599609385577738 0.083917676131117128 -0.57720546153502605
leaf_weight=1032 21 36 35 22 58 23 41 34 23 91 32 180 24 22 22 29 36 116 1827 30 41 22 164 23 37 77 100 21 107 966 101 86 27 353 72 34 28 26 28 74 39 36 21 62 143 20 23 181 1279 28 2370 139 544 26 47 4080 8740 20 60 427 2206 131
leaf_count=1032 21 36 35 22 58 23 41 34 23 91 32 180 24 22 22 29 36 116 1827 30 41 22 164 23 37 77 100 21 107 966 101 86 27 353 72 34 28 26 28 74 39 36 21 62 143 20 23 181 1279 28 2370 139 544 26 47 4080 8740 20 60 427 2206 131
internal_value=-0.00129586 0.456923 0.396719 0.477148 0.637113 -0.0884948 0.77765 1.40523 2.13885 0.523714 1.2484 0.119977 0.378687 -0.532453 0.220611 -0.110627 0.657593 -0.0145192 0.0586124 -0.0372676 0.132004 -0.146836 0.170513 0.336044 1.56091 0.0662289 -0.323555 0.386272 -0.659656 0.280123 0.183589 0.691873 -0.0822962 -0.110872 -0.364837 -1.11642 0.129448 0.146502 -0.0363172 -0.395776 -0.843167 0.566581 -1.27084 -0.0674549 -0.338846 -0.900139 0.181798 0.297484 0.0253641 0.00287055 -0.035283 -0.159884 -0.115463 0.0561944 -0.0234633 -0.00824794 -0.0407327 0.011528 -0.151312 0.148109 0.132921 -0.118242
internal_weight=26743 750 729 694 541 153 483 139 81 344 123 221 58 58 131 108 65 25993 6167 19826 4055 492 3563 1377 60 2186 305 98 207 1317 1067 250 2112 2023 459 106 1881 1853 1564 229 113 89 43 470 225 82 245 222 1335 1307 19796 1715 1576 53 18081 15580 12900 8760 4140 2680 2633 2501
internal_count=26743 750 729 694 541 153 483 139 81 344 123 221 58 58 131 108 65 25993 6167 19826 4055 492 3563 1377 60 2186 305 98 207 1317 1067 250 2112 2023 459 106 1881 1853 1564 229 113 89 43 470 225 82 245 222 1335 1307 19796 1715 1576 53 18081 15580 12900 8760 4140 2680 2633 2501
is_linear=0
shrinkage=0.05


Tree=95
num_leaves=57
num_cat=0
split_feature=12 8 11 8 10 16 2 1 10 7 0 14 9 16 8 14 16 2 2 2 6 3 16 12 17 13 11 1 6 17 18 17 1 1 17 0 3 7 2 1 7 8 7 1 14 13 2 0 2 13 6 1 2 7 18 10
split_gain=22035.5 24994.2 85267.1 41689.5 31577.4 36309.5 53700.9 35209.8 31244 24509.6 48447.2 68915.2 38431.6 23589.4 22958.1 20929.8 17787 17181.2 23425.1 27896.1 23386.7 20453.6 19066.8 18820.5 17065 14779.5 14060.1 13287.2 14543.7 21119.9 17173.4 14154.3 13280.9 32288.4 16873.3 12882.3 12292.5 16698.6 11788.3 10743.2 10578.6 10227.2 21044.6 11068.4 10002.5 9215.28 8919.7 7270.86 7019.78 6840.84 6020.56 5749.57 2852.61 7680.1 1489.78 1398.91
threshold=300.31000000000006 1387.5000000000002 1077.5000000000002 1206.5000000000002 1387.5000000000002 143.04170995981593 2023.5000000000002 -15.579999999999998 1055.0000000000002 1053.0000000000002 14.145000000000001 53.865087334767438 1072.5000000000002 115.51031486232912 987.00000000000011 73.425628358914906 164.7460491910322 2010.5000000000002 2012.5000000000002 2015.5000000000002 1.0000000180025095e-35 8.5000000000000018 61.481865506277082 170.35500000000005 450.12500000000006 291.80500000000006 340.50000000000006 -13.139999999999999 -0.5 192.78166666666669 39.648073054937932 229.8366666666667 -13.709999999999999 -14.635 214.80583333333337 16.250000000000004 2.5000000000000004 200.15500000000003 2003.5000000000002 -14.635 330.50000000000006 229.58500000000001 219.58500000000001 -17.154999999999998 38.188130791298555 202.00833333333335 2008.5000000000002 15.790000000000001 2018.5000000000002 325.08333333333343 -0.68301270189221952 -16.854999999999997 2009.5000000000002 249.50000000000003 22.615863298297274 140.15500000000003
decision_type=2 2 2 2 2 2 2 2 2 2 2 2 2 2 2 2 2 2 2 2 2 2 2 2 2 2 2 2 2 2 2 2 2 2 2 2 2 2 2 2 2 2 2 2 2 2 2 2 2 2 2 2 2 2 2 2
left_child=16 3 -3 4 5 9 8 15 -7 12 -11 -12 14 -5 -2 -8 17 27 26 21 32 22 25 48 -25 -20 35 28 29 39 31 -31 33 -21 -34 36 37 -19 -30 51 -38 43 -43 -23 52 47 -47 -40 -22 -32 -37 -1 53 -29 -54 -41
right_child=1 2 -4 13 -6 6 7 -9 -10 10 11 -13 -14 -15 -16 -17 -18 18 19 20 23 41 -24 24 -26 -27 -28 44 38 30 49 -33 34 -35 -36 50 40 -39 45 55 -42 42 -44 -45 -46 46 -48 -49 -50 -51 -52 -53 54 -55 -56 -57
leaf_value=-0.0044757572060335664 0.10453252967935001 -3.1105123286425327 1.1905875143152556 0.58344256610791212 -1.4627647585493753 3.6200735364564403 0.72821943316498217 1.6420578083251618 1.0567385312697897 0.81576558889881268 -3.3098284451002926 0.0048026131102787964 1.8510454316614524 2.9087722453311904 -0.69815976384180711 -0.78210498362333325 -1.3223297009522887 -0.41320855048804783 -0.041242745348788211 0.092726396800600352 -0.6033778419561614 0.6846622226250112 1.437816562019818 -0.021365540552037085 -0.67323936171442955 -0.50176759593505049 1.1438068243590267 -0.052750815076875346 -1.053986139996905 -0.16106248884656479 -0.88480709213510844 0.43873244838182024 1.3507791960693876 -0.32651454023921356 0.21706199297746501 0.18517969539806026 0.16836789798601237 0.21019372010496476 0.072830412547889911 -1.5279857228234992 -0.67202220596275308 0.90499423567444581 -0.24385688318911314 -0.51191349104488659 0.40051920154497989 0.52333436462641247 -0.17418099792546873 0.62533734102036742 -0.14012209507626611 -0.071480747392484209 1.2734624443124671 -0.60431296823912095 -1.2472861362917405 -1.2650371145878443 -0.71254051697762655 -0.97559116700778914
leaf_weight=50 4016 24 22 24 32 22 37 35 26 34 29 34 31 20 91 60 26 242 2730 4868 201 20 21 6022 102 186 34 32 27 275 81 153 34 507 879 20 2186 193 699 28 38 42 750 510 20 49 689 65 138 38 35 199 37 22 21 21
leaf_count=50 4016 24 22 24 32 22 37 35 26 34 29 34 31 20 91 60 26 242 2730 4868 201 20 21 6022 102 186 34 32 27 275 81 153 34 507 879 20 2186 193 699 28 38 42 750 510 20 49 689 65 138 38 35 199 37 22 21 21
internal_value=0.00262553 0.103066 -1.05524 0.114955 0.0997812 0.111141 0.806458 0.285001 2.23679 0.081568 -0.703652 -1.52373 0.0999923 1.64472 0.0867293 -0.205794 -0.0178188 -0.0162892 -0.000645892 -0.0225288 0.014477 -0.133319 -0.0597997 -0.0523136 -0.0322346 -0.0706357 0.134802 -0.139619 -0.112453 -0.278912 -0.0943605 0.0533909 0.0831271 0.053175 0.25943 0.122118 0.106431 -0.136622 -0.0204435 -0.617509 0.153977 -0.296632 -0.18282 -0.46663 -0.6277 -0.00179229 -0.127798 0.119919 -0.414908 -0.62541 0.878868 -0.483934 -0.811548 -0.548163 -1.05532 -1.29382
internal_weight=26827 4537 46 4491 4447 4415 180 132 48 4235 97 63 4138 44 4107 97 22290 22264 19758 17010 12751 4259 2937 6463 6124 2916 2748 2506 2374 845 547 428 6288 5375 913 2714 2659 435 1529 298 2224 1322 792 530 132 1502 738 764 339 119 55 249 112 54 58 49
internal_count=26827 4537 46 4491 4447 4415 180 132 48 4235 97 63 4138 44 4107 97 22290 22264 19758 17010 12751 4259 2937 6463 6124 2916 2748 2506 2374 845 547 428 6288 5375 913 2714 2659 435 1529 298 2224 1322 792 530 132 1502 738 764 339 119 55 249 112 54 58 49
is_linear=0
shrinkage=0.05


Tree=96
num_leaves=37
num_cat=0
split_feature=21 13 18 16 21 23 9 12 16 2 9 25 10 22 18 25 2 15 9 25 15 2 2 22 12 17 17 2 2 16 18 14 16 11 25 13
split_gain=20870.9 48803.6 26759.2 100686 75226.9 64124.7 53994.4 18354.2 26749.3 81227.2 45360.8 53323.7 30845.2 24591.7 57389.5 22813.1 29738.9 32818.8 19116.6 21875 16968.8 13491.3 20344.3 14026.6 12782.8 11584.7 9685.23 14742.2 8640.49 7061.02 8376.79 9923.98 8982.84 4148.85 5004.77 888.354
threshold=-0.39940476190476187 745.16666666666686 247.46463367108854 164.7460491910322 0.52406692406692412 25.500000000000004 1412.5000000000002 308.43000000000001 143.04170995981593 2023.5000000000002 1036.0000000000002 4.5000000000000009 1258.5000000000002 8.5000000000000018 56.16118489364127 12.500000000000002 2020.5000000000002 304.19416666666672 526.50000000000011 10.500000000000002 1143.0833333333337 2010.5000000000002 2012.5000000000002 4.5000000000000009 174.69000000000003 354.12500000000006 248.33375000000004 2011.5000000000002 2017.5000000000002 59.676064961572308 37.816492714285509 33.857544703261198 22.524114659524525 417.87500000000006 4.5000000000000009 238.40333333333336
decision_type=2 2 2 2 2 2 2 2 2 2 2 2 2 2 2 2 2 2 2 2 2 2 2 2 2 2 2 2 2 2 2 2 2 2 2 2
left_child=1 24 6 5 -5 -4 7 15 12 -10 11 -11 13 20 -15 18 26 -18 21 -20 -9 23 -23 -2 -1 -19 27 -17 -28 30 32 33 -26 35 -35 -32
right_child=2 -3 3 4 -6 -7 -8 8 9 10 -12 -13 -14 14 -16 16 17 25 19 -21 -22 22 -24 -25 29 -27 28 -29 -30 -31 31 -33 -34 34 -36 -37
leaf_value=-0.84231139297801916 0.058186245868473922 2.7616940073492406 -1.1699126002204863 -0.41686531610398503 -4.5541808809552879 2.4074346656543546 2.5917534461068872 0.096150430036280959 2.8130809573936499 -0.340698127351518 -1.9273552083321825 1.8411422440453955 -1.714871396588092 -0.768065501979601 1.8318624791267997 0.13810553834853467 2.1103372414593937 -0.30630771166311122 -1.7953123131273694 0.30979914783838375 1.0826381930418296 0.11483952956398602 -0.034647748494227699 -0.21890181352239996 0.17316047185993294 0.73723897190327103 0.11947369686723652 1.1436152375446349 -0.27844625500696324 1.0207511280336952 -0.35502446466147619 -0.93586548345660736 1.6070649799422836 0.92825441015100929 -0.064010823846428311 0.093773683221825277
leaf_weight=24 631 21 24 21 23 26 20 3802 36 69 22 47 24 178 24 134 38 37 32 20 44 2647 16235 1653 24 94 459 50 194 35 21 22 20 32 21 23
leaf_count=24 631 21 24 21 23 26 20 3802 36 69 22 47 24 178 24 134 38 37 32 20 44 2647 16235 1653 24 94 459 50 194 35 21 22 20 32 21 23
internal_value=0.00249434 0.463675 -0.00172278 -0.843393 -2.58509 0.6913 0.00126688 -0.000700018 0.0945522 0.701483 0.148957 0.544105 0.0685997 0.079217 -0.458385 -0.018899 0.213739 0.818534 -0.0299301 -0.986518 0.107465 -0.0275751 -0.0136909 -0.142349 0.245127 0.44245 0.0915351 0.411842 0.00122333 0.377322 0.23859 0.0203935 0.827215 0.238069 0.535618 -0.120631
internal_weight=26827 243 26584 94 44 50 26490 26470 4246 174 138 116 4072 4048 202 22224 1006 169 21218 52 3846 21166 18882 2284 222 131 837 184 653 198 163 119 44 97 53 44
internal_count=26827 243 26584 94 44 50 26490 26470 4246 174 138 116 4072 4048 202 22224 1006 169 21218 52 3846 21166 18882 2284 222 131 837 184 653 198 163 119 44 97 53 44
is_linear=0
shrinkage=0.05


Tree=97
num_leaves=29
num_cat=0
split_feature=0 9 14 17 18 16 21 14 14 9 17 9 8 15 12 21 21 2 12 23 0 12 16 0 12 13 17 7
split_gain=19446.7 29042.3 36513.6 34746.4 25900.2 94502.4 94279.5 45403.3 25025.6 23742.8 25403.1 22951.1 34816.5 50615.1 21199.4 52045 18806.4 18594.4 40784.8 37832.4 17848.8 17693.1 17623.5 32596.4 13837.6 16797.1 13973.7 10677.3
threshold=13.280000000000003 1053.0000000000002 28.867513459482378 1120.041666666667 247.46463367108854 164.7460491910322 0.52406692406692412 69.626676802223258 129.23739534397814 1387.5000000000002 1204.1666666666667 889.00000000000011 752.50000000000011 601.16666666666674 382.12500000000006 0.72021505376344097 1.2970588235294118 2023.5000000000002 602.08500000000015 2.5000000000000004 12.665000000000001 726.00000000000011 40.824829046386419 12.530000000000003 169.08500000000001 225.01666666666668 456.29166666666669 178.87500000000003
decision_type=2 2 2 2 2 2 2 2 2 2 2 2 2 2 2 2 2 2 2 2 2 2 2 2 2 2 2 2
left_child=1 8 -3 -4 9 7 -7 -6 11 10 14 12 13 22 16 17 24 18 -16 -19 -13 -14 27 -24 25 -2 -26 -1
right_child=4 2 3 -5 5 6 -8 -9 -10 -11 -12 20 21 -15 15 -17 -18 19 -20 -21 -22 -23 23 -25 26 -27 -28 -29
leaf_value=0.49121903827113239 -0.096779384013307837 2.8422010699719618 1.9232531478619688 -0.72317322411441376 2.356991225022536 -0.19852144556347603 -4.8234187993528614 -0.78146164414793617 1.7593877307969519 1.7043771421138325 -1.3589068986072159 -1.721109872692268 0.51104263477800305 -1.9709143185536331 0.25177070226045145 2.1483592891804526 -1.368403803445827 1.187087374730341 2.1164494264547464 -0.061746013164520275 -0.095630715510273245 2.4748205143941475 -0.71526336447501926 0.51793444903515751 -0.0071833216438880968 -0.5459781837378721 -0.46516460251907454 0.033578910699115186
leaf_weight=132 1876 21 21 30 22 22 22 24 22 20 35 31 24 30 515 32 26 64 31 1125 37 22 61 436 18117 234 168 3627
leaf_count=132 1876 21 21 30 22 22 22 24 22 20 35 31 24 30 515 32 26 64 31 1125 37 22 61 436 18117 234 168 3627
internal_value=0.0023712 0.0972696 1.0927 0.368065 -0.016725 -0.862748 -2.51678 0.721286 0.0810364 -0.0132978 -0.0148515 0.0726037 0.0869204 0.0722167 -0.012725 0.153417 -0.027102 0.116498 0.358018 0.0055646 -0.838171 1.45368 0.0866657 0.366453 -0.0253851 -0.146622 -0.011394 0.0496632
internal_weight=26827 4494 72 51 22333 90 44 46 4422 22243 22223 4400 4332 4286 22188 1767 20421 1735 546 1189 68 46 4256 497 20395 2110 18285 3759
internal_count=26827 4494 72 51 22333 90 44 46 4422 22243 22223 4400 4332 4286 22188 1767 20421 1735 546 1189 68 46 4256 497 20395 2110 18285 3759
is_linear=0
shrinkage=0.05


Tree=98
num_leaves=38
num_cat=0
split_feature=21 13 18 16 21 23 16 21 13 11 12 4 19 0 8 6 19 21 8 10 10 7 10 12 17 12 5 8 16 12 8 15 17 23 4 16 7
split_gain=18666 43205.5 21921.7 81752 60320.6 58057.3 23568.3 56786.6 69070.8 121819 28401 26253.2 13442.6 12723.2 26601.1 82233.2 38371.6 16524.7 16466.8 17343 36938.4 30499.1 16446.9 28662.4 39927.6 28975.3 25197.8 37786.9 19935.5 11461.9 10918.9 6976.97 28759.7 6357.79 4661.85 4243.94 3811.84
threshold=-0.39940476190476187 745.16666666666686 247.46463367108854 164.7460491910322 0.52406692406692412 25.500000000000004 143.04170995981593 -0.21625857832754383 817.50000000000011 827.50000000000011 868.50000000000011 1.5000000000000002 -0.035973856209150328 13.280000000000003 1077.5000000000002 -0.5 -0.062505859301758768 0.83416666666666672 1105.5000000000002 868.50000000000011 752.50000000000011 813.25000000000011 881.50000000000011 1006.0000000000001 857.58333333333348 726.00000000000011 -0.24999999999999994 987.00000000000011 98.29996420654858 174.69000000000003 539.00000000000011 383.52083333333343 363.70833333333343 12.500000000000002 2.5000000000000004 39.081805203040965 188.39500000000004
decision_type=2 2 2 2 2 2 2 2 2 2 2 2 2 2 2 2 2 2 2 2 2 2 2 2 2 2 2 2 2 2 2 2 2 2 2 2 2
left_child=1 29 6 5 -5 -4 13 12 10 -10 30 -11 -8 17 22 -16 -17 18 19 20 -2 -21 23 25 -25 -15 27 -24 -28 -1 -9 32 33 -31 -19 36 -35
right_child=2 -3 3 4 -6 -7 7 8 9 11 -12 -13 -14 14 15 16 -18 34 -20 21 -22 -23 26 24 -26 -27 28 -29 -30 31 -32 -33 -34 35 -36 -37 -38
leaf_value=-0.79695748521084608 0.077378262390994101 2.600603087027491 -1.1515143311369964 -0.39126970395092719 -4.0962056894839067 2.2523284906628489 0.092297865320538089 0.20970435466162218 5.3164763057825128 1.9563758720494677 1.4052872746069895 -0.18739804291643228 -1.4517532239561557 -0.020016129506830533 -3.1728514211204222 1.9326363814410876 -0.79316805657257339 -0.37428190909807957 1.1779618510053305 -2.3225650850220103 1.8351986097735029 -0.12909781712190449 3.1118543985619476 -2.0493114720730889 0.1985459191905545 0.74314932905191156 0.79711891594826567 0.17214891764632895 -0.61368204483547328 0.82596070132821886 -1.2264605542031479 -0.37228903083190379 2.1609347792232736 0.79345397370827708 -1.4426218235097226 -0.54164996438995927 0.025379819518922899
leaf_weight=24 4216 21 24 21 23 26 24 22 21 28 24 29 34 21428 27 20 36 20 34 20 30 75 20 41 38 125 49 24 51 34 33 28 22 21 21 24 69
leaf_count=24 4216 21 24 21 23 26 24 22 21 28 24 29 34 21428 27 20 36 20 34 20 30 75 20 41 38 125 49 24 51 34 33 28 22 21 21 24 69
internal_value=0.00225362 0.438394 -0.00173451 -0.763537 -2.33295 0.619347 0.000971438 0.522218 1.01597 2.0704 -0.0263458 0.867178 -0.81369 -0.00329554 -0.0189343 -0.911813 0.181954 0.0741132 0.0834869 0.0748866 0.0898422 -0.59289 -0.0155267 -0.0190734 -0.969116 -0.0155864 0.516873 1.51252 0.0776662 0.232759 -0.652566 0.357938 0.478388 0.226956 -0.923781 0.0476938 0.205334
internal_weight=26827 243 26584 94 44 50 26490 215 157 78 79 57 58 26275 21859 83 56 4416 4375 4341 4246 95 21776 21632 79 21553 144 44 100 222 55 198 170 148 41 114 90
internal_count=26827 243 26584 94 44 50 26490 215 157 78 79 57 58 26275 21859 83 56 4416 4375 4341 4246 95 21776 21632 79 21553 144 44 100 222 55 198 170 148 41 114 90
is_linear=0
shrinkage=0.05


Tree=99
num_leaves=20
num_cat=0
split_feature=8 11 8 9 12 3 8 7 12 5 11 21 14 8 12 22 25 21 20
split_gain=17275.8 70579.6 38536.9 57821.5 17250.5 37213.5 30142.1 43386 40036 28092.8 43819.8 39083.7 19190 19024.2 14520.3 21305.5 19150.9 6427.63 286.305
threshold=1387.5000000000002 1077.5000000000002 1206.5000000000002 1258.5000000000002 1146.5000000000002 10.500000000000002 1077.5000000000002 1031.5000000000002 527.50000000000011 -0.24999999999999994 1105.5000000000002 0.19727575982209047 194.40126128946176 953.25000000000011 300.31000000000006 8.5000000000000018 12.500000000000002 -0.20449494949494948 0.066673333333333376
decision_type=2 2 2 2 2 2 2 2 2 2 2 2 2 2 2 2 2 2 2
left_child=2 -2 4 -4 6 13 7 12 -9 10 -8 -11 14 17 16 -16 -1 -6 -15
right_child=1 -3 3 -5 5 -7 9 8 -10 11 -12 -13 -14 18 15 -17 -18 -19 -20
leaf_value=-0.025186743333368095 -2.8348462703317034 1.0783216034125418 3.4621794482368737 -0.10816176257370989 1.3985541608425516 1.9417710421818446 -2.8117109123652231 -0.050281402394546197 3.0049445069713512 -1.400455445555312 -0.10461577384921579 1.7176211777166346 -1.1220202431825828 -0.90342489617380917 0.11232559611810398 -0.41030427965956284 0.1981647531626391 0.18534993215220599 -0.62449105912773173
leaf_weight=21263 24 22 20 26 20 36 32 20 23 20 28 20 38 20 3961 205 1005 24 20
leaf_count=21263 24 22 20 26 20 36 32 20 23 20 28 20 38 20 3961 205 1005 24 20
internal_value=0.00214217 -0.964943 0.00380706 1.44819 0.00131626 0.599206 -0.00138152 0.00188765 1.58697 -0.867389 -1.55076 0.158854 -0.000692892 0.0221375 0.000923113 0.0865977 -0.0151054 0.738841 -0.765988
internal_weight=26827 46 26781 46 26735 120 26615 26515 43 100 60 40 26472 84 26434 4166 22268 44 40
internal_count=26827 46 26781 46 26735 120 26615 26515 43 100 60 40 26472 84 26434 4166 22268 44 40
is_linear=0
shrinkage=0.05


Tree=100
num_leaves=63
num_cat=0
split_feature=12 2 18 1 10 8 7 10 10 20 16 12 21 11 2 18 13 11 8 4 4 8 2 7 18 4 14 16 4 20 16 13 0 18 25 21 10 17 17 18 18 14 19 4 15 18 1 18 0 12 16 25 20 18 18 1 11 7 14 25 8 4
split_gain=23095.7 25069.7 37565.4 22310.4 18589.9 21921.1 22752.1 18373.4 18212.4 30774.6 22621.1 19292.6 86711.4 17333.5 14330.7 37155.1 34462.9 26536.6 16433.3 14300.9 13980.4 13806.4 11887.6 10298 16788.8 16148.4 14637.9 13549.2 12502.9 12206.8 11304.1 11072.5 10737 9793.17 9779.48 10773.3 10408.7 9565.9 8673.99 8295.4 9718.31 8854.29 8247.88 7801.42 11558.3 7754.66 7109.69 7086.32 6355.33 10848.7 11933.3 7452.19 5976.92 7990.93 4628.96 4536.14 4457.38 4051.03 3339.74 3325.04 2583.04 2360.36
threshold=216.83500000000001 2008.5000000000002 14.635728388246884 -16.234999999999996 1441.5000000000002 1387.5000000000002 1258.5000000000002 300.31000000000006 1206.5000000000002 -0.1428620407603505 127.47311425479465 868.50000000000011 -0.021826121476776535 1206.5000000000002 2020.5000000000002 15.995799749656795 224.62500000000003 226.83500000000001 358.16500000000002 2.5000000000000004 3.5000000000000004 267.25000000000006 2005.5000000000002 392.50000000000006 34.006405249494918 2.5000000000000004 36.055512754639636 59.676064961572308 3.5000000000000004 -0.31019202163624066 70.267346612775995 255.61166666666671 13.770000000000001 88.001784834714414 10.500000000000002 0.60213903743315522 231.46000000000001 372.95833333333343 163.11083333333337 23.39839880268487 38.31162098377883 13.228756555322297 -0.0055611111111111269 2.5000000000000004 274.1783333333334 36.159578298690825 -15.714999999999998 39.648073054937932 13.895000000000001 195.41500000000005 30.573766634757749 9.5000000000000018 0.40030581039755347 42.42664209900348 11.870680967771705 -13.139999999999999 168.87500000000003 275.50000000000006 14.433756729742358 5.5000000000000009 330.50000000000006 1.5000000000000002
decision_type=2 2 2 2 2 2 2 2 2 2 2 2 2 2 2 2 2 2 2 2 2 2 2 2 2 2 2 2 2 2 2 2 2 2 2 2 2 2 2 2 2 2 2 2 2 2 2 2 2 2 2 2 2 2 2 2 2 2 2 2 2 2
left_child=3 2 -2 14 5 6 8 23 11 -10 -11 13 -13 -3 21 17 -17 -16 43 37 46 22 42 24 26 27 34 29 45 -26 -25 55 -30 58 36 -36 -5 48 54 -23 57 -42 -1 44 -18 -27 -21 -45 51 61 -51 60 53 -40 -24 -28 -44 -41 -20 -22 -9 -50
right_child=1 4 -4 7 -6 -7 -8 19 9 10 -12 12 -14 -15 15 16 18 -19 33 20 59 39 38 30 25 28 31 -29 32 -31 -32 -33 -34 -35 35 -37 -38 -39 52 40 41 -43 56 47 -46 -47 -48 -49 49 50 -52 -53 -54 -55 -56 -57 -58 -59 -60 -61 -62 -63
leaf_value=-1.1391429517924605 -0.1806302239174967 0.018967492779010789 2.7397612246291896 -0.04799893300424813 1.1559596039746936 -1.1624150195694944 1.4444061910554609 -0.67892298043032229 -2.1438991537496048 -1.1717251989082316 1.1461381489335141 -0.010084805974218874 2.0368810639586505 -1.0217976571913074 2.7591796165206048 -1.4112491906989029 -0.64176953842197604 0.43140450384606965 -1.0135422956350162 -0.89702804999494079 -0.061743786353670976 0.075489659793365027 0.044813160845880419 -1.7359254381549893 1.3465047692872614 0.23566934045710766 -0.56270848797315987 1.5638903533711153 0.9137051580016049 0.20017669932777704 -0.21253177081848651 -1.6245341411142638 -0.031091992238023048 0.63266546390807943 -0.2896036531884591 0.82787208136390233 -0.26650314818509585 0.74681909859719853 0.066540152754981069 -0.74517521062221237 0.69776855111122127 -0.60529823769134972 -0.62084599720747446 1.378537732714791 0.73534024098770434 -0.54616125505821722 -1.9817900502796726 0.26017721588931869 -0.25713230816797278 -1.6097675724812619 -0.40023811916199215 0.82812279298972169 -0.66475842650086236 0.63264547349266165 -0.69879359845691824 0.25639815004310801 0.15882156193981498 -1.5360605477336868 -0.25612960419771014 -0.79983421774148056 0.096622374283140577 0.45401503199014059
leaf_weight=33 23 16985 21 3428 36 39 28 23 26 20 22 252 65 40 25 32 22 24 22 30 35 60 33 20 25 40 107 22 41 312 31 23 112 26 902 22 648 22 2272 47 20 37 33 49 49 152 31 20 26 34 51 21 27 64 57 20 41 25 43 27 20 21
leaf_count=33 23 16985 21 3428 36 39 28 23 26 20 22 252 65 40 25 32 22 24 22 30 35 60 33 20 25 40 107 22 41 312 31 23 112 26 902 22 648 22 2272 47 20 37 33 49 49 152 31 20 26 34 51 21 27 64 57 20 41 25 43 27 20 21
internal_value=-0.0082619 0.0254923 1.21613 -0.0719369 0.0224937 0.020152 0.0228038 -0.12613 0.0205089 -0.795562 0.0421135 0.0237136 0.410134 0.0165159 0.0386441 0.359718 0.12393 1.62235 0.337135 -0.482942 -0.913826 0.00218991 0.0326443 -0.105517 -0.0993447 0.129657 -0.130652 0.364368 -0.114598 0.285605 -0.812267 -0.617183 0.222488 -0.185795 -0.116043 -0.262905 -0.0827435 -0.239498 0.055157 -0.410087 -0.635858 -0.147573 -0.482988 0.676965 0.308257 -0.383216 -1.45072 1.05529 -0.350557 -0.548688 -0.885432 0.0582275 0.0735151 0.0820784 -0.426335 -0.433576 -0.189169 -1.02161 -0.513725 -0.384021 -0.318701 0.0607975
internal_weight=26864 17557 44 9307 17513 17477 17438 6246 17410 68 42 17342 317 17025 3061 312 263 49 231 341 123 2749 2560 5905 5854 704 5150 359 345 337 51 150 153 91 5000 924 4076 218 2453 189 129 57 107 140 71 192 61 69 196 132 85 64 2363 2336 90 127 74 72 65 62 43 47
internal_count=26864 17557 44 9307 17513 17477 17438 6246 17410 68 42 17342 317 17025 3061 312 263 49 231 341 123 2749 2560 5905 5854 704 5150 359 345 337 51 150 153 91 5000 924 4076 218 2453 189 129 57 107 140 71 192 61 69 196 132 85 64 2363 2336 90 127 74 72 65 62 43 47
is_linear=0
shrinkage=0.05


Tree=101
num_leaves=63
num_cat=0
split_feature=12 2 18 1 5 20 18 17 10 0 1 21 15 17 18 21 9 9 10 9 17 19 18 25 23 1 13 12 13 19 2 3 2 10 17 17 2 2 17 0 15 21 5 18 17 3 21 17 0 2 2 3 2 18 13 3 2 13 23 18 0 1
split_gain=20845.8 22636.8 33919.9 20135.6 25809.3 27663.7 27107 23121.4 16782.4 15607.8 15292.9 41377.6 51733.5 108218 68623 40290 36016.9 30252.7 63690.5 30155.8 34526.6 29908.5 20600.1 19156.8 30816.6 25100.4 17293.7 14900.2 14028.4 13255.7 13234.6 12336.7 18893.9 21641.2 12062.3 11816 13229.2 11887.5 11569.9 10844.7 10775.7 11254.1 10248 10180.5 12830.1 9043.11 8744.38 8576.38 10050 7961.67 24224.8 8659.92 7670.89 25995.8 23858.2 18519.2 13011.5 16508.8 14672.5 7498.71 7926.42 7186.43
threshold=216.83500000000001 2008.5000000000002 14.635728388246884 -16.234999999999996 -0.24999999999999994 0.60071174377224212 15.285419359349595 361.36125000000004 1441.5000000000002 12.835000000000003 -16.244999999999994 1.0010810810810813 1077.6666666666667 1204.1666666666667 152.04141648386141 0.80090090090090105 779.00000000000011 953.25000000000011 1258.5000000000002 889.00000000000011 820.14583333333337 0.095683229813664519 209.67937252777904 5.5000000000000009 15.500000000000002 -14.635 173.41666666666671 202.64000000000001 450.16666666666669 -0.11563945578231292 2011.5000000000002 9.5000000000000018 2010.5000000000002 215.31000000000003 227.43916666666669 222.91708333333335 2016.5000000000002 2015.5000000000002 324.39000000000004 15.790000000000001 197.51083333333335 -0.29977075904228218 -0.24999999999999994 23.232387520963929 169.28833333333338 3.5000000000000004 0.12000096001536033 173.72916666666671 13.795000000000002 2012.5000000000002 2011.5000000000002 5.5000000000000009 2020.5000000000002 15.995799749656795 224.62500000000003 6.5000000000000009 2013.5000000000002 258.02833333333336 3.5000000000000004 11.424799885508719 13.845000000000001 -14.635
decision_type=2 2 2 2 2 2 2 2 2 2 2 2 2 2 2 2 2 2 2 2 2 2 2 2 2 2 2 2 2 2 2 2 2 2 2 2 2 2 2 2 2 2 2 2 2 2 2 2 2 2 2 2 2 2 2 2 2 2 2 2 2 2
left_child=3 2 -2 30 6 9 34 31 10 -6 11 12 26 14 -14 17 -13 19 21 22 -21 -19 -12 24 -17 42 -3 49 -26 -28 39 32 61 -34 35 36 37 -5 -27 43 59 -42 -25 44 -1 -46 -45 48 -33 50 -11 -51 56 55 -55 -54 58 -58 -43 -32 -61 -8
right_child=1 8 -4 4 5 -7 7 -9 -10 27 15 16 13 -15 -16 23 -18 18 -20 20 -22 -23 -24 25 28 38 29 -29 -30 -31 40 47 33 -35 -36 -37 -38 -39 -40 -41 41 52 -44 46 45 -47 -48 -49 -50 51 -52 -53 53 54 -56 -57 57 -59 -60 60 -62 -63
leaf_value=-0.5524339515428347 -0.17163781352760474 1.360587424066811 2.6034223940700154 0.074580581282106082 0.27358931529592739 1.7676188755656872 -0.65289094090513977 -1.9229774027933804 1.0983217163264256 -0.089663547147266945 0.068584889146197078 0.070028290993128059 -1.0659167640017106 0.8048506479768367 -5.1598453320674045 0.16866438456621216 2.3710273564041926 0.7107894343952692 -2.0078029066769045 -2.5079470163559026 -0.17970672638299867 2.5991151597984601 -1.0962585131327311 -0.16665266853066821 -1.3334094491118711 -0.28226741071957262 -0.33738008927291313 -0.37313522147026834 -3.1346274238320726 -0.024083767607335448 0.99169762250192939 0.97056866556963062 -0.15046702657308697 -0.66207034594331959 -0.56357958938521846 1.2510274832847559 -0.27388467237402975 0.74041750156501218 -1.9828606467934984 0.26036918599842213 1.2128414424674769 -0.72201689818692605 1.4310365669021559 -0.30080840723171315 -0.34380821542596302 0.12903545848903822 -1.0747669968478932 -0.24999822592727125 -0.04743125422450778 -0.16016326103579959 0.44480414346754132 0.077346445321188936 0.43618375241014473 -1.2885016508135294 0.25783586466382186 2.4693154506773745 -0.043306352409111598 -0.73349534278615913 0.24516501752096731 -0.2700527321316763 0.44193698128477243 -1.3006102051300186
leaf_weight=123 23 22 21 316 343 21 114 23 36 700 9988 35 21 32 20 21 33 163 20 24 47 24 38 20 24 20 356 385 20 6509 45 32 559 328 80 21 210 85 20 165 21 42 20 135 134 411 50 529 99 1514 304 514 24 28 222 21 742 98 572 50 178 69
leaf_count=123 23 22 21 316 343 21 114 23 36 700 9988 35 21 32 20 21 33 163 20 24 47 24 38 20 24 20 356 385 20 6509 45 32 559 328 80 21 210 85 20 165 21 42 20 135 134 411 50 529 99 1514 304 514 24 28 222 21 742 98 572 50 178 69
internal_value=-0.00784943 0.0242185 1.15561 -0.0683434 -0.119828 -0.0377581 -0.245703 -0.351368 0.0213691 -0.0478894 0.0191441 -0.037885 -0.0498856 -1.37302 -3.07077 0.0575024 1.1886 0.0691532 0.667366 0.0568821 -0.969208 0.954428 0.0641586 -0.769864 -1.4068 -0.251185 -0.0358403 -0.0801681 -2.15751 -0.0403359 0.0367095 -0.330361 -0.435224 -0.33971 0.0144576 0.0877123 0.047523 0.21588 -1.13551 -0.110565 0.110099 0.0649864 0.633644 -0.182344 -0.0913977 0.0127257 -0.510481 -0.160308 0.201753 -0.0429547 0.0721905 -0.0999627 0.0511329 0.283558 0.0841801 1.38846 0.00395671 -0.123912 0.178891 0.402435 0.285727 -0.897717
internal_weight=26864 17557 44 9307 6246 3781 2465 1753 17513 3760 17477 7028 6960 73 41 10449 68 10304 207 10097 71 187 10026 145 65 80 6887 3417 44 6865 3061 1730 1070 887 712 632 611 401 40 1018 2043 1770 40 853 668 545 185 660 131 3032 1004 2028 1749 295 250 45 1454 840 614 273 228 183
internal_count=26864 17557 44 9307 6246 3781 2465 1753 17513 3760 17477 7028 6960 73 41 10449 68 10304 207 10097 71 187 10026 145 65 80 6887 3417 44 6865 3061 1730 1070 887 712 632 611 401 40 1018 2043 1770 40 853 668 545 185 660 131 3032 1004 2028 1749 295 250 45 1454 840 614 273 228 183
is_linear=0
shrinkage=0.05


Tree=102
num_leaves=63
num_cat=0
split_feature=12 2 14 8 11 8 9 9 5 25 15 2 20 25 14 11 0 12 8 7 0 10 8 0 11 2 3 25 25 2 21 10 0 21 3 20 0 2 17 19 12 0 14 0 0 10 11 21 3 8 0 20 10 14 7 19 17 17 2 0 3 9
split_gain=18812.5 20440 23940.2 17053.4 49890.6 33441.2 29321.6 26946.1 15364.9 31126.2 20513.2 29806.1 38161.9 21543.7 19922 38376.1 15266.3 13281.5 12710.7 26420.2 25423.2 12191.3 11182.8 10841.1 14661.1 12084.8 10780.8 19059.7 15737.9 10273.1 10036.4 9472.83 10542.8 9382.54 9101.23 15182.7 14764.7 9026.05 8912.02 8387.49 8111.42 7926.18 6908.27 6866.5 7399.16 6534.67 6285.29 5905.19 8804.3 5813.33 5570.52 5258.28 5623.93 3608.03 3584.71 4078.83 3552.71 3462.21 5038.74 3316.71 2202.11 1181.12
threshold=216.83500000000001 2008.5000000000002 6.2915286960594479 1387.5000000000002 1077.5000000000002 1206.5000000000002 1258.5000000000002 1258.5000000000002 -0.24999999999999994 1.0000000180025095e-35 270.86083333333335 2020.5000000000002 0.04624583189605614 3.5000000000000004 63.279141264264105 208.41500000000005 13.795000000000002 205.14000000000001 1136.5000000000002 1136.5000000000002 14.145000000000001 1341.5000000000002 165.50000000000003 14.865000000000002 167.75000000000003 2015.5000000000002 9.5000000000000018 11.500000000000002 9.5000000000000018 2005.5000000000002 -0.024851851851851899 228.87500000000003 15.440000000000001 0.83416666666666672 2.5000000000000004 0.20000960015360239 12.870000000000003 2017.5000000000002 259.94125000000008 0.12499296883788948 171.83500000000001 13.280000000000003 5.7735026918992274 12.790000000000001 15.790000000000001 249.50000000000003 167.75000000000003 0.25026315789473691 4.5000000000000009 277.64000000000004 14.115000000000002 0.02267593892881237 195.41500000000005 18.0277563773199 424.50000000000006 -1.0000000180025095e-35 257.25333333333339 239.5866666666667 2012.5000000000002 13.810000000000002 8.5000000000000018 224.50000000000003
decision_type=2 2 2 2 2 2 2 2 2 2 2 2 2 2 2 2 2 2 2 2 2 2 2 2 2 2 2 2 2 2 2 2 2 2 2 2 2 2 2 2 2 2 2 2 2 2 2 2 2 2 2 2 2 2 2 2 2 2 2 2 2 2
left_child=8 2 -2 5 -5 6 18 -7 9 29 11 23 13 -13 17 -16 -14 22 19 21 -20 -3 41 24 25 -11 27 28 42 46 -15 37 -33 34 35 -24 -36 -25 -28 -18 -26 -10 -12 56 47 59 -1 49 -49 -45 -35 53 -53 57 55 -40 -19 58 -31 -43 -54 -62
right_child=1 3 -4 4 -6 7 -8 -9 14 10 26 12 16 30 15 -17 39 43 20 -21 -22 -23 33 31 40 -27 38 -29 -30 51 -32 32 -34 50 36 -37 -38 -39 54 -41 -42 45 -44 44 -46 -47 -48 48 -50 -51 -52 52 60 -55 -56 -57 -58 -59 -60 -61 61 -63
leaf_value=-0.93621441390179927 0.031633071129160056 0.018663004470116245 2.3710851726247304 -2.5817717822599207 0.70542525811628853 2.570591704463546 1.8819713276709427 0.200759622965201 0.56041688980983562 -0.16700024789510237 -1.4363349225290838 2.2106319038749094 -1.2948993695041944 -0.21851028932165778 2.6097557824934832 -0.049254521113524602 -0.16000926200422283 -0.0063493075273225999 0.65406694271985222 1.5794370102266544 -1.4683012811729061 -1.0627730934555959 -0.11151348313125098 0.19954671459099227 -0.46207599415833389 0.39916873411708248 -1.0191630593949677 0.60193287512702398 -2.1767111851466643 0.47933435586235484 1.1759130531568618 -0.88564086535948805 -0.029214259444992036 -0.1724629291360309 0.48733559396918757 0.75377811906252434 0.060641074846981641 -0.38462198892167943 -0.24295404599686865 1.0249681814393001 -0.23094613564257777 -0.020565115185947221 -0.5992911732163726 -0.34850943161011116 0.38775421397062643 0.46961697549147907 0.20016845178505149 0.37622870627897842 -0.72637856570696924 -0.90234412704069378 -1.3019045646807448 0.89748424346021594 0.3589918987030552 1.3098877446939101 -0.6712470775813012 0.38315388570110237 0.81181087754852133 0.14843025654104181 1.3142002445305405 -0.28145043699545258 -0.44488556937934054 0.033277107914161067
leaf_weight=22 24 17284 20 23 23 23 21 25 36 276 32 34 24 22 21 38 58 39 22 27 39 26 1119 403 550 143 30 21 24 55 31 57 97 24 219 53 2716 79 54 20 1227 153 108 386 37 35 27 59 26 54 20 24 32 20 20 50 20 33 27 599 22 31
leaf_count=22 24 17284 20 23 23 23 21 25 36 276 32 34 24 22 21 38 58 39 22 27 39 26 1119 403 550 143 30 21 24 55 31 57 97 24 219 53 2716 79 54 20 1227 153 108 386 37 35 27 59 26 54 20 24 32 20 20 50 20 33 27 599 22 31
internal_value=-0.00745811 0.0230057 1.0981 0.0202981 -0.9401 0.022833 0.0191971 1.33939 -0.0649262 -0.14485 -0.187953 -0.146554 0.461225 1.2299 -0.0132855 0.899903 -0.194924 -0.022932 0.0169376 0.0194749 -0.702957 0.0170322 0.00428878 -0.187132 -0.239777 0.0262641 -0.556707 -0.813899 -0.995481 0.349311 0.59768 -0.00534211 -0.346605 0.0376728 0.0454623 -0.0723182 0.0924968 0.103731 -0.247383 0.14469 -0.302508 -0.16407 -0.79154 -0.240935 -0.294812 -0.197284 -0.31081 -0.342991 0.0384446 -0.416681 -0.687747 0.48197 0.22329 0.690473 -0.0599506 0.0580903 0.271813 0.581661 0.755556 -0.228388 0.0320398 -0.165575
internal_weight=26864 17557 44 17513 46 17467 17419 48 9307 3653 3360 3021 189 87 5654 59 102 5595 17398 17337 61 17310 4974 2832 2196 419 339 185 164 293 53 636 154 4151 4107 1172 2935 482 154 78 1777 823 140 621 562 787 49 525 85 440 44 244 109 135 124 104 59 115 82 752 85 53
internal_count=26864 17557 44 17513 46 17467 17419 48 9307 3653 3360 3021 189 87 5654 59 102 5595 17398 17337 61 17310 4974 2832 2196 419 339 185 164 293 53 636 154 4151 4107 1172 2935 482 154 78 1777 823 140 621 562 787 49 525 85 440 44 244 109 135 124 104 59 115 82 752 85 53
is_linear=0
shrinkage=0.05


Tree=103
num_leaves=63
num_cat=0
split_feature=12 2 18 1 5 20 18 17 8 8 16 9 10 1 7 15 17 9 9 2 12 1 3 2 10 25 17 17 2 2 15 19 2 18 13 3 8 2 13 12 7 17 6 17 12 18 16 2 22 12 2 17 9 18 22 18 25 1 20 16 1 18
split_gain=16978.5 18457.1 29061 17335.1 21003.4 24282 23680.2 20101.8 15397.4 30194.8 53446.1 26476.1 18963.1 14921.5 54990.1 19881.4 19515.3 22773.3 16733.4 11827.2 11616.8 13028.7 10927.4 17109.7 18502.9 10656.5 10632.1 10542 11637.1 10471.4 9816.58 8473.65 8314.63 21099.4 25491.7 15579.4 14102.5 12173.9 15196.2 13157 7739.85 7736.16 7431.06 7224.69 7043.82 7436.07 6948.75 6646.31 6613.23 6526.01 6330.63 6276.18 6920.38 6328.49 6175.39 6006.55 5089.74 4771.14 4624.6 4543.17 4483.13 4452.58
threshold=216.83500000000001 2008.5000000000002 14.635728388246884 -16.234999999999996 -0.24999999999999994 0.60071174377224212 15.285419359349595 361.36125000000004 1387.5000000000002 1206.5000000000002 115.51031486232912 1258.5000000000002 1228.5000000000002 -16.244999999999994 1190.5000000000002 1077.6666666666667 1120.041666666667 1136.5000000000002 1105.5000000000002 2011.5000000000002 202.64000000000001 -15.639999999999999 9.5000000000000018 2010.5000000000002 215.31000000000003 12.500000000000002 227.43916666666669 222.91708333333335 2016.5000000000002 2015.5000000000002 197.51083333333335 -0.29459004751187795 2020.5000000000002 15.995799749656795 224.62500000000003 6.5000000000000009 358.16500000000002 2013.5000000000002 275.12500000000006 196.77500000000001 383.16500000000002 173.72916666666671 -0.9330127018922193 224.21875000000003 167.64000000000001 11.311758882469089 47.259028005523774 2003.5000000000002 8.5000000000000018 179.58500000000001 2020.5000000000002 170.85041666666669 255.50000000000003 33.287868632668165 4.5000000000000009 19.505778087220317 12.500000000000002 -14.079999999999998 -0.17711309523809524 14.657549249448225 -16.474999999999998 26.399609724577122
decision_type=2 2 2 2 2 2 2 2 2 2 2 2 2 2 2 2 2 2 2 2 2 2 2 2 2 2 2 2 2 2 2 2 2 2 2 2 2 2 2 2 2 2 2 2 2 2 2 2 2 2 2 2 2 2 2 2 2 2 2 2 2 2
left_child=3 2 -2 19 6 20 26 22 9 11 -11 13 -10 14 15 -3 18 -18 -15 47 25 48 23 43 -25 31 27 28 29 -5 44 -6 37 35 -35 -34 -36 42 39 -39 -33 59 54 -8 -21 -46 55 -1 -22 -47 -30 61 53 56 -32 -23 -53 -43 -44 -24 -51 -49
right_child=1 8 -4 4 5 -7 7 -9 12 10 -12 -13 -14 16 -16 -17 17 -19 -20 30 21 46 41 24 -26 -27 -28 -29 50 -31 32 40 33 34 36 -37 -38 38 -40 -41 -42 57 58 -45 45 49 -48 51 -50 60 -52 52 -54 -55 -56 -57 -58 -59 -60 -61 -62 -63
leaf_value=-0.70383093898224725 -0.18492286935876009 -0.026715266343987472 2.383594438137036 0.076251179644838629 0.76378975506227387 1.6560187704755229 -0.96875155580358718 -1.7871557079868401 -2.0466478449788261 -0.39571134955061921 2.9360683768616678 1.7883186298524032 -0.001462903790090276 0.046130874177334434 -2.651927909210547 -1.187275178541713 2.1457192012877879 0.011908329126935353 1.3387072340900679 -0.013752866706866229 -0.62189705122257144 -0.16381341030218927 -0.16095262733851193 -0.13499190712681111 -0.60804820497446754 1.0349515905766071 -0.52252984863709429 1.1877488729654331 -0.35143885140154801 0.70117725382102658 -1.0178004069565647 -0.020692905786504665 0.4243752484499666 -1.2683695371310737 0.6167256549075194 2.2893457873737644 -0.18250275656466428 -0.306370468306991 -1.1140731778171253 0.10258908262906825 -0.78919602038276881 -0.30556394544821658 0.76107643427675031 -0.068460844302999563 1.3887338218234833 1.0294305498415084 -0.76185124548638994 -0.50317404752989769 0.084462496889826599 -0.1963223746202063 0.49485528877531859 -0.04812310572045634 -0.61988374590227246 0.63051882364484657 0.055532973043380243 0.43946348809966546 0.62634128684440427 0.060716476153737153 0.1971142701519765 0.44042701348191421 0.44906141260424282 0.30175595206407768
leaf_weight=44 23 6930 21 316 34 21 157 23 20 24 24 21 26 10336 20 37 24 26 25 79 219 80 52 559 328 24 80 21 185 85 22 3222 24 29 140 21 91 334 36 478 33 416 39 26 23 36 24 119 39 37 25 721 46 39 34 85 29 113 522 79 98 20
leaf_count=44 23 6930 21 316 34 21 157 23 20 24 24 21 26 10336 20 37 24 26 25 79 219 80 52 559 328 24 80 21 185 85 22 3222 24 29 140 21 91 334 36 478 33 416 39 26 23 36 24 119 39 37 25 721 46 39 34 85 29 113 522 79 98 20
internal_value=-0.00708389 0.0218569 1.04347 -0.0616788 -0.109449 -0.0354133 -0.223002 -0.321762 0.0192839 0.0216926 1.27272 0.0182377 -0.893293 0.0160906 -0.0404318 -0.0328964 0.0540243 1.03848 0.0492631 0.035795 -0.0449053 -0.28414 -0.302175 -0.400867 -0.309976 -0.0126179 0.0201581 0.0889325 0.0509699 0.208871 0.105172 -0.0202948 0.0621143 0.299575 0.126327 1.29795 0.301914 0.0126566 -0.11028 -0.0656391 -0.0285097 -0.142131 0.181618 -0.840976 0.384195 0.546196 0.0312336 -0.103428 -0.515111 0.432097 -0.250478 -0.0762305 -0.0244203 0.010364 -0.367107 0.147013 -0.0219571 -0.227316 0.236458 0.201733 0.272127 -0.387187
internal_weight=26864 17557 44 9307 6246 3781 2465 1753 17513 17467 48 17419 46 17398 6987 6967 10411 50 10361 3061 3760 447 1730 1070 887 3313 712 632 611 401 2043 3289 1770 305 260 45 231 1465 848 812 3255 660 617 183 273 194 189 1018 258 171 210 974 835 789 56 165 750 529 561 131 135 139
internal_count=26864 17557 44 9307 6246 3781 2465 1753 17513 17467 48 17419 46 17398 6987 6967 10411 50 10361 3061 3760 447 1730 1070 887 3313 712 632 611 401 2043 3289 1770 305 260 45 231 1465 848 812 3255 660 617 183 273 194 189 1018 258 171 210 974 835 789 56 165 750 529 561 131 135 139
is_linear=0
shrinkage=0.05


Tree=104
num_leaves=63
num_cat=0
split_feature=2 15 5 2 12 12 16 19 21 18 1 12 13 7 1 22 18 21 22 12 1 8 15 1 14 12 16 20 0 23 17 21 20 22 9 2 11 17 2 12 18 5 21 20 14 11 2 20 2 23 14 11 18 1 18 19 18 12 1 0 5 11
split_gain=16239.3 33953.8 20755.5 24828.7 45083.1 41550.3 48091.4 32268.7 28939.8 25507.7 22300.4 56761.7 33796.5 21054.4 18286.4 24720.4 32907.4 14507.9 14406.2 28303.1 19449.5 35492.9 22857.1 21233.2 38496.3 33733.2 24575.9 22069.3 15657.4 28048.4 15610.5 13865.7 12917.2 12054.5 21704.6 24229.2 14988.8 14263.9 17915.5 12776.2 11882.3 23085.2 27587.9 34913.4 20283.6 18912.9 17412.9 15459.1 13744.7 14746.5 14029.5 12827.3 11664.5 10348.3 12633.2 11409.5 10063.7 11715.5 9774.76 11222.7 20669.5 16780
threshold=2021.5000000000002 214.35416666666671 -0.5 2024.5000000000002 868.50000000000011 705.00000000000011 143.04170995981593 0.047623809523809631 0.24997991107301668 152.04141648386141 -16.224999999999998 652.50000000000011 291.80500000000006 854.00000000000011 -17.154999999999998 5.5000000000000009 108.57016622814818 0.17656862745098048 6.5000000000000009 224.50000000000003 -17.154999999999998 477.50000000000006 329.22916666666674 -14.079999999999998 115.47005383792528 325.50000000000006 14.282856857083216 -0.0042239072256913248 13.280000000000003 43.500000000000007 414.20833333333343 -0.22307634125153522 -0.063757590246234716 5.5000000000000009 253.16500000000005 2013.5000000000002 300.31000000000006 274.17708333333343 2018.5000000000002 172.75000000000003 27.832438862418261 -0.24999999999999994 0.62550813008130091 0.45487129358097106 19.035055380359008 417.87500000000006 2016.5000000000002 -0.3494186046511627 2020.5000000000002 31.500000000000004 34.641016151377578 239.64500000000001 23.685079061960547 -16.854999999999997 26.023226643703371 -0.057047584715212644 46.155984617407036 169.08500000000001 -16.224999999999998 14.865000000000002 0.25000000000000011 169.69000000000003
decision_type=2 2 2 2 2 2 2 2 2 2 2 2 2 2 2 2 2 2 2 2 2 2 2 2 2 2 2 2 2 2 2 2 2 2 2 2 2 2 2 2 2 2 2 2 2 2 2 2 2 2 2 2 2 2 2 2 2 2 2 2 2 2
left_child=33 -2 18 4 5 10 9 13 14 -7 12 -12 -4 32 -5 16 -16 -17 20 -20 21 22 -3 26 25 -25 31 -28 29 30 -21 -22 -6 34 37 56 39 58 -39 -37 -35 45 43 44 46 48 -43 -46 49 50 -42 -51 -38 54 -30 -55 57 -36 -1 61 -61 -60
right_child=1 2 3 8 7 6 -8 -9 -10 -11 11 -13 -14 -15 15 17 -18 -19 19 28 23 -23 -24 24 -26 -27 27 -29 53 -31 -32 -33 -34 40 35 36 52 38 -40 -41 41 42 -44 -45 47 -47 -48 -49 -50 51 -52 -53 -54 55 -56 -57 -58 -59 59 60 -62 -63
leaf_value=0.011828655920136993 2.0617112611142381 0.96843688832565 1.0805595850404774 0.86410470223492863 -0.80306973690852446 -0.89000366597476599 0.4711273730604475 2.7682105403022463 1.2423694050889409 -3.0790637368483171 0.078953416701311674 -2.5915516879428089 0.23478710509314726 1.7702027969088843 0.14137479865007019 -0.87395160123442595 -1.1988816251413521 0.086668630680277983 -1.2012894393265092 1.100613512709389 -0.68201235825732598 2.4352232517887704 -0.99678527043037812 0.55342849880732881 2.2168433890623205 -0.59915061446264273 -0.063725073695117415 -0.57431359990834341 0.080958795547485363 2.2400240121981798 -0.016555855097499236 0.18726224470844932 0.86902520233418512 -0.017866620328215448 -1.0843973556794733 -1.5428787581949119 1.2472011803591398 0.10234596835659558 1.9485809904055214 -0.39859175846154948 -0.26114398635406427 0.29282149205314784 -0.85821212882319853 2.32268090078616 1.095026069935237 0.65990073408089511 0.87231184813748863 -0.038845261006671766 0.93583153890947557 0.59244079130498462 -1.0010284754816217 -0.14688849134800119 -0.2404837967194233 -0.69399902653501355 -1.381217477011041 0.22202098278158613 0.88678642633393057 0.11679129025415454 0.040571057282162572 0.16902665708560996 -0.18095182720275244 -0.21118313367449049
leaf_weight=4208 21 30 128 36 23 30 37 25 35 24 1979 20 1518 28 333 198 53 49 38 47 53 20 29 143 22 114 319 629 34 23 93 337 23 7259 22 25 24 38 20 889 321 457 53 21 32 76 181 473 27 81 80 212 29 37 26 406 38 249 903 948 760 2478
leaf_count=4208 21 30 128 36 23 30 37 25 35 24 1979 20 1518 28 333 198 53 49 38 47 53 20 29 143 22 114 319 629 34 23 93 337 23 7259 22 25 24 38 20 889 321 457 53 21 32 76 181 473 27 81 80 212 29 37 26 406 38 249 903 948 760 2478
internal_value=-0.00672844 0.0590115 0.0529202 0.1158 0.165904 0.137978 -0.916748 1.2185 -0.157118 -1.8669 0.164336 0.0521042 0.300623 0.691852 -0.230517 -0.292905 -0.0428999 -0.683405 -0.0659988 0.124122 -0.144922 0.620626 0.00234347 -0.182363 0.214349 0.0421141 -0.265099 -0.402532 0.199922 0.625641 0.358976 0.0689727 0.0329408 -0.0297167 -0.0660575 -0.259494 -0.382649 -0.0396702 0.741323 -0.430061 0.0119458 0.119396 0.25638 0.307203 0.269969 -0.0897746 0.457341 0.0331967 -0.168885 -0.211999 -0.408977 0.0576148 0.434171 0.061859 -0.553812 0.145363 0.125895 0.0188953 -0.0445509 -0.0911704 0.0132941 -0.143944
internal_weight=26864 6960 6939 4539 3835 3736 91 99 704 54 3645 1999 1646 74 669 633 386 247 2400 704 1696 79 59 1617 279 257 1338 948 666 163 140 390 46 19904 10631 1276 967 9355 58 914 9273 2014 1217 1164 1143 797 638 505 721 694 401 293 53 503 60 443 309 271 9297 5089 1708 3381
internal_count=26864 6960 6939 4539 3835 3736 91 99 704 54 3645 1999 1646 74 669 633 386 247 2400 704 1696 79 59 1617 279 257 1338 948 666 163 140 390 46 19904 10631 1276 967 9355 58 914 9273 2014 1217 1164 1143 797 638 505 721 694 401 293 53 503 60 443 309 271 9297 5089 1708 3381
is_linear=0
shrinkage=0.05


Tree=105
num_leaves=28
num_cat=0
split_feature=9 0 8 18 19 1 10 14 1 21 2 3 17 10 9 22 15 10 21 6 2 8 19 22 18 18 6
split_gain=20338.6 62129.8 26203.7 49695 16919.6 13821.7 24742.2 44967 17786.9 28549.2 30000.3 30618.5 24267.1 55513.5 53464.6 18569.2 16864.4 16708 15973.7 15904.6 20785.1 15895.9 14400.1 12507.8 28778.9 12992.8 8359.56
threshold=1387.5000000000002 14.735000000000001 1206.5000000000002 209.67937252777904 -0.37459677419354831 -14.079999999999998 1136.5000000000002 129.23739534397814 -16.224999999999998 0.80090090090090105 2022.5000000000002 5.5000000000000009 556.87500000000011 747.50000000000011 605.00000000000011 5.5000000000000009 1077.6666666666667 349.50000000000006 0.12361593462717059 -0.24999999999999994 2021.5000000000002 518.50000000000011 -0.013929197959530125 4.5000000000000009 95.933840426798213 135.98687856752832 0.6830127018922193
decision_type=2 2 2 2 2 2 2 2 2 2 2 2 2 2 2 2 2 2 2 2 2 2 2 2 2 2 2
left_child=2 -2 4 -4 26 8 7 23 12 15 17 -12 19 14 -14 18 -15 -11 -10 20 -6 -17 -21 25 -25 -7 -1
right_child=1 -3 3 -5 5 6 -8 -9 9 10 11 -13 13 16 -16 21 -18 -19 -20 22 -22 -23 -24 24 -26 -27 -28
leaf_value=1.4963500955447939 0.95374019092024709 -2.6194131667323663 -0.23473602284837708 2.6842261171889032 0.027429944248615834 -0.087089318684858447 -1.5896509673260995 2.1978014444449983 -0.17546660547509249 -0.46379845637752565 -0.70746373508541094 -2.7895070844635756 0.23653190034964552 0.33765626423278122 3.1519328749612021 0.0050120586600493023 -0.51594062018410558 1.1883933227453658 0.0094998383628564984 -0.15824914058159056 0.28554628004951321 0.63322080814584047 0.0041084276452281734 0.1416940693050702 -1.411746920976924 1.1368231241924189 0.28339216582402832
leaf_weight=27 22 27 33 26 3946 1152 22 25 3768 64 51 27 30 264 33 4322 74 20 1691 1856 972 103 5169 3143 30 22 30
leaf_count=27 22 27 33 26 3946 1152 22 25 3768 64 51 27 30 264 33 4322 74 20 1691 1856 972 103 5169 3143 30 22 30
internal_value=0.000339317 -1.01636 0.00219526 1.05387 -0.000120182 -0.00195329 0.0791247 0.0875593 -0.0178652 -0.0672647 -0.725446 -1.43088 0.0223377 0.40488 1.7663 -0.0564693 0.150662 -0.0694147 -0.118171 0.0094897 0.0784502 0.0196499 -0.0387873 0.0753717 0.126961 -0.0640549 0.859653
internal_weight=26949 49 26900 59 26841 26784 4394 4372 22390 10046 162 78 12344 401 63 9884 338 84 5459 11943 4918 4425 7025 4347 3173 1174 57
internal_count=26949 49 26900 59 26841 26784 4394 4372 22390 10046 162 78 12344 401 63 9884 338 84 5459 11943 4918 4425 7025 4347 3173 1174 57
is_linear=0
shrinkage=0.05


Tree=106
num_leaves=19
num_cat=0
split_feature=9 0 11 11 12 5 16 6 1 12 18 1 14 14 22 18 9 9
split_gain=18361.9 56095.4 28275.2 19378.8 20288.4 17542.2 15482.8 27554.5 37000.3 30215.3 38684.4 13837 25906.4 25016.1 29851.7 22999.4 16701.9 9675.46
threshold=1387.5000000000002 14.735000000000001 1458.5000000000002 1358.5000000000002 1258.5000000000002 -0.6830127018922193 164.7460491910322 0.25000000000000017 -16.234999999999996 841.00000000000011 179.80921828599855 -13.709999999999999 92.376043070340032 129.23739534397814 1.0000000180025095e-35 83.987980731419142 1206.5000000000002 779.00000000000011
decision_type=2 2 2 2 2 2 2 2 2 2 2 2 2 2 2 2 2 2
left_child=2 -2 3 4 6 -6 11 8 -8 10 -9 13 15 16 -15 -13 -1 -14
right_child=1 -3 -4 -5 5 -7 7 9 -10 -11 -12 12 17 14 -16 -17 -18 -19
leaf_value=-0.015706968481524319 0.90626898804401379 -2.488925756772506 1.5598127848503927 -1.5515312050408985 0.0045110386129804132 1.9816596199368044 2.8781505351244663 0.83552221871934984 0.041744366814108452 1.623759245769286 -1.4491624536536936 0.091496332158820359 0.54301273256426108 -1.5106998124785482 0.38420910036823835 -0.64854677429252172 1.3916753861576459 1.9369881215431879
leaf_weight=22745 22 27 29 20 21 24 24 33 22 23 42 3647 26 59 32 108 21 24
leaf_count=22745 22 27 29 20 21 24 24 33 22 23 42 3647 26 59 32 108 21 24
internal_value=0.000323143 -0.96571 0.0020866 0.000399471 0.00156139 1.06116 -0.000221151 0.516661 1.52475 0.0423536 -0.444061 -0.00301492 0.0852665 -0.0177116 -0.844613 0.0701934 -0.0144024 1.21475
internal_weight=26949 49 26900 26871 26851 45 26806 144 46 98 75 26662 3805 22857 91 3755 22766 50
internal_count=26949 49 26900 26871 26851 45 26806 144 46 98 75 26662 3805 22857 91 3755 22766 50
is_linear=0
shrinkage=0.05


Tree=107
num_leaves=16
num_cat=0
split_feature=19 9 0 11 11 0 8 12 3 16 14 10 10 15 21
split_gain=17219.7 16510.3 50647.2 25591.7 20925.1 45520.1 22529.9 13238.1 13169.7 23257.3 46030.5 25123.7 16212.1 29997.2 9325.96
threshold=-0.37459677419354831 1387.5000000000002 14.735000000000001 1458.5000000000002 1258.5000000000002 14.665000000000001 1206.5000000000002 698.00000000000011 2.5000000000000004 127.47311425479465 52.041649986653404 1105.5000000000002 1228.5000000000002 1009.2500000000001 -0.18410526315789474
decision_type=2 2 2 2 2 2 2 2 2 2 2 2 2 2 2
left_child=14 3 -3 4 6 -6 8 -8 12 11 -11 -10 13 -2 -1
right_child=1 2 -4 -5 5 -7 7 -9 9 10 -12 -13 -14 -15 -16
leaf_value=1.3367647808517085 -0.079081157172989275 0.86116058556742248 -2.3649387159910589 1.4820901461073621 0.25344611290749425 -2.4588231081892205 2.044177334229528 0.24711517647131168 0.0084717803349747163 1.9881778298693451 0.10918871169767641 1.3286078438864521 -1.4595167655886208 1.7673410255984483 0.017850248649786998
leaf_weight=37 4707 22 27 29 36 27 21 20 21754 44 125 36 21 22 21
leaf_count=37 4707 22 27 29 36 27 21 20 21754 44 125 36 21 22 21
internal_value=0.00030825 -0.00154934 -0.91758 0.000126095 -0.00148208 -0.91093 0.000663008 1.17042 -0.00113683 0.0151924 0.599309 0.0106591 -0.0766259 -0.0704531 0.860165
internal_weight=26949 26891 49 26842 26813 63 26750 41 26709 21959 169 21790 4750 4729 58
internal_count=26949 26891 49 26842 26813 63 26750 41 26709 21959 169 21790 4750 4729 58
is_linear=0
shrinkage=0.05


Tree=108
num_leaves=22
num_cat=0
split_feature=19 9 13 8 18 3 10 17 16 16 14 21 3 14 10 9 8 14 7 6 9
split_gain=15545.4 14905.7 38526.4 18370 44631.4 11670.1 18926.8 37963.4 17047.1 33495.6 31670.5 63004.7 47172.6 21525.5 17192.3 48674.4 18947.9 17032.3 21904.5 8999.5 8405.28
threshold=-0.37459677419354831 1387.5000000000002 1404.1666666666667 1206.5000000000002 209.67937252777904 2.5000000000000004 1228.5000000000002 1046.7083333333337 127.47311425479465 204.66539798792584 76.787585802219681 -0.05359959441189726 8.5000000000000018 129.23739534397814 1105.5000000000002 1053.0000000000002 1136.5000000000002 107.65630945640935 355.50000000000006 0.6830127018922193 803.00000000000011
decision_type=2 2 2 2 2 2 2 2 2 2 2 2 2 2 2 2 2 2 2 2 2
left_child=19 3 -3 5 -5 6 7 17 13 10 11 -10 -12 14 15 -7 -16 18 -2 -1 -15
right_child=1 2 -4 4 -6 8 -8 -9 9 -11 12 -13 -14 20 16 -17 -18 -19 -20 -21 -22
leaf_value=1.4603559570380378 -0.11329879070557963 -2.3579368336376176 0.44657255114266703 -0.36212602530684429 2.4228094133837472 0.012957748953335749 -1.3666298071684786 2.002352077820722 0.13346812162684446 -0.90388922855215525 -1.3907409327568803 3.4289242702022564 1.0088345434661963 -0.39984992138400877 2.0793591286289677 -1.7306497740923914 -0.041704717744583203 -1.1721445948989302 0.1841813547380686 0.21404828041098842 -1.7831221479635972
leaf_weight=28 3940 23 26 32 26 21712 28 22 30 35 30 28 64 22 21 40 21 35 734 30 22
leaf_count=28 3940 23 26 32 26 21712 28 22 30 35 30 28 64 22 21 40 21 35 734 30 22
internal_value=0.000293845 -0.00147112 -0.871849 0.000120811 0.888229 -0.00180548 -0.0728065 -0.0651194 0.0135359 0.488769 0.809863 1.72763 0.242295 0.00946404 0.0116972 0.00974324 1.02113 -0.0748218 -0.0665788 0.817278 -1.09407
internal_weight=26949 26891 49 26842 58 26784 4759 4731 22025 187 152 58 94 21838 21794 21752 42 4709 4674 58 44
internal_count=26949 26891 49 26842 58 26784 4759 4731 22025 187 152 58 94 21838 21794 21752 42 4709 4674 58 44
is_linear=0
shrinkage=0.05


Tree=109
num_leaves=36
num_cat=0
split_feature=8 13 7 19 2 2 2 3 16 3 10 8 3 20 6 22 23 21 1 10 3 22 7 21 10 18 3 21 25 1 16 7 18 15 10
split_gain=14048.7 48595.4 22853.7 14029.3 12705.4 16901.2 27672.4 18110.3 22066.6 16830 16022.8 14061.8 13281 12823.5 11112.2 13265.1 13261 21505.2 10859 12497.2 10062.1 10519.6 9849.22 11266.3 9814.4 10790.1 8768.43 8726.66 7682.04 10487.5 5944.23 5722.45 4876.77 4838.29 3894.68
threshold=1387.5000000000002 1404.1666666666667 1312.5000000000002 -0.37459677419354831 2010.5000000000002 2012.5000000000002 2015.5000000000002 2.5000000000000004 127.47311425479465 8.5000000000000018 1228.5000000000002 370.50000000000006 2.5000000000000004 -0.16620095770334051 -0.5 4.5000000000000009 50.500000000000007 0.19727575982209047 -13.709999999999999 205.14000000000001 6.5000000000000009 3.5000000000000004 200.15500000000003 -0.068356702369360631 375.83500000000009 71.781053555286704 9.5000000000000018 -0.18410526315789474 7.5000000000000009 -16.429999999999996 32.244364673931258 189.67000000000004 20.216417463118926 173.34000000000003 169.08500000000001
decision_type=2 2 2 2 2 2 2 2 2 2 2 2 2 2 2 2 2 2 2 2 2 2 2 2 2 2 2 2 2 2 2 2 2 2 2
left_child=2 -2 3 27 14 12 9 10 -9 11 -8 -7 22 -11 16 28 20 33 26 -20 31 -22 32 -24 25 -17 -14 -1 29 -16 -26 -5 -6 -18 -30
right_child=1 -3 -4 4 5 6 7 8 -10 13 -12 -13 18 -15 15 24 17 -19 19 -21 21 -23 23 -25 30 -27 -28 -29 34 -31 -32 -33 -34 -35 -36
leaf_value=1.23759756210358 -2.7241505304972335 0.5212881026672701 1.5738004800045129 -0.44169938233118516 -0.47836595879335952 -0.062865257034947872 -0.073054325800440134 0.041878038490184677 0.57618905055103475 0.28737209179512152 -1.2137318988896642 0.83628920020700304 0.065419839502871918 -0.29980819673965503 -0.032239234944729855 -0.096527388532687761 -0.59109156706181898 1.6811764613016327 0.85871521822791019 0.20396771379711415 0.23565362994742781 -0.59074802447178953 1.1156194664686323 0.0013776588754247985 -1.0123825873832124 0.84671876997809703 0.2867015240575978 -0.037515838197057283 -0.68470748745979948 0.64381243812291389 -0.17299004210840407 -0.0095769722639734156 -0.01807110446200216 0.083409956565263288 0.049718511258138906
leaf_weight=37 20 27 23 110 174 3102 3061 13242 196 100 31 44 1547 1310 91 1207 33 20 115 199 43 364 25 236 46 31 630 21 20 155 39 252 86 135 177
leaf_count=37 20 27 23 110 174 3102 3061 13242 196 100 31 44 1547 1310 91 1207 33 20 115 199 43 364 25 236 46 31 630 21 20 155 39 252 86 135 177
internal_value=0.000279473 -0.862495 0.0017902 0.000439013 -0.00124204 0.010326 -0.0054999 0.0245712 0.0496758 -0.114603 -0.0845311 -0.0502619 0.121116 -0.258143 -0.103615 -0.0292532 -0.240816 0.135541 0.169132 0.443977 -0.332837 -0.503389 -0.108438 0.108511 -0.108552 -0.0728376 0.129469 0.776563 0.207528 0.393796 -0.627964 -0.140984 -0.326199 -0.0493245 -0.0251267
internal_weight=26949 47 26902 26879 26821 24098 21086 16530 13438 4556 3092 3146 3012 1410 2723 1766 957 188 2491 314 769 407 521 261 1323 1238 2177 58 443 246 85 362 260 168 197
internal_count=26949 47 26902 26879 26821 24098 21086 16530 13438 4556 3092 3146 3012 1410 2723 1766 957 188 2491 314 769 407 521 261 1323 1238 2177 58 443 246 85 362 260 168 197
is_linear=0
shrinkage=0.05


Tree=110
num_leaves=63
num_cat=0
split_feature=21 13 2 2 2 17 3 3 22 20 6 22 21 11 2 7 25 25 3 18 21 15 13 2 2 8 7 3 25 3 16 20 0 12 7 6 17 16 8 17 22 25 2 22 13 15 2 19 3 0 0 7 3 11 2 2 19 8 11 20 22 16
split_gain=17215.1 22232.4 14777.9 16786.2 26103.4 22593.7 19626.6 16715.8 16541.9 27149.9 23810.8 30431 21396.5 24852.9 82024.8 54181.4 19175.4 18934 18036.9 29203.3 16819.5 15226.7 22227.5 15931.1 13699.2 28542.9 24806.4 23208.7 22827.5 13816.4 13221.6 10940.4 17289.3 10531.8 9483.11 8802.34 14474.4 14232.9 14019 13989.6 10184.8 10035.8 9985.92 9114.24 12800.9 10488.2 8536.39 9863.04 8289.81 8256.21 7989.41 7406.42 7165.44 10756.4 7129.98 6698.41 6396.66 6181.97 6177.13 6025.4 6592.3 6022.19
threshold=-0.42449999999999999 651.50000000000011 2010.5000000000002 2012.5000000000002 2015.5000000000002 344.34708333333339 8.5000000000000018 3.5000000000000004 4.5000000000000009 0.012295425822996033 -0.24999999999999994 5.5000000000000009 -0.12079045215139887 1136.5000000000002 2023.5000000000002 1358.5000000000002 12.500000000000002 1.0000000180025095e-35 5.5000000000000009 56.16118489364127 0.50001363661157483 412.66666666666669 291.80500000000006 2014.5000000000002 2011.5000000000002 217.68000000000004 310.31000000000006 6.5000000000000009 2.5000000000000004 8.5000000000000018 15.896167774060098 -0.16620095770334051 15.440000000000001 174.69000000000003 200.15500000000003 -0.5 174.99291666666667 21.370143499440996 198.87500000000003 229.8366666666667 8.5000000000000018 10.500000000000002 2003.5000000000002 5.5000000000000009 233.40333333333336 277.87500000000006 2022.5000000000002 -0.014616343243724404 5.5000000000000009 12.705000000000002 13.810000000000002 189.67000000000004 1.5000000000000002 298.16500000000002 2013.5000000000002 2014.5000000000002 0.2865444875813497 253.16500000000005 214.14500000000001 0.026365441906653467 4.5000000000000009 41.38849365563005
decision_type=2 2 2 2 2 2 2 2 2 2 2 2 2 2 2 2 2 2 2 2 2 2 2 2 2 2 2 2 2 2 2 2 2 2 2 2 2 2 2 2 2 2 2 2 2 2 2 2 2 2 2 2 2 2 2 2 2 2 2 2 2 2
left_child=1 33 35 5 6 7 21 34 12 18 11 -11 16 15 -15 -14 17 -6 19 -10 -20 22 23 -5 25 28 27 -26 -9 -27 -12 32 55 -1 51 36 48 39 41 -38 43 42 -37 44 -40 -45 47 57 -2 -33 -43 58 53 -36 -24 -8 -51 -35 -4 60 -44 -47
right_child=2 -3 3 4 8 -7 31 24 9 10 30 -13 13 14 -16 -17 -18 -19 20 -21 -22 -23 54 -25 26 29 -28 -29 -30 -31 -32 49 -34 46 52 38 37 -39 40 -41 -42 50 59 45 -46 61 -48 -49 -50 56 -52 -53 -54 -55 -56 -57 -58 -59 -60 -61 -62 -63
leaf_value=-0.76591465224081001 0.059768549455575574 2.072210492282661 -0.20218526264693085 0.073794729835494136 0.86439915663710298 1.6802185521497355 0.18782783733438468 -0.30718797196706071 -0.13674426506824475 0.55652303066633901 0.19588738339049575 0.13752749044345766 -0.10562001937926287 2.1757585217792403 -0.91683801781209628 -2.3487791828563735 1.2170989070097198 0.046807057932727623 0.091681324196931369 0.39361372350841517 -0.57874236438107474 0.99412951700368157 -0.74218057178524466 -0.17261790945175171 0.43797827809454876 0.31763707464334801 -1.0657098736874997 -0.062218389969006617 0.32373594693945057 0.87484049452684798 -0.04573028742935259 0.12098294535596864 1.5104272592124215 -0.13878298149414334 0.17887658214784133 -0.86576228998786764 -0.17680542101996632 -0.4965283865502122 -0.14690847222455092 0.36394944701783194 -0.56468201262433826 0.54895456084571925 0.43908810081480176 0.30202495693109094 -0.88236972353880949 -0.26967074801314517 -0.095359432199438321 1.5109378024065208 -0.80789490442032796 -0.32466175343535975 -0.46424498845750339 -0.63629566676137217 -0.071508279656247328 1.3898952399578568 -0.15784327702485615 -0.8399092631102687 -1.1478639499033141 0.99398845439838568 0.70849563254052716 0.53720435203238581 6.5233292843601531e-05 0.33111602911568899
leaf_weight=20 34 20 253 1815 75 23 56 229 2897 689 959 1168 4058 46 40 27 39 1241 3528 285 96 35 144 1027 351 210 47 683 383 237 1382 105 21 28 108 20 392 207 353 172 135 24 135 221 71 227 43 29 144 1187 101 101 254 22 82 22 24 21 20 150 233 51
leaf_count=20 34 20 253 1815 75 23 56 229 2897 689 959 1168 4058 46 40 27 39 1241 3528 285 96 35 144 1027 351 210 47 683 383 237 1382 105 21 28 108 20 392 207 353 172 135 24 135 221 71 227 43 29 144 1187 101 101 254 22 82 22 24 21 20 150 233 51
internal_value=0.00103539 0.516345 -0.00208076 0.0103485 -0.00523912 0.122667 -0.111745 0.110247 0.0238713 0.0593164 0.159316 0.293011 -0.04671 -0.102787 0.737889 -0.120505 0.1259 0.0934683 -0.00236461 -0.0892296 0.0739049 -0.0413665 -0.0532131 -0.0152514 0.181713 0.309519 0.0564868 0.107599 0.0876352 0.613208 0.0532514 -0.266062 0.240617 0.294307 -0.0915101 -0.113659 -0.235908 -0.142032 -0.0462348 -0.0118502 -0.159198 0.134019 0.22779 -0.0998314 -0.270254 0.044992 0.47008 0.781583 -0.642193 -0.304197 -0.269387 -0.270681 0.083007 0.384767 -0.53035 -0.102687 -0.341074 0.347624 -0.135215 0.27018 0.161209 -0.159357
internal_weight=26800 161 26639 23969 21048 2921 4518 2898 16530 11004 4198 1857 5526 4171 86 4085 1355 1316 6806 3182 3624 3103 3068 2842 2140 1059 1081 1034 612 447 2341 1415 99 141 758 2670 949 771 1721 564 1058 663 538 923 424 499 121 78 178 1316 125 374 384 130 226 78 1211 49 273 518 368 278
internal_count=26800 161 26639 23969 21048 2921 4518 2898 16530 11004 4198 1857 5526 4171 86 4085 1355 1316 6806 3182 3624 3103 3068 2842 2140 1059 1081 1034 612 447 2341 1415 99 141 758 2670 949 771 1721 564 1058 663 538 923 424 499 121 78 178 1316 125 374 384 130 226 78 1211 49 273 518 368 278
is_linear=0
shrinkage=0.05


Tree=111
num_leaves=16
num_cat=0
split_feature=10 11 10 13 1 13 10 22 7 3 11 13 11 14 18
split_gain=17171.6 33309.1 29230.2 19427.4 14239.1 34851.6 36684.9 23626.8 22636.9 44629.5 79567.1 39623.1 43683.4 21428.9 18758.3
threshold=1412.5000000000002 1429.0000000000002 1341.5000000000002 1269.3333333333337 -13.709999999999999 984.41666666666686 818.00000000000011 1.0000000180025095e-35 1077.5000000000002 5.5000000000000009 1136.5000000000002 875.33333333333337 855.00000000000011 73.425628358914906 209.67937252777904
decision_type=2 2 2 2 2 2 2 2 2 2 2 2 2 2 2
left_child=1 2 3 4 8 6 7 -6 11 -10 -11 14 -13 -8 -1
right_child=-2 -3 -4 -5 5 -7 13 -9 9 10 -12 12 -14 -15 -16
leaf_value=-0.015703234279867778 1.0480421611110269 1.6901632764904768 -1.6748362944500657 -1.2113329599271008 1.4276294879682834 2.0269435750457627 -2.069525064226132 0.08573180832649735 0.89324515283722228 -3.1324973183140119 0.19005120205429366 1.807922489671336 0.24312367890314501 -0.056135267199891981 -1.1260840853993974
leaf_weight=22521 39 29 26 33 33 23 31 3662 29 35 37 59 182 23 38
leaf_count=22521 39 29 26 33 33 23 31 3662 29 35 37 59 182 23 38
internal_value=0.000984776 -0.000544871 -0.00238553 -0.000750835 0.000751253 0.0907655 0.078832 0.0977559 -0.014075 -0.760597 -1.42711 -0.0107645 0.626819 -1.21375 -0.0175788
internal_weight=26800 26761 26732 26706 26673 3772 3749 3695 22901 101 72 22800 241 54 22559
internal_count=26800 26761 26732 26706 26673 3772 3749 3695 22901 101 72 22800 241 54 22559
is_linear=0
shrinkage=0.05


Tree=112
num_leaves=36
num_cat=0
split_feature=21 9 13 7 2 2 2 17 22 19 21 15 13 2 5 16 12 2 19 5 22 17 6 0 13 13 25 0 23 9 20 0 20 13 19
split_gain=15555.9 27716.9 15220.4 27220 13359.8 15120.9 23597.1 20364.3 14716 25385.7 19147.5 13888.9 29047.2 12876.2 11228.5 10931.8 8820.6 10110.4 8910.13 8782.43 17837.4 16237.6 18086.1 10030.4 19736 12655.1 9465.02 8089.58 7562.27 7108.56 6212.86 4329.51 3415.36 3432.44 1841.88
threshold=-0.42449999999999999 752.50000000000011 1404.1666666666667 1387.5000000000002 2010.5000000000002 2012.5000000000002 2015.5000000000002 344.34708333333339 4.5000000000000009 0.0091000828114229399 -0.12079045215139887 325.04166666666669 291.80500000000006 2013.5000000000002 0.68301270189221941 7.5708457503380071 174.69000000000003 2022.5000000000002 -0.014616343243724404 -0.24999999999999994 3.5000000000000004 229.8366666666667 0.25000000000000017 15.190000000000001 332.02500000000003 395.50000000000006 1.0000000180025095e-35 14.170000000000002 29.500000000000004 308.16500000000002 -0.17226495726495725 14.690000000000001 0.073315881326352486 168.36166666666671 -0.080408456486042709
decision_type=2 2 2 2 2 2 2 2 2 2 2 2 2 2 2 2 2 2 2 2 2 2 2 2 2 2 2 2 2 2 2 2 2 2 2
left_child=1 16 3 4 19 7 11 14 10 -10 -8 12 -7 -13 15 -6 -1 18 34 20 32 22 -22 24 27 28 -23 -21 -25 -16 -19 -26 33 -2 -18
right_child=2 -3 -4 -5 5 6 8 -9 9 -11 -12 13 -14 -15 29 -17 17 30 -20 23 21 26 -24 25 31 -27 -28 -29 -30 -31 -32 -33 -34 -35 -36
leaf_value=-0.72728052667124343 -0.21540652021246764 2.2279137234189617 1.1610273990766857 -1.7188697550719949 0.38463929377317363 -0.084211113320939945 0.11905869709096517 1.5953770385869652 0.0088771370600212243 0.17786680631958182 -0.097604829704983964 1.4653931979932091 -0.61024367441581173 0.090187973645942526 -0.021116055019242151 0.10580142877028365 0.62984544043521951 0.40272158700707972 1.4360843714979505 0.14174990626292205 -0.65115071623813536 0.6082133000839256 -0.11666443324523597 -0.16136827449114163 -0.61544733442490007 1.3725651743287723 -0.12406843843087512 -0.16387214845421752 0.2825034173220709 -0.6681687502896706 -0.79692402184009548 -1.4387097082832305 -0.17285876027649799 0.49366275070008225 0.016921685617494388
leaf_weight=20 20 20 28 23 444 4163 1355 23 7914 3090 4120 26 280 49 722 1687 25 21 29 345 391 50 266 153 42 21 370 581 257 45 22 26 34 114 24
leaf_count=20 20 20 28 23 444 4163 1355 23 7914 3090 4120 26 280 49 722 1687 25 21 29 345 391 50 266 153 42 21 370 581 257 45 22 26 34 114 24
internal_value=0.00093557 0.490783 -0.0020266 -0.00325491 -0.00176416 0.0100777 -0.00475032 0.116664 0.0230037 0.0563323 -0.043981 -0.10598 -0.117376 0.568309 0.104872 0.163916 0.242942 0.403818 0.742855 -0.107842 -0.204853 -0.279603 -0.434811 -0.0230732 -0.110425 0.178351 -0.0367561 -0.0499981 0.116852 -0.0591674 -0.21136 -0.931948 0.274198 0.387713 0.330386
internal_weight=26800 161 26639 26611 26588 23918 20997 2921 16479 11004 5475 4518 4443 75 2898 2131 141 121 78 2670 1245 1077 657 1425 994 431 420 926 410 767 43 68 168 134 49
internal_count=26800 161 26639 26611 26588 23918 20997 2921 16479 11004 5475 4518 4443 75 2898 2131 141 121 78 2670 1245 1077 657 1425 994 431 420 926 410 767 43 68 168 134 49
is_linear=0
shrinkage=0.05


Tree=113
num_leaves=17
num_cat=0
split_feature=21 9 13 8 8 17 25 9 14 0 7 12 2 1 20 14
split_gain=14045.3 25028.2 13741.5 24693.6 23712 19609.3 41217.1 16310.1 15324.8 25581.4 18588.6 7964.42 9128.31 8907.94 5609.86 4722.84
threshold=-0.42449999999999999 752.50000000000011 1404.1666666666667 1358.5000000000002 1258.5000000000002 1204.1666666666667 8.5000000000000018 1206.5000000000002 129.23739534397814 13.725000000000001 1190.5000000000002 174.69000000000003 2022.5000000000002 -16.254999999999999 -0.17226495726495725 14.433756729740855
decision_type=2 2 2 2 2 2 2 2 2 2 2 2 2 2 2 2
left_child=1 11 3 4 5 7 -7 8 10 -10 -2 -1 13 -13 -14 -15
right_child=2 -3 -4 -5 -6 6 -8 -9 9 -11 -12 12 14 15 -16 -17
leaf_value=-0.69109742223326842 0.0014444354948733146 2.117072249882257 1.1031825701961313 -1.6737443341388962 1.4247910409448892 -2.707358973299093 0.49640553024277756 1.3879851603395001 0.71123003741887991 -0.93080912828222151 -1.2024971609175019 1.296983696490611 0.3826809314189929 0.73317683867739325 -0.75725811914081476 -0.31280955918027331
leaf_weight=20 26336 20 28 22 29 20 20 21 31 100 32 35 21 22 22 21
leaf_count=20 26336 20 28 22 29 20 20 21 31 100 32 35 21 22 22 21
internal_value=0.00088961 0.466346 -0.00192505 -0.00309217 -0.00170338 -0.00326647 -1.10811 -0.00159568 -0.00270232 -0.541951 -2.10239e-05 0.23083 0.383701 0.705852 -0.200831 0.22269
internal_weight=26800 161 26639 26611 26589 26560 40 26520 26499 131 26368 141 121 78 43 43
internal_count=26800 161 26639 26611 26589 26560 40 26520 26499 131 26368 141 121 78 43 43
is_linear=0
shrinkage=0.05


Tree=114
num_leaves=12
num_cat=0
split_feature=10 11 10 17 8 12 11 21 8 11 8
split_gain=14983.5 30131.5 25789.5 13728.5 57582.8 15656.8 25892.1 31020.5 14092 23146.5 22620
threshold=1412.5000000000002 1429.0000000000002 1341.5000000000002 1204.1666666666667 1258.5000000000002 1146.5000000000002 941.50000000000011 -0.11875550774365322 1136.5000000000002 1036.0000000000002 902.50000000000011
decision_type=2 2 2 2 2 2 2 2 2 2 2
left_child=1 2 3 4 5 8 -7 -8 10 -10 -1
right_child=-2 -3 -4 -5 -6 6 7 -9 9 -11 -12
leaf_value=-0.0050347511041635099 0.97891858528032327 1.6074597137490496 -1.5732709797720115 0.93541433152640252 -2.4974693909351959 1.9713852696035101 0.79996528633695463 -1.3034937387265533 -1.8231986059913776 0.38660329077481093 0.51707298201217089
leaf_weight=26278 39 29 26 39 23 26 58 25 27 21 209
leaf_count=26278 39 29 26 39 23 26 58 25 27 21 209
internal_value=0.000845405 -0.00058345 -0.00233412 -0.000798637 -0.00217152 -7.9432e-06 0.59774 0.165527 -0.00246579 -0.857513 -0.000912849
internal_weight=26800 26761 26732 26706 26667 26644 109 83 26535 48 26487
internal_count=26800 26761 26732 26706 26667 26644 109 83 26535 48 26487
is_linear=0
shrinkage=0.05


Tree=115
num_leaves=63
num_cat=0
split_feature=17 22 11 11 5 6 1 1 12 5 18 19 19 22 6 25 2 9 2 2 21 2 25 2 22 6 3 7 22 1 21 19 17 15 10 13 17 2 2 2 2 3 2 22 2 6 17 22 2 17 21 2 11 1 12 12 9 7 7 12 1 13
split_gain=23109.1 44947.8 26712.5 41420.3 34205.5 25240.2 65774.5 25646.3 28415.5 37019 20351.1 18167.1 13549.9 12345.2 20122.1 29518.9 35309 20146.7 19726.7 17951.2 17339.7 15398.2 31533.8 35145.7 40391.1 67420.5 63904 30736.9 27249.3 20005.3 17295.3 16439.9 15863.4 15630.1 30673.5 42453.3 75915.4 21710.3 32376.4 33455.4 25094.9 18452.3 65026.5 50362.6 22690.6 29489.5 33642.1 19094.8 17591.5 16293.9 16132.6 15392.1 32061.2 22518.4 28204.1 28092.9 20012.3 14706.4 14642.2 30717.6 23614.1 21104
threshold=992.66666666666686 1.0000000180025095e-35 1258.5000000000002 1429.0000000000002 -0.24999999999999994 -0.5 -16.119999999999997 -13.709999999999999 1006.0000000000001 0.68301270189221941 152.04141648386141 0.058175067506750618 -0.033265166051660515 5.5000000000000009 0.25000000000000017 11.500000000000002 2021.5000000000002 161.83500000000001 2013.5000000000002 2022.5000000000002 0.014146178768820296 2023.5000000000002 1.5000000000000002 2024.5000000000002 8.5000000000000018 -0.24999999999999994 3.5000000000000004 420.50000000000006 8.5000000000000018 -15.944999999999999 0.0770372061173248 -0.015367060149332755 401.70833333333343 248.35666666666671 260.31000000000006 204.17666666666668 251.00333333333336 2016.5000000000002 2018.5000000000002 2017.5000000000002 2020.5000000000002 10.500000000000002 2022.5000000000002 7.5000000000000009 2022.5000000000002 1.0000000180025095e-35 310.93041666666676 8.5000000000000018 2019.5000000000002 414.20833333333343 0.66667353951890052 2018.5000000000002 319.22000000000008 -16.494999999999994 853.00000000000011 1077.5000000000002 250.50000000000003 306.12500000000006 917.50000000000011 868.50000000000011 -15.854999999999999 450.16666666666669
decision_type=2 2 2 2 2 2 2 2 2 2 2 2 2 2 2 2 2 2 2 2 2 2 2 2 2 2 2 2 2 2 2 2 2 2 2 2 2 2 2 2 2 2 2 2 2 2 2 2 2 2 2 2 2 2 2 2 2 2 2 2 2 2
left_child=13 2 5 4 -4 6 -2 8 9 12 -3 -11 -7 14 15 58 17 -17 -16 -18 -19 33 27 24 26 31 30 32 -29 -28 -24 -26 -23 34 37 -36 -37 -15 39 -39 -40 44 47 -44 49 50 -47 48 -43 -35 -46 56 -53 54 -54 -55 -20 -22 59 61 -60 -1
right_child=1 10 3 -5 -6 7 -8 -9 -10 11 -12 -13 -14 21 18 16 19 20 51 -21 57 22 23 -25 25 -27 29 28 -30 -31 -32 -33 -34 41 35 36 -38 38 40 -41 -42 42 43 -45 45 46 -48 -49 -50 -51 -52 52 53 55 -56 -57 -58 -59 60 -61 -62 -63
leaf_value=-0.0096409970382713966 1.5505036799439238 -0.07314621748873347 0.16256158020996964 1.1439067967881369 -2.4062476146270626 -0.86534714910544841 -1.6856804003010908 2.676745099856936 2.3492537106435325 2.393947892828086 -2.0784943576498978 0.4335704636217943 0.70674707277328175 0.0024833338650787728 0.045259058688004283 1.5489592759124129 1.6115531870643864 -0.16133152753911953 -0.19845245833586553 0.55647890300546154 0.3739138383772509 1.0988768459749332 1.6768161486400761 -0.44892584897851046 1.6247659031698589 -1.0043068055231381 -0.11177762594961305 0.099032208016028425 1.9892994708065534 0.46591873722418964 0.68579443184573918 0.24940019465082963 2.7782021854726064 -0.031936966351066909 -0.98711520128340513 3.1611716553207359 -0.018276822305433548 0.29987081890884926 -0.46564749185076582 1.3711660442836937 0.52275412772375285 0.20384805521493018 1.7032930231006949 0.085078900072909691 -0.44244379082611829 1.5832220602583627 -0.096698701348303939 -0.44070905212599221 -0.29266020319233921 0.6277355540641727 -1.3953160606557979 0.053973410395027267 -0.53692601558899078 -0.28126845118396082 -2.2444066926350508 0.80818019069952107 -0.64680510520666923 -1.0161020148452833 -1.4960619025122541 1.1297163217439095 0.17963770172601778 -0.53337015655373143
leaf_weight=6628 34 28 28 38 24 36 29 26 29 29 23 20 22 1860 1586 23 49 441 1460 227 358 43 97 248 29 153 332 139 22 273 81 86 21 5961 21 37 38 196 154 116 110 806 109 86 470 33 299 199 229 95 49 1619 144 770 29 64 300 20 43 58 41 198
leaf_count=6628 34 28 28 38 24 36 29 26 29 29 23 20 22 1860 1586 23 49 441 1460 227 358 43 97 248 29 153 332 139 22 273 81 86 21 5961 21 37 38 196 154 116 110 806 109 86 470 33 299 199 229 95 49 1619 144 770 29 64 300 20 43 58 41 198
internal_value=0.00128197 0.395809 0.618801 -0.109098 -1.02529 0.909902 0.0604418 1.23998 0.963498 0.586029 -0.979914 1.59641 -0.268759 -0.00417856 -0.0362498 0.0151585 0.253646 0.0927295 -0.105856 0.744327 0.0516439 0.032204 0.181038 0.0863513 0.212694 -0.317028 0.394027 0.72739 0.358435 0.148928 1.22651 0.597385 1.65346 0.0113314 0.120128 0.996306 1.55231 0.0855569 0.35376 0.698501 -0.0537526 -0.0217152 0.141826 0.990054 -0.0555526 -0.297293 0.0706928 0.00771274 0.0939701 -0.0215777 -0.532668 -0.160501 -0.0838107 -0.305321 -0.824311 -0.197573 -0.274911 0.300106 -0.0231086 -0.0150965 -0.67886 -0.024841
internal_weight=26816 366 315 90 52 225 63 162 136 107 51 49 58 26450 14058 8086 1118 842 5972 276 819 12392 1524 1299 1051 268 783 225 161 605 178 115 64 10868 2532 96 75 2436 576 312 264 8336 1429 195 6907 851 332 1234 1035 6056 519 4386 2626 1007 173 834 1760 378 6968 6884 84 6826
internal_count=26816 366 315 90 52 225 63 162 136 107 51 49 58 26450 14058 8086 1118 842 5972 276 819 12392 1524 1299 1051 268 783 225 161 605 178 115 64 10868 2532 96 75 2436 576 312 264 8336 1429 195 6907 851 332 1234 1035 6056 519 4386 2626 1007 173 834 1760 378 6968 6884 84 6826
is_linear=0
shrinkage=0.05


Tree=116
num_leaves=63
num_cat=0
split_feature=17 22 11 11 3 21 25 21 13 3 11 3 3 22 6 25 2 0 3 12 7 2 13 22 22 15 14 22 14 11 21 10 2 11 1 8 14 14 2 25 2 22 6 3 7 22 13 1 23 21 15 10 13 12 2 0 6 3 2 22 2 14
split_gain=20862.2 40582.6 24119.4 37394.9 24481.2 23147.3 52124.5 51452.8 47872.3 28656.7 14976.1 11424.1 11256.5 11143.7 18161.4 26643.6 31870 19948.3 34547 47151.2 31317.9 17804.1 17189.4 16566.2 18469.8 26430.8 17151.3 16035 32589.4 25164.3 15206.8 14369.3 15597.7 24540.3 22508.4 16743.8 15429.4 14161.7 13901.7 28470.8 31721.7 36453 60856.4 57680.6 28024.3 23105.7 18444.9 18323.4 16014.1 15610.3 14107.6 27689.4 38328.3 68755.1 19595.4 43812.9 22294.3 16653.9 58692.6 45456.4 20478.7 30002
threshold=992.66666666666686 1.0000000180025095e-35 1258.5000000000002 1429.0000000000002 6.5000000000000009 0.26798692810457519 6.5000000000000009 0.052565789473684184 1269.3333333333337 6.5000000000000009 1155.0000000000002 10.500000000000002 5.5000000000000009 5.5000000000000009 0.25000000000000017 11.500000000000002 2021.5000000000002 14.255000000000001 7.5000000000000009 827.50000000000011 489.00000000000006 2013.5000000000002 165.02833333333334 1.0000000180025095e-35 4.5000000000000009 350.08333333333343 25.413249232614945 4.5000000000000009 50.212880153734524 315.50000000000006 0.0095333333333332843 1039.5000000000002 2018.5000000000002 319.22000000000008 -16.494999999999994 250.50000000000003 20.973307639314417 12.767961205037164 2023.5000000000002 1.5000000000000002 2024.5000000000002 8.5000000000000018 -0.24999999999999994 3.5000000000000004 411.00000000000006 8.5000000000000018 382.41666666666669 -15.014999999999999 23.500000000000004 0.0770372061173248 248.35666666666671 260.31000000000006 204.17666666666668 208.16500000000005 2016.5000000000002 12.705000000000002 0.6830127018922193 10.500000000000002 2022.5000000000002 7.5000000000000009 2022.5000000000002 44.35241130720069
decision_type=2 2 2 2 2 2 2 2 2 2 2 2 2 2 2 2 2 2 2 2 2 2 2 2 2 2 2 2 2 2 2 2 2 2 2 2 2 2 2 2 2 2 2 2 2 2 2 2 2 2 2 2 2 2 2 2 2 2 2 2 2 2
left_child=13 2 5 4 -4 7 -7 9 -8 10 -2 -11 -3 14 15 17 22 18 19 20 -1 -16 -17 -18 26 -26 -25 -19 29 -29 -24 32 35 36 -35 -23 -34 -32 50 44 41 43 48 49 46 -46 -40 -45 -43 -41 51 54 -53 -54 -15 -56 -57 60 -59 -60 -52 -62
right_child=1 12 3 -5 -6 6 8 -9 -10 11 -12 -13 -14 38 21 16 23 27 -20 -21 -22 31 30 24 25 -27 -28 28 -30 -31 37 -33 33 34 -36 -37 -38 -39 39 40 -42 42 -44 47 45 -47 -48 -49 -50 -51 57 52 53 -55 55 56 -58 58 59 -61 61 -63
leaf_value=0.01450192878422981 2.0826445506939426 -1.6574876160457217 -2.2879837980767563 1.0868615293283788 -0.079621131627122699 2.1049770351988157 0.72270374654239633 2.8874963621001299 -2.4635532024102815 -0.82515560012461953 0.46413211213561878 0.55930051463248143 -0.17193336676791371 0.0023591747383884124 0.042996248834179927 1.5327401028343692 1.989527876552565 -0.033556652879318756 -0.36999805840861072 2.404072882286945 -0.87478393434791135 -0.19179238821023939 -0.15155321251367343 0.64746027618213542 2.5134144065023842 0.60566795262602624 -0.42048952387427274 0.20611444987003158 2.1730756763202037 -0.51143837937123793 0.53564665850395266 -1.454209396963436 -0.060508364721993807 -0.7883496291300327 -0.15602713855496242 -0.60410100265189992 0.26438724874709224 -0.074588804867738348 0.96419925869771717 1.5930616898099625 -0.426488605153652 -0.081833809093641921 -0.95412425816857227 -0.050450426381739279 0.15836264911361492 1.8902845919941347 2.8907381109930395 0.53586644970166419 1.102999264797677 0.65154698386457655 -0.020498295698578441 -0.93799335094989744 3.6758367686845457 0.43389454740199851 -1.9003378077140916 0.59451987612264212 -0.1576305453545595 0.0073245544707181186 1.618206431360883 0.080829893286219881 -0.36050046300879357 0.84596964280964448
leaf_weight=2022 38 26 21 38 31 22 24 35 23 27 23 33 25 1860 1586 20 23 2241 938 20 104 1464 432 110 26 60 57 1490 20 133 226 21 1062 170 816 296 557 164 33 97 248 52 153 407 150 22 20 198 63 81 6056 21 24 51 21 427 128 1234 109 86 796 55
leaf_count=2022 38 26 21 38 31 22 24 35 23 27 23 33 25 1860 1586 20 23 2241 938 20 104 1464 432 110 26 60 57 1490 20 133 226 21 1062 170 816 296 557 164 33 97 248 52 153 407 150 22 20 198 63 81 6056 21 24 51 21 427 128 1234 109 86 796 55
internal_value=0.0012213 0.376078 0.587967 -0.103699 -0.974236 0.864578 0.101723 1.20168 -0.838342 0.712026 1.47423 -0.0639579 -0.931134 -0.00396698 -0.0344376 0.014402 0.240977 -0.0219537 -0.116893 -0.00624798 -0.029037 -0.100566 0.0880972 0.707151 0.589811 1.18474 0.282887 0.0534303 0.172076 0.147282 0.0527594 -0.152479 -0.146182 -0.068486 -0.265122 -0.261168 0.0512749 0.279069 0.0305998 0.172016 0.082046 0.202077 -0.301159 0.374344 0.691157 0.380886 1.69536 0.141484 0.5676 1.16525 0.0107673 0.114129 0.946597 1.4749 0.0812828 0.336087 0.421045 -0.0206285 0.134739 0.940599 -0.0527749 -0.28243
internal_weight=26816 366 315 90 52 225 69 156 47 121 61 60 51 26450 14058 8086 1118 6968 3084 2146 2126 5972 842 276 253 86 167 3884 1643 1623 822 4386 4365 2605 986 1760 1619 390 12392 1524 1299 1051 268 783 225 172 53 605 115 178 10868 2532 96 75 2436 576 555 8336 1429 195 6907 851
internal_count=26816 366 315 90 52 225 69 156 47 121 61 60 51 26450 14058 8086 1118 6968 3084 2146 2126 5972 842 276 253 86 167 3884 1643 1623 822 4386 4365 2605 986 1760 1619 390 12392 1524 1299 1051 268 783 225 172 53 605 115 178 10868 2532 96 75 2436 576 555 8336 1429 195 6907 851
is_linear=0
shrinkage=0.05


Tree=117
num_leaves=30
num_cat=0
split_feature=17 16 2 17 25 23 3 11 14 16 19 21 6 1 9 25 18 9 23 25 15 0 0 9 9 3 16 18 1
split_gain=18831.2 32811.5 31598.1 44627.1 40419.7 77200.2 61887.3 59749 47176.2 32283.1 30225.3 28714.4 22920.1 27982.6 20351.5 13855.7 11043 22595.3 45109.3 21249 22655.6 20493.2 23259.5 12782.1 10797.7 22621.2 10161.6 8702.92 7489.66
threshold=992.66666666666686 204.66539798792584 2023.5000000000002 1204.1666666666667 9.5000000000000018 34.500000000000007 6.5000000000000009 1005.0000000000001 86.602540378443891 81.487707701097023 -0.043676105315449569 -0.25000468744140697 -0.5 -15.264999999999999 1072.5000000000002 11.500000000000002 179.80921828599855 854.00000000000011 14.500000000000002 6.5000000000000009 912.75000000000011 14.890000000000002 14.555000000000001 953.25000000000011 803.00000000000011 7.5000000000000009 164.7460491910322 152.04141648386141 -15.579999999999998
decision_type=2 2 2 2 2 2 2 2 2 2 2 2 2 2 2 2 2 2 2 2 2 2 2 2 2 2 2 2 2
left_child=1 14 4 11 5 6 -2 -7 -6 -8 -5 -4 -13 15 16 -14 17 24 -19 23 -21 22 28 -20 26 -26 27 -1 -18
right_child=2 -3 3 10 8 7 9 -9 -10 -11 -12 12 13 -15 -16 -17 21 18 19 20 -22 -23 -24 -25 25 -27 -28 -29 -30
leaf_value=-0.0028431461435746755 2.6593696853419617 -1.626872480720569 1.7615644201487797 0.26200537930673629 0.81646671650977665 1.038519049481758 -1.8442116665175234 4.6935795706832062 -2.2059632365383317 0.6234604090982484 -2.1719445032951161 -1.3441055194965537 -1.2423845662250779 1.622993426109073 1.481594894665144 0.40644143437873881 -0.36396341276406052 1.0805905780403275 -1.9516994735557738 0.75383714859428275 -1.4288839354443905 -0.75756291113288154 2.3700160695478245 -0.73755659631543891 1.891745932226057 -0.14779735173343531 1.0234664152272015 -0.97377653496089944 0.943431016617296
leaf_weight=26035 21 31 30 20 36 21 25 24 20 28 35 24 22 30 23 30 20 33 51 29 20 22 21 38 23 33 24 23 24
leaf_count=26035 21 31 30 20 36 21 25 24 20 28 35 24 22 30 23 30 20 33 51 29 20 22 21 38 23 33 24 23 24
internal_value=0.00116436 -0.00376489 0.357308 -0.0873862 0.84246 1.36339 0.368991 2.99408 -0.264891 -0.541723 -1.28791 0.398673 0.0116055 0.409614 -0.001854 -0.292089 -0.0031524 -0.00501337 -0.577727 -0.974813 -0.138063 0.558912 1.00504 -1.43477 -0.00126417 0.691662 -0.00275477 -0.00370406 0.34957
internal_weight=26816 26450 366 191 175 119 74 45 56 53 55 136 106 82 26419 52 26396 26309 171 138 49 87 65 89 26138 56 26082 26058 44
internal_count=26816 26450 366 191 175 119 74 45 56 53 55 136 106 82 26419 52 26396 26309 171 138 49 87 65 89 26138 56 26082 26058 44
is_linear=0
shrinkage=0.05


Tree=118
num_leaves=37
num_cat=0
split_feature=17 22 16 11 16 5 5 19 19 1 14 18 9 13 22 6 1 11 9 10 1 25 13 20 16 20 11 21 12 7 25 12 14 9 20 11
split_gain=17002.2 36093.1 29622.4 20812.2 38209.4 22585.4 22204.4 39658.4 28528.2 30485.5 26508.6 18411.3 18375.6 16001.4 10571 16477.4 20600.3 32883.6 20320 16736.2 21656 15183.3 49581.1 14353.3 14000.1 28638.5 15358.5 13076 32844.1 14014.1 10023.2 16499.6 9841.82 8646.6 8515.07 6533.2
threshold=992.66666666666686 1.0000000180025095e-35 204.66539798792584 1258.5000000000002 77.459666924148308 -0.24999999999999994 -0.6830127018922193 -0.015367060149332755 -0.10000899982000354 -14.079999999999998 107.65630945640935 152.04141648386141 1072.5000000000002 1200.1666666666667 5.5000000000000009 0.6830127018922193 -16.224999999999998 1105.5000000000002 854.00000000000011 868.50000000000011 -16.429999999999996 11.500000000000002 588.77833333333342 0.92200357781753139 86.038387271123113 -0.27495551601423485 257.75000000000006 -0.083327380952380944 375.83500000000009 358.16500000000002 10.500000000000002 273.39500000000004 25.980762113533149 779.00000000000011 -0.1070598006644518 333.16500000000002
decision_type=2 2 2 2 2 2 2 2 2 2 2 2 2 2 2 2 2 2 2 2 2 2 2 2 2 2 2 2 2 2 2 2 2 2 2 2
left_child=2 3 12 6 -5 -6 7 -2 -8 10 13 -3 14 -10 15 16 19 18 -18 33 -21 24 35 27 26 -26 -17 28 29 -16 34 -32 -30 -1 -29 -23
right_child=1 11 -4 4 5 -7 8 -9 9 -11 -12 -13 -14 -15 23 21 17 -19 -20 20 -22 22 -24 -25 25 -27 -28 30 32 -31 31 -33 -34 -35 -36 -37
leaf_value=0.05800701751837381 -1.8522881700031792 -0.030925243180841736 -1.5457904164814105 1.6012048689656238 0.12018886500778621 -1.7352610607083852 2.4630862437213379 1.015908135023228 1.078682380907247 -0.94077607495752391 -0.53870235050176551 -1.9381674371240458 1.4078358125893067 2.6024288965835831 0.067206588972940018 -0.045674957246046068 -0.06254350806851279 1.8173889244789685 -0.93144189656743581 2.1540423311259409 0.024878875323182323 -0.19604542500010388 -2.8191221125683383 1.3657090204865183 -0.79542736686078686 0.74319977789366776 -0.31642201533863623 0.22064762779484265 1.1839354421779371 0.88375903874800954 -0.25437982586641722 0.020470407412059802 0.26841810825529339 0.6472705853863866 0.018027590127804263 -0.69830593113404704
leaf_weight=4660 20 28 31 24 36 30 30 30 80 22 21 23 23 22 1832 2174 5643 23 68 22 26 380 20 20 40 123 690 557 93 54 893 1405 43 63 7489 78
leaf_count=4660 20 28 31 24 36 30 30 30 80 22 21 23 23 22 1832 2174 5643 23 68 22 26 380 20 20 40 123 690 557 93 54 893 1405 43 63 7489 78
internal_value=0.00110738 0.339514 -0.00357637 0.539342 -0.103147 -0.724471 0.796291 -0.132678 1.06166 0.770182 1.07676 -0.893262 -0.0017607 1.40961 -0.00299446 -0.0327458 -0.00142348 -0.0652916 -0.0729064 0.0753348 1.0033 -0.126619 -0.388473 0.0306573 -0.085256 0.365336 -0.110914 0.0284866 0.144775 0.0906344 0.00575348 -0.0863403 0.894917 0.0658818 0.0320575 -0.281728
internal_weight=26816 366 26450 315 90 66 225 50 175 145 123 51 26419 102 26396 14010 10505 5734 5711 4771 48 3505 478 12386 3027 163 2864 12366 2022 1886 10344 2298 136 4723 8046 458
internal_count=26816 366 26450 315 90 66 225 50 175 145 123 51 26419 102 26396 14010 10505 5734 5711 4771 48 3505 478 12386 3027 163 2864 12366 2022 1886 10344 2298 136 4723 8046 458
is_linear=0
shrinkage=0.05


end of trees

feature_importances:
year=820
commodity_id_enc=422
lag_24=403
roll12_mean=391
latitude=357
lag_1=351
month=313
longitude=304
yoy=299
roll12_std=293
lag_12=265
month_sin=253
lag_6=240
region_id_enc=238
roll3_mean=224
roll6_mean=220
market_id_enc=207
roll6_std=202
mom_3=189
month_cos=178
roll3_std=173
lag_3=160
lag_2=132
mom_1=116
quarter=55
category_id_enc=6

parameters:
[boosting: gbdt]
[objective: regression]
[metric: rmse]
[tree_learner: serial]
[device_type: cpu]
[data_sample_strategy: bagging]
[data: ]
[valid: ]
[num_iterations: 1000]
[learning_rate: 0.05]
[num_leaves: 63]
[num_threads: 0]
[seed: 42]
[deterministic: 0]
[force_col_wise: 0]
[force_row_wise: 0]
[histogram_pool_size: -1]
[max_depth: 8]
[min_data_in_leaf: 20]
[min_sum_hessian_in_leaf: 0.001]
[bagging_fraction: 0.8]
[pos_bagging_fraction: 1]
[neg_bagging_fraction: 1]
[bagging_freq: 5]
[bagging_seed: 400]
[bagging_by_query: 0]
[feature_fraction: 0.8]
[feature_fraction_bynode: 1]
[feature_fraction_seed: 30056]
[extra_trees: 0]
[extra_seed: 12879]
[early_stopping_round: 0]
[early_stopping_min_delta: 0]
[first_metric_only: 0]
[max_delta_step: 0]
[lambda_l1: 0.1]
[lambda_l2: 0.1]
[linear_lambda: 0]
[min_gain_to_split: 0]
[drop_rate: 0.1]
[max_drop: 50]
[skip_drop: 0.5]
[xgboost_dart_mode: 0]
[uniform_drop: 0]
[drop_seed: 17869]
[top_rate: 0.2]
[other_rate: 0.1]
[min_data_per_group: 100]
[max_cat_threshold: 32]
[cat_l2: 10]
[cat_smooth: 10]
[max_cat_to_onehot: 4]
[top_k: 20]
[monotone_constraints: ]
[monotone_constraints_method: basic]
[monotone_penalty: 0]
[feature_contri: ]
[forcedsplits_filename: ]
[refit_decay_rate: 0.9]
[cegb_tradeoff: 1]
[cegb_penalty_split: 0]
[cegb_penalty_feature_lazy: ]
[cegb_penalty_feature_coupled: ]
[path_smooth: 0]
[interaction_constraints: ]
[verbosity: -1]
[saved_feature_importance_type: 0]
[use_quantized_grad: 0]
[num_grad_quant_bins: 4]
[quant_train_renew_leaf: 0]
[stochastic_rounding: 1]
[linear_tree: 0]
[max_bin: 255]
[max_bin_by_feature: ]
[min_data_in_bin: 3]
[bin_construct_sample_cnt: 200000]
[data_random_seed: 175]
[is_enable_sparse: 1]
[enable_bundle: 1]
[use_missing: 1]
[zero_as_missing: 0]
[feature_pre_filter: 1]
[pre_partition: 0]
[two_round: 0]
[header: 0]
[label_column: ]
[weight_column: ]
[group_column: ]
[ignore_column: ]
[categorical_feature: ]
[forcedbins_filename: ]
[precise_float_parser: 0]
[parser_config_file: ]
[objective_seed: 16083]
[num_class: 1]
[is_unbalance: 0]
[scale_pos_weight: 1]
[sigmoid: 1]
[boost_from_average: 1]
[reg_sqrt: 0]
[alpha: 0.9]
[fair_c: 1]
[poisson_max_delta_step: 0.7]
[tweedie_variance_power: 1.5]
[lambdarank_truncation_level: 30]
[lambdarank_norm: 1]
[label_gain: ]
[lambdarank_position_bias_regularization: 0]
[eval_at: ]
[multi_error_top_k: 1]
[auc_mu_weights: ]
[num_machines: 1]
[local_listen_port: 12400]
[time_out: 120]
[machine_list_filename: ]
[machines: ]
[gpu_platform_id: -1]
[gpu_device_id: -1]
[gpu_use_dp: 0]
[num_gpu: 1]

end of parameters

pandas_categorical:[]
