tree
version=v4
num_class=1
num_tree_per_iteration=1
label_index=0
max_feature_idx=25
objective=regression
feature_names=latitude longitude year month quarter month_sin month_cos lag_1 lag_2 lag_3 lag_6 lag_12 lag_24 roll3_mean roll3_std roll6_mean roll6_std roll12_mean roll12_std mom_1 mom_3 yoy commodity_id_enc market_id_enc category_id_enc region_id_enc
feature_infos=[12.48:16.52] [-17.460000000000001:-11.949999999999999] [2002:2025] [1:12] [1:4] [-1:1] [-1:1] [100:1800] [100:1800] [100:1800] [90:1800] [90:1816.5] [90:1816.5] [107.5:1791.6666666666667] [0:433.01270189221958] [114.58333333333333:1700] [0:321.91717361250943] [122.60916666666667:1566.6666666666667] [0:480.29484907237401] [-0.79761904761904767:4.25] [-0.85119047619047616:4.0909090909090908] [-0.76190476190476186:3.8170661773139125] [0:10] [0:55] [0:1] [0:13]
tree_sizes=5279 5307 5337 5342 5365 5327 5389 5332 5337 5315 5311 5325 5303 5334 5334 5322 5335 5322 5324 5315 5330 5302 5355 5331 5362 5334 5349 5316 5344 5285 5346 5336

Tree=0
num_leaves=63
num_cat=0
split_feature=17 2 22 17 7 15 15 22 15 15 12 7 2 18 15 15 10 2 15 15 17 2 11 12 11 7 4 21 2 12 15 7 2 6 12 15 2 10 8 1 16 20 22 12 16 15 2 11 12 25 2 2 2 21 20 14 2 4 12 22 5 1
split_gain=3.70452e+08 7.5604e+07 2.48782e+07 2.1697e+07 1.21456e+07 7.39776e+06 3.8471e+06 3.79853e+06 2.19253e+06 1.61819e+06 1.55739e+06 1.24795e+06 1.36199e+06 1.10909e+06 1.53192e+06 979232 940430 917274 887859 862943 819156 722931 704331 651064 633899 510997 485006 449694 441727 429349 414382 381299 327433 324570 314131 430591 301971 299395 298843 296296 246749 228953 228423 215780 212740 218240 209140 209079 203346 197189 188946 202089 187594 184516 198187 184184 178466 157766 156960 153094 148891 146977
threshold=522.95833333333337 2020.5000000000002 1.5000000000000002 246.7154166666667 433.50000000000006 1012.3333333333334 205.02083333333334 5.5000000000000009 293.85083333333336 466.75000000000006 753.00000000000011 350.50000000000006 2022.5000000000002 108.03824562111076 814.75000000000011 349.35416666666669 1136.5000000000002 2023.5000000000002 347.08333333333343 183.47250000000003 413.97916666666674 2024.5000000000002 806.50000000000011 322.55000000000007 256.46000000000009 258.16500000000002 1.5000000000000002 0.77778888888888897 2024.5000000000002 590.83500000000015 230.91000000000003 269.50000000000006 2010.5000000000002 0.25000000000000017 265.50000000000006 332.08333333333343 2022.5000000000002 854.00000000000011 1105.5000000000002 -14.424999999999999 164.06888495525376 0.035564185544768152 6.5000000000000009 590.83500000000015 39.044708535198509 400.08333333333343 2021.5000000000002 784.35500000000013 230.16500000000005 8.5000000000000018 2010.5000000000002 2011.5000000000002 2023.5000000000002 0.13506373267748187 0.16665833333333338 63.077660759896766 2010.5000000000002 1.5000000000000002 248.87500000000003 6.5000000000000009 0.25000000000000011 -16.429999999999996
decision_type=2 2 2 2 2 2 2 2 2 2 2 2 2 2 2 2 2 2 2 2 2 2 2 2 2 2 2 2 2 2 2 2 2 2 2 2 2 2 2 2 2 2 2 2 2 2 2 2 2 2 2 2 2 2 2 2 2 2 2 2 2 2
left_child=1 3 5 6 7 13 19 11 25 59 16 12 24 21 33 31 22 40 52 32 34 41 -7 60 26 -5 -3 -18 -17 42 56 -14 -1 53 -10 -36 -16 39 -24 -38 -12 -2 -4 -39 45 -13 -26 -23 -20 -19 -21 -52 57 54 -15 -43 -8 -9 -46 -6 61 -11
right_child=2 4 29 8 9 10 30 18 20 23 17 44 15 14 36 28 27 49 48 50 -22 47 38 -25 46 -27 -28 -29 -30 -31 -32 -33 -34 -35 35 -37 37 43 -40 -41 -42 55 -44 -45 58 -47 -48 -49 -50 -51 51 -53 -54 -55 -56 -57 -58 -59 -60 -61 -62 -63
leaf_value=297.06592385418702 330.60158628676913 303.31473239483933 312.28016732753878 301.73722306899589 309.37816940964154 341.2228420759003 299.28451901656456 305.81447778650448 303.23363674588904 306.672489476473 345.63735762893742 305.20365450846379 301.22278359485432 325.28553265384073 338.34224506097496 305.03106718492279 338.58828162969337 337.32618361943759 306.25045517425309 298.46232340467685 309.62175613337467 334.55783669258881 325.45878629944906 314.74630074951205 307.14826064786928 302.82990116243889 306.06611995076975 346.67880447246409 309.87189286892914 324.39060448126725 301.06553150327767 303.34976133067124 298.3328501208909 329.00960570876339 304.18982071107132 306.4833291234886 327.08049050713601 330.01709903681041 333.35189072209715 334.26684371542626 353.66359560942169 331.4724192328402 317.65281212512991 334.23553078897453 306.69222607100221 307.90211870727012 310.2757724677295 339.93654646843578 308.69951171921491 343.40637450223653 300.54034785822739 299.25355155347773 304.6109063528159 329.02239446198018 320.3940686179177 338.92246894157194 300.33315762493282 307.21774759699048 308.83171267158093 310.91123417163669 312.75632715676085 311.02103732973978
leaf_weight=719 115 233 22 1534 362 20 478 270 690 30 23 235 293 61 20 295 73 27 91 585 70 39 23 413 176 3539 512 26 56 23 2222 750 1782 66 1580 235 59 51 30 21 29 20 263 111 163 110 77 50 1291 46 372 1736 102 20 35 20 2744 781 182 301 61 56
leaf_count=719 115 233 22 1534 362 20 478 270 690 30 23 235 293 61 20 295 73 27 91 585 70 39 23 413 176 3539 512 26 56 23 2222 750 1782 66 1580 235 59 51 30 21 29 20 263 111 163 110 77 50 1291 46 372 1736 102 20 35 20 2744 781 182 301 61 56
internal_value=304.092 302.749 330.191 301.071 307.233 334.069 299.611 306.25 303.103 311.748 340.676 305.071 304.53 331.212 329.701 303.521 337.525 344.982 307.684 298.637 304.291 333.952 333.102 313.728 305.94 302.499 305.206 340.754 305.805 317.781 300.54 302.752 297.968 326.142 304.142 304.487 332.163 331.639 329.973 329.002 350.2 331.827 317.241 332.924 306.944 306.065 308.102 337.616 308.538 341.206 299.259 299.48 306.659 324.49 323.521 335.275 300.177 306.857 307.822 310.075 310.861 309.509
internal_weight=26419 25126 1293 18286 6840 985 10638 5617 7648 1223 297 3082 2392 688 444 1394 172 125 2535 5194 2575 244 73 560 998 5073 745 99 351 308 5444 1043 2501 182 2505 1815 262 242 53 80 52 155 285 162 690 345 253 89 1382 73 2693 2108 1153 116 96 40 3222 1051 345 663 147 86
internal_count=26419 25126 1293 18286 6840 985 10638 5617 7648 1223 297 3082 2392 688 444 1394 172 125 2535 5194 2575 244 73 560 998 5073 745 99 351 308 5444 1043 2501 182 2505 1815 262 242 53 80 52 155 285 162 690 345 253 89 1382 73 2693 2108 1153 116 96 40 3222 1051 345 663 147 86
is_linear=0
shrinkage=1


Tree=1
num_leaves=63
num_cat=0
split_feature=17 13 22 15 13 15 7 15 15 15 0 3 8 21 22 15 18 0 23 22 13 7 22 16 13 11 20 5 0 7 22 23 13 8 22 15 17 7 17 22 7 25 16 18 20 5 3 21 22 11 22 6 17 1 22 16 17 22 25 0 17 16
split_gain=3.34407e+08 6.63814e+07 2.24611e+07 1.38556e+07 1.28647e+07 6.68054e+06 3.27931e+06 2.65947e+06 2.44082e+06 1.75197e+06 1.14557e+06 1.06168e+06 991911 958944 804568 775373 780876 674511 885189 572070 517525 360137 303315 301628 272538 264053 314881 259549 397947 236766 236173 233954 222768 208370 204026 190904 185676 171873 158904 151935 151413 151298 151261 136218 131314 131188 126794 116355 112880 117440 110068 107265 106805 104308 100379 95960.9 95542.4 102689 95122.5 93393.3 92550.5 92019.7
threshold=522.95833333333337 297.95833333333343 1.5000000000000002 216.25833333333335 408.50000000000006 1012.3333333333334 344.50000000000006 253.92333333333337 466.75000000000006 186.28500000000005 16.005000000000003 2.5000000000000004 677.50000000000011 0.42674880763116069 6.5000000000000009 814.75000000000011 108.03824562111076 13.845000000000001 25.500000000000004 5.5000000000000009 346.05500000000001 249.50000000000003 8.5000000000000018 50.202921451961871 446.16666666666669 706.25000000000011 0.16665833333333338 -0.6830127018922193 12.870000000000003 280.50000000000006 2.5000000000000004 30.500000000000004 208.02666666666667 927.50000000000011 5.5000000000000009 168.67333333333335 251.09375000000003 310.31000000000006 346.93750000000006 4.5000000000000009 323.16500000000002 4.5000000000000009 77.419194618167282 108.03824562111076 -0.062505859301758768 -0.5 5.5000000000000009 0.48991894630192506 5.5000000000000009 308.43000000000001 6.5000000000000009 -0.5 899.54375000000016 -14.079999999999998 8.5000000000000018 38.577627358181864 277.12166666666673 8.5000000000000018 12.500000000000002 14.805000000000001 222.82291666666671 37.475769907618236
decision_type=2 2 2 2 2 2 2 2 2 2 2 2 2 2 2 2 2 2 2 2 2 2 2 2 2 2 2 2 2 2 2 2 2 2 2 2 2 2 2 2 2 2 2 2 2 2 2 2 2 2 2 2 2 2 2 2 2 2 2 2 2 2
left_child=1 3 5 9 6 11 30 21 24 35 13 12 -2 17 46 16 31 -7 -19 23 -21 34 -16 41 -6 -18 -27 28 -17 36 -3 -13 -11 51 -5 -1 -9 56 -22 -4 -23 55 -15 -14 -20 -34 -10 -40 53 -50 61 -29 -35 -39 -52 -8 -32 -58 -43 -24 -36 -26
right_child=2 4 39 7 8 10 19 29 14 32 -12 15 43 42 22 27 25 18 44 20 38 40 59 -25 50 26 -28 33 -30 -31 37 -33 45 52 60 -37 -38 48 47 -41 -42 58 -44 -45 -46 -47 -48 -49 49 -51 54 -53 -54 -55 -56 -57 57 -59 -60 -61 -62 -63
leaf_value=-6.1554387846379477 23.035189791491433 4.577610719361263 16.903796165118077 -3.2201828184860997 4.3822268405867835 35.557967906115742 -0.25872234955453066 -2.4134994785194857 7.3230921395669313 -4.3468122034565102 44.025213956679565 23.987701018230496 33.97374805563512 34.944208688063249 10.522825510480011 30.529485655909749 25.112206095053381 23.066270040916972 34.76480630157549 1.5882523465179039 3.0733332064015482 -2.2011032368122398 8.1816267505457674 3.2054416815999143 4.2586851371765908 21.126249310102011 15.639058921052882 23.62905620458714 22.821480901550906 -0.50735084498892247 -1.0763863398964086 29.59766204918521 -4.1596244557509436 32.937732186851655 -3.1626400871098919 -5.3248133800084645 -1.1522304195236461 -0.16949747837886911 4.3659782097708968 12.677021189988057 1.3140074657090608 1.5965688293152884 40.724774282459585 29.539371966500568 30.113026573014089 -3.154517835889429 4.3782949135032503 1.1893560219444705 0.79055826678367247 2.0841897961978204 7.9053326811175344 27.209302219819094 28.192463217381544 2.0076378738285015 5.6060970588651635 2.5165961626083706 0.10750026677860403 1.2710607865293237 4.7815173316286854 4.3935671692210923 -1.9693119566527799 6.188111356342719
leaf_weight=1298 41 34 24 2323 792 77 194 319 64 2623 31 49 64 24 360 22 25 39 39 318 439 2225 79 269 124 82 41 36 90 1451 151 36 543 24 225 1503 3425 328 801 284 31 363 46 35 41 815 87 30 512 267 103 97 46 66 91 37 1864 211 25 21 589 126
leaf_count=1298 41 34 24 2323 792 77 194 319 64 2623 31 49 64 24 360 22 25 39 39 318 439 2225 79 269 124 82 41 36 90 1451 151 36 543 24 225 1503 3425 328 801 284 31 363 46 35 41 815 87 30 512 267 103 97 46 66 91 37 1864 211 25 21 589 126
internal_value=0.00619444 -1.26996 24.8029 -2.98727 2.57605 28.4882 1.43751 -1.85704 6.21823 -4.75171 34.7665 25.7733 29.7024 33.6714 8.80367 24.7643 22.539 31.8224 29.3774 2.82444 3.39281 -2.63478 9.84384 1.80776 4.93954 20.3076 19.3114 26.4026 24.3615 -1.04962 0.437158 26.3957 -4.07738 27.5161 -2.98137 -5.70994 -1.25976 0.395606 3.8445 13.0118 -2.15274 1.19994 38.7956 32.4375 32.4214 -3.55669 5.63047 4.25146 0.885372 1.23416 5.93243 26.2587 29.8641 0.195605 6.83029 0.186684 0.137492 0.225877 1.80298 7.39137 -2.29952 5.23322
internal_weight=26419 25126 1293 17370 7756 985 5909 10588 1847 6782 297 688 140 266 611 548 233 196 119 2476 1588 5393 460 888 1236 148 123 315 112 5195 3433 85 3981 203 3137 2801 3744 3399 1270 308 2256 619 70 99 80 1358 151 831 1173 779 444 133 70 394 194 231 2226 2075 388 100 814 250
internal_count=26419 25126 1293 17370 7756 985 5909 10588 1847 6782 297 688 140 266 611 548 233 196 119 2476 1588 5393 460 888 1236 148 123 315 112 5195 3433 85 3981 203 3137 2801 3744 3399 1270 308 2256 619 70 99 80 1358 151 831 1173 779 444 133 70 394 194 231 2226 2075 388 100 814 250
is_linear=0
shrinkage=0.05


Tree=2
num_leaves=63
num_cat=0
split_feature=17 13 22 15 13 15 13 13 13 12 15 12 3 8 11 9 17 12 3 9 7 17 0 12 12 3 12 15 22 22 7 17 16 22 20 7 25 0 21 12 12 11 7 12 7 22 7 0 7 21 9 15 15 1 16 1 7 12 16 20 0 7
split_gain=3.01863e+08 5.99108e+07 2.02784e+07 1.25202e+07 1.16327e+07 6.0312e+06 3.7507e+06 2.79138e+06 1.48641e+06 1.33281e+06 1.26404e+06 1.03981e+06 958379 895271 780369 703595 591446 434830 427126 521654 446002 426363 403634 399136 375005 360531 359452 299498 282220 256220 231127 229981 223693 214453 210913 207248 200032 198906 289307 193646 169422 166871 158393 160676 148277 142908 141831 135941 131627 130123 189666 129575 127318 116148 109224 108387 107789 101435 99114.3 97461.7 93328.7 92563.4
threshold=522.95833333333337 297.95833333333343 1.5000000000000002 211.59750000000003 425.08333333333343 1012.3333333333334 346.05500000000001 249.62500000000003 492.83333333333343 753.00000000000011 183.47250000000003 266.83500000000009 2.5000000000000004 677.50000000000011 806.50000000000011 902.50000000000011 1121.0416666666667 355.50000000000006 10.500000000000002 702.00000000000011 652.00000000000011 260.09708333333339 16.005000000000003 281.34000000000009 590.83500000000015 3.5000000000000004 293.54000000000002 322.94416666666672 6.5000000000000009 5.5000000000000009 312.75000000000006 450.12500000000006 43.779751788546072 6.5000000000000009 0.061925832279814637 1136.5000000000002 7.5000000000000009 13.280000000000003 0.65266666666666673 179.58500000000001 374.37500000000006 278.87500000000006 360.50000000000006 247.64000000000001 280.50000000000006 6.5000000000000009 349.50000000000006 12.835000000000003 169.08500000000001 0.39673809523809528 1196.5000000000002 230.91000000000003 397.25000000000006 -16.854999999999997 97.990220023886977 -13.709999999999999 349.50000000000006 307.25000000000006 37.475769907618236 0.20000960015360239 12.870000000000003 189.39500000000001
decision_type=2 2 2 2 2 2 2 2 2 2 2 2 2 2 2 2 2 2 2 2 2 2 2 2 2 2 2 2 2 2 2 2 2 2 2 2 2 2 2 2 2 2 2 2 2 2 2 2 2 2 2 2 2 2 2 2 2 2 2 2 2 2
left_child=1 3 5 10 6 12 26 29 23 14 48 32 13 -2 -7 18 36 -10 19 59 -20 30 49 53 33 -21 42 -28 58 51 -9 -30 56 -4 -22 -18 -16 -17 -39 -12 45 -31 43 -3 -23 57 -34 -48 55 50 -11 -5 -42 -6 -15 -1 -8 -13 -25 -14 -47 -41
right_child=2 4 24 7 8 9 11 21 17 22 39 40 15 54 16 37 35 -19 20 25 34 44 -24 28 -26 -27 27 -29 31 41 -32 -33 46 -35 -36 -37 -38 38 -40 61 52 -43 -44 -45 -46 60 47 -49 -50 -51 -52 -53 -54 -55 -56 -57 -58 -59 -60 -61 -62 -63
leaf_value=-5.9648017319606934 21.886232583076126 -0.62454997615124874 7.0601225339449378 -3.2151155559315487 0.68001560261875293 35.883174894548574 -0.94823171723081523 -1.7990072640358947 6.6592748587066017 36.500543705811133 -4.553111127015864 3.0231195153858037 18.730591188766198 32.897913903619127 20.773947133067548 29.59245761242931 34.401555494590319 9.7745201888526552 19.377814368045691 26.689035308228895 25.574221226592815 -1.0482070454636858 42.361319872073558 4.4119274077838488 18.534999711998612 21.628957686003847 0.63081512177787502 2.1521128699493972 6.0141308103149989 -2.3655452149285074 1.3206588520746185 8.8343340249435354 0.17567151588936375 12.255540414692014 32.056748391101706 28.608406306187153 27.612510886121154 23.714740224684405 30.360033254912402 -4.3666977614790197 1.7067063250093526 -0.7125100980415513 1.9966865685145476 0.30952670310228769 -0.39801947071553978 6.7286098021839393 6.0561095622370971 2.6260958146074374 -5.158827230188578 39.317692124787101 30.806459382909857 -2.6016113836655306 3.6808915194450935 4.0046790682952134 29.028529047657514 -3.0008021758724226 1.1834165763683977 4.0372672173511042 6.1344330196147885 14.173055369818385 4.4029015087703707 -3.6199410064004014
leaf_weight=1172 41 680 22 2088 30 45 68 2134 171 42 1264 453 38 45 29 43 29 331 23 45 45 2880 30 240 23 212 1043 469 196 1116 61 116 51 263 21 49 20 78 23 538 172 177 105 1425 1261 49 33 232 1311 21 32 1471 156 214 54 32 460 547 130 20 385 1865
leaf_count=1172 41 680 22 2088 30 45 68 2134 171 42 1264 453 38 45 29 43 29 331 23 45 45 2880 30 240 23 212 1043 469 196 1116 61 116 51 263 21 49 20 78 23 538 172 177 105 1425 1261 49 33 232 1311 21 32 1471 156 214 54 32 460 547 130 20 385 1865
internal_value=0.0060172 -1.20645 23.5653 -2.83791 2.44731 27.0669 1.52739 -1.84004 6.52341 33.0323 -4.64378 2.98212 24.4873 28.2204 30.1199 23.5286 28.0512 8.7149 22.4379 21.5478 25.5604 -1.14889 37.0124 5.33455 12.3617 22.525 0.508791 1.10281 5.95579 -2.74254 -1.71225 7.06518 1.53877 11.8571 27.6823 30.8036 23.6159 26.571 25.2566 -4.05139 3.67336 -2.13934 0.102349 0.00776451 -0.85023 3.90803 2.59083 3.05537 -5.5073 35.2805 34.0832 -2.96162 2.6465 3.59638 30.8188 -5.88628 0.908749 3.57821 5.01864 17.1862 4.66698 -3.78731
internal_weight=26419 25126 1293 17370 7756 985 6328 11188 1428 297 6182 2606 688 140 172 548 127 502 404 315 89 6336 125 926 308 257 3722 1512 682 4852 2195 312 844 285 66 78 49 144 101 3667 1762 1293 2210 2105 4141 1434 316 265 2515 95 74 3559 328 244 99 1204 528 1000 370 58 434 2403
internal_count=26419 25126 1293 17370 7756 985 6328 11188 1428 297 6182 2606 688 140 172 548 127 502 404 315 89 6336 125 926 308 257 3722 1512 682 4852 2195 312 844 285 66 78 49 144 101 3667 1762 1293 2210 2105 4141 1434 316 265 2515 95 74 3559 328 244 99 1204 528 1000 370 58 434 2403
is_linear=0
shrinkage=0.05


Tree=3
num_leaves=63
num_cat=0
split_feature=17 2 17 13 15 22 22 15 12 12 13 2 15 2 0 3 6 15 2 13 17 9 16 15 11 22 11 3 2 0 22 16 21 13 22 5 25 1 12 15 22 0 17 2 1 1 9 6 3 0 15 13 25 0 2 23 17 25 12 22 15 22
split_gain=2.72499e+08 6.43722e+07 1.5873e+07 1.27615e+07 7.94486e+06 3.6662e+06 3.06699e+06 2.74833e+06 1.68477e+06 1.63364e+06 1.58379e+06 1.3209e+06 1.71546e+06 1.20613e+06 1.08311e+06 912960 834866 792480 747954 684788 666236 586453 560039 532094 505112 488816 459326 451896 429465 477551 415774 377410 370522 365637 356725 353557 378381 304270 293035 348063 271984 263453 255259 238358 230425 225414 223992 208339 197955 210169 197132 196355 193047 185523 185155 180618 160842 157047 179154 143020 142648 140833
threshold=555.58333333333348 2020.5000000000002 246.7154166666667 446.16666666666669 915.00000000000011 4.5000000000000009 5.5000000000000009 196.66750000000002 408.16500000000002 753.00000000000011 289.04166666666669 2022.5000000000002 349.35416666666669 2023.5000000000002 15.190000000000001 4.5000000000000009 0.25000000000000017 1145.7500000000002 2021.5000000000002 348.70833333333343 413.97916666666674 702.00000000000011 41.948629132857356 220.84750000000005 806.50000000000011 4.5000000000000009 497.00000000000006 4.5000000000000009 2010.5000000000002 14.255000000000001 1.0000000180025095e-35 105.16851136976292 0.77778888888888897 270.04166666666669 5.5000000000000009 -0.24999999999999994 5.5000000000000009 -14.079999999999998 258.54000000000002 332.08333333333343 2.5000000000000004 13.725000000000001 456.29166666666669 2010.5000000000002 -16.224999999999998 -14.424999999999999 767.50000000000011 -0.24999999999999994 4.5000000000000009 14.555000000000001 404.25000000000006 924.41666666666686 12.500000000000002 12.870000000000003 2018.5000000000002 23.500000000000004 508.60416666666669 1.5000000000000002 239.64500000000001 4.5000000000000009 176.70166666666668 6.5000000000000009
decision_type=2 2 2 2 2 2 2 2 2 2 2 2 2 2 2 2 2 2 2 2 2 2 2 2 2 2 2 2 2 2 2 2 2 2 2 2 2 2 2 2 2 2 2 2 2 2 2 2 2 2 2 2 2 2 2 2 2 2 2 2 2 2
left_child=1 2 7 6 5 16 11 28 41 17 34 15 33 14 -11 18 21 22 53 -8 38 -2 -6 43 31 -17 -24 40 60 -30 37 -23 47 -13 54 -32 -37 44 -12 -40 -14 61 -10 -9 -18 -26 -38 -19 51 -50 -29 -28 -15 -3 -4 -27 -44 -21 -59 -25 -1 -5
right_child=4 3 10 8 9 -7 19 23 42 13 20 12 27 52 -16 25 30 32 -20 57 -22 24 26 59 45 55 48 50 29 -31 35 -33 -34 -35 -36 36 46 -39 39 -41 -42 -43 56 -45 -46 -47 -48 -49 49 -51 -52 -53 -54 -55 -56 -57 -58 58 -60 -61 -62 -63
leaf_value=-6.2860585835637055 15.810530541726337 2.1030708767748449 -2.5733571490403624 6.0864011447377369 17.611338195140227 11.950810201257987 2.3012447459586354 -4.6032311218442983 5.3921239435864416 31.674492683264489 -0.95281770656349996 -2.8053387875093865 7.5459818795368383 29.363694256549952 45.986170629963929 2.1387947108216734 24.54944901137096 24.639053069923726 4.7476791687240292 5.0588194784534712 4.8115161743381734 22.212169543294809 33.384413397490086 -3.193204885897877 19.216156817849161 3.3989402621549036 23.729410556594342 0.28597057214742716 -5.0316477789514371 -3.6808037960502347 22.841321998477778 31.121071945811828 37.249225233087486 -0.61810343112200128 -1.2095496581565763 32.738786678370147 21.425417620762829 27.001468846211182 -0.045048532509841088 1.9615554216527487 2.7880395973118755 5.1898133602631642 9.2393188980510796 -3.4976407716202509 19.654208153849606 23.543093411828419 28.630464938017823 31.202167762883207 25.907591917456656 20.677217790789143 2.6223013411096856 30.593364848615437 34.62605058808893 -1.3386707589024536 -1.1134896201815019 5.6245949608308301 11.038170788594389 1.5809481345917971 3.8661527411287313 -2.5435650646885861 -5.0914507155363147 8.4963553644795429
leaf_weight=591 55 46 896 123 23 98 1066 606 31 26 782 246 33 102 30 454 39 21 75 259 70 30 20 1454 129 171 21 355 2012 972 45 22 20 855 3358 34 21 32 2013 242 330 381 269 2522 77 43 28 42 45 40 121 28 26 260 287 197 242 92 1307 2041 440 123
leaf_count=591 55 46 896 123 23 98 1066 606 31 26 782 246 33 102 30 454 39 21 75 259 70 30 20 1454 129 171 21 355 2012 972 45 22 20 855 3358 34 21 32 2013 242 330 381 269 2522 77 43 28 42 45 40 121 28 26 260 287 197 242 92 1307 2041 440 123
internal_value=0.00585027 -1.05113 -2.6149 3.01297 24.4019 20.8859 2.06238 -3.86395 7.7832 29.5671 -0.877495 0.998063 0.190858 33.203 39.4099 2.29966 22.4612 26.9821 0.276342 3.29032 -0.00762804 20.5054 25.047 -3.23811 21.6506 3.23732 26.1454 1.89397 -4.8962 -4.59177 24.43 26.0339 31.0736 -1.10702 -1.47265 26.5663 28.5559 22.5657 -0.118861 0.17037 3.22255 6.01656 9.8254 -3.71197 21.3198 20.311 25.5926 29.0571 25.0408 23.4735 0.880306 27.7061 30.4588 -0.82075 -2.21932 4.59161 10.0932 3.92606 3.716 -2.81392 -5.77678 7.29436
internal_weight=26419 25322 18286 7036 1097 653 5867 10638 1169 444 7648 3143 1940 184 56 1203 555 260 381 2724 3107 279 177 6623 224 822 154 839 4015 2984 276 52 83 1101 4541 128 83 148 3037 2255 363 627 542 3128 116 172 49 63 134 85 476 49 128 306 1183 368 511 1658 1399 3495 1031 246
internal_count=26419 25322 18286 7036 1097 653 5867 10638 1169 444 7648 3143 1940 184 56 1203 555 260 381 2724 3107 279 177 6623 224 822 154 839 4015 2984 276 52 83 1101 4541 128 83 148 3037 2255 363 627 542 3128 116 172 49 63 134 85 476 49 128 306 1183 368 511 1658 1399 3495 1031 246
is_linear=0
shrinkage=0.05


Tree=4
num_leaves=63
num_cat=0
split_feature=17 2 22 17 13 15 22 17 13 2 15 7 0 3 3 21 2 8 2 15 18 17 0 23 13 13 22 22 6 7 3 22 13 3 0 23 2 2 22 22 2 2 22 0 0 3 1 10 23 22 2 0 17 17 2 0 3 22 2 22 3 2
split_gain=2.46048e+08 5.23033e+07 1.6541e+07 1.43289e+07 8.00718e+06 4.93515e+06 2.5014e+06 2.38922e+06 1.51382e+06 1.27912e+06 1.25085e+06 1.05732e+06 853154 805393 783300 758354 758271 745608 675106 616788 657899 604376 543509 715011 479420 468478 404045 394088 382136 374805 362463 356449 316450 250566 239053 217729 212034 206414 198920 188164 183988 179593 175787 167460 155273 154966 148455 147603 146111 141708 138833 135537 132785 131180 129858 165296 128638 127026 129777 124550 122310 153037
threshold=522.95833333333337 2020.5000000000002 1.5000000000000002 245.36125000000001 425.08333333333343 1012.3333333333334 5.5000000000000009 200.75708333333338 289.04166666666669 2022.5000000000002 344.58333333333343 489.00000000000006 16.005000000000003 2.5000000000000004 4.5000000000000009 0.42674880763116069 2022.5000000000002 677.50000000000011 2021.5000000000002 788.3608333333334 108.03824562111076 408.79166666666669 13.845000000000001 25.500000000000004 346.05500000000001 181.18000000000004 4.5000000000000009 6.5000000000000009 1.0000000180025095e-35 216.83500000000001 4.5000000000000009 5.5000000000000009 273.35666666666674 8.5000000000000018 13.280000000000003 30.500000000000004 2024.5000000000002 2010.5000000000002 2.5000000000000004 8.5000000000000018 2018.5000000000002 2018.5000000000002 6.5000000000000009 12.870000000000003 14.555000000000001 4.5000000000000009 -14.079999999999998 946.50000000000011 41.500000000000007 6.5000000000000009 2023.5000000000002 14.735000000000001 428.70833333333337 443.91666666666669 2010.5000000000002 14.255000000000001 2.5000000000000004 5.5000000000000009 2009.5000000000002 8.5000000000000018 4.5000000000000009 2021.5000000000002
decision_type=2 2 2 2 2 2 2 2 2 2 2 2 2 2 2 2 2 2 2 2 2 2 2 2 2 2 2 2 2 2 2 2 2 2 2 2 2 2 2 2 2 2 2 2 2 2 2 2 2 2 2 2 2 2 2 2 2 2 2 2 2 2
left_child=1 3 5 7 6 13 9 25 31 14 32 42 15 17 18 22 -15 -2 43 20 35 41 -7 -24 50 37 -16 -13 34 -9 38 40 -11 -22 -21 -18 -30 -1 -12 -29 -5 57 52 -3 -39 -31 -32 51 -28 -33 60 -19 -6 -44 -27 -56 -34 -10 -59 -55 61 -8
right_child=2 4 -4 8 11 12 24 29 21 10 30 27 -14 16 26 -17 19 47 -20 28 33 -23 23 -25 -26 54 48 39 36 45 46 49 56 -35 -36 -37 -38 44 -40 -41 -42 -43 53 -45 -46 -47 -48 -49 -50 -51 -52 -53 -54 59 55 -57 -58 58 -60 -61 -62 -63
leaf_value=-5.8021096277301467 19.747079174477978 1.9981454020208496 11.157033011248574 -2.4806884689918949 4.7824867333501571 30.593511800605196 0.89165307885730705 -3.5663866642436184 -1.9915876990627375 -2.5900412879372032 6.5741233039932006 5.362507996332722 37.822755044526225 29.473492735690293 2.0229280806923597 33.439680531021537 19.398380399746912 32.749525586124584 4.5106112651596382 23.824425610008145 14.0186261480443 4.3618592235055571 19.399135197397996 27.791433083371132 3.5736628011759097 -4.827692945850135 3.6772542235889016 8.9638365576991852 22.932275909481373 -2.2401640337540107 0.034434151036857118 -0.91513390674096695 0.61419496272046181 19.347506982350282 19.24554903774828 25.746355087986196 28.42792163693527 -4.9674385077941983 2.3260608612994127 6.5752762801424147 -1.0978943880734704 0.40613705233105241 4.9087777570249536 -1.2717629720097043 -3.6161189516728087 -2.9370322875043771 2.1631514115315915 25.849920677726882 6.0018159201039047 -1.5815604175118807 0.49839412513106779 26.681873787974855 2.8418568053521405 7.9687974415397012 -4.2815752129073088 -3.3495513893675373 -0.93968030776943179 -1.4618211819246196 -0.15069188171791559 4.4655941937273562 2.8218757558600149 3.0743928111448922
leaf_weight=665 41 46 308 972 265 77 235 2047 118 269 30 141 31 27 449 70 31 26 75 39 70 77 39 80 1438 444 259 349 159 1146 338 2144 170 34 138 28 22 1322 332 110 320 1055 203 260 255 2642 108 52 92 1271 112 21 133 90 1101 843 614 213 1651 36 564 122
leaf_count=665 41 46 308 972 265 77 235 2047 118 269 30 141 31 27 449 70 31 26 75 39 70 77 39 80 1438 444 259 349 159 1146 338 2144 170 34 138 28 22 1322 332 110 320 1055 203 260 255 2642 108 52 92 1271 112 21 133 90 1101 843 614 213 1651 36 564 122
internal_value=0.00569791 -1.08895 21.2757 -2.48416 2.64098 24.4382 1.80161 -3.69414 -0.865109 0.841665 0.0248732 6.12776 29.8344 22.1047 2.12864 28.8895 21.2263 25.5257 0.262597 20.7933 18.205 -0.00986269 27.2482 25.0597 2.98329 -4.54231 3.01719 7.68184 21.9663 -3.02105 1.50459 -1.4309 -1.11059 15.7777 20.2674 22.4495 23.6156 -5.06173 2.67984 8.39298 -2.13832 -0.120845 4.84428 -0.7797 -4.74918 -2.72627 0.550289 27.8965 4.28809 -1.16321 2.16118 30.101 4.13487 5.70094 -4.05445 -3.87761 -0.602701 -0.401361 -0.300588 6.97226 2.36331 1.63824
internal_weight=26419 25126 1293 18286 6840 985 5513 10465 7821 3042 1861 1327 297 688 1181 266 548 140 381 521 163 3114 196 119 2471 4630 800 600 358 5835 808 4707 1053 104 177 59 181 2242 362 459 1292 3037 727 306 1577 3788 446 99 351 3415 1033 47 398 329 2388 1944 784 1982 1864 126 921 357
internal_count=26419 25126 1293 18286 6840 985 5513 10465 7821 3042 1861 1327 297 688 1181 266 548 140 381 521 163 3114 196 119 2471 4630 800 600 358 5835 808 4707 1053 104 177 59 181 2242 362 459 1292 3037 727 306 1577 3788 446 99 351 3415 1033 47 398 329 2388 1944 784 1982 1864 126 921 357
is_linear=0
shrinkage=0.05


Tree=5
num_leaves=63
num_cat=0
split_feature=17 2 17 13 13 22 17 22 12 16 2 13 13 18 17 17 2 17 12 2 8 3 6 21 13 13 17 3 13 25 18 3 12 13 13 2 2 2 12 13 2 10 22 2 7 3 19 3 22 2 22 1 1 18 1 12 1 2 2 2 12 12
split_gain=2.19706e+08 5.20906e+07 1.31246e+07 9.96896e+06 5.5277e+06 3.12198e+06 2.55388e+06 2.25446e+06 1.72485e+06 1.69738e+06 1.26778e+06 1.2137e+06 1.0361e+06 950031 737762 614596 601279 561025 557557 796613 551186 730316 532989 493481 447448 432896 424051 402089 389358 364522 386772 347932 343110 331318 308466 304164 270539 256290 251917 306664 243774 249029 243018 203395 203128 211580 198148 221055 193690 187586 184638 183267 181868 175435 162042 152664 145716 136261 173895 133979 132237 129252
threshold=555.58333333333348 2020.5000000000002 250.19750000000002 429.50000000000006 924.41666666666686 4.5000000000000009 201.4341666666667 5.5000000000000009 408.16500000000002 105.16851136976292 2022.5000000000002 341.75000000000006 289.04166666666669 108.03824562111076 256.44791666666669 993.95833333333337 2024.5000000000002 413.97916666666674 841.00000000000011 2023.5000000000002 1196.5000000000002 3.5000000000000004 0.6830127018922193 -0.16168938718308065 181.18000000000004 348.70833333333343 456.29166666666669 3.5000000000000004 235.43000000000004 8.5000000000000018 209.67937252777904 4.5000000000000009 233.16500000000005 269.49833333333339 699.00000000000011 2021.5000000000002 2023.5000000000002 2010.5000000000002 253.16500000000005 341.75000000000006 2022.5000000000002 1228.5000000000002 2.5000000000000004 2021.5000000000002 652.00000000000011 11.500000000000002 0.058829757858743011 9.5000000000000018 6.5000000000000009 2010.5000000000002 5.5000000000000009 -14.079999999999998 -16.194999999999997 80.684562141830085 -16.224999999999998 297.93000000000006 -13.709999999999999 2011.5000000000002 2015.5000000000002 2018.5000000000002 698.00000000000011 285.35500000000008
decision_type=2 2 2 2 2 2 2 2 2 2 2 2 2 2 2 2 2 2 2 2 2 2 2 2 2 2 2 2 2 2 2 2 2 2 2 2 2 2 2 2 2 2 2 2 2 2 2 2 2 2 2 2 2 2 2 2 2 2 2 2 2 2
left_child=1 2 6 7 5 13 24 10 48 20 14 33 50 16 31 22 44 38 29 -20 21 -6 36 -23 49 -9 -10 42 37 40 -31 35 -16 -12 -18 -3 -15 -8 -14 59 -11 -42 -13 -34 -2 -46 47 -25 53 -1 -4 -35 -38 61 -33 -50 -29 -39 -59 -40 -22 -5
right_child=4 3 12 8 9 -7 28 25 26 18 11 27 17 15 32 -17 34 -19 19 -21 60 23 -24 46 -26 -27 -28 56 -30 30 -32 54 43 51 -36 -37 52 57 39 -41 41 -43 -44 -45 45 -47 -48 -49 55 -51 -52 -53 -54 -55 -56 -57 -58 58 -60 -61 -62 -63
leaf_value=-5.5222173374711447 16.23500404168124 -1.1692883032719035 -1.8574559264358907 1.9296006779649073 29.195851025138936 10.752467447538308 -3.9487342629501647 2.1076944294182338 4.4752499649615549 30.549112877478962 -2.582225117269862 7.7422680463448943 -0.90762264771330858 21.255431648082673 2.0649261238277368 23.468643516275062 20.973788338276876 4.4179342506615482 41.247373094994003 29.472106049994775 25.746254268308888 24.92498000393239 21.821643118590895 14.409288223526483 -3.8555912520692859 3.4215381242548073 9.1180883380545072 0.29050142447006355 -2.2737997636361338 26.924082673213395 36.238065107036924 3.1419102944624275 3.2778860969087114 -0.74901172743227551 28.393479243381165 3.3908422078675424 18.032366069056163 -1.6365952836832722 -0.34142631020945791 2.0239968080540884 20.907780237881195 27.713538994032518 2.5810747691680485 5.9322390479168385 20.406898562748324 25.706053963887321 22.432894068929404 20.373801576959252 4.1192613096217938 -4.5310127842053376 -1.0424501112013507 2.1385343680123592 14.817724268670503 5.9504641164237615 1.1732699614920283 6.3820490696383612 2.2589945022758098 -3.4204520767135054 -2.6676615557488437 0.49042706799592639 31.082962846078011 4.2774549780146565
leaf_weight=686 20 214 889 77 29 94 712 1110 55 22 262 25 740 31 217 66 20 70 24 41 44 41 73 41 2452 1443 490 433 2313 25 24 168 136 783 64 44 78 200 1278 200 32 27 254 155 70 29 22 27 99 1595 3187 59 115 122 277 312 120 1325 1831 779 21 249
leaf_count=686 20 214 889 77 29 94 712 1110 55 22 262 25 740 31 217 66 20 70 24 41 44 41 73 41 2452 1443 490 433 2313 25 24 168 136 783 64 44 78 200 1278 200 32 27 254 155 70 29 22 27 99 1595 3187 59 115 122 277 312 120 1325 1831 779 21 249
internal_value=-0.0160298 -0.956615 -2.37014 2.67606 22.0692 19.2087 -3.44487 1.74641 6.44989 26.5586 0.850732 0.0569953 -0.697901 20.611 2.11955 19.0618 23.3703 -0.00368681 29.994 33.8767 23.5692 21.9497 18.075 20.3246 -4.32497 2.85041 8.65046 1.499 -2.79201 28.0282 31.5506 1.07021 3.57118 -1.02977 26.654 -0.39056 16.8447 -3.0866 -0.107107 0.155384 25.8609 24.064 3.04617 4.69329 21.0319 21.9836 18.2034 16.8041 5.05286 -4.82934 -1.22025 -0.546442 16.1256 4.33128 1.91704 5.83814 0.718001 -2.90358 -2.98381 -0.0263868 27.5156 3.72368
internal_weight=26441 25361 18257 7104 1080 660 11114 5700 1404 420 3147 1936 7143 566 1211 363 203 3067 195 65 225 160 297 131 4733 2553 545 832 6381 130 49 703 508 1104 84 258 224 4068 2997 2257 81 59 279 291 119 99 90 68 859 2281 4076 842 193 448 445 411 553 3356 3156 2057 65 326
internal_count=26441 25361 18257 7104 1080 660 11114 5700 1404 420 3147 1936 7143 566 1211 363 203 3067 195 65 225 160 297 131 4733 2553 545 832 6381 130 49 703 508 1104 84 258 224 4068 2997 2257 81 59 279 291 119 99 90 68 859 2281 4076 842 193 448 445 411 553 3356 3156 2057 65 326
is_linear=0
shrinkage=0.05


Tree=6
num_leaves=63
num_cat=0
split_feature=17 2 15 15 13 15 15 13 2 17 2 12 9 12 2 10 2 6 12 15 4 2 0 17 15 11 15 12 2 0 2 21 17 13 15 13 11 0 20 2 23 18 10 12 12 12 23 1 15 0 6 2 2 18 16 1 15 5 18 12 6 1
split_gain=1.98505e+08 4.26617e+07 1.2394e+07 1.18699e+07 6.35936e+06 4.0446e+06 1.82382e+06 1.67468e+06 1.97238e+06 1.41176e+06 1.20077e+06 1.18408e+06 1.10222e+06 866391 706450 701971 674019 791062 605935 556804 543769 717734 515560 512506 484697 418569 315094 310211 307998 320127 284084 263577 252766 215487 208290 196931 188417 186968 186173 184617 171439 168807 162938 160208 155527 145789 133457 130998 114787 112817 107863 106740 104632 104374 108288 103197 99434.1 98012.9 97580 95665.9 94700.4 91303.6
threshold=522.95833333333337 2020.5000000000002 607.50000000000011 243.64583333333334 425.08333333333343 1012.3333333333334 195.8341666666667 348.70833333333343 2022.5000000000002 284.3366666666667 2024.5000000000002 753.00000000000011 702.00000000000011 420.50000000000006 2023.5000000000002 1136.5000000000002 2022.5000000000002 0.25000000000000017 248.87500000000003 327.19416666666672 1.5000000000000002 2021.5000000000002 15.190000000000001 413.97916666666674 788.3608333333334 784.35500000000013 216.25833333333335 258.54000000000002 2010.5000000000002 14.255000000000001 2016.5000000000002 0.42674880763116069 456.29166666666669 1150.8333333333337 867.75000000000011 269.49833333333339 199.58500000000001 13.690000000000001 0.061925832279814637 2010.5000000000002 54.500000000000007 50.339867244466099 1077.5000000000002 652.50000000000011 343.54000000000002 283.54000000000002 22.500000000000004 -14.079999999999998 170.35500000000005 12.870000000000003 0.25000000000000017 2018.5000000000002 2011.5000000000002 7.7849894416148429 45.478199693114327 -12.889999999999999 316.91666666666669 0.68301270189221941 49.286832319703201 169.08500000000001 -0.24999999999999994 -15.639999999999999
decision_type=2 2 2 2 2 2 2 2 2 2 2 2 2 2 2 2 2 2 2 2 2 2 2 2 2 2 2 2 2 2 2 2 2 2 2 2 2 2 2 2 2 2 2 2 2 2 2 2 2 2 2 2 2 2 2 2 2 2 2 2 2 2
left_child=1 3 -2 6 7 10 28 8 20 27 16 15 -12 37 22 25 -4 24 41 35 21 49 -13 30 43 -7 39 51 48 -30 40 -17 -15 50 38 -10 -22 -6 -19 -8 44 -9 -26 -18 -11 58 -38 -37 -1 -3 -27 -5 -41 -20 55 -55 -32 -54 -21 -28 -43 -31
right_child=2 4 5 9 13 11 26 18 19 23 12 14 -14 32 -16 31 17 34 53 45 36 -23 -24 -25 42 33 59 -29 29 61 56 -33 -34 -35 -36 47 46 -39 -40 52 -42 60 -44 -45 -46 -47 -48 -49 -50 -51 -52 -53 57 54 -56 -57 -58 -59 -60 -61 -62 -63
leaf_value=-5.5534457079401545 10.068717598770398 1.6281327049392726 27.001782885033062 -1.9207217127710488 5.7653621134193909 26.962360081528171 -4.0914244976496619 -0.39222389993594303 -2.3643460059157255 -0.80941468133236283 16.738025486194875 30.135800347195204 26.713107486616504 4.2706499122573938 27.360189359980446 25.644493994341019 11.754905498525408 18.448981077208511 4.3562949457110234 -0.63638849231649297 0.63498958240429504 4.1640158970649983 40.862795324048562 4.1973527062126301 17.403659395221343 13.972480860705623 -3.5259793802351078 -0.9753589627458189 -4.3521929742261314 -3.3909977051364564 0.17597350316161295 31.910162827693132 8.1100068678655912 22.636784590797863 22.691325638839785 -0.91958560182249249 2.0466343305396419 4.2247025459878875 22.906289012112723 -2.1167725263226971 3.0448381097145916 0.3809784029811214 21.975375492839891 16.174616678352031 0.80960034758015031 1.8257815998363474 3.0842006866224065 2.4613123166204689 -4.495865305394311 -0.6969636548703807 19.347777044951027 -1.129950998872215 -3.4270841387890414 2.6694339553286839 3.9412982147914968 4.1526697235927852 1.2067353321010428 -2.6009737897221412 1.1943104263343627 -2.4856884217557025 2.2852789482336076 -1.7864000137833476
leaf_weight=492 280 61 24 2045 289 23 560 143 274 1462 39 25 102 50 67 73 55 120 147 178 127 111 24 70 166 21 238 2513 1950 808 1176 25 317 26 79 597 530 627 32 255 32 95 24 35 165 211 750 30 546 357 20 540 1313 1325 244 129 292 497 123 3203 209 100
leaf_count=492 280 61 24 2045 289 23 560 143 274 1462 39 25 102 50 67 73 55 120 147 178 127 111 24 70 166 21 238 2513 1950 808 1176 25 317 26 79 597 530 627 32 255 32 95 24 35 165 211 750 30 546 357 20 540 1313 1325 244 129 292 497 123 3203 209 100
internal_value=-0.0151052 -0.984231 19.3513 -2.25164 2.35761 22.0022 -3.41499 1.63489 0.922144 -0.854465 19.8407 26.8005 23.9679 5.53483 30.8103 24.3112 18.7487 18.3559 2.67625 -0.498167 1.95874 0.591978 35.4625 -0.0307565 16.5505 21.0585 -2.8727 -1.37101 -4.25922 -3.99087 -0.125538 27.2738 7.58825 18.9946 20.5362 -1.24633 2.47253 4.71137 19.4018 -3.28546 -0.573824 1.02428 17.9924 13.4898 -0.645182 0.818397 2.65478 -0.757445 -4.99764 -0.357335 16.6354 -1.75558 -3.0667 3.0764 2.96535 2.80131 0.381074 -3.20041 0.111836 -2.55774 1.69052 -3.2145
internal_weight=26441 25181 1260 18257 6924 980 9962 5641 3349 8295 676 304 141 1283 116 188 535 511 2292 1413 1936 529 49 3197 280 90 6066 5098 3896 2858 3127 98 367 67 231 901 1407 916 152 2625 1659 447 190 90 1627 512 1280 627 1038 418 41 2585 2065 1845 1698 1454 1468 1810 301 3441 304 908
internal_count=26441 25181 1260 18257 6924 980 9962 5641 3349 8295 676 304 141 1283 116 188 535 511 2292 1413 1936 529 49 3197 280 90 6066 5098 3896 2858 3127 98 367 67 231 901 1407 916 152 2625 1659 447 190 90 1627 512 1280 627 1038 418 41 2585 2065 1845 1698 1454 1468 1810 301 3441 304 908
is_linear=0
shrinkage=0.05


Tree=7
num_leaves=63
num_cat=0
split_feature=17 2 15 17 13 15 15 7 2 2 9 18 15 13 0 2 6 15 10 10 11 7 17 15 4 2 6 15 0 2 15 4 0 11 2 16 7 0 11 23 18 21 15 24 18 21 21 2 0 2 0 0 1 1 1 2 23 0 5 15 18 0
split_gain=1.79184e+08 3.8503e+07 1.11897e+07 1.0749e+07 5.73951e+06 3.65295e+06 2.13881e+06 1.63952e+06 1.5573e+06 1.08372e+06 994570 905039 877455 758612 628686 608949 729716 564934 540311 533148 474332 457752 441937 425682 419221 637418 293627 282396 257597 230161 340487 206903 205439 195640 195125 192108 184351 175083 169985 168553 178403 157519 157286 152993 142623 142276 131492 130509 176558 128246 119325 116030 112303 111927 110585 107250 104595 102590 95015.2 94314 95487.4 92817.1
threshold=522.95833333333337 2020.5000000000002 607.50000000000011 250.19750000000002 425.08333333333343 1012.3333333333334 205.02083333333334 344.50000000000006 2022.5000000000002 2024.5000000000002 702.00000000000011 152.22201354291511 291.3341666666667 499.50000000000006 16.005000000000003 2022.5000000000002 0.6830127018922193 327.19416666666672 752.50000000000011 1136.5000000000002 1077.5000000000002 677.50000000000011 413.97916666666674 183.47250000000003 1.5000000000000002 2021.5000000000002 0.6830127018922193 230.91000000000003 12.870000000000003 2009.5000000000002 329.22916666666674 1.5000000000000002 12.870000000000003 1155.0000000000002 2010.5000000000002 126.01302812001011 253.16500000000005 14.555000000000001 217.68000000000004 44.500000000000007 30.49433641699207 -0.10000359997120016 266.20833333333343 1.0000000180025095e-35 7.5813786268440202 -0.16666025641025636 1.0976190476190479 2010.5000000000002 14.255000000000001 2010.5000000000002 12.790000000000001 14.610000000000001 -16.234999999999996 -14.079999999999998 -13.709999999999999 2018.5000000000002 22.500000000000004 12.870000000000003 0.68301270189221941 450.08333333333343 20.612136293014711 15.065000000000001
decision_type=2 2 2 2 2 2 2 2 2 2 2 2 2 2 2 2 2 2 2 2 2 2 2 2 2 2 2 2 2 2 2 2 2 2 2 2 2 2 2 2 2 2 2 2 2 2 2 2 2 2 2 2 2 2 2 2 2 2 2 2 2 2
left_child=1 3 -2 6 7 9 23 8 24 15 -11 19 36 59 20 -4 18 42 41 26 31 35 29 34 25 57 33 49 -20 -14 55 -13 -9 -7 -1 -18 -5 44 52 -15 -41 -17 -10 58 -34 -22 -33 -25 -49 -8 -32 -21 -26 -44 -36 -31 -40 -3 -19 -6 -61 -51
right_child=2 4 5 12 13 11 27 32 17 10 -12 14 22 39 -16 16 21 43 28 51 45 -23 -24 47 38 -27 -28 -29 -30 30 50 46 37 -35 54 -37 -38 -39 56 40 -42 -43 53 -45 -46 -47 -48 48 -50 61 -52 -53 -54 -55 -56 -57 -58 -59 -60 60 -62 -63
leaf_value=-5.0036692147344981 9.5654615401540735 1.5798326648092107 25.657295271370913 -1.6287620396106928 3.9545951275480058 13.773208022402578 -3.5223163848058245 3.5439922445921419 -2.5356685197884947 15.903264592553649 25.378760196039426 33.046226361643271 -1.4267960422856782 7.5359336349273169 35.817254480139006 15.015707923152446 12.707655490097121 0.10915377249706731 20.562216126685051 27.649834385076719 25.661399442427381 22.614710774872126 3.9877844053396316 -4.0556846896067738 3.1657894205909773 3.8852369875532666 24.314522146348335 -2.083722409862776 16.631256750523892 -0.35120171291386204 5.3082507598967785 25.136963018782811 4.0069498141606656 20.411103896749506 -4.1062300450038078 19.014861927956257 -0.87969985821668439 2.6615582870266046 1.9477978191297494 7.2037283523276603 3.5983608943775369 11.149079007207753 -1.045579121321454 4.9136115963103002 1.5752799974699345 20.009978752558524 30.131403136338207 -3.6988365913466326 -2.770143636748295 -2.7893157725494104 1.530014305788888 23.214396287067448 0.55215003884706304 2.4267876596371667 -1.8632495718093136 0.36799575174395555 3.0112319237340808 -0.69170922985112582 1.5948704004068714 7.4933910929925549 4.7348315121957691 -2.0601770933989516
leaf_weight=736 280 58 24 1098 531 25 491 386 195 39 102 25 267 317 23 61 20 293 56 36 24 92 70 607 52 113 20 2692 197 1364 23 38 65 22 1738 35 3263 1307 393 70 68 50 631 22 828 27 28 994 1060 2192 222 36 195 24 57 836 565 344 170 36 261 547
leaf_count=736 280 58 24 1098 531 25 491 386 195 39 102 25 267 317 23 61 20 293 56 36 24 92 70 607 52 113 20 2692 197 1364 23 38 65 22 1738 35 3263 1307 393 70 68 50 631 22 828 27 28 994 1060 2192 222 36 195 24 57 836 565 344 170 36 261 547
internal_value=-0.0142609 -0.935016 18.3856 -2.13906 2.23977 20.9043 -3.11168 1.55317 0.768876 18.8502 22.771 25.4644 -0.625722 5.25817 27.9951 17.8128 17.4394 -0.512473 16.2252 22.4424 26.7037 20.4328 0.0681123 -3.85249 1.76339 0.569193 19.1583 -2.46213 17.5092 -0.0332006 0.119033 28.912 2.47965 16.9172 -4.31695 16.7486 -1.06833 2.29275 2.27367 6.89889 5.4311 13.2856 -1.28936 0.849065 1.75271 22.7146 27.2983 -3.41057 -3.21973 -2.77744 1.88675 25.4675 1.10347 -0.917989 -4.03512 -0.0779001 2.57523 -0.363651 0.654903 4.35584 5.07163 -2.64378
internal_weight=26441 25181 1260 18257 6924 980 11114 5641 3055 676 141 304 7143 1283 165 535 511 1335 364 139 142 147 2782 5192 1720 515 67 5922 253 2712 2445 91 2586 47 2531 55 4361 2200 1205 455 138 111 850 485 893 51 66 2661 2054 3230 245 72 247 655 1795 2200 958 402 463 828 297 2739
internal_count=26441 25181 1260 18257 6924 980 11114 5641 3055 676 141 304 7143 1283 165 535 511 1335 364 139 142 147 2782 5192 1720 515 67 5922 253 2712 2445 91 2586 47 2531 55 4361 2200 1205 455 138 111 850 485 893 51 66 2661 2054 3230 245 72 247 655 1795 2200 958 402 463 828 297 2739
is_linear=0
shrinkage=0.05


Tree=8
num_leaves=63
num_cat=0
split_feature=17 2 17 13 9 17 22 10 12 12 2 13 3 16 13 21 17 0 2 12 17 3 13 2 22 3 12 25 13 5 12 13 11 3 20 2 12 13 12 2 13 21 21 2 22 0 17 22 19 3 2 0 6 2 3 23 2 17 20 3 12 17
split_gain=1.61777e+08 3.82682e+07 9.70109e+06 7.36734e+06 4.21987e+06 1.89664e+06 1.88666e+06 1.85059e+06 1.44939e+06 1.02901e+06 935160 1.05472e+06 797175 1.02425e+06 775946 676822 656177 615616 643631 460987 410526 410364 394324 391519 371679 367149 362259 349743 338120 321474 299176 287143 284330 276585 261254 231775 197173 241761 193774 193281 188444 186506 180099 177376 177234 167549 158177 150256 141909 136442 133645 131164 127678 118589 113799 113569 301315 112184 109750 107293 106091 152708
threshold=555.58333333333348 2020.5000000000002 250.19750000000002 446.16666666666669 752.50000000000011 201.4341666666667 5.5000000000000009 1136.5000000000002 602.08500000000015 408.16500000000002 2022.5000000000002 350.16666666666669 3.5000000000000004 164.06888495525376 289.04166666666669 0.4547859547859549 256.44791666666669 13.280000000000003 2022.5000000000002 753.00000000000011 413.97916666666674 10.500000000000002 341.75000000000006 2023.5000000000002 1.0000000180025095e-35 3.5000000000000004 868.50000000000011 7.5000000000000009 181.18000000000004 -0.24999999999999994 233.16500000000005 235.43000000000004 655.00000000000011 4.5000000000000009 0.27778888888888881 2021.5000000000002 253.16500000000005 341.75000000000006 777.50000000000011 2015.5000000000002 270.04166666666669 0.071436224599126921 -0.1844631495828559 2021.5000000000002 2.5000000000000004 13.725000000000001 500.16666666666669 5.5000000000000009 0.1054382445972384 4.5000000000000009 2010.5000000000002 12.665000000000001 0.25000000000000017 2018.5000000000002 3.5000000000000004 18.500000000000004 2023.5000000000002 346.93750000000006 0.015127577066561983 3.5000000000000004 335.50000000000006 422.56250000000006
decision_type=2 2 2 2 2 2 2 2 2 2 2 2 2 2 2 2 2 2 2 2 2 2 2 2 2 2 2 2 2 2 2 2 2 2 2 2 2 2 2 2 2 2 2 2 2 2 2 2 2 2 2 2 2 2 2 2 2 2 2 2 2 2
left_child=1 2 5 6 8 28 10 12 32 45 16 27 38 17 47 26 33 23 -19 -15 36 -20 -8 -14 34 44 55 40 50 -26 54 39 -2 35 48 -3 -16 -38 41 -7 -12 -6 -28 -32 -13 -5 -11 53 -10 -29 -1 -27 -34 -4 -18 -9 -57 -24 -40 -30 61 -47
right_child=4 3 14 9 7 31 22 15 24 46 11 25 13 19 20 -17 30 18 21 -21 -22 -23 57 -25 29 51 42 49 59 -31 43 -33 52 -35 -36 -37 37 -39 58 -41 -42 -43 -44 -45 -46 60 -48 -49 -50 -51 -52 -53 -54 -55 -56 56 -58 -59 -60 -61 -62 -63
leaf_value=-4.7378827925952285 9.0963418546437502 -1.121018162003637 -1.9183091685996088 5.6783735918820248 17.443860758538616 -2.9584419568434339 1.7805814254398342 19.549757524738681 18.784716018004097 6.5597183137474806 -2.4943681398368414 7.365993306646704 16.881300398385427 20.673386558103356 -0.79034449630942305 31.228049779376335 -0.75217189083799429 25.017861439492464 14.781980340607829 31.186837233412319 3.7886795797973836 19.297965318901078 2.3294501942196169 23.57753521954572 16.278594222379368 3.4931286277392068 24.062650817606873 1.5832554409150965 -2.6979512389676921 23.753852873825963 2.9040475401958941 -1.9484694370073239 11.736830757290059 1.6161401410580645 10.695655987597158 2.8596839622575412 -0.011297396861512406 1.8092309905462773 25.997818429950492 -2.2651867245415764 -0.84318140857584023 24.076169309094176 30.810837102452396 5.3573372868238458 2.8309603723960963 4.5196497688001882 8.3446010205932186 -0.88608115592201819 13.490272954684583 -0.32654106537196265 -3.9011527841509372 0.59644134495743417 16.416745260990027 -0.49822489640073453 2.3130585379855209 27.12598800413862 20.502834572125963 3.2587148755963344 21.677483263754755 -3.4869298447777055 5.0946143753996331 2.0611913700688858
leaf_weight=686 98 214 703 227 27 2237 1026 36 43 213 229 24 36 23 740 38 36 21 212 21 70 68 438 62 26 43 23 174 561 36 136 2313 46 445 22 44 2057 200 53 1831 704 20 23 162 208 134 308 3187 20 202 1595 420 23 186 189 31 45 1272 27 1891 136 120
leaf_count=686 98 214 703 227 27 2237 1026 36 43 213 229 24 36 23 740 38 36 21 212 21 70 68 438 62 26 43 23 174 561 36 136 2313 46 445 22 44 2057 200 53 1831 704 20 23 162 208 134 308 3187 20 202 1595 420 23 186 189 31 45 1272 27 1891 136 120
internal_value=-0.0134505 -0.820566 -2.03212 2.29306 18.9379 -2.95611 1.58976 20.9406 14.0472 5.97965 0.771384 0.10592 19.4898 18.4756 -0.594431 25.1475 1.85904 17.6671 16.5305 25.7506 0.00633651 15.8852 2.55583 21.1375 17.672 1.68001 23.6663 -0.729889 -3.71455 20.6504 3.19999 -2.39349 10.8477 0.861109 15.4778 -0.441274 -0.0821283 0.150096 23.0104 -2.64647 -1.24869 20.3114 27.4964 4.23908 3.30309 4.59664 7.6163 -1.04647 17.1281 0.55742 -4.15299 0.866171 13.3184 -1.62129 1.82248 22.07 23.2365 3.02085 24.5687 -3.30654 3.9657 3.35946
internal_weight=26441 25361 18257 7104 1080 11114 5966 766 314 1138 3230 2004 570 443 7143 196 1226 399 301 44 3067 280 2736 98 147 695 158 1309 4733 62 523 6381 167 703 85 258 2997 2257 127 4068 933 47 46 298 232 617 521 4076 63 376 2281 463 69 889 225 112 76 1710 80 2452 390 254
internal_count=26441 25361 18257 7104 1080 11114 5966 766 314 1138 3230 2004 570 443 7143 196 1226 399 301 44 3067 280 2736 98 147 695 158 1309 4733 62 523 6381 167 703 85 258 2997 2257 127 4068 933 47 46 298 232 617 521 4076 63 376 2281 463 69 889 225 112 76 1710 80 2452 390 254
is_linear=0
shrinkage=0.05


Tree=9
num_leaves=63
num_cat=0
split_feature=17 2 22 15 7 15 22 15 17 7 2 15 18 2 9 0 2 6 17 10 0 17 21 22 22 7 15 10 7 6 7 22 2 0 5 2 13 20 21 5 22 2 25 6 2 1 7 2 21 22 20 22 2 2 22 17 17 0 2 25 17 2
split_gain=1.46072e+08 3.13524e+07 9.39644e+06 8.7672e+06 4.72198e+06 2.93227e+06 1.42021e+06 1.35437e+06 1.05774e+06 831501 793882 865223 766057 749282 946970 543260 504643 649632 478355 436045 433629 374914 356900 318756 303276 293692 286485 286270 263784 262539 258141 255796 232037 262063 231421 225517 221966 221024 212122 203147 202004 289299 185101 183245 177812 148620 146511 141989 135150 130424 118872 109654 148750 106408 105088 151728 114736 104800 104465 104046 102224 102025
threshold=522.95833333333337 2020.5000000000002 1.5000000000000002 243.64583333333334 424.50000000000006 1012.3333333333334 5.5000000000000009 195.8341666666667 284.3366666666667 489.00000000000006 2022.5000000000002 350.08333333333343 152.22201354291511 2024.5000000000002 702.00000000000011 16.005000000000003 2022.5000000000002 0.6830127018922193 251.09375000000003 1155.0000000000002 12.870000000000003 413.97916666666674 0.60213903743315522 2.5000000000000004 6.5000000000000009 677.50000000000011 347.08333333333343 752.50000000000011 255.50000000000003 0.6830127018922193 1258.5000000000002 5.5000000000000009 2010.5000000000002 14.255000000000001 1.0000000180025095e-35 2016.5000000000002 269.49833333333339 0.020007285818368862 -0.14987309644670047 0.25000000000000011 4.5000000000000009 2021.5000000000002 4.5000000000000009 -0.5 2010.5000000000002 -16.224999999999998 340.50000000000006 2010.5000000000002 1.0000000180025095e-35 8.5000000000000018 0.061925832279814637 5.5000000000000009 2018.5000000000002 2021.5000000000002 6.5000000000000009 405.04166666666669 450.12500000000006 12.665000000000001 2023.5000000000002 11.500000000000002 222.08375000000004 2023.5000000000002
decision_type=2 2 2 2 2 2 2 2 2 2 2 2 2 2 2 2 2 2 2 2 2 2 2 2 2 2 2 2 2 2 2 2 2 2 2 2 2 2 2 2 2 2 2 2 2 2 2 2 2 2 2 2 2 2 2 2 2 2 2 2 2 2
left_child=1 3 5 7 6 13 10 32 28 54 18 36 19 16 37 22 -2 20 39 29 38 35 30 -13 -11 -19 58 -22 -5 48 34 44 -1 -34 -14 46 -12 -15 -18 45 -20 -42 -25 -24 -9 -3 -10 -48 -7 -26 -27 52 -30 -41 55 -6 -56 -57 -8 -38 -33 -21
right_child=2 4 -4 8 9 12 26 31 21 24 11 23 15 14 -16 -17 17 25 40 61 27 -23 43 42 49 50 -28 -29 51 -31 -32 60 33 -35 -36 -37 59 -39 -40 53 41 -43 -44 -45 -46 -47 47 -49 -50 -51 -52 -53 -54 -55 56 57 -58 -59 -60 -61 -62 -63
leaf_value=-4.2987488576849353 23.343859799966772 2.9216712669526625 8.6276831083804399 -1.663514107303369 3.7809954667558188 17.745046169379538 1.861760610035943 -3.419541345862942 -0.67270172893393143 3.8699482021954261 -2.1370875469558519 4.4867691497035569 21.201695267916367 17.621559708628489 22.904923347674906 32.610521371023992 22.875101246999861 15.595905622227225 1.6063495445627323 25.362170647832091 11.721295104135276 3.5995158143458457 23.159624674782822 -0.11056779046824897 7.0017412561019414 19.427287678778928 2.8414761860361146 15.035363250979868 -1.8617211991245772 22.041968726248761 17.591824669097047 -2.2781158557522652 -3.7518147150655086 -2.7225585258987661 27.797164423139261 0.353543817545039 -0.6788302859730182 10.168544196178562 16.456297429379621 -0.66879504287546832 2.3574300981636318 5.476327363259589 1.6163763018828119 29.584579603031404 -2.5199055509456767 0.74584123519863244 -0.70574579844752217 1.9520853591539518 12.295725342159358 5.066875667904112 24.080273486844341 -0.75109196213543705 -0.31660659810366981 2.1080010209594877 3.6932201006509091 4.6390711602577372 5.7750784056587321 1.6297842186760372 0.13259283409823128 0.99444033012403765 -1.432722384547874 21.099351421155429
leaf_weight=1038 24 122 286 1801 314 27 1087 638 1456 142 262 72 37 20 102 23 20 50 235 32 101 70 20 244 349 71 1111 198 559 22 25 760 1950 908 24 1468 801 21 43 247 196 120 426 36 3991 220 91 112 22 118 20 2522 216 40 306 34 85 193 95 105 677 36
leaf_count=1038 24 122 286 1801 314 27 1087 638 1456 142 262 72 37 20 102 23 20 50 235 32 101 70 20 244 349 71 1111 198 559 22 25 760 1950 908 24 1468 801 21 43 247 196 120 426 36 3991 220 91 112 22 118 20 2522 216 40 306 34 85 193 95 105 677 36
internal_value=-0.012672 -0.844012 16.6003 -1.93052 2.02084 18.9402 1.32217 -2.93033 -0.729759 4.46118 0.622523 -0.00742187 23.0203 17.0858 20.3169 25.3476 16.2054 15.8602 1.6421 20.2415 14.7269 -0.0167689 24.1491 1.32764 5.89827 18.7573 2.26493 13.9202 -1.17687 17.4369 22.0448 -2.46302 -3.65784 -3.42492 23.838 -0.097836 -0.8556 13.8383 18.5271 0.699686 2.71759 3.5432 0.987529 27.3354 -2.64397 1.52266 -0.497249 0.760858 15.3285 6.51405 20.4753 -0.910996 -1.43119 -0.281168 3.52161 3.06879 4.14717 2.08238 1.72281 -0.484814 -1.87996 23.1398
internal_weight=26441 25181 1260 18257 6924 974 5383 9962 8295 1541 3090 1910 304 670 143 165 527 503 1180 139 362 3197 142 742 609 141 2293 299 5098 71 86 6066 3896 2858 61 3127 1168 41 63 629 551 316 670 56 4629 342 1659 203 49 467 91 3297 775 287 932 541 391 227 1182 906 1437 68
internal_count=26441 25181 1260 18257 6924 974 5383 9962 8295 1541 3090 1910 304 670 143 165 527 503 1180 139 362 3197 142 742 609 141 2293 299 5098 71 86 6066 3896 2858 61 3127 1168 41 63 629 551 316 670 56 4629 342 1659 203 49 467 91 3297 775 287 932 541 391 227 1182 906 1437 68
is_linear=0
shrinkage=0.05


Tree=10
num_leaves=63
num_cat=0
split_feature=15 2 15 7 15 22 22 13 12 17 12 2 15 2 9 2 0 10 15 3 2 17 18 22 15 3 2 13 11 16 25 10 25 21 0 18 18 0 25 22 0 22 18 0 0 7 12 17 25 12 7 22 25 2 0 2 3 22 2 6 12 22
split_gain=1.34455e+08 3.15618e+07 8.08862e+06 6.31314e+06 4.09234e+06 1.57311e+06 1.3818e+06 1.20832e+06 1.08643e+06 1.06202e+06 1.04466e+06 763517 828282 727993 597682 528857 506605 504384 470941 437140 463237 413327 392768 322544 317868 299266 277143 248157 234070 371718 243832 226622 226184 187450 179818 177767 175920 174311 171823 159058 156578 156068 155262 155053 152204 147966 147070 142528 138362 132296 129808 125493 125138 118257 116799 112261 166186 158671 113236 111983 104562 103264
threshold=586.08333333333337 2020.5000000000002 241.70416666666668 433.50000000000006 1012.3333333333334 4.5000000000000009 5.5000000000000009 191.02000000000001 420.50000000000006 270.66291666666672 753.00000000000011 2022.5000000000002 368.48583333333335 2024.5000000000002 702.00000000000011 2023.5000000000002 15.190000000000001 1258.5000000000002 837.58333333333337 4.5000000000000009 2021.5000000000002 413.97916666666674 247.46463367108854 4.5000000000000009 349.35416666666669 3.5000000000000004 2018.5000000000002 214.35500000000005 806.50000000000011 126.01302812001011 6.5000000000000009 1105.5000000000002 7.5000000000000009 -0.16168938718308065 14.690000000000001 209.67937252777904 16.797263428949584 12.870000000000003 1.5000000000000002 5.5000000000000009 13.280000000000003 7.5000000000000009 116.32247656064384 14.170000000000002 14.835000000000003 265.50000000000006 322.55000000000007 316.67000000000007 5.5000000000000009 239.64500000000001 262.75000000000006 2.5000000000000004 8.5000000000000018 2010.5000000000002 12.870000000000003 2023.5000000000002 4.5000000000000009 8.5000000000000018 2021.5000000000002 0.6830127018922193 343.54000000000002 5.5000000000000009
decision_type=2 2 2 2 2 2 2 2 2 2 2 2 2 2 2 2 2 2 2 2 2 2 2 2 2 2 2 2 2 2 2 2 2 2 2 2 2 2 2 2 2 2 2 2 2 2 2 2 2 2 2 2 2 2 2 2 2 2 2 2 2 2
left_child=1 2 7 6 5 13 11 34 40 50 17 19 32 18 43 16 -12 22 28 20 37 26 31 -21 55 51 46 53 29 30 -2 44 45 54 -1 59 -25 -3 -26 -29 -5 -10 -30 -15 -6 -13 61 -48 -33 -40 -4 -14 -17 -9 -20 56 58 -58 -8 -35 -42 -11
right_child=4 3 9 8 10 -7 24 27 41 21 15 12 25 14 -16 52 -18 -19 33 23 -22 -23 -24 36 38 -27 -28 39 42 -31 -32 48 -34 35 -36 -37 -38 -39 49 -41 60 -43 -44 -45 -46 -47 47 -49 -50 -51 -52 -53 -54 -55 -56 -57 57 -59 -60 -61 -62 -63
leaf_value=-3.7613942228800532 17.131255735200025 1.9451998565324957 -1.6226585605311143 4.9605859594880508 17.008758481139154 8.4842692412364666 0.26653499550466558 -3.3717215778614156 4.1223525992550121 -1.5614965419580158 24.109465244838169 -2.1252136632120795 6.2657645925824497 11.507743631916128 21.407270973416086 19.525075700949717 34.296118052536471 24.049185673597719 21.325463709712452 1.4441790318493979 3.5324684016528352 3.4490206009220987 24.688824379384812 1.4433197486627403 4.1215374261310593 0.72747873057106338 0.36802127832446485 -2.3222672895681487 15.122167807671131 20.457384754786982 10.374498569514742 16.366531446292928 0.360210321343861 13.648762621862156 -2.906329160113418 18.969597715886842 4.0727364277284464 -1.20697047231761 0.65615185400853671 -1.5712134564278 3.0687937568076959 7.125407079947407 12.032971867685436 17.395621450906969 11.566846552280964 -0.69115269384553768 -0.06887562884463698 2.2844119294231455 22.030772662984916 2.662969868573466 -1.0131773842809204 2.6278807960976529 24.66730572327117 -2.5824445073045723 17.459017130127901 0.1205348799968588 1.7779008351401302 3.4773343868780624 2.0748687175564431 17.808067818896262 4.507441588180928 -0.53072009725077463
leaf_weight=2613 26 53 2039 284 31 73 238 604 48 264 23 239 27 23 105 21 30 55 28 486 84 75 20 84 193 352 1212 2728 61 32 29 22 406 82 807 31 264 252 89 952 399 489 139 24 24 727 327 80 26 1076 1530 194 40 2241 97 113 519 187 136 22 186 3044
leaf_count=2613 26 53 2039 284 31 73 238 604 48 264 23 239 27 23 105 21 30 55 28 486 84 75 20 84 193 352 1212 2728 61 32 29 22 406 82 807 31 264 252 89 952 399 489 139 24 24 727 327 80 26 1076 1530 194 40 2241 97 113 519 187 136 22 186 3044
internal_value=-0.01731 -0.740053 -1.82823 2.08783 17.3983 15.4867 1.34982 -2.7984 5.08942 -0.702528 22.4451 0.652363 0.0368258 16.2167 19.2964 26.2085 29.9293 20.0214 15.3575 1.6312 0.246963 -0.232382 18.2023 2.27673 2.2159 1.63327 -0.288491 -2.39931 13.9445 16.1391 13.594 16.92 -0.629979 16.9112 -3.55972 15.5743 3.43866 -0.658742 2.73909 -2.12802 3.99598 6.8578 12.9823 14.545 14.6595 -1.04615 -0.502681 0.394122 19.4742 2.50973 -1.36142 3.07498 22.932 -2.75012 18.3415 1.62017 1.77704 2.22847 0.924503 14.5449 3.52691 -0.613029
internal_weight=26705 25641 18516 7125 1064 772 5719 9945 1406 8571 292 3168 1945 699 152 114 53 178 547 1223 389 5002 123 834 2551 573 4927 6525 287 87 55 103 1372 260 3420 135 348 305 1358 3680 869 537 200 47 55 966 3715 407 48 1165 3569 221 61 2845 125 1193 1080 706 374 104 585 3308
internal_count=26705 25641 18516 7125 1064 772 5719 9945 1406 8571 292 3168 1945 699 152 114 53 178 547 1223 389 5002 123 834 2551 573 4927 6525 287 87 55 103 1372 260 3420 135 348 305 1358 3680 869 537 200 47 55 966 3715 407 48 1165 3569 221 61 2845 125 1193 1080 706 374 104 585 3308
is_linear=0
shrinkage=0.05


Tree=11
num_leaves=63
num_cat=0
split_feature=15 2 17 7 15 22 22 15 12 12 15 2 15 2 9 2 10 15 12 18 17 17 11 2 4 7 4 7 6 9 15 10 20 25 9 2 2 21 17 2 2 15 22 25 22 7 17 25 2 25 10 25 22 25 4 12 16 17 22 15 2 2
split_gain=1.21375e+08 2.84852e+07 7.30164e+06 5.69778e+06 3.6959e+06 1.4201e+06 1.24707e+06 1.24152e+06 980528 943200 790769 689100 747589 657063 539053 477564 454936 425145 400541 354751 317664 289519 286412 274445 270134 263863 236970 226187 212439 227176 205849 204650 200978 185165 215403 173057 170235 170165 172461 169301 160447 219893 154733 152797 149949 149325 145108 124889 120102 119090 118504 190856 113328 112843 111511 110972 110857 108633 105253 101155 95119.8 93556.7
threshold=586.08333333333337 2020.5000000000002 245.36125000000001 433.50000000000006 1012.3333333333334 4.5000000000000009 5.5000000000000009 194.34000000000003 420.50000000000006 753.00000000000011 290.03500000000003 2022.5000000000002 368.48583333333335 2024.5000000000002 702.00000000000011 2023.5000000000002 1258.5000000000002 837.58333333333337 233.16500000000005 247.46463367108854 413.97916666666674 346.93750000000006 968.50000000000011 2021.5000000000002 1.5000000000000002 223.54000000000005 1.5000000000000002 262.75000000000006 0.25000000000000017 727.50000000000011 297.53416666666675 1105.5000000000002 0.020007285818368862 5.5000000000000009 743.50000000000011 2010.5000000000002 2012.5000000000002 -0.12477436823104691 858.91666666666674 2015.5000000000002 2009.5000000000002 329.22916666666674 4.5000000000000009 12.500000000000002 8.5000000000000018 489.00000000000006 456.29166666666669 5.5000000000000009 2021.5000000000002 4.5000000000000009 400.62500000000006 1.0000000180025095e-35 2.5000000000000004 8.5000000000000018 1.5000000000000002 177.07000000000002 49.159604012508943 858.91666666666674 4.5000000000000009 404.25000000000006 2022.5000000000002 2015.5000000000002
decision_type=2 2 2 2 2 2 2 2 2 2 2 2 2 2 2 2 2 2 2 2 2 2 2 2 2 2 2 2 2 2 2 2 2 2 2 2 2 2 2 2 2 2 2 2 2 2 2 2 2 2 2 2 2 2 2 2 2 2 2 2 2 2
left_child=1 2 7 6 5 13 11 35 45 16 27 18 30 17 32 22 19 28 26 31 40 -8 -11 43 52 61 48 -4 29 -2 -13 -6 -15 34 -30 -1 -37 -19 -39 -38 -12 -42 -25 -20 50 -5 -10 -33 -3 -32 60 -52 -14 -17 -27 -41 -46 -31 -28 -26 -23 -9
right_child=4 3 10 8 9 -7 21 25 46 15 20 12 24 14 -16 53 -18 37 23 -21 -22 44 -24 42 59 54 58 -29 33 57 49 47 -34 -35 -36 36 39 38 -40 55 41 -43 -44 -45 56 -47 -48 -49 -50 -51 51 -53 -54 -55 -56 -57 -58 -59 -60 -61 -62 -63
leaf_value=-3.8922608548891016 9.1745397198710084 -1.2223689678158662 -1.3913392460151162 3.2956837983239549 13.929121562140821 8.0606361475264823 1.5933344257292452 -2.7506612914466864 3.1791511063407092 24.993980291119446 -1.1989271843195966 -1.48673790907245 5.9536324997229775 17.046130893438185 20.337926107128954 18.553448551413005 22.848908611650696 17.290124793913108 1.2273101875529786 23.460524920563198 3.2767991981715876 1.7575549469097429 32.803157307678489 2.5295337939232994 0.10425425399906843 -1.4013543322290294 0.87985838491577795 -0.70053107027828632 20.762094519148658 14.701491031855022 -0.71694988912115898 15.551907751678881 10.395798570975597 12.906297187680309 14.380616645052223 -2.5672474432025045 -4.0529265639837764 17.927182918422858 13.501964319506445 -3.609934263365044 -0.051704489785653701 1.4892481297666067 5.4142855586191407 5.5091836512346806 1.2135192176012577 4.6579765957884378 6.718712276221499 20.933454561781609 2.0899690611484907 0.41569309404350108 6.3158822960112673 1.7604190469992713 2.4965544526691232 23.43701633063338 -2.0569313237376834 -2.6337749667320147 4.0295570214589445 11.576770867626378 2.2586295059424457 1.9151069068900857 3.5740858373231692 -2.1852650485536209
leaf_weight=990 49 158 1939 550 55 73 1327 1916 31 30 261 442 27 24 105 21 55 139 214 20 75 83 23 81 238 836 389 3048 23 64 486 22 23 61 35 926 645 31 90 506 2326 257 110 23 235 319 506 26 33 444 25 277 194 40 2911 691 41 55 215 114 563 1189
leaf_count=990 49 158 1939 550 55 73 1327 1916 31 30 261 442 27 24 105 21 55 139 214 20 75 83 23 81 238 836 389 3048 23 64 486 22 23 61 35 926 645 31 90 506 2326 257 110 23 235 319 506 26 33 444 25 277 194 40 2911 691 41 55 215 114 563 1189
internal_value=-0.0163536 -0.703042 -1.73683 1.98348 16.5304 14.7138 1.28236 -2.59391 4.83504 21.3266 -0.586582 0.619774 0.035003 15.4074 18.3332 24.9026 19.0236 14.5911 1.54968 17.2959 0.067027 2.10514 28.4384 2.78277 1.55169 -2.19329 0.885562 -0.969148 13.2486 12.0805 -0.598489 16.0773 13.8208 14.8862 16.9427 -3.32429 -3.12101 16.0674 14.6496 -3.39924 -0.0177293 0.101665 4.1929 1.64502 2.65983 3.79625 6.51502 18.5045 -0.64926 -0.176212 2.95852 2.13951 2.92144 21.789 -1.91071 -3.04669 1.63317 13.2683 1.37095 0.691115 3.34101 -2.53423
internal_weight=26705 25641 18516 7125 1064 772 5719 10610 1406 292 7906 3168 1945 699 152 114 178 547 1223 123 2919 2551 53 428 573 6852 795 4987 287 168 1372 103 47 119 58 3758 2768 260 121 1842 2844 2583 191 237 1224 869 537 48 191 930 948 302 221 61 3747 1197 276 119 604 352 646 3105
internal_count=26705 25641 18516 7125 1064 772 5719 10610 1406 292 7906 3168 1945 699 152 114 178 547 1223 123 2919 2551 53 428 573 6852 795 4987 287 168 1372 103 47 119 58 3758 2768 260 121 1842 2844 2583 191 237 1224 869 537 48 191 930 948 302 221 61 3747 1197 276 119 604 352 646 3105
is_linear=0
shrinkage=0.05


Tree=12
num_leaves=63
num_cat=0
split_feature=17 7 13 13 13 22 13 18 0 22 17 13 6 18 17 17 20 5 17 23 0 8 22 13 7 22 13 11 0 16 25 10 11 22 22 25 0 7 7 18 5 23 11 18 4 13 10 21 20 23 0 5 0 7 7 4 17 18 23 25 25 22
split_gain=1.09216e+08 2.43947e+07 6.50416e+06 4.17199e+06 3.32365e+06 1.3737e+06 1.24961e+06 1.15056e+06 852931 710186 685824 680103 606300 520663 428625 398782 382202 329282 304399 297721 271986 250947 265504 219434 198597 195438 292036 170574 233613 161177 157463 156775 155396 149701 148139 146950 146250 140673 134680 133001 128158 127856 126514 120434 118874 117305 112863 118050 105617 116384 89178.1 82009.1 79674.8 74917.4 70948.8 85715 70823.6 70206.9 67703.4 66348.6 63910 65292.2
threshold=555.58333333333348 308.16500000000002 239.36500000000004 441.83333333333343 924.41666666666686 4.5000000000000009 189.44500000000005 247.46463367108854 15.610000000000001 6.5000000000000009 272.54500000000007 348.70833333333343 1.0000000180025095e-35 116.32247656064384 456.29166666666669 1121.0416666666667 -0.0081365523139099154 -0.24999999999999994 216.34375000000003 35.500000000000007 13.280000000000003 627.50000000000011 1.0000000180025095e-35 834.16666666666686 295.28000000000003 5.5000000000000009 399.83333333333343 968.50000000000011 12.870000000000003 64.374037011656768 4.5000000000000009 827.50000000000011 1105.5000000000002 5.5000000000000009 8.5000000000000018 4.5000000000000009 14.690000000000001 346.33500000000009 262.75000000000006 116.32247656064384 -0.24999999999999994 46.500000000000007 1155.0000000000002 135.98687856752832 1.5000000000000002 1269.3333333333337 338.50000000000006 0.50001363661157483 0.039248132047276181 45.500000000000007 14.145000000000001 -0.6830127018922193 14.255000000000001 917.50000000000011 169.08500000000001 1.5000000000000002 354.04166666666669 13.112159711539174 32.500000000000007 4.5000000000000009 7.5000000000000009 8.5000000000000018
decision_type=2 2 2 2 2 2 2 2 2 2 2 2 2 2 2 2 2 2 2 2 2 2 2 2 2 2 2 2 2 2 2 2 2 2 2 2 2 2 2 2 2 2 2 2 2 2 2 2 2 2 2 2 2 2 2 2 2 2 2 2 2 2
left_child=1 2 6 11 5 13 36 12 45 39 38 -3 19 17 -11 27 41 -2 40 20 -6 -19 30 32 -12 26 29 -14 -29 59 -23 -24 58 57 50 -25 54 -27 -4 -5 -8 -15 -17 -22 -28 -9 -39 -48 -21 -50 -16 -30 -36 -37 -1 -56 -46 -20 -18 -13 -26 -62
right_child=4 3 10 9 7 -7 18 8 -10 14 24 25 15 16 34 42 23 21 33 48 43 22 31 35 60 37 44 28 51 -31 -32 -33 -34 -35 52 53 -38 46 -40 -41 -42 -43 -44 -45 56 -47 47 -49 49 -51 -52 -53 -54 -55 55 -57 -58 -59 -60 -61 61 -63
leaf_value=-3.6813535045893797 13.290263022865364 0.68952266405474072 -1.2479543546222507 2.8468485033126574 17.776938404756432 7.4620126692260191 -2.6636169474364042 19.266145194688409 33.706881182466574 3.6468028586708385 -0.4979192207295402 -0.33907807044123622 20.28154440383765 14.138807051111838 7.2638957706640372 26.434516921201585 8.1546011489268793 12.333928291035885 -1.3153251237034911 19.66222378301492 8.6110640351342962 12.063531769558601 21.191904900233993 10.419443279943424 -0.092153772137098605 0.17404102023025875 4.200664161161634 20.494978154170049 11.645574176845265 2.4654970430984466 17.436514527381622 16.516321251728282 13.999889478638273 -1.0494133403989865 5.103416876069562 13.33709053626427 -2.5906111180280198 1.5256649235317628 -0.71180412422184669 7.0173671931176633 -2.0636059052364923 18.24834329438902 21.327010938462969 13.611806996927221 3.2603582201116819 24.460724940006202 2.6234295118231419 0.62237375232077452 18.300687728815781 12.877814426706799 5.9509596712028419 16.137380239783052 1.3615057172466865 17.818955773500658 -2.4568508378097147 -3.3769207350889219 1.4016479090223728 -2.0007182901360934 10.953841944348449 0.81152032645005245 0.25993507564958152 1.3503897140740218
leaf_weight=1183 82 1809 2839 415 22 86 1643 31 20 222 2535 203 52 126 224 21 61 24 471 37 26 24 61 23 1348 80 84 23 20 111 36 29 21 758 50 22 724 361 1995 20 1949 24 43 24 76 21 1363 78 23 20 320 25 20 20 337 1036 158 1824 36 327 897 162
leaf_count=1183 82 1809 2839 415 22 86 1643 31 20 222 2535 203 52 126 224 21 61 24 471 37 26 24 61 23 1348 80 84 23 20 111 36 29 21 758 50 22 724 361 1995 20 1949 24 43 24 76 21 1363 78 23 20 320 25 20 20 337 1036 158 1824 36 327 897 162
internal_value=-0.0154558 -0.672875 -1.51867 2.14132 15.5366 13.3787 -2.42031 19.1026 24.8657 4.67984 -0.603269 1.44737 17.8607 14.2411 5.53255 19.8056 12.9253 15.9471 -2.02608 15.4947 13.1161 17.1907 17.9591 11.3747 -0.189073 1.92988 1.34866 18.062 16.3373 0.733892 15.3111 19.7054 10.0685 -1.65888 6.21365 13.7267 -3.2189 2.22596 -1.0267 3.04018 -2.33812 14.8081 23.0416 11.0339 2.58724 21.407 2.31704 2.51517 17.6163 15.8143 6.49283 14.1714 4.03784 15.5087 -3.39676 -3.15129 2.00649 -1.86012 9.20376 0.370829 0.136203 0.426863
internal_weight=26705 25622 19701 5921 1083 675 9925 408 72 1271 9776 4650 336 589 836 184 333 256 6645 152 72 174 150 183 4942 2841 959 120 68 641 60 90 118 3053 614 65 3280 1882 4834 435 3592 150 64 50 318 52 1802 1441 80 43 544 45 70 42 2556 1373 234 2295 97 530 2407 1059
internal_count=26705 25622 19701 5921 1083 675 9925 408 72 1271 9776 4650 336 589 836 184 333 256 6645 152 72 174 150 183 4942 2841 959 120 68 641 60 90 118 3053 614 65 3280 1882 4834 435 3592 150 64 50 318 52 1802 1441 80 43 544 45 70 42 2556 1373 234 2295 97 530 2407 1059
is_linear=0
shrinkage=0.05


Tree=13
num_leaves=63
num_cat=0
split_feature=15 2 17 13 15 15 22 22 12 2 12 15 2 13 9 2 0 10 3 2 15 15 18 22 17 3 15 11 16 25 10 25 20 20 18 23 22 0 0 2 22 0 25 2 0 12 13 12 22 18 12 2 2 2 10 13 25 2 3 22 2 22
split_gain=9.89622e+07 2.36825e+07 5.9586e+06 4.47866e+06 3.02548e+06 1.1586e+06 1.15036e+06 1.05614e+06 797054 756554 739554 575033 550689 517387 447564 400094 434561 385646 383497 383629 348533 327067 293160 283333 269247 241402 236937 197746 323531 202721 177147 175150 174386 158632 155872 148978 144655 143824 137334 131042 150785 130534 128970 124725 144355 124402 162028 124106 121884 118523 118352 114387 112629 125577 106681 105844 104531 101362 143304 153757 102829 101335
threshold=586.08333333333337 2020.5000000000002 250.19750000000002 433.41666666666669 1012.3333333333334 212.29833333333335 4.5000000000000009 5.5000000000000009 753.00000000000011 2022.5000000000002 420.50000000000006 368.48583333333335 2024.5000000000002 289.04166666666669 702.00000000000011 2023.5000000000002 15.190000000000001 1258.5000000000002 4.5000000000000009 2021.5000000000002 837.58333333333337 186.28500000000005 247.46463367108854 4.5000000000000009 413.97916666666674 3.5000000000000004 349.35416666666669 806.50000000000011 126.01302812001011 6.5000000000000009 1105.5000000000002 7.5000000000000009 0.020007285818368862 0.11111746031746041 16.797263428949584 40.500000000000007 7.5000000000000009 12.870000000000003 13.725000000000001 2018.5000000000002 5.5000000000000009 14.835000000000003 1.5000000000000002 2010.5000000000002 14.255000000000001 265.50000000000006 344.83333333333343 257.75000000000006 2.5000000000000004 116.32247656064384 360.50000000000006 2010.5000000000002 2012.5000000000002 2015.5000000000002 968.50000000000011 266.72166666666675 5.5000000000000009 2023.5000000000002 4.5000000000000009 8.5000000000000018 2021.5000000000002 6.5000000000000009
decision_type=2 2 2 2 2 2 2 2 2 2 2 2 2 2 2 2 2 2 2 2 2 2 2 2 2 2 2 2 2 2 2 2 2 2 2 2 2 2 2 2 2 2 2 2 2 2 2 2 2 2 2 2 2 2 2 2 2 2 2 2 2 2
left_child=1 2 5 7 6 21 12 9 17 18 38 31 20 55 32 16 -10 22 19 37 27 51 30 -20 45 -13 57 28 29 -2 41 48 -14 35 -25 54 -12 -3 -5 40 -7 -6 -28 -23 -45 -15 -47 -44 -11 -29 -49 -1 -53 -54 -22 -4 -32 58 60 -60 -9 -42
right_child=4 3 13 10 8 39 -8 26 15 11 36 25 14 24 -16 -17 -18 -19 23 -21 33 43 -24 34 -26 -27 42 49 -30 -31 56 -33 -34 -35 -36 -37 -38 -39 -40 -41 61 -43 47 44 -46 46 -48 50 -50 -51 -52 52 53 -55 -56 -57 -58 -59 59 -61 -62 -63
leaf_value=-3.6644178418140463 14.809898037380641 1.7991563241641177 -1.1234449940556805 4.3778797325799372 14.626232905249887 -2.0487583997055787 7.2947540775043365 0.17296047763776148 20.424318822224933 1.9203550218214951 3.3792839736903222 2.6721556689531982 15.476166844664768 -0.53466845579354472 18.411685864841452 19.704059274926323 29.816953067209241 20.669608784587329 1.3675326936316379 3.2480134716782363 15.859386262703289 -3.0177463281019343 21.162443830955088 1.3085370449741305 2.9825231018777538 0.52526870403936454 3.572380234247635 12.93026939616851 17.97995227801837 8.6603956168664684 14.010535163361562 0.30196968094986026 9.2882831311329088 12.228028700086805 3.763387724914049 17.102817980539104 6.1167647809124652 -1.0640962493698638 2.9793426768268261 -1.1975695944078149 0.25636325714645647 9.6078582589557051 0.77081922082026277 -2.6635606407847852 -1.9160379317790543 0.027573561863630115 1.5792125751860824 2.6016201125604015 -1.0409826876547708 10.23389410077883 1.089051691950117 -2.4502606101776903 -3.9118028167421546 -2.8797858101720717 12.837821040955845 -0.61067978197253159 18.927765225816046 0.021128414912523159 1.5615014237485068 3.2071191739096196 1.8804201427759399 -1.5148992255629283
leaf_weight=797 26 53 1745 265 31 3023 73 238 23 36 54 211 24 918 105 61 30 55 494 84 55 696 20 84 75 345 202 61 32 29 22 410 23 62 283 70 490 252 525 907 87 24 134 1208 1392 1954 184 910 933 139 151 715 448 870 73 2379 26 113 523 195 140 1118
leaf_count=797 26 53 1745 265 31 3023 73 238 23 36 54 211 24 918 105 61 30 55 494 84 55 696 20 84 75 345 202 61 32 29 22 410 23 62 283 70 490 252 525 907 87 24 134 1208 1392 1954 184 910 933 139 151 715 448 870 73 2379 26 113 523 195 140 1118
internal_value=-0.0145852 -0.634639 -1.57725 1.81495 14.9266 -2.29719 13.2829 1.21325 19.2659 0.602433 4.42672 -0.016948 13.9072 -0.459768 16.5852 22.5523 25.7871 17.1497 1.56116 0.25812 13.1601 -2.76155 15.5602 2.14977 0.0248245 1.34035 1.95972 11.9446 13.9578 11.5891 14.4528 -0.564258 12.4743 14.4967 3.20204 15.2005 5.84571 -0.566104 3.44897 -1.74318 -1.86019 12.4579 2.4033 -2.42281 -2.26344 -0.0478566 0.16118 2.20539 -0.930772 11.0624 2.38648 -3.15596 -2.95646 -3.23085 14.1476 -0.827671 16.708 1.447 1.59399 2.00882 0.805696 -1.387
internal_weight=26705 25641 18516 7125 1064 11261 772 5791 292 3185 1334 1935 699 7255 152 114 53 178 1250 389 547 6126 123 861 3131 556 2606 287 87 55 103 1379 47 260 367 198 544 305 790 5135 4228 55 1397 3296 2600 3056 2138 1195 969 200 1061 2830 2033 1318 128 4124 48 1209 1096 718 378 1205
internal_count=26705 25641 18516 7125 1064 11261 772 5791 292 3185 1334 1935 699 7255 152 114 53 178 1250 389 547 6126 123 861 3131 556 2606 287 87 55 103 1379 47 260 367 198 544 305 790 5135 4228 55 1397 3296 2600 3056 2138 1195 969 200 1061 2830 2033 1318 128 4124 48 1209 1096 718 378 1205
is_linear=0
shrinkage=0.05


Tree=14
num_leaves=63
num_cat=0
split_feature=15 2 15 7 15 24 7 2 15 15 12 17 2 2 0 9 21 12 2 6 0 3 2 17 10 15 7 2 12 20 7 9 20 16 1 12 6 16 12 12 15 18 12 0 5 0 10 2 0 16 2 12 12 15 0 21 20 12 3 6 18 10
split_gain=8.93328e+07 2.1374e+07 5.39734e+06 4.15639e+06 2.7322e+06 1.03842e+06 850638 933022 791410 721144 720268 712724 497085 453258 567069 403663 361231 320871 316831 388354 361228 314824 524710 279496 277145 274732 226933 217062 216454 209124 163132 162647 157445 148428 139644 131329 121509 120717 120254 117177 134724 116178 114412 114323 110627 104674 104665 103233 105142 101317 100161 101223 92186.8 147853 92420 133687 91092.4 88498.6 81739 80114.6 80107.8 75222.1
threshold=586.08333333333337 2020.5000000000002 241.70416666666668 433.50000000000006 1012.3333333333334 1.0000000180025095e-35 344.50000000000006 2022.5000000000002 186.28500000000005 499.91666666666669 698.00000000000011 270.66291666666672 2024.5000000000002 2023.5000000000002 15.190000000000001 702.00000000000011 1.0976190476190479 248.87500000000003 2022.5000000000002 0.6830127018922193 13.280000000000003 4.5000000000000009 2021.5000000000002 413.97916666666674 1136.5000000000002 311.70166666666677 677.50000000000011 2018.5000000000002 179.58500000000001 0.16004640371229698 214.64500000000001 963.50000000000011 0.020007285818368862 142.82458746170775 -13.709999999999999 288.16500000000002 -0.24999999999999994 43.779751788546072 315.50000000000006 297.93000000000006 458.41666666666669 16.713948085537954 322.55000000000007 12.870000000000003 -0.24999999999999994 12.605000000000002 350.50000000000006 2010.5000000000002 14.555000000000001 59.60550868068723 2018.5000000000002 248.87500000000003 375.83500000000009 391.72916666666674 12.870000000000003 0.22806140350877205 0.061925832279814637 285.35500000000008 4.5000000000000009 1.0000000180025095e-35 46.020334738149742 854.00000000000011
decision_type=2 2 2 2 2 2 2 2 2 2 2 2 2 2 2 2 2 2 2 2 2 2 2 2 2 2 2 2 2 2 2 2 2 2 2 2 2 2 2 2 2 2 2 2 2 2 2 2 2 2 2 2 2 2 2 2 2 2 2 2 2 2
left_child=1 2 8 6 5 -2 7 21 47 39 16 50 18 14 -12 32 24 37 -7 20 31 22 43 27 -6 59 61 42 58 -22 -30 -20 -14 -15 41 60 -26 -8 -11 49 -41 -23 -13 -3 -32 -36 -44 -1 -49 -5 51 -4 54 -54 55 -19 -28 -56 -10 -9 -27 -21
right_child=4 3 11 9 10 12 17 25 28 38 13 23 15 33 -16 -17 -18 52 19 26 29 34 -24 -25 36 35 56 -29 30 -31 44 -33 -34 -35 45 -37 -38 -39 -40 40 -42 -43 46 -45 -46 -47 -48 48 -50 -51 -52 -53 53 -55 57 -57 -58 -59 -60 -61 -62 -63
leaf_value=-3.4812200042896659 6.9305153293583537 1.4342008836348528 -1.552714572232869 1.6349661252947687 11.928498041737967 18.161648331638194 0.0079573610979292268 -1.8316606903743737 -2.03439592674453 3.4021127635558588 19.486875917640749 -0.52672013503358206 14.705569311593081 20.019787464830273 28.882342333042359 17.491977480408355 21.06502476371962 2.355220493599492 12.956316057460274 9.947420375370136 11.347917999334564 0.92004558598440189 3.1834377872302113 2.8335955401870128 13.672080222082352 -0.84282932990975024 14.815072180438134 0.34117335723512504 -2.1718851402473915 8.2630460274362374 -1.9236789671686549 18.325133279375553 8.8258795209777308 15.41801158869378 0.56715857874938624 1.1366256336289613 18.460173951645078 1.49133016474687 5.8191966765771079 3.1224842723774988 4.745446309796125 2.1096855312929437 0.10768450059316764 -0.56852900202933909 -1.3235835095652293 3.7266619223915174 2.8934303475036778 -2.9845405600570043 -2.0717811301842737 3.7285016192011242 -0.56546352453000759 -0.96157966340235945 -0.30027124388025994 2.1249361036432077 1.4723560343914679 4.7076109148865122 18.455648768755545 2.281026539926351 -2.7481299046560026 -0.6964715194043527 0.49750979292411257 14.010125702056124
leaf_weight=797 73 85 1394 169 55 24 294 272 627 58 36 3308 24 47 31 105 27 239 50 31 222 350 142 75 22 260 79 1212 2287 75 1490 21 23 32 32 262 42 257 495 409 187 497 370 438 1588 146 37 1641 392 88 666 1509 103 161 503 81 25 1039 1123 363 195 20
leaf_count=797 73 85 1394 169 55 24 294 272 627 58 36 3308 24 47 31 105 27 239 50 31 222 350 142 75 22 260 79 1212 2287 75 1490 21 23 32 32 262 42 257 495 409 187 497 370 438 1588 146 37 1641 392 88 666 1509 103 161 503 81 25 1039 1123 363 195 20
internal_value=-0.0137871 -0.602903 -1.4984 1.72424 14.1818 12.6199 1.12542 0.553346 -2.29089 4.15974 18.3055 -0.578842 13.213 20.8048 23.8707 15.7574 15.7937 1.77544 12.5032 12.2401 11.3467 1.33653 0.489166 -0.193695 14.581 -0.425656 14.3526 -0.239835 -2.00953 10.572 -1.85193 14.5679 11.8532 18.1777 1.88618 0.24509 16.8382 0.699993 5.56636 3.24727 3.63242 1.61827 -0.429392 -0.242816 -1.61413 3.15933 0.361595 -2.99819 -2.80866 2.35301 -1.11861 -1.24548 2.05412 1.17896 2.17813 2.95197 15.7071 2.01735 -2.49254 -1.18295 -0.268404 11.565
internal_weight=26705 25641 18516 7125 1064 772 5719 3042 9945 1406 292 8571 699 146 67 152 146 2677 547 523 368 1690 665 5002 119 1352 155 4927 7115 297 5365 71 47 79 1025 717 64 551 553 853 596 847 3715 523 3078 178 407 2830 2033 257 3569 2903 2126 264 1862 320 104 1542 1750 635 455 51
internal_count=26705 25641 18516 7125 1064 772 5719 3042 9945 1406 292 8571 699 146 67 152 146 2677 547 523 368 1690 665 5002 119 1352 155 4927 7115 297 5365 71 47 79 1025 717 64 551 553 853 596 847 3715 523 3078 178 407 2830 2033 257 3569 2903 2126 264 1862 320 104 1542 1750 635 455 51
is_linear=0
shrinkage=0.05


Tree=15
num_leaves=63
num_cat=0
split_feature=17 2 17 15 7 15 15 7 2 11 18 18 17 17 6 1 21 2 16 15 13 5 2 6 2 17 17 17 20 25 2 23 18 5 21 18 7 2 1 21 16 23 14 20 13 2 2 2 18 1 2 2 13 18 15 17 1 6 10 17 23 5
split_gain=8.07978e+07 1.83094e+07 4.77673e+06 3.48734e+06 2.91229e+06 954146 840038 808634 830123 791208 582161 563751 445965 427676 373027 366607 329432 272251 266306 260983 225632 225004 426046 221538 215839 353966 181700 178462 173818 169355 169128 155071 144258 128954 132120 121113 116860 115006 111487 166018 111077 110964 107551 104697 104379 103334 152134 140978 100178 99630.4 97884.7 128335 97430.5 95566.5 89507.7 92848.5 88153.8 81203.9 80551.7 79613 78846.9 87046.9
threshold=536.41666666666686 2020.5000000000002 250.19750000000002 788.3608333333334 433.50000000000006 207.50916666666669 1012.3333333333334 349.50000000000006 2022.5000000000002 602.50000000000011 247.46463367108854 108.03824562111076 466.83333333333343 286.09375000000006 1.0000000180025095e-35 -16.429999999999996 0.22221111111111128 2024.5000000000002 85.700739008375066 310.06250000000006 172.57000000000002 0.25000000000000011 2021.5000000000002 0.6830127018922193 2009.5000000000002 361.36125000000004 1121.0416666666667 1121.0416666666667 0.11498275862068964 9.5000000000000018 2015.5000000000002 23.500000000000004 209.67937252777904 -0.24999999999999994 -0.071735232067510576 49.286832319703201 258.16500000000002 2014.5000000000002 -16.494999999999994 -0.14537684537684539 64.374037011656768 2.5000000000000004 69.171233578832371 0.16665833333333338 300.12500000000006 2010.5000000000002 2012.5000000000002 2015.5000000000002 7.4082547798347429 -15.904999999999999 2012.5000000000002 2010.5000000000002 391.83333333333343 116.32247656064384 316.91666666666669 295.85416666666669 -15.579999999999998 1.0000000180025095e-35 747.50000000000011 194.18041666666667 43.500000000000007 -0.24999999999999994
decision_type=2 2 2 2 2 2 2 2 2 2 2 2 2 2 2 2 2 2 2 2 2 2 2 2 2 2 2 2 2 2 2 2 2 2 2 2 2 2 2 2 2 2 2 2 2 2 2 2 2 2 2 2 2 2 2 2 2 2 2 2 2 2
left_child=1 2 5 9 7 20 17 8 21 28 14 33 -6 36 18 -12 26 23 27 57 -1 31 41 32 -15 54 29 -8 -2 -16 50 -3 38 -11 -35 49 -4 -27 -5 -40 -21 -23 -34 58 -33 -22 59 -48 -9 -14 51 -7 -50 -28 -26 -56 -20 -10 -13 -47 61 -25
right_child=3 4 13 6 12 30 10 48 19 11 15 43 35 24 16 -17 -18 -19 56 40 45 22 -24 60 25 37 53 -29 -30 -31 -32 44 42 34 -36 -37 -38 -39 39 -41 -42 -43 -44 -45 -46 46 47 -49 52 -51 -52 -53 -54 -55 55 -57 -58 -59 -60 -61 -62 -63
leaf_value=-3.048727043262891 6.3356851447339615 1.0517048288777693 -1.2065668288036784 8.9450065246933246 2.9097044649126675 -2.1392078869747766 6.8096376922000106 3.0500106752492342 -1.8069109434121051 11.526892874961675 25.091093092503343 8.5934056704001645 4.5387603574082602 -1.1661079554320135 11.152075659592381 17.391391784581025 22.192033025123894 16.087069356578876 13.794006314538301 0.090026627748678895 -2.8447660732413578 2.6224533954784821 2.8524162869283423 11.652362947685774 -0.096418120000593244 4.1112521667312425 20.951914616444665 13.103491671234918 11.256472000197984 16.591413038022051 -1.3433165628897656 2.7995125455085472 15.840864974702411 18.205631660651481 13.222000873211734 2.9228003500622219 -0.60908450925523083 1.1566087128591613 13.753680540227705 10.615242982541197 2.6797383765785061 -0.05804105099373056 11.314834030289454 7.1252376725854596 1.117210305888392 -1.9722623469702865 -3.0006738017996022 -2.1470293865335899 1.4046220845434636 6.0520958945628616 -2.1539576677491366 -1.1612834398070679 2.0450889059507791 16.383591557388083 3.9459027439497092 0.53716645127533291 18.093333798363094 -0.65525366197353418 12.031100625213899 -0.95228436811718553 17.135011948554965 15.189863263184311
leaf_weight=1626 186 380 1119 39 731 586 20 135 267 30 30 39 301 348 28 35 28 78 31 678 824 41 178 30 2212 68 21 27 20 32 2694 380 39 28 29 75 3048 64 76 102 44 637 22 48 122 691 751 1365 1543 173 1614 786 967 34 21 377 23 359 33 265 28 51
leaf_count=1626 186 380 1119 39 731 586 20 135 267 30 30 39 301 348 28 35 28 78 31 678 824 41 178 30 2212 68 21 27 20 32 2694 380 39 28 29 75 3048 64 76 102 44 637 22 48 122 691 751 1365 1543 173 1614 786 967 34 21 377 23 359 33 265 28 51
internal_value=-0.0178834 -0.612163 -1.43835 12.7328 1.56306 -2.08573 14.7132 1.08142 0.531542 9.01867 16.7421 11.2037 3.71927 -0.43903 15.6054 20.9783 17.263 13.3617 13.2437 -0.399599 -2.55376 1.25372 0.676113 12.8084 0.00671021 0.155597 16.0446 10.4455 6.81869 14.0759 -1.63068 1.81416 12.0449 14.2745 15.6978 4.79649 -0.769558 2.6807 11.4244 11.9622 0.248205 0.104409 14.2298 8.96724 2.39098 -2.34711 -2.21354 -2.45013 1.72294 5.09227 -1.88989 -1.5791 1.65144 18.1628 0.0277911 0.717983 15.6554 -1.14667 10.1836 -1.68966 14.7428 13.8957
internal_weight=26657 25470 18459 1187 7011 11202 774 5731 3086 413 309 207 1280 7257 244 65 143 465 101 1348 5522 1738 856 387 3090 2742 115 47 206 60 5680 882 278 87 57 549 4167 132 217 178 722 678 61 120 502 3896 3072 2116 2645 474 2986 1372 2510 55 2610 398 54 626 72 956 109 81
internal_count=26657 25470 18459 1187 7011 11202 774 5731 3086 413 309 207 1280 7257 244 65 143 465 101 1348 5522 1738 856 387 3090 2742 115 47 206 60 5680 882 278 87 57 549 4167 132 217 178 722 678 61 120 502 3896 3072 2116 2645 474 2986 1372 2510 55 2610 398 54 626 72 956 109 81
is_linear=0
shrinkage=0.05


Tree=16
num_leaves=63
num_cat=0
split_feature=17 2 17 22 7 17 22 17 0 17 2 22 9 21 6 1 11 21 17 6 12 0 20 2 3 0 22 25 20 2 17 2 22 2 17 13 13 22 18 12 13 23 2 3 22 2 2 18 7 6 1 2 25 22 0 2 22 12 12 18 22 18
split_gain=7.29389e+07 1.65246e+07 4.3145e+06 2.96176e+06 2.62844e+06 1.05134e+06 794235 667561 576658 555970 519331 449120 444254 437400 437078 460387 368211 325392 275191 272707 260647 256411 247447 358568 218879 209006 208283 204561 196977 194805 319504 184243 181057 181044 176310 165538 147255 143325 139185 126181 118857 116933 116372 130451 116290 115363 191244 109159 108335 105612 105341 103808 103601 103153 104268 102958 102507 99502.1 97825.7 96974 95556.6 95218.7
threshold=536.41666666666686 2020.5000000000002 241.50041666666672 1.5000000000000002 433.50000000000006 1047.4725000000003 5.5000000000000009 200.75708333333338 16.005000000000003 286.09375000000006 2022.5000000000002 6.5000000000000009 381.12500000000006 0.92502190665716699 0.6830127018922193 -14.424999999999999 253.16500000000005 0.52406692406692412 443.91666666666669 1.0000000180025095e-35 804.00000000000011 14.765000000000002 -0.010471491228070172 2024.5000000000002 4.5000000000000009 14.145000000000001 2.5000000000000004 7.5000000000000009 0.13334166666666661 2009.5000000000002 361.36125000000004 2010.5000000000002 5.5000000000000009 2018.5000000000002 346.93750000000006 172.57000000000002 952.08333333333337 5.5000000000000009 116.32247656064384 283.16500000000002 775.83333333333337 25.500000000000004 2021.5000000000002 6.5000000000000009 6.5000000000000009 2012.5000000000002 2015.5000000000002 77.306264184982311 902.50000000000011 1.0000000180025095e-35 -12.889999999999999 2014.5000000000002 4.5000000000000009 8.5000000000000018 14.145000000000001 2021.5000000000002 4.5000000000000009 590.83500000000015 234.66000000000003 59.695641401120632 8.5000000000000018 80.684562141830085
decision_type=2 2 2 2 2 2 2 2 2 2 2 2 2 2 2 2 2 2 2 2 2 2 2 2 2 2 2 2 2 2 2 2 2 2 2 2 2 2 2 2 2 2 2 2 2 2 2 2 2 2 2 2 2 2 2 2 2 2 2 2 2 2
left_child=1 2 7 5 6 13 10 35 17 32 16 47 26 14 15 22 24 19 -13 25 48 -15 23 -2 55 -7 -12 -28 40 -11 -31 -9 33 -4 -8 -1 -24 45 -21 -14 52 -27 43 -18 -34 -33 -47 50 -17 -37 -6 -32 -16 54 -20 -3 -44 59 -26 -5 -36 -62
right_child=3 4 9 57 11 8 34 31 -10 29 12 18 39 21 28 20 42 -19 53 38 -22 -23 36 -25 58 41 27 -29 -30 30 51 37 44 -35 60 49 -38 -39 -40 -41 -42 -43 56 -45 -46 46 -48 -49 -50 -51 -52 -53 -54 -55 -56 -57 -58 -59 -60 -61 61 -63
leaf_value=-2.9153651476988323 10.478583209466992 -0.66134983393603586 -1.5358342046955664 6.4599339500741202 1.3865265541965892 15.274166026632807 1.2891008032884954 -2.4044460211920935 22.767975892352002 -1.107819310463783 2.4699360365301324 2.7418056422207506 0.63084395174515628 20.76521402764644 13.605728012935158 10.425898938499857 0.48917268381280837 19.351377900691798 5.9587592140511099 18.294330942244304 17.21844451183409 13.467935559512004 8.4429758750688038 17.334419125864706 0.99828445959676504 7.338929254868451 -0.99387895584234931 0.32552014055132333 18.520650124431249 0.026409928032582533 3.9059914250030747 -1.0541120295620774 -0.37873583794335852 -0.39268895033167506 2.3477105175255017 -2.5694287923798433 11.331983035019352 -1.0415397867437572 14.6152700796818 2.2977430991333296 14.237306576627688 12.065269783215644 1.5939557877269006 3.1248265088129932 -0.96674148696001083 -2.3624863878678766 -1.541952424739641 3.4540656564127548 14.912498850167077 -1.9811419769581899 3.823441000162096 1.0988684833793672 9.7143924022284072 3.1748330676172918 4.4880605039001482 1.7456049752100715 4.6418977588911368 9.7792543641963405 2.5418874560129723 2.7379743576049806 0.96039304796912117 4.3257695533754505
leaf_weight=1592 85 272 1350 153 271 34 1379 767 27 348 58 223 280 22 34 43 87 38 202 40 38 29 181 25 450 22 951 425 20 2610 68 562 2002 466 952 1588 60 1013 88 191 114 35 38 102 1450 1101 2004 141 21 1474 53 64 38 84 306 53 102 20 133 20 235 23
leaf_count=1592 85 272 1350 153 271 34 1379 767 27 348 58 223 280 22 34 43 87 38 202 40 38 29 181 25 450 22 951 425 20 2610 68 562 2002 466 952 1588 60 1013 88 191 114 35 38 102 1450 1101 2004 141 21 1474 53 64 38 84 306 53 102 20 133 20 235 23
internal_value=-0.016912 -0.581551 -1.36644 12.0978 1.48493 13.1986 1.02737 -2.06178 15.7764 -0.526073 0.493031 3.53337 -0.0249742 12.1654 11.8158 10.9401 1.29071 15.0333 4.24092 14.2755 13.9084 16.6504 10.0738 12.0511 0.771277 12.1464 -0.46258 -0.586363 13.7352 0.00638851 0.147835 -1.68599 -0.838389 -1.24253 1.67579 -2.50155 9.16665 -1.56819 15.7784 1.30716 13.211 10.2572 2.72359 1.91252 -0.625748 -1.71364 -1.83297 2.29261 11.9191 -2.28631 1.78623 2.54686 11.5684 4.80506 5.07393 -0.268399 3.81636 6.42477 1.35081 6.03151 2.11634 1.26199
internal_weight=26657 25470 18459 1187 7011 994 5731 10101 284 8358 3142 1280 1905 710 659 453 1237 257 815 219 102 51 351 110 908 91 1434 1376 206 3090 2742 5447 5268 1816 2589 4654 241 4680 128 471 186 57 329 189 3452 3667 3105 465 64 3062 324 132 72 592 508 325 140 193 583 173 1210 258
internal_count=26657 25470 18459 1187 7011 994 5731 10101 284 8358 3142 1280 1905 710 659 453 1237 257 815 219 102 51 351 110 908 91 1434 1376 206 3090 2742 5447 5268 1816 2589 4654 241 4680 128 471 186 57 329 189 3452 3667 3105 465 64 3062 324 132 72 592 508 325 140 193 583 173 1210 258
is_linear=0
shrinkage=0.05


Tree=17
num_leaves=63
num_cat=0
split_feature=17 2 17 15 13 17 22 18 0 11 2 18 21 15 22 11 17 10 3 0 17 1 7 21 22 0 7 23 2 3 2 17 21 3 17 2 2 2 7 2 0 2 0 5 22 5 21 18 1 3 22 22 7 1 2 11 21 3 10 25 22 10
split_gain=6.58416e+07 1.49139e+07 3.89882e+06 2.85831e+06 2.37671e+06 791200 752266 705416 735395 656902 536804 482783 427839 405067 380748 372378 346761 344018 280870 319049 285401 284047 252703 242606 237524 226365 216264 213478 204978 200176 175819 289972 166581 165754 163448 158040 139723 134278 132176 125024 123958 125626 120837 120686 119092 113362 117400 107467 141014 106923 103377 103292 102443 93463.8 92934.1 92155.4 91945.6 87949.4 142846 87050.5 86069.5 104821
threshold=536.41666666666686 2020.5000000000002 250.19750000000002 788.3608333333334 433.41666666666669 206.94458333333333 5.5000000000000009 247.46463367108854 15.440000000000001 602.50000000000011 2022.5000000000002 108.03824562111076 0.80090090090090105 350.08333333333343 6.5000000000000009 253.16500000000005 286.09375000000006 1487.5000000000002 3.5000000000000004 13.280000000000003 937.41666666666686 -14.079999999999998 939.00000000000011 -0.16798950131233595 8.5000000000000018 14.255000000000001 995.00000000000011 45.500000000000007 2010.5000000000002 4.5000000000000009 2009.5000000000002 346.93750000000006 0.014105745584618747 4.5000000000000009 346.93750000000006 2015.5000000000002 2010.5000000000002 2014.5000000000002 249.50000000000003 2021.5000000000002 13.280000000000003 2018.5000000000002 14.145000000000001 -0.24999999999999994 4.5000000000000009 -0.24999999999999994 -0.071735232067510576 74.347334379907124 -13.324999999999998 2.5000000000000004 4.5000000000000009 3.5000000000000004 739.00000000000011 -14.459999999999999 2021.5000000000002 994.50000000000011 0.069532666579060778 1.5000000000000002 627.50000000000011 7.5000000000000009 8.5000000000000018 400.62500000000006
decision_type=2 2 2 2 2 2 2 2 2 2 2 2 2 2 2 2 2 2 2 2 2 2 2 2 2 2 2 2 2 2 2 2 2 2 2 2 2 2 2 2 2 2 2 2 2 2 2 2 2 2 2 2 2 2 2 2 2 2 2 2 2 2
left_child=1 2 5 9 6 25 10 17 12 57 15 45 -9 38 47 29 51 18 22 20 -20 23 32 -21 42 36 -23 -14 -27 54 -18 -32 52 -15 -8 -7 -1 56 -12 43 -38 -42 -16 -17 -37 -11 -47 48 -6 -40 -41 -4 -5 -35 -3 -24 -33 -2 -59 -30 61 -36
right_child=3 4 16 7 14 35 34 8 -10 11 13 -13 27 33 24 39 30 -19 19 21 -22 26 55 -25 -26 28 -28 -29 59 -31 31 37 -34 53 60 44 40 -39 49 50 41 -43 -44 -45 -46 46 -48 -49 -50 -51 -52 -53 -54 -55 -56 -57 -58 58 -60 -61 -62 -63
leaf_value=-3.4137702236237004 8.6435044919137543 -0.62829448288085488 -2.2184508095616882 16.713379084599481 1.0487680466489278 -1.7217894806235969 1.2409066248019751 10.360663512854085 25.896794728141515 10.392910462518863 -1.9980711888462626 8.0535277657365931 22.054619533861455 1.6641273243915256 5.5039010647277982 3.0728774854938816 -1.0524442582132485 18.641738777635503 10.370840961726632 12.129888979125278 15.630818411020137 11.348230912158051 19.242988568886943 9.1788492594083912 2.5777635074533203 -2.5542905315573448 17.467203456566427 14.862912392517343 -1.8281040271947733 1.2906977218477285 -0.00027385654251937518 2.020946424679269 8.6134630421500891 -0.34075431111975257 2.5667650851919062 -1.533259437661868 -1.3005045653628391 0.95158441467828325 0.58949229876072562 1.5939507581891805 -2.71032794341642 -1.704588716148161 4.0171132797326505 0.54576575568897956 -0.87193348263072679 16.655761573492843 11.968760183013181 3.3104745796169937 3.6667815400144201 -0.69801387666793357 4.537132651240646 -0.65226595157532596 12.785910905185951 1.321679493020774 1.6584891055263371 15.0291347999227 5.535883529097946 6.2035877365244279 1.7047215608815056 -0.98127047495310471 1.2120843935251142 1.410072019912004
leaf_weight=445 30 272 108 23 221 2915 1401 30 20 30 157 120 20 338 219 95 348 24 38 122 87 32 26 169 201 902 28 24 1181 589 2551 40 20 280 704 1320 214 116 202 41 2042 367 370 94 1407 28 29 150 67 798 111 4059 78 121 53 33 35 156 20 409 255 272
leaf_count=445 30 272 108 23 221 2915 1401 30 20 30 157 120 20 338 219 95 348 24 38 122 87 32 26 169 201 902 28 24 1181 589 2551 40 20 280 704 1320 214 116 202 41 2042 367 370 94 1407 28 29 150 67 798 111 4059 78 121 53 33 35 156 20 409 255 272
internal_value=-0.016001 -0.552466 -1.29812 11.4942 1.41073 -1.88299 0.98647 13.2872 17.3633 8.13173 0.465252 10.1226 15.0251 -0.065708 3.40842 1.26735 -0.395289 12.7212 12.5018 11.8566 14.0414 11.0747 14.2005 10.4198 4.06409 -2.30631 14.2281 18.1746 -1.95211 0.741119 0.00607551 0.140452 12.8637 0.848669 1.61042 -1.46579 -2.59393 2.01904 -0.649767 2.67719 -2.45472 -2.55719 4.57077 1.81699 -1.19209 12.9639 14.2964 2.22514 1.6589 -0.4379 3.74485 -0.692912 13.696 0.16107 -0.254962 16.9156 3.6665 6.12724 5.69364 -1.61035 2.03083 2.24459
internal_weight=26657 25470 18459 1187 7011 11202 5783 774 94 413 3151 207 74 1896 1228 1255 7257 680 656 476 125 351 180 291 790 5560 60 44 2492 914 3090 2742 121 739 2632 5642 3068 191 1157 341 2623 2409 589 189 2727 87 57 438 288 1000 152 4167 101 401 325 59 75 206 176 1590 1231 976
internal_count=26657 25470 18459 1187 7011 11202 5783 774 94 413 3151 207 74 1896 1228 1255 7257 680 656 476 125 351 180 291 790 5560 60 44 2492 914 3090 2742 121 739 2632 5642 3068 191 1157 341 2623 2409 589 189 2727 87 57 438 288 1000 152 4167 101 401 325 59 75 206 176 1590 1231 976
is_linear=0
shrinkage=0.05


Tree=18
num_leaves=63
num_cat=0
split_feature=17 2 15 7 15 7 12 2 15 12 17 2 16 10 12 22 0 21 3 2 1 15 5 9 0 1 2 17 0 19 12 2 3 2 22 25 2 22 22 2 16 22 22 20 2 7 19 25 17 14 21 0 22 1 0 14 19 2 2 22 22 10
split_gain=5.94469e+07 1.41203e+07 3.53701e+06 2.55753e+06 1.84288e+06 833269 745328 625388 585007 465647 410745 361237 318030 315649 310588 297748 283555 248652 244529 357553 222305 206346 204861 212926 161695 185065 158573 261880 156971 146373 146318 144591 137177 127619 126511 180505 121229 120411 120041 142406 119292 119028 112023 107601 106488 103553 147469 102571 102232 140957 99189.5 88734.8 107653 88100.1 86579.3 171530 87972.1 86395.6 192105 86243.8 85721.3 85655.6
threshold=555.58333333333348 2020.5000000000002 245.86833333333337 464.00000000000006 915.00000000000011 349.50000000000006 602.08500000000015 2022.5000000000002 199.99333333333337 753.00000000000011 286.09375000000006 2023.5000000000002 40.311702186367462 747.50000000000011 247.64000000000001 6.5000000000000009 15.190000000000001 0.77778888888888897 4.5000000000000009 2021.5000000000002 -16.049999999999997 310.06250000000006 -0.6830127018922193 702.00000000000011 13.725000000000001 -16.474999999999998 2009.5000000000002 346.93750000000006 14.255000000000001 0.017858686079720746 288.16500000000002 2015.5000000000002 3.5000000000000004 2010.5000000000002 8.5000000000000018 7.5000000000000009 2014.5000000000002 6.5000000000000009 5.5000000000000009 2018.5000000000002 33.667922310959227 8.5000000000000018 6.5000000000000009 -0.062505859301758768 2018.5000000000002 794.00000000000011 -0.080408456486042709 5.5000000000000009 858.91666666666674 31.722757341273848 -0.16666025641025636 12.870000000000003 8.5000000000000018 -15.554999999999998 12.870000000000003 80.363756341608138 -0.064025172224523794 2016.5000000000002 2011.5000000000002 6.5000000000000009 5.5000000000000009 308.16500000000002
decision_type=2 2 2 2 2 2 2 2 2 2 2 2 2 2 2 2 2 2 2 2 2 2 2 2 2 2 2 2 2 2 2 2 2 2 2 2 2 2 2 2 2 2 2 2 2 2 2 2 2 2 2 2 2 2 2 2 2 2 2 2 2 2
left_child=1 2 8 5 6 7 13 18 28 12 38 16 -6 -2 -7 -5 -11 24 19 61 -19 -9 -8 29 -14 43 -12 57 44 -24 -23 -10 -27 -30 50 -36 -29 40 39 -4 60 53 -33 -26 -1 46 -25 -31 -15 -50 -20 -39 -53 -17 55 -13 -56 58 -28 -40 -16 -3
right_child=4 3 10 15 9 14 22 21 31 11 26 54 17 48 37 41 -18 20 34 -21 -22 30 23 45 25 32 27 36 33 47 -32 42 -34 -35 35 -37 -38 51 59 -41 -42 -43 -44 -45 -46 -47 -48 -49 49 -51 -52 52 -54 -55 56 -57 -58 -59 -60 -61 -62 -63
leaf_value=-2.638328308204092 6.093503599598721 -0.52545864272201548 -1.3327231951995815 2.2503955208527375 8.2244239289742289 0.55230093547945369 8.9573133500380582 -1.0246159668091963 -1.7417617442874027 15.295260824736964 -0.99983716369257403 13.444234327598124 14.874573868040054 11.562814799057334 0.73740118233616692 4.2597667862379565 22.719232424128521 18.053530099502154 4.2666770095078546 2.601213618504584 11.491563271290033 -0.31293716718337039 11.97202870351884 11.564944789484356 16.088941096163342 12.993680074909955 0.66109830042163742 3.4836854616589301 -2.4531020109038502 9.8841198607879566 1.1728579420461605 -1.4109748910088538 8.6887599074710362 -1.5956358103230159 1.6078233912336306 5.3628391309650594 0.90404617922841024 3.7536716623360293 -0.34049510133189703 -0.28647105708031501 2.3055933742289403 3.0312786501888862 -0.61125427374204333 11.238903058865368 -1.6066741631824517 11.647088931713375 15.961010536469217 5.1404770333620045 5.1365832145079908 9.8907214409217907 1.2477597719693403 2.5164105713587368 1.1773997578417263 5.5968921459143539 10.570082514909293 19.627604030020791 14.286320950068571 0.268129372763178 -0.73494077185031614 -0.86493754052525673 1.6288682295840706 1.0726195966252188
leaf_weight=2323 152 449 1281 212 39 571 87 626 3271 26 348 29 44 42 392 364 28 41 28 140 20 466 39 35 26 27 352 75 703 26 257 2123 64 1137 89 50 116 97 1957 436 443 130 552 23 281 103 47 21 23 51 879 542 208 189 24 20 60 1375 821 1308 866 103
leaf_count=2323 152 449 1281 212 39 571 87 626 3271 26 348 29 44 42 392 364 28 41 28 140 20 466 39 35 26 27 352 75 703 26 257 2123 64 1137 89 50 116 97 1957 436 443 130 552 23 281 103 47 21 23 51 879 542 208 189 24 20 60 1375 821 1308 866 103
internal_value=-0.015139 -0.50432 -1.23322 1.39043 11.3817 1.03004 9.60066 0.447654 -1.84315 13.7464 -0.447824 15.696 12.4575 7.60053 1.60642 3.889 19.1797 13.1277 1.07461 0.345374 15.9245 -0.360114 11.0954 11.7782 12.1923 11.3393 0.00536548 0.133114 -2.27716 9.69287 0.215291 -1.51874 9.97896 -1.92336 1.55697 2.96147 1.91831 1.84262 -0.728629 -1.06708 1.59986 4.39721 -1.24598 13.84 -2.52707 12.7419 14.1011 7.78014 9.56826 8.42208 1.34142 2.3299 2.14527 4.7177 14.2682 16.003 13.2384 -0.000774089 -0.315985 -0.550615 1.35117 -0.227117
internal_weight=26657 25560 18459 7101 1097 6206 626 3087 10390 471 8069 187 284 268 3119 895 54 245 1738 692 61 1349 358 271 184 140 3087 2739 4444 86 723 5946 91 1840 1046 139 191 2548 4982 1717 1701 683 2675 49 2604 185 82 47 116 74 907 847 750 553 133 49 84 2548 1173 3265 1258 552
internal_count=26657 25560 18459 7101 1097 6206 626 3087 10390 471 8069 187 284 268 3119 895 54 245 1738 692 61 1349 358 271 184 140 3087 2739 4444 86 723 5946 91 1840 1046 139 191 2548 4982 1717 1701 683 2675 49 2604 185 82 47 116 74 907 847 750 553 133 49 84 2548 1173 3265 1258 552
is_linear=0
shrinkage=0.05


Tree=19
num_leaves=63
num_cat=0
split_feature=17 2 22 17 7 15 22 13 13 2 16 15 0 7 6 0 21 10 3 0 1 17 22 15 2 23 1 2 17 2 2 2 5 22 1 7 23 17 5 10 0 7 16 1 2 1 3 0 22 25 22 2 1 2 21 1 17 7 25 16 2 2
split_gain=5.36833e+07 1.15354e+07 3.29154e+06 3.20467e+06 1.61781e+06 1.07306e+06 533575 466020 446493 402994 399683 331601 302349 300224 276644 255092 254063 303385 246983 226853 220174 228967 217281 212182 263500 202382 201137 200093 165718 169047 163074 160982 130771 130695 129059 131514 126804 116147 115427 186363 113063 112097 109687 104861 102446 99997 98464.5 92834.4 87618.9 84810 81795.6 86844.2 80465.6 136873 87852.6 74743.8 73886.6 67982.5 66786 67415.9 65825.5 172396
threshold=522.95833333333337 2020.5000000000002 1.5000000000000002 237.82291666666671 424.50000000000006 915.00000000000011 5.5000000000000009 269.49833333333339 189.44500000000005 2022.5000000000002 39.89909146066492 350.08333333333343 16.005000000000003 489.00000000000006 0.6830127018922193 14.040000000000001 0.72021505376344097 954.00000000000011 4.5000000000000009 13.725000000000001 -14.079999999999998 858.91666666666674 4.5000000000000009 788.3608333333334 2024.5000000000002 34.500000000000007 -16.049999999999997 2021.5000000000002 393.79166666666669 2018.5000000000002 2010.5000000000002 2024.5000000000002 -0.24999999999999994 6.5000000000000009 -15.579999999999998 627.50000000000011 2.5000000000000004 346.93750000000006 -0.24999999999999994 827.50000000000011 14.665000000000001 249.50000000000003 2.041241452320826 -16.494999999999994 2011.5000000000002 -16.049999999999997 3.5000000000000004 14.690000000000001 5.5000000000000009 10.500000000000002 5.5000000000000009 2018.5000000000002 -15.754999999999997 2022.5000000000002 0.29876444245409767 -16.224999999999998 376.22208333333339 224.50000000000003 1.5000000000000002 59.60550868068723 2012.5000000000002 2015.5000000000002
decision_type=2 2 2 2 2 2 2 2 2 2 2 2 2 2 2 2 2 2 2 2 2 2 2 2 2 2 2 2 2 2 2 2 2 2 2 2 2 2 2 2 2 2 2 2 2 2 2 2 2 2 2 2 2 2 2 2 2 2 2 2 2 2
left_child=1 3 5 8 6 14 9 50 47 18 15 41 16 -6 20 -7 19 -18 27 -12 23 -22 55 45 43 -21 -19 36 29 48 -10 49 57 -15 35 -16 -3 52 -37 -40 -24 -11 -39 -25 -30 -2 -43 -1 -9 -13 51 -5 54 -54 -8 -20 -33 -32 -44 -60 -34 -62
right_child=2 4 -4 7 13 10 37 28 30 11 12 31 -14 33 34 -17 17 26 22 25 21 -23 40 24 -26 -27 -28 -29 44 -31 32 56 60 -35 -36 38 -38 42 39 -41 -42 46 58 -45 -46 -47 -48 -49 -50 -51 -52 -53 53 -55 -56 -57 -58 -59 59 -61 61 -63
leaf_value=-2.4260132150769 8.4223024152855466 3.2423995595407713 5.2701417564287638 -1.3868547226926231 2.0847645580723291 12.051432917218555 1.2100477231093187 -1.1318055674617942 -2.1584548651760525 -1.8479589317271392 14.44791223949651 0.12776653253159606 18.194185252177032 2.2178229099278237 9.0887092675735701 4.7077639694127562 10.675296154281133 19.973663211727406 1.6067284790945302 9.7602822371078002 14.056746055241533 8.5444007837547442 1.8320579815896458 6.0582484832437871 14.545288399344162 12.93436717535063 13.540685308276123 2.2654198362896998 -0.88099833454733101 0.24124972792393709 -2.0458129154227089 0.47974910892512468 -0.79886802333288476 3.9249654586007199 9.6954327765512378 10.432477842871821 -0.76911023516359645 2.8284114602990611 17.842559418050421 11.705457403254211 3.7161207706128603 0.32702329526498208 2.7378717636114231 9.5738883370410175 2.4351059718687735 5.7769639689470473 -0.74540578085555054 -1.7788445088225118 -0.33004543172738021 1.4163920148112774 -0.70333724142393894 -0.51136073303367513 1.1017003124688498 -0.75130287130875151 2.8363699972453489 0.35099309811798823 3.9100381215124944 -1.5034036483515707 1.2310468857405945 4.045096008809983 -1.9360526999889331 -1.0461005219070181
leaf_weight=2512 69 21 290 1305 954 26 775 376 970 157 103 433 33 149 20 22 22 36 210 92 40 37 209 28 24 117 20 82 31 1352 1003 22 668 459 58 20 297 209 28 24 129 311 98 98 93 77 686 713 3630 181 1694 362 358 138 93 272 55 1368 594 22 842 1540
leaf_count=2512 69 21 290 1305 954 26 775 376 970 157 103 433 33 149 20 22 22 36 210 92 40 37 209 28 24 117 20 82 31 1352 1003 22 668 459 58 20 297 209 28 24 129 311 98 98 93 77 686 713 3630 181 1694 362 358 138 93 272 55 1368 594 22 842 1540
internal_value=-0.0143184 -0.51909 9.95969 -1.17156 1.22286 11.3272 0.80964 -0.484553 -1.80333 0.37837 13.0612 -0.0878492 13.5536 2.63857 9.76342 8.70247 13.1563 15.7382 1.08338 12.506 9.02724 11.4225 1.58021 8.40048 9.72676 11.5425 17.7045 0.0647412 -0.200337 -0.242171 -1.56125 0.778331 -1.45435 3.50704 11.5868 12.7673 -0.503247 1.38758 13.775 15.0381 2.55202 -0.606533 1.8208 8.7981 1.606 7.0321 -0.410872 -2.28299 -0.405326 0.507815 -0.948107 -1.19678 1.09431 0.586089 1.38461 0.898328 2.93191 -1.73294 1.5255 1.3322 -1.23772 -1.36075
internal_weight=26657 25373 1284 18459 6914 994 5352 8843 9616 3065 471 1845 423 1562 523 48 390 78 1220 312 373 77 820 296 150 209 56 400 5482 5358 6391 691 5421 608 150 92 318 2287 72 52 338 1154 923 126 124 146 997 3225 4006 614 3361 1667 1364 496 868 482 77 2371 714 616 3050 2382
internal_count=26657 25373 1284 18459 6914 994 5352 8843 9616 3065 471 1845 423 1562 523 48 390 78 1220 312 373 77 820 296 150 209 56 400 5482 5358 6391 691 5421 608 150 92 318 2287 72 52 338 1154 923 126 124 146 997 3225 4006 614 3361 1667 1364 496 868 482 77 2371 714 616 3050 2382
is_linear=0
shrinkage=0.05


Tree=20
num_leaves=63
num_cat=0
split_feature=15 7 15 22 13 15 13 16 18 13 15 7 6 21 5 22 25 18 16 8 10 22 16 22 20 1 22 1 18 5 21 10 3 7 7 1 22 7 22 6 7 23 25 22 16 16 14 3 1 25 16 22 21 25 8 18 25 3 7 25 1 7
split_gain=4.92177e+07 1.07775e+07 2.91222e+06 1.92921e+06 1.73442e+06 1.0795e+06 459767 413838 362039 348337 336537 314862 308523 303774 297016 252388 243335 244211 235726 197762 196567 185489 172118 136987 136151 135966 153693 127205 123578 115527 112540 192810 147884 110006 105441 88789.3 109137 88076.3 84185.6 82140.6 81989.1 76903.8 73695.5 114352 70769 69734.1 69369 67529.1 61485.9 97909 69646.4 67409.5 60335.7 60118.3 58736.1 55984.8 67761.1 66452.8 55223.4 48752.7 48324.4 47817.1
threshold=557.25000000000011 308.16500000000002 230.91000000000003 1.5000000000000002 446.16666666666669 1012.3333333333334 189.44500000000005 67.363442067726808 108.03824562111076 266.52833333333342 837.58333333333337 392.50000000000006 -0.24999999999999994 0.80090090090090105 -0.24999999999999994 6.5000000000000009 7.5000000000000009 247.46463367108854 164.06888495525376 1196.5000000000002 1258.5000000000002 2.5000000000000004 1.0000000180025095e-35 8.5000000000000018 0.11110555555555558 -14.079999999999998 1.0000000180025095e-35 -15.579999999999998 91.290225665165948 -0.24999999999999994 -0.071735232067510576 803.00000000000011 2.5000000000000004 214.64500000000001 295.28000000000003 -12.889999999999999 5.5000000000000009 826.00000000000011 4.5000000000000009 1.0000000180025095e-35 159.50000000000003 47.500000000000007 1.5000000000000002 6.5000000000000009 34.683247921019337 81.266024060899085 0.96417494954715333 7.5000000000000009 -13.709999999999999 11.500000000000002 42.908429285656659 4.5000000000000009 -0.058292880258899664 3.5000000000000004 987.00000000000011 42.325846391150428 12.500000000000002 3.5000000000000004 224.50000000000003 12.500000000000002 -16.049999999999997 349.50000000000006
decision_type=2 2 2 2 2 2 2 2 2 2 2 2 2 2 2 2 2 2 2 2 2 2 2 2 2 2 2 2 2 2 2 2 2 2 2 2 2 2 2 2 2 2 2 2 2 2 2 2 2 2 2 2 2 2 2 2 2 2 2 2 2 2
left_child=1 2 6 5 11 8 39 12 14 38 18 21 -7 16 -2 44 20 19 25 -18 -9 53 47 27 37 26 -10 -17 -5 58 31 -16 -32 -31 -11 36 -24 -12 46 -1 -41 54 43 -13 -6 -33 -4 -23 49 -44 -51 -50 -53 -3 -26 -46 57 -57 -8 -25 -20 -49
right_child=3 4 9 28 15 7 29 13 10 34 24 42 -14 -15 30 23 17 -19 60 -21 -22 22 35 59 41 -27 -28 -29 -30 33 32 45 -34 -35 -36 -37 -38 -39 -40 40 -42 -43 48 -45 55 -47 -48 61 51 50 -52 52 -54 -55 -56 56 -58 -59 -60 -61 -62 -63
leaf_value=-2.4095608363342702 8.8049056895417159 2.2826165889980787 -0.57159268685669662 5.5780880251661671 1.4006430738836544 5.1661603171795729 -1.8865070727993167 9.145844832499316 5.5801450196466078 -0.4036451349063544 10.147462332748988 1.4327435177576078 12.515452913828504 18.347334242720738 16.853287121176361 3.5168084723923814 15.679987193009413 19.747627543951097 12.94610298308567 11.452807504613659 14.767050783466004 0.98925008489795963 -0.016641054218142701 2.0003052004468733 8.1583566481884926 10.175882934081596 9.1650032355657327 5.0834833990163233 1.3822506966282477 -1.4731556822009759 13.410244679999778 9.6360911166506114 9.0921900437215637 -0.8757889791405632 0.01724550583563102 1.4375242172707934 0.67388948428677953 12.841626529407979 -0.64799520697233737 -2.4068156847198647 -1.6371980500409657 6.0671719745437116 0.87327007014597724 3.5226192269464387 5.0672681195395342 13.482444342426286 -1.3306224965409148 0.74654965227824321 0.41994522670460238 1.5500410165998915 3.3909393247966508 0.84486001952584966 2.6505925523298535 5.8305315691736803 11.575918055965692 3.8354748120145228 4.6614381683651116 1.4232546897477221 -1.4148876308791467 3.8092466346904956 9.3037623016395372 2.8789299384225515
leaf_weight=1692 81 30 426 148 189 24 1382 47 133 3330 69 156 36 39 33 400 64 21 20 52 24 153 891 140 30 28 39 193 20 1818 39 22 43 1339 2690 238 1599 60 3138 530 1002 21 687 113 23 30 1028 33 58 233 66 58 231 20 24 38 29 115 1131 51 20 131
leaf_count=1692 81 30 426 148 189 24 1382 47 133 3330 69 156 36 39 33 400 64 21 20 52 24 153 891 140 30 28 39 193 20 1818 39 22 43 1339 2690 238 1599 60 3138 530 1002 21 687 113 23 30 1028 33 58 233 66 58 231 20 24 38 29 115 1131 51 20 131
internal_value=0.00201284 -0.459636 -1.02509 10.0416 1.41774 10.8754 -1.69242 13.3469 9.77714 -0.465774 8.91649 0.98746 9.58931 14.2554 11.3137 3.13313 13.4797 14.7226 7.63954 13.7966 11.0641 0.692895 0.64322 3.65209 10.4143 6.93164 6.39787 4.02748 5.07973 -1.42129 12.5246 13.8265 11.1598 -1.21983 -0.215575 0.515033 0.426803 11.4096 -0.793766 -2.1692 -1.90359 8.68939 1.55646 2.31165 2.0998 11.8769 -1.1083 1.74583 1.4039 1.2022 1.95741 1.97651 2.28863 3.71069 9.69595 2.74337 2.44704 2.02451 -1.67432 2.48509 11.1528 2.4506
internal_weight=26548 25381 19506 1167 5875 999 8894 307 692 10612 444 4697 60 247 248 1178 208 137 240 116 71 3095 3045 784 204 200 172 593 168 5670 167 85 82 3157 6020 2728 2490 129 4592 3224 1532 75 1602 269 394 52 1454 317 1333 986 299 347 289 50 54 205 182 153 2513 191 40 164
internal_count=26548 25381 19506 1167 5875 999 8894 307 692 10612 444 4697 60 247 248 1178 208 137 240 116 71 3095 3045 784 204 200 172 593 168 5670 167 85 82 3157 6020 2728 2490 129 4592 3224 1532 75 1602 269 394 52 1454 317 1333 986 299 347 289 50 54 205 182 153 2513 191 40 164
is_linear=0
shrinkage=0.05


Tree=21
num_leaves=63
num_cat=0
split_feature=15 2 15 7 22 15 22 12 2 22 2 22 1 18 2 15 12 15 10 25 2 11 21 7 2 13 3 12 23 12 2 2 2 3 10 2 22 18 3 23 15 25 22 13 9 13 12 2 14 21 23 1 13 1 9 1 23 12 22 12 14 11
split_gain=4.44296e+07 1.03763e+07 2.60492e+06 1.82208e+06 1.74185e+06 974548 492592 492536 488179 467117 341678 366763 356636 326841 316295 353157 313403 282235 279943 275379 271993 237902 220235 213434 142321 135491 133100 126768 125148 115812 115397 130275 234634 113195 113010 175180 141463 111519 105362 102397 99494.2 106036 94801.7 93194.5 151189 92851.7 90205.9 90162 89273.8 88800.8 124120 98670 85805.6 121297 83935.1 83363.9 74175.3 73957.3 73753.5 71995.9 71122.8 70487.9
threshold=557.25000000000011 2020.5000000000002 232.50666666666669 433.50000000000006 1.5000000000000002 1012.3333333333334 5.5000000000000009 753.00000000000011 2023.5000000000002 5.5000000000000009 2022.5000000000002 2.5000000000000004 -14.079999999999998 108.03824562111076 2022.5000000000002 837.58333333333337 189.39500000000001 499.91666666666669 1312.5000000000002 11.500000000000002 2023.5000000000002 255.31000000000003 1.0976190476190479 295.28000000000003 2018.5000000000002 437.83333333333343 4.5000000000000009 493.87500000000006 23.500000000000004 1228.5000000000002 2010.5000000000002 2012.5000000000002 2015.5000000000002 3.5000000000000004 676.50000000000011 2024.5000000000002 1.0000000180025095e-35 91.290225665165948 5.5000000000000009 2.5000000000000004 347.08333333333343 1.5000000000000002 4.5000000000000009 655.58333333333337 677.50000000000011 156.73500000000004 297.93000000000006 2021.5000000000002 101.03629710818437 -0.17704879482657257 35.500000000000007 -15.014999999999999 282.72166666666675 -14.635 1072.5000000000002 -15.554999999999998 25.500000000000004 310.31000000000006 4.5000000000000009 434.50000000000006 101.03629710818437 176.83500000000001
decision_type=2 2 2 2 2 2 2 2 2 2 2 2 2 2 2 2 2 2 2 2 2 2 2 2 2 2 2 2 2 2 2 2 2 2 2 2 2 2 2 2 2 2 2 2 2 2 2 2 2 2 2 2 2 2 2 2 2 2 2 2 2 2
left_child=1 2 16 6 5 13 10 18 60 24 21 59 19 20 -15 43 33 46 22 -13 -2 26 27 -11 -4 57 47 56 39 -10 -18 61 -33 45 -22 48 -37 -6 -30 -23 52 -42 -28 -16 -45 -1 -5 -3 -36 50 -17 -51 53 -8 -29 -19 -7 -25 -14 -12 -9 -32
right_child=4 3 9 17 37 7 40 8 29 23 11 12 58 14 15 49 30 55 -20 -21 34 28 -24 25 -26 -27 42 54 38 -31 31 32 -34 -35 35 36 -38 -39 -40 -41 41 -43 -44 44 -46 -47 -48 -49 -50 51 -52 -53 -54 -55 -56 -57 -58 -59 -60 -61 -62 -63
leaf_value=-2.5262629409847999 7.1539324593922444 -0.5925345878115712 -1.2121646021157044 1.4976608534064635 5.2993719688546896 4.7417125982130868 2.5558335389980527 16.85208066647478 10.930745655854198 -0.50272212127406168 3.85438004603107 -0.77847742495108685 0.86509222963925714 14.192497018921427 9.1974968228643945 9.355009862976722 -1.9526500488277876 3.3872764578008607 14.910440972423297 1.0243245564089114 8.562554792686015 4.4974742508646264 14.51206145637479 -0.098426590275481077 -0.39427640402163333 2.0716948134745232 0.68964430129205079 7.6131422862747673 1.1473601132308067 15.026135956171737 -1.5052410973904369 -2.1099373634853205 -1.1661034377737585 -2.1875946556804524 9.594913921543986 10.892946224909684 15.312088952091973 1.3134820387731143 3.9714700243111696 0.65982586457967585 2.6427172769414211 1.4186552516213964 2.14131416720589 3.2463088297769662 7.0190088471140104 -1.3392962002837909 2.6336070315169575 1.5860554209879878 13.322660813827859 7.729824148939997 13.428802526825505 10.975156480783902 0.77637345504261257 -0.13883280150605609 11.324849385115449 4.8238734184833012 8.9880477453295082 0.65498529866326016 2.5970488427565592 0.99785443288682085 21.025035961500677 -0.46124262409438077
leaf_weight=206 44 260 2279 246 148 21 164 24 46 3966 67 1299 168 23 36 47 841 340 37 253 29 20 23 2277 694 82 417 22 46 30 222 949 2153 2866 71 30 52 20 118 129 208 1189 154 32 164 826 608 58 22 73 33 36 970 56 58 145 21 380 97 33 25 595
leaf_count=206 44 260 2279 246 148 21 164 24 46 3966 67 1299 168 23 36 47 841 340 37 253 29 20 23 2277 694 82 417 22 46 30 222 949 2153 2866 71 30 52 20 118 129 208 1189 154 32 164 826 608 58 22 73 33 36 970 56 58 145 21 380 97 33 25 595
internal_value=0.00197401 -0.436645 -1.06329 1.19432 9.54069 10.333 0.804765 12.6813 15.1085 -0.499607 0.381649 -0.0327501 -0.195065 9.2895 8.47175 8.15591 -1.69337 2.85419 11.0069 -0.484543 10.7495 1.0425 10.0012 -0.268292 -1.02126 0.0711616 0.624973 9.13953 2.22779 12.565 -1.42108 -1.30696 -1.45491 -2.02584 11.5211 12.0062 13.7106 4.82595 3.18055 1.17765 1.31486 1.60109 1.08148 6.84216 6.40505 -1.57646 2.30661 -0.194792 10.4902 9.76405 11.0502 8.8108 0.978728 1.87014 10.315 3.81769 6.88131 0.00934392 1.49981 2.91372 19.0197 -0.74508
internal_weight=26548 25381 18336 7045 1167 999 5706 307 125 9678 3119 1917 1817 692 444 421 8658 1339 182 1552 248 1202 145 6705 2973 2739 889 122 313 76 4760 3919 3102 3898 204 175 82 168 164 149 2587 1397 571 232 196 1032 854 318 93 189 80 109 1190 220 80 485 42 2657 265 100 49 817
internal_count=26548 25381 18336 7045 1167 999 5706 307 125 9678 3119 1917 1817 692 444 421 8658 1339 182 1552 248 1202 145 6705 2973 2739 889 122 313 76 4760 3919 3102 3898 204 175 82 168 164 149 2587 1397 571 232 196 1032 854 318 93 189 80 109 1190 220 80 485 42 2657 265 100 49 817
is_linear=0
shrinkage=0.05


Tree=22
num_leaves=63
num_cat=0
split_feature=17 7 22 17 13 7 6 15 6 25 18 7 7 8 22 16 0 1 16 7 22 6 1 11 3 17 0 7 18 22 16 21 21 17 15 6 3 22 16 0 22 22 16 0 0 25 17 7 1 7 11 25 21 11 6 18 18 20 18 18 25 7
split_gain=4.02767e+07 8.13569e+06 2.60094e+06 2.36645e+06 1.08429e+06 882296 470893 466489 396720 314395 308201 263546 235624 211520 182322 163564 156482 155058 155177 142952 134180 131515 127612 202389 134106 107521 105539 102928 101034 98939.2 135517 95382.6 94081.1 90600 85669.8 76744.1 75608.6 70282.9 69898.9 69316.4 68747.8 66565.3 66424.9 102131 60656.4 60277.3 61350.1 54726 53212.7 52085.5 51269.2 50020.9 47439.8 67443.5 51978.9 46516.2 46341.1 55993.8 45870.3 45329 77880.8 43431.5
threshold=522.95833333333337 304.58500000000009 1.5000000000000002 216.34375000000003 437.83333333333343 1105.5000000000002 1.0000000180025095e-35 255.45833333333334 0.6830127018922193 12.500000000000002 247.46463367108854 342.25000000000006 189.39500000000001 741.00000000000011 6.5000000000000009 142.82458746170775 13.280000000000003 -16.284999999999997 164.06888495525376 1005.0000000000001 5.5000000000000009 -0.68301270189221952 -14.424999999999999 941.50000000000011 1.5000000000000002 456.29166666666669 12.870000000000003 295.28000000000003 95.79059233029723 5.5000000000000009 47.215724880555037 -0.13332666666666668 -0.0098493901923025189 858.91666666666674 342.19416666666672 1.0000000180025095e-35 4.5000000000000009 2.5000000000000004 19.789727957302919 14.765000000000002 8.5000000000000018 2.5000000000000004 33.667922310959227 12.665000000000001 14.255000000000001 12.500000000000002 436.29166666666669 229.58500000000001 -14.079999999999998 164.50000000000003 304.58500000000009 11.500000000000002 0.30083740443781476 274.50000000000006 1.0000000180025095e-35 13.221596199423429 33.887905422811428 -0.25000468744140697 54.897942368040027 57.215399394532177 9.5000000000000018 212.25000000000003
decision_type=2 2 2 2 2 2 2 2 2 2 2 2 2 2 2 2 2 2 2 2 2 2 2 2 2 2 2 2 2 2 2 2 2 2 2 2 2 2 2 2 2 2 2 2 2 2 2 2 2 2 2 2 2 2 2 2 2 2 2 2 2 2
left_child=1 3 5 12 11 6 13 20 10 17 21 41 35 -2 42 16 31 18 33 -18 32 -7 24 -24 -19 51 52 47 58 30 50 -15 -5 -8 -31 -1 -14 -32 -22 -23 -36 -3 -6 -44 -38 46 -45 -9 -43 56 -28 -16 -13 54 -54 -34 -37 -58 -4 -29 -61 -40
right_child=2 4 28 7 14 8 9 27 -10 -11 -12 26 36 15 25 -17 19 22 -20 -21 38 39 23 -25 -26 -27 29 59 -30 34 37 -33 55 -35 40 49 44 -39 61 -41 -42 48 43 45 -46 -47 -48 -49 -50 -51 -52 -53 53 -55 -56 -57 57 -59 -60 60 -62 -63
leaf_value=-2.2475629033488236 4.0804742395095621 2.7529135492015691 4.5591390878419533 -1.3125189325277968 1.1699021013917394 7.8594258305344162 13.055306270318628 -1.2435221824899341 19.031669568065627 15.935139561994042 15.905281562512489 1.4951747366259418 -1.0564838577128146 12.824142680002087 1.9247417914760108 11.34212525904703 7.4326044627013648 10.992765489874039 14.741790035695793 3.0292637309191921 -0.69123715921113216 13.252607338751673 9.0480228108021006 13.403535187799491 8.2383690498203546 3.5285677137831528 0.64418953055167538 -0.034898971783452019 1.2250899608318622 0.5517048366986661 4.2170423775487604 8.2157785975636113 -0.46983013692953196 9.2661008459565561 1.5310914184761115 -2.2131235900326671 -1.8285582195334529 1.2219836483452653 -0.77317436570231868 9.8302149753289019 0.5678043850313742 0.097263955057627069 5.0906434081321539 2.2232544698631984 -1.3460799502190837 4.4595887054685015 0.20846721931796253 -0.35827699326155499 0.85588065446121697 -1.526734255010348 -0.28062623900349409 3.8352937988701239 -0.36197514214278181 3.5399041217206846 2.8960057149846836 -0.95878282552361282 1.2512060795434459 -2.2696240374536227 6.957816944726452 0.18800153684082621 3.6214739639521678 0.33035932825208225
leaf_weight=1503 38 27 254 1607 224 31 23 182 25 22 39 344 1109 20 211 34 163 56 28 21 1036 39 69 45 233 451 271 2492 22 396 21 28 687 58 1207 614 1120 278 120 27 219 1138 30 146 1563 22 51 4245 290 1003 335 41 26 78 23 1669 22 23 22 58 23 346
leaf_count=1503 38 27 254 1607 224 31 23 182 25 22 39 344 1109 20 211 34 163 56 28 21 1036 39 69 45 233 451 271 2492 22 396 21 28 687 58 1207 614 1120 278 120 27 219 1138 30 146 1563 22 51 4245 290 1003 335 41 26 78 23 1669 22 23 22 58 23 346
internal_value=0.00193249 -0.439461 8.5947 -0.931135 1.19877 9.81768 9.16385 -0.518806 13.213 10.0602 12.1302 0.855897 -1.6699 7.58652 2.55518 8.08565 7.6037 9.8047 11.4958 6.93199 -0.86498 10.5975 9.34456 10.7776 8.77573 3.06598 1.10971 -0.248534 4.49289 0.990265 0.562833 10.1587 -1.01751 10.3569 1.20253 -1.98845 -1.40397 1.4337 -0.462494 11.8696 1.38321 0.297987 1.7955 2.35757 -1.54755 1.981 1.70206 -0.394699 0.251377 -1.754 0.132976 2.237 1.80092 2.6272 1.16996 -0.816234 -2.09961 -0.549261 4.75281 0.00295644 1.16626 0.0460719
internal_weight=26548 25251 1297 19422 5829 999 838 12465 161 534 136 4653 6957 304 1176 266 232 512 109 184 5465 97 403 114 289 703 3198 7000 298 2727 905 48 3963 81 1822 3165 3792 299 1502 66 1426 1455 473 249 2683 219 197 4427 1428 1662 606 252 471 127 49 2356 659 45 276 2573 81 466
internal_count=26548 25251 1297 19422 5829 999 838 12465 161 534 136 4653 6957 304 1176 266 232 512 109 184 5465 97 403 114 289 703 3198 7000 298 2727 905 48 3963 81 1822 3165 3792 299 1502 66 1426 1455 473 249 2683 219 197 4427 1428 1662 606 252 471 127 49 2356 659 45 276 2573 81 466
is_linear=0
shrinkage=0.05


Tree=23
num_leaves=63
num_cat=0
split_feature=17 2 22 15 7 7 6 12 22 6 2 22 25 15 12 25 22 12 2 0 21 6 1 16 0 17 23 3 7 7 2 25 1 22 3 2 2 17 0 2 20 21 22 2 2 2 16 25 3 7 13 16 17 23 12 1 2 6 2 21 2 3
split_gain=3.63569e+07 8.06101e+06 2.34812e+06 2.11257e+06 1.13811e+06 796770 425020 400798 367941 358265 339552 319759 284019 272329 268220 212937 210965 195819 180473 278602 245698 177696 173317 169946 182737 157330 141657 172573 156227 134384 127330 125132 123820 121144 119902 118554 154775 115050 137585 106909 104582 124519 104213 101009 104079 111652 97361.9 93378.2 90225.9 87104 111885 86508.4 81965.7 117582 94572.9 122430 85099.5 81712.2 77810.4 74504.4 91196.6 72282.2
threshold=522.95833333333337 2020.5000000000002 1.5000000000000002 232.50666666666669 411.00000000000006 1105.5000000000002 1.0000000180025095e-35 258.54000000000002 5.5000000000000009 0.6830127018922193 2022.5000000000002 2.5000000000000004 12.500000000000002 329.22916666666674 174.69000000000003 4.5000000000000009 6.5000000000000009 226.50000000000003 2023.5000000000002 14.965000000000002 0.92502190665716699 -0.5 -16.224999999999998 142.82458746170775 13.795000000000002 456.29166666666669 40.500000000000007 1.5000000000000002 794.00000000000011 189.39500000000001 2021.5000000000002 12.500000000000002 -16.224999999999998 3.5000000000000004 4.5000000000000009 2017.5000000000002 2011.5000000000002 405.04166666666669 12.665000000000001 2023.5000000000002 -0.23153947368421049 -0.059962546816479438 4.5000000000000009 2010.5000000000002 2012.5000000000002 2015.5000000000002 1.0000000180025095e-35 5.5000000000000009 4.5000000000000009 1005.0000000000001 750.33333333333337 142.82458746170775 266.37166666666673 37.500000000000007 228.54000000000005 -15.264999999999999 2021.5000000000002 1.0000000180025095e-35 2015.5000000000002 0.14292857142857143 2016.5000000000002 7.5000000000000009
decision_type=2 2 2 2 2 2 2 2 2 2 2 2 2 2 2 2 2 2 2 2 2 2 2 2 2 2 2 2 2 2 2 2 2 2 2 2 2 2 2 2 2 2 2 2 2 2 2 2 2 2 2 2 2 2 2 2 2 2 2 2 2 2
left_child=1 3 5 14 8 6 23 33 10 18 17 -12 26 35 57 22 37 32 19 20 21 -7 -13 24 47 -18 27 51 -29 -16 31 -19 48 -5 -17 36 -9 -6 39 -39 -28 -42 -32 -31 -45 -46 61 -2 -3 50 -26 -8 53 -48 55 -54 -56 -1 -38 -15 -61 -10
right_child=2 4 -4 7 16 9 12 13 46 -11 11 15 -14 59 29 34 25 30 -20 -21 -22 -23 -24 -25 49 -27 40 28 -30 43 42 -33 -34 -35 -36 -37 58 38 -40 -41 41 -43 -44 44 45 -47 52 -49 -50 -51 -52 -53 54 -55 56 -57 -58 -59 -60 60 -62 -63
leaf_value=-2.2651853310494374 7.2251189760708208 0.062828327218163671 4.2684576586003837 -1.5054146308384486 2.098381656192259 5.6932973881113043 12.745407130069168 0.27770321452679297 1.1901473098197906 18.083877378060997 2.7411979052869384 -0.12190632590735602 15.141987861874956 0.71726846226397956 -1.7197178930422667 0.96303228123667461 2.0315053070414693 0.73211700940774171 8.8478862351571088 18.04771404930608 14.883720224911404 12.165672090720225 -1.5214914655341578 10.498071850399008 3.6808016442820382 3.3405039652605235 13.072973166979276 7.1736839505707755 9.4740819542496304 -1.7665086731534396 1.4810503672413093 4.8550321602702731 0.0043157019342894435 -0.70521083192570855 -0.22994937772016011 0.1100432964146231 -0.81844423418338152 5.5770974641777133 0.44045347951683911 1.1149650601586936 10.932225813546165 7.1394034358082852 3.8941119487325313 -0.61053549734371837 -1.7236895274674116 -1.0477731838448583 1.2595718572417993 10.756910442236142 1.9616917294560112 2.8785183201468953 6.9430741709570754 9.0004430425945419 0.94761417200292031 4.2158187872417061 0.43008738515589234 -1.8992724847144336 1.2625778506245668 -1.6764399347364334 -0.26271296404237476 3.7078942504321626 0.78129323248615767 2.598754708262732
leaf_weight=1249 43 94 298 536 432 22 37 638 179 25 93 450 22 207 1857 377 468 219 44 20 29 21 435 35 33 452 35 158 143 695 80 20 478 4025 477 1561 1540 25 290 29 79 31 102 816 871 2050 125 35 187 21 137 29 88 46 428 66 1087 1120 1066 57 50 186
leaf_count=1249 43 94 298 536 432 22 37 638 179 25 93 450 22 207 1857 377 468 219 44 20 29 21 435 35 33 452 35 158 143 695 80 20 478 4025 477 1561 1540 25 290 29 79 31 102 816 871 2050 125 35 187 21 137 29 88 46 428 66 1087 1120 1066 57 50 186
internal_value=0.00188311 -0.417482 8.16581 -0.965989 1.03753 9.32784 8.70651 -0.458441 0.67171 12.5544 0.312417 -0.113648 9.55809 -0.154743 -1.53344 -0.266474 2.16269 0.97386 11.5254 12.7949 11.3127 8.87523 -0.809938 7.20797 6.77613 2.67492 9.31524 8.78421 8.26936 -1.36258 1.83859 1.07904 0.49403 -0.799281 0.29674 -0.24798 -0.420259 1.55512 0.872468 3.18735 10.6523 9.87084 2.83485 -1.21291 -1.1099 -1.24938 1.16246 8.82171 1.32675 5.93656 6.31238 11.1161 1.01437 2.05685 0.907445 -0.272888 1.02744 -1.98693 -0.59114 1.27163 2.34238 1.90849
internal_weight=26548 25251 1297 18338 6913 999 838 9680 5217 161 3012 1832 534 5119 8658 1739 1696 1180 136 92 72 43 885 304 269 920 512 367 301 6289 421 239 759 4561 854 4805 3244 776 344 54 145 110 182 4432 3737 2921 2205 78 281 191 170 66 1840 171 1669 154 1515 2369 2606 314 107 365
internal_count=26548 25251 1297 18338 6913 999 838 9680 5217 161 3012 1832 534 5119 8658 1739 1696 1180 136 92 72 43 885 304 269 920 512 367 301 6289 421 239 759 4561 854 4805 3244 776 344 54 145 110 182 4432 3737 2921 2205 78 281 191 170 66 1840 171 1669 154 1515 2369 2606 314 107 365
is_linear=0
shrinkage=0.05


Tree=24
num_leaves=63
num_cat=0
split_feature=17 2 22 13 13 17 21 22 22 0 2 22 6 12 3 12 2 12 25 0 23 21 13 22 16 8 2 13 11 2 11 21 25 11 25 11 3 22 0 23 16 13 17 22 25 14 2 2 2 6 16 11 22 25 0 2 3 2 23 12 17 17
split_gain=3.28186e+07 7.27531e+06 2.12002e+06 1.87799e+06 1.00693e+06 632762 407903 378186 375961 336658 325537 324574 281372 265701 242177 213138 205185 204661 193250 178577 195413 171755 165576 158743 147660 146405 138888 137507 136411 129532 124424 120112 172936 116924 114384 109594 108468 106045 109697 104541 104389 103435 98144.4 87853.9 85581.5 84663.3 74861.7 87013.3 167372 74680.6 74303.9 71198.8 77782.2 82965.7 75988.8 71746.9 69705.6 68672.9 85912.4 68624.8 80487.5 105853
threshold=522.95833333333337 2020.5000000000002 1.5000000000000002 235.43000000000004 425.08333333333343 1047.4725000000003 0.87709790209790217 5.5000000000000009 5.5000000000000009 16.005000000000003 2022.5000000000002 1.0000000180025095e-35 1.0000000180025095e-35 174.69000000000003 4.5000000000000009 233.16500000000005 2024.5000000000002 408.16500000000002 10.500000000000002 13.280000000000003 45.500000000000007 -0.11900336342715527 371.16666666666669 6.5000000000000009 67.363442067726808 293.54000000000002 2021.5000000000002 210.02833333333334 827.50000000000011 2018.5000000000002 1036.0000000000002 0.065044378698224894 12.500000000000002 1258.5000000000002 12.500000000000002 1077.5000000000002 4.5000000000000009 2.5000000000000004 14.255000000000001 20.500000000000004 164.06888495525376 437.83333333333343 456.29166666666669 4.5000000000000009 1.0000000180025095e-35 44.293580798128708 2010.5000000000002 2012.5000000000002 2015.5000000000002 1.0000000180025095e-35 47.215724880555037 330.50000000000006 4.5000000000000009 11.500000000000002 12.665000000000001 2023.5000000000002 6.5000000000000009 2009.5000000000002 54.500000000000007 393.16500000000002 332.19458333333341 266.37166666666673
decision_type=2 2 2 2 2 2 2 2 2 2 2 2 2 2 2 2 2 2 2 2 2 2 2 2 2 2 2 2 2 2 2 2 2 2 2 2 2 2 2 2 2 2 2 2 2 2 2 2 2 2 2 2 2 2 2 2 2 2 2 2 2 2
left_child=1 3 5 13 7 6 11 10 29 12 15 19 24 49 18 36 28 -8 22 21 40 -2 -12 51 -7 -10 34 46 -13 56 -22 32 33 -14 -17 -26 -3 -16 -39 -18 -21 57 -25 -28 -38 -41 -15 -48 -49 -1 -51 52 -6 -54 -53 -56 -5 -27 -59 60 61 -9
right_child=2 4 -4 8 23 9 17 59 25 -11 14 16 31 27 37 26 39 -19 -20 20 30 -23 -24 42 35 41 43 -29 -30 -31 -32 -33 -34 -35 -36 -37 44 38 -40 45 -42 -43 -44 -45 -46 -47 47 48 -50 50 -52 54 53 -55 55 -57 -58 58 -60 -61 -62 -63
leaf_value=-2.1593966912068101 12.217325838816535 -0.33652117095198253 4.0551063469215274 -0.7668667096187276 0.022762655638337546 5.7094880978073768 8.8821855548697854 2.0092079103143208 -0.41927048649741477 15.838298509971887 -0.30275001396263368 11.860265662551464 8.5754556016203818 -1.8990000465305727 1.7244433442808362 0.65861220166109169 14.616609303081203 15.019944426070811 1.9681188592388403 5.5654832047323737 10.317000673064875 7.4521804435449388 1.7081271882276217 2.028452171812551 12.840405211282604 -0.92778900777076267 1.5796499941076056 -1.0037858709820751 7.5158985911780505 -0.29715891241059189 5.9909079018223785 14.638559282311173 14.742995049251064 12.738083946562384 4.6134884414388173 8.4200407304599043 4.0199126757151715 -1.233056030801432 -0.20367100816352357 8.0196586654299775 8.1436165542359564 1.7849979272570164 3.1626216375547518 3.7207422839270698 0.76814819772400023 12.279310807231742 -0.88442024030576316 -2.0918584035844034 -1.1923285873270719 -1.6523435967973779 1.344838653752024 3.0561124114398157 2.1260887974336189 4.8294050119112217 -0.29033795701900023 1.3762219393704482 -1.3410957810437782 0.039913150419525777 2.6842678831225424 -0.028264993267681116 1.46874382079712 0.66952365603646236
leaf_weight=1238 29 269 298 926 29 36 26 176 3793 31 467 22 57 796 48 203 21 30 190 257 49 57 131 330 20 184 82 2755 111 666 26 30 24 25 20 52 21 479 563 23 47 84 455 116 498 26 745 796 1478 1107 21 45 105 39 94 206 1233 2485 31 118 1321 908
leaf_count=1238 29 269 298 926 29 36 26 176 3793 31 467 22 57 796 48 203 21 30 190 257 49 57 131 330 20 184 82 2755 111 666 26 30 24 25 20 52 21 479 563 23 47 84 455 116 498 26 745 796 1478 1107 21 45 105 39 94 206 1233 2485 31 118 1321 908
internal_value=0.00183438 -0.396602 7.75833 -0.917692 0.985678 8.86248 8.08409 0.69483 -0.424394 10.9081 0.323676 7.73799 10.2754 -1.4367 -0.0882984 0.963576 9.41065 12.1913 0.579445 7.0059 6.53493 9.07141 0.137963 2.23776 8.35244 -0.217169 1.87171 -1.27305 8.24292 -0.906817 8.82733 11.7952 10.9774 9.85858 1.01524 9.6641 0.47821 -0.571047 -0.67695 11.6143 5.96664 0.0581826 2.68616 2.8353 0.900481 10.3004 -1.46746 -1.35362 -1.50728 -1.89108 -1.59643 1.55782 2.38564 2.86111 1.14213 0.854094 -1.09486 0.00439352 0.072602 1.14892 1.20668 0.887207
internal_weight=26548 25251 1297 18338 6913 999 724 5610 9402 275 3087 668 244 8936 1878 1209 203 56 788 465 379 86 598 1303 108 6577 421 6570 133 2825 75 136 106 82 223 72 788 1090 1042 70 304 2784 785 198 519 49 3815 3019 2274 2366 1128 518 173 144 345 300 2159 2700 2516 2523 2405 1084
internal_count=26548 25251 1297 18338 6913 999 724 5610 9402 275 3087 668 244 8936 1878 1209 203 56 788 465 379 86 598 1303 108 6577 421 6570 133 2825 75 136 106 82 223 72 788 1090 1042 70 304 2784 785 198 519 49 3815 3019 2274 2366 1128 518 173 144 345 300 2159 2700 2516 2523 2405 1084
is_linear=0
shrinkage=0.05


Tree=25
num_leaves=63
num_cat=0
split_feature=17 2 17 7 15 12 21 12 2 13 12 7 18 11 25 5 21 16 17 12 5 0 20 13 21 12 2 15 12 0 15 2 2 20 20 24 16 9 18 18 25 2 7 11 17 25 11 20 9 0 2 2 18 2 4 4 2 4 13 6 2 2
split_gain=2.93026e+07 7.1153e+06 1.83828e+06 1.31558e+06 1.05975e+06 639524 413378 395452 345469 294484 289082 263855 253138 238852 227495 226199 185144 154749 152701 149282 145896 145239 142635 141107 128420 123251 120631 119085 105966 105962 105667 140408 95125.9 90279.7 182105 89863.7 88472.2 88062.7 121574 83990.3 79925.5 79438.8 77989.7 77228.5 76272.3 78108.8 75504.2 92297.4 75019.2 73369.2 72096.4 91725.1 69310.2 68637.4 107749 76078.9 65986.6 105543 65714.5 59370.8 59082.5 99617.3
threshold=555.58333333333348 2020.5000000000002 237.0879166666667 464.00000000000006 915.00000000000011 753.00000000000011 -0.12477436823104691 602.08500000000015 2023.5000000000002 274.62500000000006 230.16500000000005 178.87500000000003 125.04685269203033 968.50000000000011 6.5000000000000009 -0.24999999999999994 1.0976190476190479 46.274002721316812 1121.0416666666667 297.93000000000006 0.68301270189221941 14.735000000000001 -0.077337819185645237 750.33333333333337 -0.25000468744140697 178.39500000000004 2023.5000000000002 867.75000000000011 208.16500000000005 14.255000000000001 316.91666666666669 2010.5000000000002 2022.5000000000002 0.19750389242745928 0.035564185544768152 1.0000000180025095e-35 142.82458746170775 256.46000000000009 48.393262243401942 116.32247656064384 9.5000000000000018 2023.5000000000002 350.50000000000006 262.75000000000006 205.5591666666667 5.5000000000000009 806.50000000000011 0.16004640371229698 702.00000000000011 13.895000000000001 2018.5000000000002 2011.5000000000002 52.475524129059501 2023.5000000000002 2.5000000000000004 1.5000000000000002 2024.5000000000002 1.5000000000000002 249.62500000000003 -0.5 2010.5000000000002 2012.5000000000002
decision_type=2 2 2 2 2 2 2 2 2 2 2 2 2 2 2 2 2 2 2 2 2 2 2 2 2 2 2 2 2 2 2 2 2 2 2 2 2 2 2 2 2 2 2 2 2 2 2 2 2 2 2 2 2 2 2 2 2 2 2 2 2 2
left_child=1 2 11 6 7 16 14 23 13 -4 37 -1 15 -7 32 -9 18 41 26 -5 25 -18 -20 36 -17 -13 -6 49 -11 -24 50 -32 -3 34 -26 58 48 44 -39 -10 -33 -16 53 -40 45 -8 -25 59 -2 -14 51 -30 -21 54 -12 -55 57 -44 -34 -48 -27 -62
right_child=4 3 9 19 5 8 10 12 39 28 42 20 27 -15 17 24 21 -19 22 52 -22 -23 29 46 33 60 -28 -29 30 -31 31 40 35 -35 -36 -37 -38 38 43 -41 -42 -43 56 -45 -46 -47 47 -49 -50 -51 -52 -53 -54 55 -56 -57 -58 -59 -60 -61 61 -63
leaf_value=-1.8010204346834908 4.2175211963964081 0.90629449626676806 -0.65285166819900109 1.2808878707097167 5.8143351427988872 12.57883381924062 0.92788515159474216 6.2924247526037185 12.581870564259146 -1.1971969934647653 0.69752122761690938 -1.7125347668651285 2.8060155511377345 19.425512855496756 1.3103976002683357 13.535598143772106 13.512523302234364 2.4994975664994339 11.802517508403746 3.2886303192009727 -0.7863696394383759 7.8504395411382264 10.652712803930784 9.1255429077974117 9.8105823489988033 -1.6264928670485757 9.193728596582968 8.5023556994620684 0.29303316944918562 6.0718118059998396 -0.68277824182107527 0.64099150694922269 -2.1937429157744504 12.282105501003173 5.400876914823538 1.2972262769607115 7.28920502247502 -0.63458267744380681 0.30780390823751586 9.77723561745273 2.193178514152843 -0.19057730970075698 2.3603697613002965 2.1810184425617716 1.1088893129482937 -1.541690885607939 5.6205330101500417 3.5000591573341886 0.88783126734382467 5.9225090230547544 0.23260144804723148 -0.40434624752500625 2.1199950486366088 0.95406541851923699 1.5489042288839625 -0.62578661186870177 0.44742260215975715 1.3252650122927909 -0.78295753792465561 9.0004216776265711 -0.57037978158406766 -1.2342541789999331
leaf_weight=2375 112 87 4147 142 104 31 66 68 42 202 784 1454 25 23 131 20 28 100 36 613 1689 20 20 23 92 611 36 37 596 36 177 425 99 21 32 45 20 386 389 85 103 269 307 64 467 62 32 28 20 81 1012 2256 161 180 707 132 155 1249 496 23 720 2631
leaf_count=2375 112 87 4147 142 104 31 66 68 42 202 784 1454 25 23 131 20 28 100 36 613 1689 20 20 23 92 611 36 37 596 36 177 425 99 21 32 45 20 386 389 85 103 269 307 64 467 62 32 28 20 81 1012 2256 161 180 707 132 155 1249 496 23 720 2631
internal_value=0.00272695 -0.341354 -0.859984 1.00425 8.01142 9.83684 0.741923 6.68275 12.1573 -0.344677 0.945639 -1.34473 7.71836 15.5256 -0.0795889 8.73734 8.333 0.741269 7.74049 2.77242 -1.19219 11.1747 9.33108 5.17107 9.7405 -1.31872 6.6893 6.05307 -0.0767986 7.72401 -0.0272385 0.535643 -0.644171 9.20803 8.6779 -0.855054 4.18904 0.347339 0.0173488 10.714 0.944153 0.301184 1.18978 0.572886 0.812563 -0.268546 6.57394 5.85668 3.71411 5.19087 -0.129951 -0.258604 3.04585 0.960192 1.10131 0.285664 1.43163 1.52963 -1.01803 7.0478 -1.17416 -1.09164
internal_weight=26584 25489 18398 7091 1095 461 6175 634 181 8918 4948 9480 376 54 1227 233 280 500 232 916 7105 48 92 258 165 5416 140 143 4771 56 4569 705 727 145 124 640 152 1434 839 127 528 400 3514 453 595 128 106 83 132 106 3864 2852 774 1803 1491 312 1711 1556 595 55 3962 3351
internal_count=26584 25489 18398 7091 1095 461 6175 634 181 8918 4948 9480 376 54 1227 233 280 500 232 916 7105 48 92 258 165 5416 140 143 4771 56 4569 705 727 145 124 640 152 1434 839 127 528 400 3514 453 595 128 106 83 132 106 3864 2852 774 1803 1491 312 1711 1556 595 55 3962 3351
is_linear=0
shrinkage=0.05


Tree=26
num_leaves=63
num_cat=0
split_feature=17 2 17 7 17 0 22 21 21 3 17 22 0 21 25 0 22 7 9 22 0 3 16 16 3 11 23 0 9 25 2 2 2 10 3 23 23 2 3 13 2 18 22 17 2 0 2 17 22 14 0 11 0 13 22 22 22 2 2 18 2 22
split_gain=2.64524e+07 6.42167e+06 1.66767e+06 1.18735e+06 852613 705728 466427 379331 373072 370676 359850 309659 277014 222477 205327 180560 173015 159554 157231 176279 149887 142011 139676 114750 114645 260039 167974 109462 121786 105495 102234 115903 118186 94162.5 90159.8 88520.9 87928.3 86320.4 167155 90178.6 85857.9 84892.2 81114.7 75135.4 154117 72814.7 71699 67026.6 65620.3 65135.1 64539.7 90857.7 60579 59316.2 57926.3 57554.5 56604.3 80927.6 54352.8 81646.6 54255.9 53882.7
threshold=555.58333333333348 2020.5000000000002 252.10125000000002 464.00000000000006 1121.0416666666667 16.005000000000003 4.5000000000000009 0.87709790209790217 -0.12477436823104691 2.5000000000000004 200.01041666666671 4.5000000000000009 14.805000000000001 0.2096676640491231 6.5000000000000009 14.255000000000001 6.5000000000000009 294.12500000000006 919.00000000000011 1.0000000180025095e-35 13.280000000000003 4.5000000000000009 46.274002721316812 64.374037011656768 4.5000000000000009 1206.5000000000002 18.500000000000004 14.865000000000002 868.00000000000011 12.500000000000002 2010.5000000000002 2012.5000000000002 2015.5000000000002 654.00000000000011 10.500000000000002 42.500000000000007 54.500000000000007 2021.5000000000002 3.5000000000000004 274.62500000000006 2022.5000000000002 13.838956432777882 2.5000000000000004 308.7675000000001 2022.5000000000002 12.665000000000001 2023.5000000000002 443.91666666666669 5.5000000000000009 31.722757341273848 12.665000000000001 355.50000000000006 14.255000000000001 249.62500000000003 3.5000000000000004 3.5000000000000004 5.5000000000000009 2019.5000000000002 2018.5000000000002 48.393262243401942 2024.5000000000002 4.5000000000000009
decision_type=2 2 2 2 2 2 2 2 2 2 2 2 2 2 2 2 2 2 2 2 2 2 2 2 2 2 2 2 2 2 2 2 2 2 2 2 2 2 2 2 2 2 2 2 2 2 2 2 2 2 2 2 2 2 2 2 2 2 2 2 2 2
left_child=1 2 10 8 6 24 7 9 14 13 30 29 15 27 40 -9 50 55 19 35 45 48 46 -22 25 -6 -26 28 -2 -10 52 -32 -33 -21 -28 -11 47 38 -13 -40 -3 -23 -42 44 -39 -20 -16 58 -12 -50 -5 -52 -1 -44 -24 -4 -43 -58 -19 -60 -45 -34
right_child=4 3 17 16 5 -7 -8 12 11 18 21 37 -14 -15 22 -17 -18 36 20 33 23 41 54 -25 26 -27 34 -29 -30 -31 31 32 61 -35 -36 -37 -38 43 39 -41 42 56 53 60 -46 -47 -48 -49 49 -51 51 -53 -54 -55 -56 -57 57 -59 59 -61 -62 -63
leaf_value=-2.4222673950716418 11.894959824751155 0.86103179935883445 -1.7986698722710657 3.5915925087388025 14.555628816788378 18.913004124629033 3.5173546926726278 10.099017151608409 0.21343403044236753 4.511674534434813 -0.80438846143562537 -0.33551433778563045 6.3415631574985785 4.6127412336990545 1.2449277133908918 16.413599511401145 3.0167547811776032 -0.16115087501604852 7.5948855670799773 4.0150210039451784 4.2282466748414604 -0.77173123859854975 4.7769814743627954 7.5466509604369838 5.2819716469938403 7.5945858773007338 8.6966300804559769 7.1613888875081217 8.4702350594829809 2.814158378277634 -1.0124431868843968 -2.1304858936460493 -1.6687896879911301 7.6477839084101831 12.611928619818663 7.0098181542896087 2.0243773659282827 2.6083381201031202 2.0898002950186911 0.77894358687632681 1.2325087832241524 -1.3696455377846708 -2.0841664692392623 1.2603028997556398 0.34975607068287551 11.234697913004856 -0.18105198474665282 2.2301895092659332 -0.40217680529768751 1.1171250935841432 1.9845947979446112 -0.24557829129863795 -1.6577161152701745 -0.74381755024290552 1.7687876699606282 -0.39200610869326685 -0.97372348018992116 1.7640078880608716 0.2160391789565726 2.9964593192967985 0.33327946191439156 -1.0669832260465062
leaf_weight=427 69 87 74 29 30 23 88 25 1414 192 1700 261 23 24 131 22 699 1873 25 21 36 1234 20 99 29 25 56 31 44 40 1232 746 724 134 21 44 56 263 187 440 45 2541 99 2066 106 34 269 34 542 81 110 78 663 496 80 3929 691 28 1029 27 171 767
leaf_count=427 69 87 74 29 30 23 88 25 1414 192 1700 261 23 24 131 22 699 1873 25 21 36 1234 20 99 29 25 56 31 44 40 1232 746 724 134 21 44 56 263 187 440 45 2541 99 2066 106 34 269 34 542 81 110 78 663 496 80 3929 691 28 1029 27 171 767
internal_value=0.00263503 -0.324284 -0.816987 0.954055 7.61187 10.719 6.9832 7.35331 0.704836 7.02401 -1.19099 0.898366 10.8805 9.09804 -0.0755974 13.0835 2.63384 -0.211078 6.42692 5.84537 7.59538 -0.960987 0.704241 6.66556 9.53735 11.4111 8.55521 9.84183 10.5702 0.285173 -1.53487 -1.40205 -1.61657 7.15854 9.77948 4.98022 0.063365 1.15352 0.727634 1.17018 -0.611968 -1.12507 -0.812315 1.29861 1.95982 9.70795 0.286138 0.0262336 -0.64352 -0.204488 1.39954 1.05964 -1.95742 -0.967155 2.37465 -0.418055 -1.25879 -0.866871 0.000572962 0.287411 1.18946 -1.3593
internal_weight=26584 25489 18398 7091 1095 184 911 823 6175 753 11376 4948 70 168 1227 47 916 7022 585 391 194 6817 500 135 161 55 106 144 113 1454 4559 3469 2237 155 77 236 3019 3494 888 627 727 4494 640 2606 369 59 400 2963 2323 623 217 188 1090 595 100 4003 3260 719 2929 1056 2237 1491
internal_count=26584 25489 18398 7091 1095 184 911 823 6175 753 11376 4948 70 168 1227 47 916 7022 585 391 194 6817 500 135 161 55 106 144 113 1454 4559 3469 2237 155 77 236 3019 3494 888 627 727 4494 640 2606 369 59 400 2963 2323 623 217 188 1090 595 100 4003 3260 719 2929 1056 2237 1491
is_linear=0
shrinkage=0.05


Tree=27
num_leaves=63
num_cat=0
split_feature=15 7 13 7 15 12 13 12 18 22 12 18 14 5 10 12 21 7 16 0 0 1 20 12 3 6 21 0 25 9 9 0 22 1 3 12 20 16 1 11 6 20 13 21 18 10 21 1 6 22 0 12 25 14 25 0 0 12 0 7 7 5
split_gain=2.38468e+07 5.50225e+06 1.36075e+06 980965 818738 545656 428051 286595 236707 205714 174569 167886 182168 179699 175535 159784 156386 150845 147561 117108 110969 121887 108274 105234 99880.1 95389.6 125286 94733.6 94029.2 128596 93485.4 91564.4 90915.2 95805.8 88107.9 84297.3 80935.2 73586.4 73133.4 89476.4 72252.9 88639.5 69076.7 69029.4 68351.4 100653 66401.7 65675.5 65064.6 63918.7 71383.8 62460 54260.7 51293.2 50971.9 50662.1 50006.6 49667.4 48930.8 48770 48442.7 53363.3
threshold=586.08333333333337 295.28000000000003 441.83333333333343 214.64500000000001 915.00000000000011 753.00000000000011 344.83333333333343 553.12500000000011 247.46463367108854 6.5000000000000009 271.83500000000009 116.32247656064384 19.347695814574919 -0.24999999999999994 818.00000000000011 237.75000000000003 1.0976190476190479 174.08500000000001 55.938805848893857 14.735000000000001 13.280000000000003 -16.474999999999998 -0.077337819185645237 223.54000000000005 4.5000000000000009 1.0000000180025095e-35 0.096789807325984425 14.610000000000001 2.5000000000000004 727.50000000000011 826.00000000000011 12.740000000000002 8.5000000000000018 -15.714999999999998 4.5000000000000009 375.83500000000009 0.062578859060402628 42.908429285656659 -13.494999999999999 371.50000000000006 -0.24999999999999994 -0.0081365523139099154 1001.1666666666669 0.26847469967236998 209.67937252777904 827.50000000000011 0.061162244897959191 -15.579999999999998 0.6830127018922193 6.5000000000000009 12.870000000000003 177.64000000000001 12.500000000000002 53.894478123752407 1.5000000000000002 14.255000000000001 12.740000000000002 333.16500000000002 12.835000000000003 552.50000000000011 247.75000000000003 0.68301270189221941
decision_type=2 2 2 2 2 2 2 2 2 2 2 2 2 2 2 2 2 2 2 2 2 2 2 2 2 2 2 2 2 2 2 2 2 2 2 2 2 2 2 2 2 2 2 2 2 2 2 2 2 2 2 2 2 2 2 2 2 2 2 2 2 2
left_child=1 3 6 17 7 16 23 30 25 38 37 12 -9 -14 18 24 20 -1 -15 -18 42 22 -22 -3 -5 47 31 -16 -13 -30 44 -27 33 59 -19 49 54 55 39 -4 -23 -42 -6 -26 45 58 -31 -7 -40 -12 -51 -36 57 -25 -37 56 -8 -41 -2 -11 61 -17
right_child=4 2 9 15 5 8 10 11 -10 32 35 28 13 14 27 60 19 34 -20 -21 21 40 -24 53 43 26 -28 -29 29 46 -32 -33 -34 -35 51 36 -38 -39 48 52 41 -43 -44 -45 -46 -47 -48 -49 -50 50 -52 -53 -54 -55 -56 -57 -58 -59 -60 -61 -62 -63
leaf_value=-1.7278047732928514 1.6038682037888607 -0.47632199910997425 1.7065608144359208 -0.40492897886631057 6.7197570029482891 6.0941648311524599 1.5797655900319416 4.671619483607504 14.813957501576443 2.3316034228358284 1.1168418345278492 7.7123187400199278 5.9229411288137443 14.644211519681489 5.7213219350384135 -0.84626645479496809 12.206504693489482 -0.90818474800899063 9.5524053853655619 7.1209362570919215 10.742465653162279 3.5311108533791669 6.3100677178402442 0.20246948917858562 -0.78834580484105243 12.821454763186487 14.125430871575951 9.6168488131805105 2.6294449478153172 5.3267099482457487 6.7499321782369934 8.8640702297813014 1.6838827956049496 3.7868746006801524 -1.669455731473545 2.3164075173360148 -1.1340766878470248 0.91353400537574603 3.4228086850716681 -1.3078678863783479 5.0279644654455016 8.7389878304667477 10.211352887774439 -1.3966059226905845 1.3146833747272242 7.1887957006578702 8.2333296531004923 9.956387495424643 0.89870272170018106 3.2832370322968618 1.5558535605893644 -1.1829664776116207 1.6530557784503395 1.2354860668144911 0.53135923281380837 0.35351758794789101 -0.88780459240275167 0.82538001047005405 4.2445438922443879 4.1078593353660926 -0.26416197206536562 -0.022393400060267615
leaf_weight=1669 22 599 194 1557 25 21 23 39 34 394 1145 48 51 22 34 796 28 1876 44 20 24 38 34 3799 2823 21 25 30 38 87 38 55 186 221 994 48 64 369 68 69 51 24 36 559 21 26 26 25 41 69 451 1969 41 124 238 386 185 45 90 43 4201 261
leaf_count=1669 22 599 194 1557 25 21 23 39 34 394 1145 48 51 22 34 796 28 1876 44 20 24 38 34 3799 2823 21 25 30 38 87 38 55 186 221 994 48 64 369 68 69 51 24 36 559 21 26 26 25 41 69 451 1969 41 124 238 386 185 45 90 43 4201 261
internal_value=0.00254282 -0.305187 0.706487 -0.838248 7.28999 8.8848 0.447445 6.09522 11.028 2.19851 0.912903 6.83565 7.79105 8.46021 9.45025 -0.532141 7.49593 -1.31785 11.2693 10.1068 6.9516 6.28966 8.15958 0.140899 -0.736358 10.1428 11.0139 7.55958 5.77602 5.15578 4.5177 9.97304 2.66153 2.93758 -1.17643 1.17754 0.471984 0.359094 1.34486 0.991235 5.32347 6.22561 8.79379 -0.888923 3.98027 4.38462 6.00222 8.21035 2.47511 1.32582 1.78566 -1.34622 0.0953679 0.235153 0.83167 0.014565 -0.614296 -0.465767 3.72778 2.5073 -0.340302 -0.642857
internal_weight=26584 25507 8802 16705 1077 461 7500 616 181 1302 2978 419 220 181 130 10197 280 6508 66 48 232 171 58 4522 4939 147 101 64 199 151 197 76 844 658 4839 2015 350 963 458 349 113 75 61 3382 159 138 113 46 109 1665 520 2963 155 3923 286 594 208 114 112 437 5258 1057
internal_count=26584 25507 8802 16705 1077 461 7500 616 181 1302 2978 419 220 181 130 10197 280 6508 66 48 232 171 58 4522 4939 147 101 64 199 151 197 76 844 658 4839 2015 350 963 458 349 113 75 61 3382 159 138 113 46 109 1665 520 2963 155 3923 286 594 208 114 112 437 5258 1057
is_linear=0
shrinkage=0.05


Tree=28
num_leaves=63
num_cat=0
split_feature=17 2 17 13 7 0 21 3 21 17 22 25 1 0 1 0 12 16 1 21 25 7 22 2 2 2 8 1 17 22 25 2 1 16 14 23 9 0 1 1 8 12 1 11 16 23 22 11 1 12 12 2 12 2 0 16 22 17 12 2 22 5
split_gain=2.15722e+07 5.1038e+06 1.35804e+06 1.01823e+06 779065 488937 352477 349840 322619 294316 253080 226730 215793 198385 206053 196843 183024 181154 143658 136239 131645 123935 119971 119370 152467 132271 118985 111800 102379 94000.9 92322.3 90925.5 90457.1 182095 87349.4 76918.1 71506.9 71287.4 69894.6 117675 104120 97758.9 67685.1 107898 79461.9 61564.5 61551.2 64268.3 59711.5 59466.1 58317.6 57149.2 56732.2 74333.8 56372.6 55218.1 54991.8 54660.1 54232.4 51536.9 71375.2 50375.5
threshold=536.41666666666686 2020.5000000000002 252.10125000000002 729.25000000000011 464.00000000000006 16.005000000000003 0.87709790209790217 2.5000000000000004 -0.12477436823104691 206.94458333333333 4.5000000000000009 5.5000000000000009 -16.049999999999997 13.810000000000002 -13.709999999999999 14.735000000000001 602.08500000000015 64.374037011656768 -15.904999999999999 -0.14537684537684539 6.5000000000000009 294.12500000000006 6.5000000000000009 2010.5000000000002 2012.5000000000002 2015.5000000000002 953.25000000000011 -16.194999999999997 722.95833333333337 5.5000000000000009 12.500000000000002 2018.5000000000002 -16.194999999999997 91.281018744282719 57.735026918962781 54.500000000000007 941.50000000000011 14.890000000000002 -13.709999999999999 -14.635 277.64000000000004 318.54000000000002 -13.139999999999999 322.80000000000007 47.215724880555037 42.500000000000007 5.5000000000000009 431.12500000000006 -15.854999999999999 179.58500000000001 322.55000000000007 2022.5000000000002 305.28000000000003 2018.5000000000002 14.485000000000001 142.82458746170775 3.5000000000000004 298.18041666666676 425.50000000000006 2016.5000000000002 6.5000000000000009 0.68301270189221941
decision_type=2 2 2 2 2 2 2 2 2 2 2 2 2 2 2 2 2 2 2 2 2 2 2 2 2 2 2 2 2 2 2 2 2 2 2 2 2 2 2 2 2 2 2 2 2 2 2 2 2 2 2 2 2 2 2 2 2 2 2 2 2 2
left_child=1 2 9 16 8 6 7 32 17 23 30 19 15 -13 -15 -8 55 20 28 26 27 -4 42 48 37 -26 -9 51 -18 31 -10 61 54 -34 -20 52 -35 -25 39 40 -12 -41 43 -6 -44 -21 47 -40 -1 -27 -37 -3 53 -23 -5 58 -33 -48 -2 60 -31 -11
right_child=3 4 21 5 22 -7 12 11 10 29 38 13 -14 14 -16 -17 18 -19 34 45 -22 35 -24 24 25 49 -28 -29 -30 59 -32 56 33 36 -36 50 -38 -39 46 41 -42 -43 44 -45 -46 -47 57 -49 -50 -51 -52 -53 -54 -55 -56 -57 -58 -59 -60 -61 -62 -63
leaf_value=-1.5155936233663034 0.94551599056689772 1.6131362864480445 -0.37851599864570962 12.520901862470618 1.9551473163315081 12.980203852202274 14.770030804232386 5.6906609588199197 0.20886215120617241 -1.1712532004478706 1.9056378752551237 8.9545397735284169 6.5928192655978606 5.0858660438798253 8.7269704570868747 8.7942135880276613 9.8458587884054491 2.3379586117375246 6.384408854489303 3.901710175594967 0.44111446945831806 -0.29393954078253487 2.6412762993049528 -0.97255094332239023 -1.9051192679133135 -1.5138042176599962 9.2233448242472704 -1.2419000444341168 5.6008056555079468 0.65859941614446216 2.6418343926903023 -1.1334108447738176 11.157065733596406 7.972514207022531 1.9834198502288469 3.3782037554389222 4.0400960265353509 -0.10379291824985225 2.9110998515104285 -0.54901856440591301 0.95384143622495299 1.199894213288857 5.3313919629623641 -0.56209466168234179 0.87428886356638424 6.3603825678149484 3.8183113108819988 -0.026239327769473665 -2.223669606359429 -0.93263503938527392 0.1445969525767469 -0.2529379918228874 0.53912319104377915 0.26319102768683561 9.3670867598506131 5.9977756884560662 -0.23878672783546909 1.1491292764502938 3.5206687786156814 -0.033483087456736345 -0.80579554382110175 -0.72907795093970207
leaf_weight=893 23 48 4003 23 95 39 31 98 1413 2640 330 115 27 120 58 26 28 73 20 131 448 1556 613 1138 951 759 32 377 30 91 40 238 27 23 26 30 24 298 121 218 2226 126 20 77 20 32 20 22 448 1050 26 279 434 973 45 20 617 431 191 437 963 853
leaf_count=893 23 48 4003 23 95 39 31 98 1413 2640 330 115 27 120 58 26 28 73 20 131 448 1556 613 1138 951 759 32 377 30 91 40 238 27 23 26 30 24 298 121 218 2226 126 20 77 20 32 20 22 448 1050 26 279 434 973 45 20 617 431 191 437 963 853
internal_value=0.00246356 -0.305741 -0.742873 6.58466 0.843653 7.50704 7.24259 6.88663 0.650736 -1.08037 0.83062 6.34457 10.3157 7.33035 6.27656 12.0645 4.26079 -0.0757044 6.00732 5.3566 -0.228848 -0.196098 2.28664 -1.34155 -1.21024 -1.42765 6.5667 -0.655196 7.66365 -0.832687 0.276021 -0.950171 9.1175 7.87986 3.9067 0.0457796 5.97742 -0.792289 1.06124 0.959956 1.0768 0.0917196 1.26043 0.828542 3.1107 4.38803 1.55546 2.45946 -1.7523 -1.17655 1.87991 0.0213753 0.011051 -0.0795869 10.4507 3.4823 -0.487926 1.26833 3.24449 -0.49004 -0.679308 -1.0633
internal_weight=26584 25395 18398 1189 6997 851 812 728 6172 11376 4947 586 84 293 178 57 338 1225 104 293 1152 7022 825 5537 4196 2760 130 704 58 5839 1453 4348 142 74 46 3019 47 1436 3494 2900 2556 344 212 172 40 163 594 143 1341 1809 56 327 2963 2529 68 234 855 451 214 1491 1054 3493
internal_count=26584 25395 18398 1189 6997 851 812 728 6172 11376 4947 586 84 293 178 57 338 1225 104 293 1152 7022 825 5537 4196 2760 130 704 58 5839 1453 4348 142 74 46 3019 47 1436 3494 2900 2556 344 212 172 40 163 594 143 1341 1809 56 327 2963 2529 68 234 855 451 214 1491 1054 3493
is_linear=0
shrinkage=0.05


Tree=29
num_leaves=63
num_cat=0
split_feature=17 7 13 15 17 12 12 7 12 15 7 16 13 7 3 19 10 7 7 3 14 13 7 25 3 3 1 1 3 14 14 20 7 0 16 9 25 20 22 11 20 12 12 0 12 15 25 12 6 6 1 1 22 16 0 10 12 25 8 17 15 0
split_gain=1.94732e+07 4.25156e+06 949949 947036 837662 468464 426070 257133 226983 184458 158503 153767 131348 126735 119256 168833 118459 113252 112974 131419 126221 120341 101826 96899.5 80701.5 79169.8 130970 97828.2 77982.7 75688 125427 69013.7 68843.8 67950.2 67476.1 68645.3 65857.5 64394.1 62754.8 62300 76727.6 60982.7 60718.8 56444.9 58180 71820.2 63328.4 52468.5 54711.9 51605.5 50664.1 48141.4 53795.4 47638.4 63675.5 45437.9 45061 44448.9 43761.5 43415.8 43033.7 43218.8
threshold=536.41666666666686 295.28000000000003 399.83333333333343 915.00000000000011 210.01208333333338 753.00000000000011 602.08500000000015 489.00000000000006 297.93000000000006 349.35416666666669 247.75000000000003 126.01302812001011 750.33333333333337 1387.5000000000002 2.5000000000000004 0.072988623203215433 1228.5000000000002 174.08500000000001 1206.5000000000002 3.5000000000000004 59.851271498987082 984.41666666666686 767.50000000000011 11.500000000000002 7.5000000000000009 11.500000000000002 -14.079999999999998 -15.944999999999999 4.5000000000000009 101.03629710818437 32.330942086702713 -0.099995499954999498 794.00000000000011 14.255000000000001 142.82458746170775 702.00000000000011 10.500000000000002 -0.27393123386638357 5.5000000000000009 806.50000000000011 0.16004640371229698 295.28000000000003 243.54000000000005 15.645000000000001 285.35500000000008 450.08333333333343 1.5000000000000002 375.83500000000009 -0.68301270189221952 -0.5 -12.889999999999999 -15.554999999999998 5.5000000000000009 59.60550868068723 13.795000000000002 449.00000000000006 237.75000000000003 9.5000000000000018 1036.0000000000002 405.04166666666669 300.02750000000009 13.725000000000001
decision_type=2 2 2 2 2 2 2 2 2 2 2 2 2 2 2 2 2 2 2 2 2 2 2 2 2 2 2 2 2 2 2 2 2 2 2 2 2 2 2 2 2 2 2 2 2 2 2 2 2 2 2 2 2 2 2 2 2 2 2 2 2 2
left_child=1 4 8 6 17 18 12 43 42 -10 38 29 34 16 15 22 -13 -1 19 21 -20 -5 -8 24 58 26 31 -27 -19 30 -7 -16 -28 -30 35 -2 -33 -11 -6 -14 49 -9 50 44 59 46 -46 48 -39 -41 53 52 -43 -3 -55 -47 -12 -44 -21 -4 -59 -62
right_child=3 2 7 5 10 11 14 41 9 37 56 13 39 -15 25 -17 -18 28 20 23 -22 -23 -24 -25 -26 27 32 -29 33 -31 -32 36 -34 -35 -36 -37 -38 47 -40 40 -42 51 57 -45 45 55 -48 -49 -50 -51 -52 -53 -54 54 -56 -57 -58 60 -60 -61 61 -63
leaf_value=-1.5833491071116677 3.2654085297309217 -0.42371688942275976 1.054139193757619 6.3548204041614147 -0.84342029681832364 9.7934373314878282 10.894204628628218 1.1420592997795451 0.36553840752496858 3.9363927828240719 -0.51421962786819653 14.522525753539023 7.6656802699679423 7.8867761724623877 6.6453149730452088 4.2548746177399783 10.336679618107288 -0.79659362400956324 11.993527128684578 4.6851840218501302 6.8459032921929071 10.940762520596325 7.076770587388606 7.6649462288023491 5.7198437665278004 10.091393860001368 9.7150984423192916 5.2112214064716698 -1.4856512962801629 10.830361301232115 5.3326544054572089 4.7669691344293765 6.0941257828660831 -1.0102313277126511 6.0267218176998307 0.19601069374464045 2.0497131422321142 0.33850851197253684 -0.40653743709963153 4.4634424116009859 2.5585223540716751 0.71625785523769903 0.063608604259851487 0.16079556573734144 2.1433832330785925 4.5606077941108092 1.0355846575216576 0.34286177993983458 1.5975460648625963 7.6030870379823625 0.89107975296041586 3.1563137274747142 2.3757292151163152 2.5114549784031714 0.021117636786278701 2.0628434474855815 -0.23532172151742886 0.17137629463967041 1.411188288096568 -0.0073714358963395295 2.2903793365148872 0.71358140340156251
leaf_weight=1613 206 1132 330 35 3085 32 37 106 1834 22 2215 36 23 20 38 25 35 1474 20 20 31 25 35 41 87 22 22 20 1459 26 32 114 35 1553 20 20 28 103 1121 32 28 56 1699 141 158 21 705 146 534 23 95 171 388 31 147 138 4185 321 21 136 54 222
leaf_count=1613 206 1132 330 35 3085 32 37 106 1834 22 2215 36 23 20 38 25 35 1474 20 20 31 25 35 41 87 22 22 20 1459 26 32 114 35 1553 20 20 28 103 1121 32 28 56 1699 141 158 21 705 146 534 23 95 171 388 31 147 138 4185 321 21 136 54 222
internal_value=0.0023761 -0.29045 0.606526 6.25615 -0.757062 8.03017 5.13181 1.46516 0.288243 0.642526 -0.48856 10.0157 3.87954 11.4777 6.30279 7.82057 12.4766 -1.22396 6.74351 6.26307 8.8842 8.28074 9.05097 5.54223 4.8568 5.77247 5.41258 7.78552 -1.09471 8.52641 7.57492 4.74572 7.50635 -1.24057 3.24294 2.99401 4.23303 1.27345 -0.726994 5.35245 4.70292 2.25133 0.0356088 1.11709 1.20768 1.41883 1.23863 1.19812 1.39406 5.78789 -0.223273 2.4423 2.16665 -0.30415 0.456023 2.39543 -0.331854 0.194032 3.01589 0.744396 0.565123 1.02282
internal_weight=26584 25395 8690 1189 16705 461 728 2350 6340 2639 10606 181 352 91 376 97 71 6099 280 229 51 60 72 169 128 279 237 42 4486 90 64 180 57 3012 246 226 142 805 4206 106 83 721 3701 1629 1488 1022 863 783 637 55 1405 615 444 1310 178 159 6400 2296 41 466 597 276
internal_count=26584 25395 8690 1189 16705 461 728 2350 6340 2639 10606 181 352 91 376 97 71 6099 280 229 51 60 72 169 128 279 237 42 4486 90 64 180 57 3012 246 226 142 805 4206 106 83 721 3701 1629 1488 1022 863 783 637 55 1405 615 444 1310 178 159 6400 2296 41 466 597 276
is_linear=0
shrinkage=0.05


Tree=30
num_leaves=63
num_cat=0
split_feature=15 2 17 9 0 9 21 7 12 1 18 12 12 12 21 3 0 16 14 5 16 15 3 21 21 17 1 15 9 0 16 13 12 18 17 2 18 2 1 2 0 2 3 2 18 2 2 2 2 0 1 5 18 14 1 3 1 2 17 2 2 7
split_gain=1.7509e+07 4.65815e+06 1.07975e+06 836406 524228 358487 295350 285581 217381 212011 193047 322951 192087 172008 155186 153580 146673 144892 136391 135915 143317 133516 131366 126146 123702 122246 110104 131197 103764 102697 101582 98395.1 95945.7 108306 95269.5 100119 84498.9 81604.1 80932 80304.2 78290.6 75458.3 105437 71411.3 69524.4 69249 83043 68304.9 65767.8 79608.4 64691.9 84912.4 57649.2 56569.3 56431.5 69382.2 54412.3 52205 119706 117027 87630.9 51724.6
threshold=586.08333333333337 2020.5000000000002 260.09708333333339 449.00000000000006 16.005000000000003 953.25000000000011 -0.17288648648648644 214.64500000000001 753.00000000000011 -17.154999999999998 108.03824562111076 726.00000000000011 233.16500000000005 977.50000000000011 1.0010810810810813 3.5000000000000004 13.725000000000001 64.374037011656768 19.347695814574919 -0.24999999999999994 55.938805848893857 788.3608333333334 4.5000000000000009 -1.0000000180025095e-35 0.60213903743315522 937.41666666666686 -16.234999999999996 274.97916666666669 1196.5000000000002 14.255000000000001 38.577627358181864 1064.5000000000002 322.55000000000007 80.684562141830085 393.79166666666669 2018.5000000000002 14.46713719794022 2010.5000000000002 -16.119999999999997 2024.5000000000002 14.255000000000001 2022.5000000000002 2.5000000000000004 2010.5000000000002 125.04685269203033 2012.5000000000002 2018.5000000000002 2021.5000000000002 2022.5000000000002 12.870000000000003 -16.234999999999996 -0.24999999999999994 16.491503781332206 28.867513459482314 -13.709999999999999 4.5000000000000009 -16.494999999999994 2011.5000000000002 338.20833333333343 2009.5000000000002 2015.5000000000002 552.50000000000011
decision_type=2 2 2 2 2 2 2 2 2 2 2 2 2 2 2 2 2 2 2 2 2 2 2 2 2 2 2 2 2 2 2 2 2 2 2 2 2 2 2 2 2 2 2 2 2 2 2 2 2 2 2 2 2 2 2 2 2 2 2 2 2 2
left_child=1 2 7 6 5 10 17 29 9 -7 11 -2 26 -6 21 31 -17 40 -13 -20 -21 23 -9 44 28 -18 27 -8 50 37 54 -11 33 56 35 57 -24 -1 -35 53 -3 52 -43 -31 -12 -39 -47 -29 49 -32 -10 -52 -28 -23 -14 -56 -5 59 60 -4 -59 -34
right_child=4 3 34 32 13 8 12 22 24 15 14 18 30 -15 -16 16 25 -19 19 20 -22 39 36 -25 -26 -27 41 47 -30 43 48 -33 61 38 -36 -37 -38 45 -40 -41 -42 42 -44 -45 -46 46 -48 -49 -50 -51 51 -53 -54 -55 55 -57 -58 58 -60 -61 -62 -63
leaf_value=-2.0092419539047546 4.1598518658313521 -0.97847273058785289 -0.77742115814903701 -0.88847856753795562 14.735889627706948 10.544571391594806 1.8545323852766904 -0.34968224577443857 7.1753449208712654 6.2628158640564724 6.2444076052451045 4.3983878832461647 0.68513377001516651 8.4697881310533134 8.7571513740937288 7.3520037947941193 7.2499579698381673 2.3494933832707874 5.5113825195346067 12.127247183663505 8.0257777778297559 3.3230625774995688 -0.52132412227416181 0.77532890130133525 12.167409782884526 3.3023542061367204 -0.6057194284005345 -1.9890285794330165 5.5591007866810287 -1.3052761699413535 3.9951836749570533 11.069653578421368 2.1082306521338512 3.233407203730279 1.2923816033563105 0.2099232494001039 -1.0061987334330584 -0.76501381011696601 0.88347552237337412 7.9038558489316477 0.028512675618727071 0.83406143461788584 -1.0294992882453571 -0.80068532854751906 3.228920245419316 -1.5553152895680009 -0.76387511591220036 0.45209306276712646 1.07776405221976 1.7026142146285297 12.551798320787524 8.3715391292128452 0.56513163808245892 5.2786791562320987 0.52352982803228343 1.6290101685746254 1.0588641314399139 -0.63849239676708303 1.6403800519155252 0.39814197229635456 -0.14554425954404301 3.2427805044648981
leaf_weight=453 106 389 303 42 22 27 196 1818 30 24 27 27 2338 23 21 52 25 48 34 30 79 51 1295 41 24 92 136 32 29 1092 48 20 769 103 114 1371 2938 520 57 23 383 100 314 1962 67 1774 408 267 324 180 22 30 462 142 224 388 243 1890 73 702 1724 116
leaf_count=453 106 389 303 42 22 27 196 1818 30 24 27 27 2338 23 21 52 25 48 34 30 79 51 1295 41 24 92 136 32 29 1092 48 20 769 103 114 1371 2938 520 57 23 383 100 314 1962 67 1774 408 267 324 180 22 30 462 142 224 388 243 1890 73 702 1724 116
internal_value=0.00396712 -0.257764 -0.678075 0.824683 6.27612 6.04262 0.566507 -0.949673 7.27476 6.36558 5.32855 6.33243 0.710509 11.5592 4.58222 5.83113 5.13998 -0.313108 7.68382 8.30061 9.16475 4.33 -0.705202 3.09223 8.88512 4.15137 0.23848 0.849485 8.16508 -1.18791 0.913621 8.468 1.95606 1.3566 -0.139004 -0.165939 -0.857878 -1.38801 2.39735 5.10179 -0.478948 -0.060431 -0.579259 -0.981147 4.10084 -1.28379 -1.40737 0.190242 1.53618 2.18682 9.07876 10.1609 0.298786 4.76392 0.797079 1.22455 0.771659 -0.275769 -0.362842 0.0436714 -0.403351 2.2573
internal_weight=26664 25596 18437 7159 1068 1023 5829 12260 375 240 648 276 5009 45 372 213 169 820 170 143 109 351 6051 135 135 117 1507 495 111 6209 3502 44 1330 445 6177 6063 4233 3155 160 216 772 1012 414 3054 94 2702 2182 299 552 228 82 52 598 193 2950 612 285 4692 3687 1005 3614 885
internal_count=26664 25596 18437 7159 1068 1023 5829 12260 375 240 648 276 5009 45 372 213 169 820 170 143 109 351 6051 135 135 117 1507 495 111 6209 3502 44 1330 445 6177 6063 4233 3155 160 216 772 1012 414 3054 94 2702 2182 299 552 228 82 52 598 193 2950 612 285 4692 3687 1005 3614 885
is_linear=0
shrinkage=0.05


Tree=31
num_leaves=63
num_cat=0
split_feature=15 13 7 13 15 12 18 12 10 12 18 13 20 12 15 22 7 23 11 21 3 20 0 21 14 20 5 7 14 0 11 3 22 6 12 22 0 23 0 12 1 3 11 0 6 12 22 1 14 17 1 0 18 14 18 1 7 0 1 1 22 17
split_gain=1.58062e+07 3.86701e+06 1.11852e+06 565777 477518 362060 209823 204488 204041 200783 255144 193075 157721 156492 110026 105156 90654.9 87967.8 83697 83454.2 83382.7 84392.6 82433.1 78495 78632.7 78142.7 72475.7 69793 68281.4 66957.2 66311.3 66098.4 65914.4 76671.9 65518.3 98291.7 64677.3 64574.8 63147.4 60169 59566.2 58798.6 58655.4 58367.7 56432.7 55099.3 51506.1 58754.3 48986 48751.8 48039.2 48771.8 45784.9 45382.3 52035.6 40081 39499.4 38476.6 38342.9 66343.5 48766.6 47044
threshold=586.08333333333337 324.94500000000011 238.16500000000005 441.83333333333343 915.00000000000011 753.00000000000011 247.46463367108854 283.54000000000002 1341.5000000000002 698.00000000000011 116.32247656064384 189.44500000000005 0.19750389242745928 223.54000000000005 749.12500000000011 6.5000000000000009 280.50000000000006 46.500000000000007 994.50000000000011 0.66667353951890052 8.5000000000000018 0.035564185544768152 15.610000000000001 0.44445555555555555 115.47005383792528 0.16665833333333338 0.68301270189221941 394.50000000000006 80.363756341608138 12.740000000000002 476.50000000000006 2.5000000000000004 2.5000000000000004 0.25000000000000017 367.25000000000006 6.5000000000000009 14.835000000000003 20.500000000000004 12.835000000000003 160.18000000000004 -13.709999999999999 1.5000000000000002 726.00000000000011 14.145000000000001 1.0000000180025095e-35 412.75000000000006 1.0000000180025095e-35 -15.904999999999999 50.131492410147551 405.04166666666669 -16.194999999999997 15.190000000000001 209.67937252777904 25.458390234524291 116.32247656064384 -14.424999999999999 159.50000000000003 12.790000000000001 -16.194999999999997 -14.079999999999998 6.5000000000000009 330.22916666666669
decision_type=2 2 2 2 2 2 2 2 2 2 2 2 2 2 2 2 2 2 2 2 2 2 2 2 2 2 2 2 2 2 2 2 2 2 2 2 2 2 2 2 2 2 2 2 2 2 2 2 2 2 2 2 2 2 2 2 2 2 2 2 2 2
left_child=1 2 11 7 9 8 18 27 22 23 12 40 20 39 -12 30 -15 -10 28 43 21 42 25 24 41 31 -13 58 -7 55 -5 -6 33 -9 35 49 37 -16 -37 -4 44 -2 -11 57 -1 -35 -22 -48 -28 -34 -31 -52 -33 -20 -55 -29 -46 -17 60 61 -3 -60
right_child=4 3 13 15 5 6 -8 32 17 10 14 26 -14 16 36 19 -18 -19 53 -21 46 -23 -24 -25 -26 -27 48 29 -30 50 -32 52 34 45 -36 38 -38 -39 -40 -41 -42 -43 -44 -45 56 -47 47 -49 -50 -51 51 -53 -54 54 -56 -57 -58 -59 59 -61 -62 -63
leaf_value=-1.507034586832831 5.8573798645164166 0.044046427726533756 -1.6292464164361229 1.5065272734775093 8.3889560197171775 8.1331948959519504 12.385830589033599 0.42137023206565072 6.9055897119626479 5.8562782875934047 1.749015038305364 -0.88917003603365252 11.103733908847609 -0.25383573693510092 5.7998177996027769 2.2394935948436414 0.076934447795626207 11.675579266524432 8.9736339208596334 -0.30009720030147863 3.137106828553982 4.702690971167379 3.0217149344287888 6.9233297463276946 5.9211561685274123 2.8231429434534334 -0.54386274669875678 3.5437495247470183 12.087577389010148 0.90664144387139689 -0.094141180023984292 5.2068992359349862 0.93140811304299798 5.3301217563914065 0.31738621060049899 3.1594699211802939 7.4397772758794591 3.147641281392084 1.428378597548035 -0.51315174318770296 -0.11294353326234548 3.0590715595244844 9.0625131301748567 1.9146325287461352 -1.4364167124581335 1.8957247804253647 7.2230984650258936 3.8929495797903053 1.3712457384925083 0.04467886908085477 -0.5586419869574335 1.1042086418292181 7.2376314854058696 8.6680082657757929 5.7401647097522357 0.9973680080283096 -0.90050591463690111 3.2921227734564074 -0.19487728835230653 0.47867849409259206 1.1689979718487826 -1.4119766996993666
leaf_weight=1627 21 487 128 357 28 27 35 30 20 20 34 4725 21 4660 44 178 3729 20 29 33 21 22 31 21 35 20 1618 30 20 296 79 114 1201 24 385 60 22 49 433 2116 109 183 58 501 523 23 38 21 34 178 152 62 38 22 54 32 1007 172 174 167 120 146
leaf_count=1627 21 487 128 357 28 27 35 30 20 20 34 4725 21 4660 44 178 3729 20 29 33 21 22 31 21 35 20 1618 30 20 296 79 114 1201 24 385 60 22 49 433 2116 109 183 58 501 523 23 38 21 34 178 152 62 38 22 54 32 1007 172 174 167 120 146
internal_value=0.00380618 -0.244873 -0.559674 0.954911 5.96318 7.18447 8.87962 0.658673 6.01189 5.04519 5.82813 -0.949633 6.99167 -0.206017 4.25484 1.85248 -0.106805 9.31388 8.06462 2.16596 6.50601 7.47435 5.43631 3.98938 3.72877 5.80885 -0.789494 0.235506 9.83811 0.683011 1.21653 6.13882 0.960703 2.39871 0.911538 1.03371 4.99349 4.40737 1.63967 -0.576887 -1.26228 3.34989 8.24902 2.26161 -1.30195 3.65716 5.28769 6.04647 -0.504364 0.816965 0.494135 -0.0765674 5.71904 7.26212 6.59804 2.23329 -1.08378 2.75759 0.00148151 -0.328948 0.266606 -0.750462
internal_weight=26664 25596 20276 5320 1068 458 187 4000 271 610 350 9643 201 10633 149 1320 8389 40 152 884 180 100 231 260 239 200 6377 1666 47 572 436 180 2334 77 2257 1872 115 93 493 2244 3266 204 78 851 3157 47 80 59 1652 1379 510 214 152 105 76 62 1530 350 1094 487 607 320
internal_count=26664 25596 20276 5320 1068 458 187 4000 271 610 350 9643 201 10633 149 1320 8389 40 152 884 180 100 231 260 239 200 6377 1666 47 572 436 180 2334 77 2257 1872 115 93 493 2244 3266 204 78 851 3157 47 80 59 1652 1379 510 214 152 105 76 62 1530 350 1094 487 607 320
is_linear=0
shrinkage=0.05


end of trees

feature_importances:
year=265
commodity_id_enc=181
roll12_mean=144
latitude=135
roll6_mean=133
lag_24=131
lag_1=114
roll3_mean=98
longitude=84
month=81
region_id_enc=74
roll12_std=73
yoy=71
roll6_std=62
month_cos=49
lag_12=48
lag_6=42
mom_3=40
market_id_enc=40
month_sin=31
lag_3=31
roll3_std=21
lag_2=14
quarter=13
mom_1=6
category_id_enc=3

parameters:
[boosting: gbdt]
[objective: regression]
[metric: rmse]
[tree_learner: serial]
[device_type: cpu]
[data_sample_strategy: bagging]
[data: ]
[valid: ]
[num_iterations: 1000]
[learning_rate: 0.05]
[num_leaves: 63]
[num_threads: 0]
[seed: 42]
[deterministic: 0]
[force_col_wise: 0]
[force_row_wise: 0]
[histogram_pool_size: -1]
[max_depth: 8]
[min_data_in_leaf: 20]
[min_sum_hessian_in_leaf: 0.001]
[bagging_fraction: 0.8]
[pos_bagging_fraction: 1]
[neg_bagging_fraction: 1]
[bagging_freq: 5]
[bagging_seed: 400]
[bagging_by_query: 0]
[feature_fraction: 0.8]
[feature_fraction_bynode: 1]
[feature_fraction_seed: 30056]
[extra_trees: 0]
[extra_seed: 12879]
[early_stopping_round: 0]
[early_stopping_min_delta: 0]
[first_metric_only: 0]
[max_delta_step: 0]
[lambda_l1: 0.1]
[lambda_l2: 0.1]
[linear_lambda: 0]
[min_gain_to_split: 0]
[drop_rate: 0.1]
[max_drop: 50]
[skip_drop: 0.5]
[xgboost_dart_mode: 0]
[uniform_drop: 0]
[drop_seed: 17869]
[top_rate: 0.2]
[other_rate: 0.1]
[min_data_per_group: 100]
[max_cat_threshold: 32]
[cat_l2: 10]
[cat_smooth: 10]
[max_cat_to_onehot: 4]
[top_k: 20]
[monotone_constraints: ]
[monotone_constraints_method: basic]
[monotone_penalty: 0]
[feature_contri: ]
[forcedsplits_filename: ]
[refit_decay_rate: 0.9]
[cegb_tradeoff: 1]
[cegb_penalty_split: 0]
[cegb_penalty_feature_lazy: ]
[cegb_penalty_feature_coupled: ]
[path_smooth: 0]
[interaction_constraints: ]
[verbosity: -1]
[saved_feature_importance_type: 0]
[use_quantized_grad: 0]
[num_grad_quant_bins: 4]
[quant_train_renew_leaf: 0]
[stochastic_rounding: 1]
[linear_tree: 0]
[max_bin: 255]
[max_bin_by_feature: ]
[min_data_in_bin: 3]
[bin_construct_sample_cnt: 200000]
[data_random_seed: 175]
[is_enable_sparse: 1]
[enable_bundle: 1]
[use_missing: 1]
[zero_as_missing: 0]
[feature_pre_filter: 1]
[pre_partition: 0]
[two_round: 0]
[header: 0]
[label_column: ]
[weight_column: ]
[group_column: ]
[ignore_column: ]
[categorical_feature: ]
[forcedbins_filename: ]
[precise_float_parser: 0]
[parser_config_file: ]
[objective_seed: 16083]
[num_class: 1]
[is_unbalance: 0]
[scale_pos_weight: 1]
[sigmoid: 1]
[boost_from_average: 1]
[reg_sqrt: 0]
[alpha: 0.9]
[fair_c: 1]
[poisson_max_delta_step: 0.7]
[tweedie_variance_power: 1.5]
[lambdarank_truncation_level: 30]
[lambdarank_norm: 1]
[label_gain: ]
[lambdarank_position_bias_regularization: 0]
[eval_at: ]
[multi_error_top_k: 1]
[auc_mu_weights: ]
[num_machines: 1]
[local_listen_port: 12400]
[time_out: 120]
[machine_list_filename: ]
[machines: ]
[gpu_platform_id: -1]
[gpu_device_id: -1]
[gpu_use_dp: 0]
[num_gpu: 1]

end of parameters

pandas_categorical:[]
